Category,Critical active substance ,Prescription type,Category of use,Species,Year,Number of animal treatments
All animals,No,All prescription types,All categories of use,All species,2021,14824297
All animals,No,Single treatments companion animals,All categories of use,All species,2021,458469
All animals,No,Single treatments farm animals,All categories of use,All species,2021,634801
All animals,No,Oral group treatments,All categories of use,All species,2021,13731027
All animals,Yes,All prescription types,All categories of use,All species,2021,6738499
All animals,Yes,Single treatments companion animals,All categories of use,All species,2021,139063
All animals,Yes,Single treatments farm animals,All categories of use,All species,2021,96855
All animals,Yes,Oral group treatments,All categories of use,All species,2021,6502581
All animals,All types of active ingredients,All prescription types,All categories of use,All species,2021,21562796
All animals,All types of active ingredients,Single treatments companion animals,All categories of use,All species,2021,597532
All animals,All types of active ingredients,Single treatments farm animals,All categories of use,All species,2021,731656
All animals,All types of active ingredients,Oral group treatments,All categories of use,All species,2021,20233608
All animals,No,All prescription types,Rearing laying hens and parent birds,All species,2021,265180
All animals,No,Single treatments farm animals,Rearing laying hens and parent birds,All species,2021,1
All animals,No,Oral group treatments,Rearing laying hens and parent birds,All species,2021,265179
All animals,Yes,All prescription types,Rearing laying hens and parent birds,All species,2021,290047
All animals,Yes,Single treatments farm animals,Rearing laying hens and parent birds,All species,2021,3
All animals,Yes,Oral group treatments,Rearing laying hens and parent birds,All species,2021,290044
All animals,All types of active ingredients,All prescription types,Rearing laying hens and parent birds,All species,2021,555227
All animals,All types of active ingredients,Single treatments farm animals,Rearing laying hens and parent birds,All species,2021,4
All animals,All types of active ingredients,Oral group treatments,Rearing laying hens and parent birds,All species,2021,555223
All animals,No,All prescription types,Rearing calves,All species,2021,49253
All animals,No,Single treatments farm animals,Rearing calves,All species,2021,42827
All animals,No,Oral group treatments,Rearing calves,All species,2021,6426
All animals,Yes,All prescription types,Rearing calves,All species,2021,13739
All animals,Yes,Single treatments farm animals,Rearing calves,All species,2021,10743
All animals,Yes,Oral group treatments,Rearing calves,All species,2021,2996
All animals,All types of active ingredients,All prescription types,Rearing calves,All species,2021,62992
All animals,All types of active ingredients,Single treatments farm animals,Rearing calves,All species,2021,53570
All animals,All types of active ingredients,Oral group treatments,Rearing calves,All species,2021,9422
All animals,No,All prescription types,Rearing cattle,All species,2021,17338
All animals,No,Single treatments farm animals,Rearing cattle,All species,2021,16317
All animals,No,Oral group treatments,Rearing cattle,All species,2021,1021
All animals,Yes,All prescription types,Rearing cattle,All species,2021,2545
All animals,Yes,Single treatments farm animals,Rearing cattle,All species,2021,1929
All animals,Yes,Oral group treatments,Rearing cattle,All species,2021,616
All animals,All types of active ingredients,All prescription types,Rearing cattle,All species,2021,19883
All animals,All types of active ingredients,Single treatments farm animals,Rearing cattle,All species,2021,18246
All animals,All types of active ingredients,Oral group treatments,Rearing cattle,All species,2021,1637
All animals,No,All prescription types,Equids,All species,2021,20722
All animals,No,Single treatments companion animals,Equids,All species,2021,20722
All animals,Yes,All prescription types,Equids,All species,2021,1036
All animals,Yes,Single treatments companion animals,Equids,All species,2021,1036
All animals,All types of active ingredients,All prescription types,Equids,All species,2021,21758
All animals,All types of active ingredients,Single treatments companion animals,Equids,All species,2021,21758
All animals,No,All prescription types,Fish,All species,2021,7574594
All animals,No,Oral group treatments,Fish,All species,2021,7574594
All animals,All types of active ingredients,All prescription types,Fish,All species,2021,7574594
All animals,All types of active ingredients,Oral group treatments,Fish,All species,2021,7574594
All animals,No,All prescription types,Poultry nCU,All species,2021,112
All animals,No,Single treatments farm animals,Poultry nCU,All species,2021,12
All animals,No,Oral group treatments,Poultry nCU,All species,2021,100
All animals,Yes,All prescription types,Poultry nCU,All species,2021,2421
All animals,Yes,Single treatments farm animals,Poultry nCU,All species,2021,13
All animals,Yes,Oral group treatments,Poultry nCU,All species,2021,2408
All animals,All types of active ingredients,All prescription types,Poultry nCU,All species,2021,2533
All animals,All types of active ingredients,Single treatments farm animals,Poultry nCU,All species,2021,25
All animals,All types of active ingredients,Oral group treatments,Poultry nCU,All species,2021,2508
All animals,No,All prescription types,Game animals,All species,2021,35
All animals,No,Single treatments farm animals,Game animals,All species,2021,35
All animals,Yes,All prescription types,Game animals,All species,2021,5
All animals,Yes,Single treatments farm animals,Game animals,All species,2021,5
All animals,All types of active ingredients,All prescription types,Game animals,All species,2021,40
All animals,All types of active ingredients,Single treatments farm animals,Game animals,All species,2021,40
All animals,No,All prescription types,Dogs,All species,2021,212998
All animals,No,Single treatments companion animals,Dogs,All species,2021,212998
All animals,Yes,All prescription types,Dogs,All species,2021,30048
All animals,Yes,Single treatments companion animals,Dogs,All species,2021,30048
All animals,All types of active ingredients,All prescription types,Dogs,All species,2021,243046
All animals,All types of active ingredients,Single treatments companion animals,Dogs,All species,2021,243046
All animals,No,All prescription types,Young sows,All species,2021,1058
All animals,No,Single treatments farm animals,Young sows,All species,2021,64
All animals,No,Oral group treatments,Young sows,All species,2021,994
All animals,Yes,All prescription types,Young sows,All species,2021,82
All animals,Yes,Single treatments farm animals,Young sows,All species,2021,22
All animals,Yes,Oral group treatments,Young sows,All species,2021,60
All animals,All types of active ingredients,All prescription types,Young sows,All species,2021,1140
All animals,All types of active ingredients,Single treatments farm animals,Young sows,All species,2021,86
All animals,All types of active ingredients,Oral group treatments,Young sows,All species,2021,1054
All animals,No,All prescription types,Camelids,All species,2021,640
All animals,No,Single treatments farm animals,Camelids,All species,2021,640
All animals,Yes,All prescription types,Camelids,All species,2021,92
All animals,Yes,Single treatments farm animals,Camelids,All species,2021,92
All animals,All types of active ingredients,All prescription types,Camelids,All species,2021,732
All animals,All types of active ingredients,Single treatments farm animals,Camelids,All species,2021,732
All animals,No,All prescription types,Rabbits,All species,2021,134478
All animals,No,Single treatments farm animals,Rabbits,All species,2021,21
All animals,No,Oral group treatments,Rabbits,All species,2021,134457
All animals,Yes,All prescription types,Rabbits,All species,2021,11000
All animals,Yes,Single treatments farm animals,Rabbits,All species,2021,200
All animals,Yes,Oral group treatments,Rabbits,All species,2021,10800
All animals,All types of active ingredients,All prescription types,Rabbits,All species,2021,145478
All animals,All types of active ingredients,Single treatments farm animals,Rabbits,All species,2021,221
All animals,All types of active ingredients,Oral group treatments,Rabbits,All species,2021,145257
All animals,No,All prescription types,Cats,All species,2021,224749
All animals,No,Single treatments companion animals,Cats,All species,2021,224749
All animals,Yes,All prescription types,Cats,All species,2021,107979
All animals,Yes,Single treatments companion animals,Cats,All species,2021,107979
All animals,All types of active ingredients,All prescription types,Cats,All species,2021,332728
All animals,All types of active ingredients,Single treatments companion animals,Cats,All species,2021,332728
All animals,No,All prescription types,Laying and parent birds,All species,2021,91847
All animals,No,Single treatments farm animals,Laying and parent birds,All species,2021,1
All animals,No,Oral group treatments,Laying and parent birds,All species,2021,91846
All animals,Yes,All prescription types,Laying and parent birds,All species,2021,10421
All animals,Yes,Single treatments farm animals,Laying and parent birds,All species,2021,1
All animals,Yes,Oral group treatments,Laying and parent birds,All species,2021,10420
All animals,All types of active ingredients,All prescription types,Laying and parent birds,All species,2021,102268
All animals,All types of active ingredients,Single treatments farm animals,Laying and parent birds,All species,2021,2
All animals,All types of active ingredients,Oral group treatments,Laying and parent birds,All species,2021,102266
All animals,No,All prescription types,Laying hens,All species,2021,240210
All animals,No,Single treatments farm animals,Laying hens,All species,2021,1
All animals,No,Oral group treatments,Laying hens,All species,2021,240209
All animals,Yes,All prescription types,Laying hens,All species,2021,25889
All animals,Yes,Single treatments farm animals,Laying hens,All species,2021,4
All animals,Yes,Oral group treatments,Laying hens,All species,2021,25885
All animals,All types of active ingredients,All prescription types,Laying hens,All species,2021,266099
All animals,All types of active ingredients,Single treatments farm animals,Laying hens,All species,2021,5
All animals,All types of active ingredients,Oral group treatments,Laying hens,All species,2021,266094
All animals,No,All prescription types,Fattening calves and cattle,All species,2021,243167
All animals,No,Single treatments farm animals,Fattening calves and cattle,All species,2021,32992
All animals,No,Oral group treatments,Fattening calves and cattle,All species,2021,210175
All animals,Yes,All prescription types,Fattening calves and cattle,All species,2021,81795
All animals,Yes,Single treatments farm animals,Fattening calves and cattle,All species,2021,27578
All animals,Yes,Oral group treatments,Fattening calves and cattle,All species,2021,54217
All animals,All types of active ingredients,All prescription types,Fattening calves and cattle,All species,2021,324962
All animals,All types of active ingredients,Single treatments farm animals,Fattening calves and cattle,All species,2021,60570
All animals,All types of active ingredients,Oral group treatments,Fattening calves and cattle,All species,2021,264392
All animals,No,All prescription types,Fattening broilers,All species,2021,4950867
All animals,No,Oral group treatments,Fattening broilers,All species,2021,4950867
All animals,Yes,All prescription types,Fattening broilers,All species,2021,6067803
All animals,Yes,Oral group treatments,Fattening broilers,All species,2021,6067803
All animals,All types of active ingredients,All prescription types,Fattening broilers,All species,2021,11018670
All animals,All types of active ingredients,Oral group treatments,Fattening broilers,All species,2021,11018670
All animals,No,All prescription types,Fattening pigs,All species,2021,87796
All animals,No,Single treatments farm animals,Fattening pigs,All species,2021,2534
All animals,No,Oral group treatments,Fattening pigs,All species,2021,85262
All animals,Yes,All prescription types,Fattening pigs,All species,2021,11701
All animals,Yes,Single treatments farm animals,Fattening pigs,All species,2021,363
All animals,Yes,Oral group treatments,Fattening pigs,All species,2021,11338
All animals,All types of active ingredients,All prescription types,Fattening pigs,All species,2021,99497
All animals,All types of active ingredients,Single treatments farm animals,Fattening pigs,All species,2021,2897
All animals,All types of active ingredients,Oral group treatments,Fattening pigs,All species,2021,96600
All animals,No,All prescription types,Fattening turkeys,All species,2021,6861
All animals,No,Single treatments farm animals,Fattening turkeys,All species,2021,1
All animals,No,Oral group treatments,Fattening turkeys,All species,2021,6860
All animals,Yes,All prescription types,Fattening turkeys,All species,2021,1309
All animals,Yes,Oral group treatments,Fattening turkeys,All species,2021,1309
All animals,All types of active ingredients,All prescription types,Fattening turkeys,All species,2021,8170
All animals,All types of active ingredients,Single treatments farm animals,Fattening turkeys,All species,2021,1
All animals,All types of active ingredients,Oral group treatments,Fattening turkeys,All species,2021,8169
All animals,No,All prescription types,Dairy cows,All species,2021,359152
All animals,No,Single treatments farm animals,Dairy cows,All species,2021,359102
All animals,No,Oral group treatments,Dairy cows,All species,2021,50
All animals,Yes,All prescription types,Dairy cows,All species,2021,30497
All animals,Yes,Single treatments farm animals,Dairy cows,All species,2021,30497
All animals,All types of active ingredients,All prescription types,Dairy cows,All species,2021,389649
All animals,All types of active ingredients,Single treatments farm animals,Dairy cows,All species,2021,389599
All animals,All types of active ingredients,Oral group treatments,Dairy cows,All species,2021,50
All animals,No,All prescription types,Cow-calf calves,All species,2021,14965
All animals,No,Single treatments farm animals,Cow-calf calves,All species,2021,14918
All animals,No,Oral group treatments,Cow-calf calves,All species,2021,47
All animals,Yes,All prescription types,Cow-calf calves,All species,2021,3236
All animals,Yes,Single treatments farm animals,Cow-calf calves,All species,2021,3216
All animals,Yes,Oral group treatments,Cow-calf calves,All species,2021,20
All animals,All types of active ingredients,All prescription types,Cow-calf calves,All species,2021,18201
All animals,All types of active ingredients,Single treatments farm animals,Cow-calf calves,All species,2021,18134
All animals,All types of active ingredients,Oral group treatments,Cow-calf calves,All species,2021,67
All animals,No,All prescription types,Suckler cows,All species,2021,23669
All animals,No,Single treatments farm animals,Suckler cows,All species,2021,23669
All animals,Yes,All prescription types,Suckler cows,All species,2021,1519
All animals,Yes,Single treatments farm animals,Suckler cows,All species,2021,1519
All animals,All types of active ingredients,All prescription types,Suckler cows,All species,2021,25188
All animals,All types of active ingredients,Single treatments farm animals,Suckler cows,All species,2021,25188
All animals,No,All prescription types,Cattle nCU,All species,2021,118398
All animals,No,Single treatments farm animals,Cattle nCU,All species,2021,118029
All animals,No,Oral group treatments,Cattle nCU,All species,2021,369
All animals,Yes,All prescription types,Cattle nCU,All species,2021,15728
All animals,Yes,Single treatments farm animals,Cattle nCU,All species,2021,15708
All animals,Yes,Oral group treatments,Cattle nCU,All species,2021,20
All animals,All types of active ingredients,All prescription types,Cattle nCU,All species,2021,134126
All animals,All types of active ingredients,Single treatments farm animals,Cattle nCU,All species,2021,133737
All animals,All types of active ingredients,Oral group treatments,Cattle nCU,All species,2021,389
All animals,No,All prescription types,Suckling and weaned piglets,All species,2021,151699
All animals,No,Single treatments farm animals,Suckling and weaned piglets,All species,2021,1030
All animals,No,Oral group treatments,Suckling and weaned piglets,All species,2021,150669
All animals,Yes,All prescription types,Suckling and weaned piglets,All species,2021,23576
All animals,Yes,Single treatments farm animals,Suckling and weaned piglets,All species,2021,1696
All animals,Yes,Oral group treatments,Suckling and weaned piglets,All species,2021,21880
All animals,All types of active ingredients,All prescription types,Suckling and weaned piglets,All species,2021,175275
All animals,All types of active ingredients,Single treatments farm animals,Suckling and weaned piglets,All species,2021,2726
All animals,All types of active ingredients,Oral group treatments,Suckling and weaned piglets,All species,2021,172549
All animals,No,All prescription types,Sheep,All species,2021,14014
All animals,No,Single treatments farm animals,Sheep,All species,2021,13354
All animals,No,Oral group treatments,Sheep,All species,2021,660
All animals,Yes,All prescription types,Sheep,All species,2021,1338
All animals,Yes,Single treatments farm animals,Sheep,All species,2021,1338
All animals,All types of active ingredients,All prescription types,Sheep,All species,2021,15352
All animals,All types of active ingredients,Single treatments farm animals,Sheep,All species,2021,14692
All animals,All types of active ingredients,Oral group treatments,Sheep,All species,2021,660
All animals,No,All prescription types,Pigs nCU,All species,2021,8929
All animals,No,Single treatments farm animals,Pigs nCU,All species,2021,1259
All animals,No,Oral group treatments,Pigs nCU,All species,2021,7670
All animals,Yes,All prescription types,Pigs nCU,All species,2021,2227
All animals,Yes,Single treatments farm animals,Pigs nCU,All species,2021,478
All animals,Yes,Oral group treatments,Pigs nCU,All species,2021,1749
All animals,All types of active ingredients,All prescription types,Pigs nCU,All species,2021,11156
All animals,All types of active ingredients,Single treatments farm animals,Pigs nCU,All species,2021,1737
All animals,All types of active ingredients,Oral group treatments,Pigs nCU,All species,2021,9419
All animals,No,All prescription types,Goats,All species,2021,9775
All animals,No,Single treatments farm animals,Goats,All species,2021,6974
All animals,No,Oral group treatments,Goats,All species,2021,2801
All animals,Yes,All prescription types,Goats,All species,2021,1749
All animals,Yes,Single treatments farm animals,Goats,All species,2021,737
All animals,Yes,Oral group treatments,Goats,All species,2021,1012
All animals,All types of active ingredients,All prescription types,Goats,All species,2021,11524
All animals,All types of active ingredients,Single treatments farm animals,Goats,All species,2021,7711
All animals,All types of active ingredients,Oral group treatments,Goats,All species,2021,3813
All animals,No,All prescription types,Breeding sows and boars,All species,2021,1791
All animals,No,Single treatments farm animals,Breeding sows and boars,All species,2021,1020
All animals,No,Oral group treatments,Breeding sows and boars,All species,2021,771
All animals,Yes,All prescription types,Breeding sows and boars,All species,2021,717
All animals,Yes,Single treatments farm animals,Breeding sows and boars,All species,2021,713
All animals,Yes,Oral group treatments,Breeding sows and boars,All species,2021,4
All animals,All types of active ingredients,All prescription types,Breeding sows and boars,All species,2021,2508
All animals,All types of active ingredients,Single treatments farm animals,Breeding sows and boars,All species,2021,1733
All animals,All types of active ingredients,Oral group treatments,Breeding sows and boars,All species,2021,775
All animals,No,All prescription types,All categories of use,Equids,2021,20722
All animals,No,Single treatments companion animals,All categories of use,Equids,2021,20722
All animals,Yes,All prescription types,All categories of use,Equids,2021,1036
All animals,Yes,Single treatments companion animals,All categories of use,Equids,2021,1036
All animals,All types of active ingredients,All prescription types,All categories of use,Equids,2021,21758
All animals,All types of active ingredients,Single treatments companion animals,All categories of use,Equids,2021,21758
All animals,No,All prescription types,Equids,Equids,2021,20722
All animals,No,Single treatments companion animals,Equids,Equids,2021,20722
All animals,Yes,All prescription types,Equids,Equids,2021,1036
All animals,Yes,Single treatments companion animals,Equids,Equids,2021,1036
All animals,All types of active ingredients,All prescription types,Equids,Equids,2021,21758
All animals,All types of active ingredients,Single treatments companion animals,Equids,Equids,2021,21758
All animals,No,All prescription types,All categories of use,Fish,2021,7574594
All animals,No,Oral group treatments,All categories of use,Fish,2021,7574594
All animals,All types of active ingredients,All prescription types,All categories of use,Fish,2021,7574594
All animals,All types of active ingredients,Oral group treatments,All categories of use,Fish,2021,7574594
All animals,No,All prescription types,Fish,Fish,2021,7574594
All animals,No,Oral group treatments,Fish,Fish,2021,7574594
All animals,All types of active ingredients,All prescription types,Fish,Fish,2021,7574594
All animals,All types of active ingredients,Oral group treatments,Fish,Fish,2021,7574594
All animals,No,All prescription types,All categories of use,Poultry,2021,5555077
All animals,No,Single treatments farm animals,All categories of use,Poultry,2021,16
All animals,No,Oral group treatments,All categories of use,Poultry,2021,5555061
All animals,Yes,All prescription types,All categories of use,Poultry,2021,6397890
All animals,Yes,Single treatments farm animals,All categories of use,Poultry,2021,21
All animals,Yes,Oral group treatments,All categories of use,Poultry,2021,6397869
All animals,All types of active ingredients,All prescription types,All categories of use,Poultry,2021,11952967
All animals,All types of active ingredients,Single treatments farm animals,All categories of use,Poultry,2021,37
All animals,All types of active ingredients,Oral group treatments,All categories of use,Poultry,2021,11952930
All animals,No,All prescription types,Rearing laying hens and parent birds,Poultry,2021,265180
All animals,No,Single treatments farm animals,Rearing laying hens and parent birds,Poultry,2021,1
All animals,No,Oral group treatments,Rearing laying hens and parent birds,Poultry,2021,265179
All animals,Yes,All prescription types,Rearing laying hens and parent birds,Poultry,2021,290047
All animals,Yes,Single treatments farm animals,Rearing laying hens and parent birds,Poultry,2021,3
All animals,Yes,Oral group treatments,Rearing laying hens and parent birds,Poultry,2021,290044
All animals,All types of active ingredients,All prescription types,Rearing laying hens and parent birds,Poultry,2021,555227
All animals,All types of active ingredients,Single treatments farm animals,Rearing laying hens and parent birds,Poultry,2021,4
All animals,All types of active ingredients,Oral group treatments,Rearing laying hens and parent birds,Poultry,2021,555223
All animals,No,All prescription types,Poultry nCU,Poultry,2021,112
All animals,No,Single treatments farm animals,Poultry nCU,Poultry,2021,12
All animals,No,Oral group treatments,Poultry nCU,Poultry,2021,100
All animals,Yes,All prescription types,Poultry nCU,Poultry,2021,2421
All animals,Yes,Single treatments farm animals,Poultry nCU,Poultry,2021,13
All animals,Yes,Oral group treatments,Poultry nCU,Poultry,2021,2408
All animals,All types of active ingredients,All prescription types,Poultry nCU,Poultry,2021,2533
All animals,All types of active ingredients,Single treatments farm animals,Poultry nCU,Poultry,2021,25
All animals,All types of active ingredients,Oral group treatments,Poultry nCU,Poultry,2021,2508
All animals,No,All prescription types,Laying and parent birds,Poultry,2021,91847
All animals,No,Single treatments farm animals,Laying and parent birds,Poultry,2021,1
All animals,No,Oral group treatments,Laying and parent birds,Poultry,2021,91846
All animals,Yes,All prescription types,Laying and parent birds,Poultry,2021,10421
All animals,Yes,Single treatments farm animals,Laying and parent birds,Poultry,2021,1
All animals,Yes,Oral group treatments,Laying and parent birds,Poultry,2021,10420
All animals,All types of active ingredients,All prescription types,Laying and parent birds,Poultry,2021,102268
All animals,All types of active ingredients,Single treatments farm animals,Laying and parent birds,Poultry,2021,2
All animals,All types of active ingredients,Oral group treatments,Laying and parent birds,Poultry,2021,102266
All animals,No,All prescription types,Laying hens,Poultry,2021,240210
All animals,No,Single treatments farm animals,Laying hens,Poultry,2021,1
All animals,No,Oral group treatments,Laying hens,Poultry,2021,240209
All animals,Yes,All prescription types,Laying hens,Poultry,2021,25889
All animals,Yes,Single treatments farm animals,Laying hens,Poultry,2021,4
All animals,Yes,Oral group treatments,Laying hens,Poultry,2021,25885
All animals,All types of active ingredients,All prescription types,Laying hens,Poultry,2021,266099
All animals,All types of active ingredients,Single treatments farm animals,Laying hens,Poultry,2021,5
All animals,All types of active ingredients,Oral group treatments,Laying hens,Poultry,2021,266094
All animals,No,All prescription types,Fattening broilers,Poultry,2021,4950867
All animals,No,Oral group treatments,Fattening broilers,Poultry,2021,4950867
All animals,Yes,All prescription types,Fattening broilers,Poultry,2021,6067803
All animals,Yes,Oral group treatments,Fattening broilers,Poultry,2021,6067803
All animals,All types of active ingredients,All prescription types,Fattening broilers,Poultry,2021,11018670
All animals,All types of active ingredients,Oral group treatments,Fattening broilers,Poultry,2021,11018670
All animals,No,All prescription types,Fattening turkeys,Poultry,2021,6861
All animals,No,Single treatments farm animals,Fattening turkeys,Poultry,2021,1
All animals,No,Oral group treatments,Fattening turkeys,Poultry,2021,6860
All animals,Yes,All prescription types,Fattening turkeys,Poultry,2021,1309
All animals,Yes,Oral group treatments,Fattening turkeys,Poultry,2021,1309
All animals,All types of active ingredients,All prescription types,Fattening turkeys,Poultry,2021,8170
All animals,All types of active ingredients,Single treatments farm animals,Fattening turkeys,Poultry,2021,1
All animals,All types of active ingredients,Oral group treatments,Fattening turkeys,Poultry,2021,8169
All animals,No,All prescription types,All categories of use,Game animals,2021,35
All animals,No,Single treatments farm animals,All categories of use,Game animals,2021,35
All animals,Yes,All prescription types,All categories of use,Game animals,2021,5
All animals,Yes,Single treatments farm animals,All categories of use,Game animals,2021,5
All animals,All types of active ingredients,All prescription types,All categories of use,Game animals,2021,40
All animals,All types of active ingredients,Single treatments farm animals,All categories of use,Game animals,2021,40
All animals,No,All prescription types,Game animals,Game animals,2021,35
All animals,No,Single treatments farm animals,Game animals,Game animals,2021,35
All animals,Yes,All prescription types,Game animals,Game animals,2021,5
All animals,Yes,Single treatments farm animals,Game animals,Game animals,2021,5
All animals,All types of active ingredients,All prescription types,Game animals,Game animals,2021,40
All animals,All types of active ingredients,Single treatments farm animals,Game animals,Game animals,2021,40
All animals,No,All prescription types,All categories of use,Dogs,2021,212998
All animals,No,Single treatments companion animals,All categories of use,Dogs,2021,212998
All animals,Yes,All prescription types,All categories of use,Dogs,2021,30048
All animals,Yes,Single treatments companion animals,All categories of use,Dogs,2021,30048
All animals,All types of active ingredients,All prescription types,All categories of use,Dogs,2021,243046
All animals,All types of active ingredients,Single treatments companion animals,All categories of use,Dogs,2021,243046
All animals,No,All prescription types,Dogs,Dogs,2021,212998
All animals,No,Single treatments companion animals,Dogs,Dogs,2021,212998
All animals,Yes,All prescription types,Dogs,Dogs,2021,30048
All animals,Yes,Single treatments companion animals,Dogs,Dogs,2021,30048
All animals,All types of active ingredients,All prescription types,Dogs,Dogs,2021,243046
All animals,All types of active ingredients,Single treatments companion animals,Dogs,Dogs,2021,243046
All animals,No,All prescription types,All categories of use,Camelids,2021,640
All animals,No,Single treatments farm animals,All categories of use,Camelids,2021,640
All animals,Yes,All prescription types,All categories of use,Camelids,2021,92
All animals,Yes,Single treatments farm animals,All categories of use,Camelids,2021,92
All animals,All types of active ingredients,All prescription types,All categories of use,Camelids,2021,732
All animals,All types of active ingredients,Single treatments farm animals,All categories of use,Camelids,2021,732
All animals,No,All prescription types,Camelids,Camelids,2021,640
All animals,No,Single treatments farm animals,Camelids,Camelids,2021,640
All animals,Yes,All prescription types,Camelids,Camelids,2021,92
All animals,Yes,Single treatments farm animals,Camelids,Camelids,2021,92
All animals,All types of active ingredients,All prescription types,Camelids,Camelids,2021,732
All animals,All types of active ingredients,Single treatments farm animals,Camelids,Camelids,2021,732
All animals,No,All prescription types,All categories of use,Rabbits,2021,134478
All animals,No,Single treatments farm animals,All categories of use,Rabbits,2021,21
All animals,No,Oral group treatments,All categories of use,Rabbits,2021,134457
All animals,Yes,All prescription types,All categories of use,Rabbits,2021,11000
All animals,Yes,Single treatments farm animals,All categories of use,Rabbits,2021,200
All animals,Yes,Oral group treatments,All categories of use,Rabbits,2021,10800
All animals,All types of active ingredients,All prescription types,All categories of use,Rabbits,2021,145478
All animals,All types of active ingredients,Single treatments farm animals,All categories of use,Rabbits,2021,221
All animals,All types of active ingredients,Oral group treatments,All categories of use,Rabbits,2021,145257
All animals,No,All prescription types,Rabbits,Rabbits,2021,134478
All animals,No,Single treatments farm animals,Rabbits,Rabbits,2021,21
All animals,No,Oral group treatments,Rabbits,Rabbits,2021,134457
All animals,Yes,All prescription types,Rabbits,Rabbits,2021,11000
All animals,Yes,Single treatments farm animals,Rabbits,Rabbits,2021,200
All animals,Yes,Oral group treatments,Rabbits,Rabbits,2021,10800
All animals,All types of active ingredients,All prescription types,Rabbits,Rabbits,2021,145478
All animals,All types of active ingredients,Single treatments farm animals,Rabbits,Rabbits,2021,221
All animals,All types of active ingredients,Oral group treatments,Rabbits,Rabbits,2021,145257
All animals,No,All prescription types,All categories of use,Cats,2021,224749
All animals,No,Single treatments companion animals,All categories of use,Cats,2021,224749
All animals,Yes,All prescription types,All categories of use,Cats,2021,107979
All animals,Yes,Single treatments companion animals,All categories of use,Cats,2021,107979
All animals,All types of active ingredients,All prescription types,All categories of use,Cats,2021,332728
All animals,All types of active ingredients,Single treatments companion animals,All categories of use,Cats,2021,332728
All animals,No,All prescription types,Cats,Cats,2021,224749
All animals,No,Single treatments companion animals,Cats,Cats,2021,224749
All animals,Yes,All prescription types,Cats,Cats,2021,107979
All animals,Yes,Single treatments companion animals,Cats,Cats,2021,107979
All animals,All types of active ingredients,All prescription types,Cats,Cats,2021,332728
All animals,All types of active ingredients,Single treatments companion animals,Cats,Cats,2021,332728
All animals,No,All prescription types,All categories of use,Cattle,2021,825942
All animals,No,Single treatments farm animals,All categories of use,Cattle,2021,607854
All animals,No,Oral group treatments,All categories of use,Cattle,2021,218088
All animals,Yes,All prescription types,All categories of use,Cattle,2021,149059
All animals,Yes,Single treatments farm animals,All categories of use,Cattle,2021,91190
All animals,Yes,Oral group treatments,All categories of use,Cattle,2021,57869
All animals,All types of active ingredients,All prescription types,All categories of use,Cattle,2021,975001
All animals,All types of active ingredients,Single treatments farm animals,All categories of use,Cattle,2021,699044
All animals,All types of active ingredients,Oral group treatments,All categories of use,Cattle,2021,275957
All animals,No,All prescription types,Rearing calves,Cattle,2021,49253
All animals,No,Single treatments farm animals,Rearing calves,Cattle,2021,42827
All animals,No,Oral group treatments,Rearing calves,Cattle,2021,6426
All animals,Yes,All prescription types,Rearing calves,Cattle,2021,13739
All animals,Yes,Single treatments farm animals,Rearing calves,Cattle,2021,10743
All animals,Yes,Oral group treatments,Rearing calves,Cattle,2021,2996
All animals,All types of active ingredients,All prescription types,Rearing calves,Cattle,2021,62992
All animals,All types of active ingredients,Single treatments farm animals,Rearing calves,Cattle,2021,53570
All animals,All types of active ingredients,Oral group treatments,Rearing calves,Cattle,2021,9422
All animals,No,All prescription types,Rearing cattle,Cattle,2021,17338
All animals,No,Single treatments farm animals,Rearing cattle,Cattle,2021,16317
All animals,No,Oral group treatments,Rearing cattle,Cattle,2021,1021
All animals,Yes,All prescription types,Rearing cattle,Cattle,2021,2545
All animals,Yes,Single treatments farm animals,Rearing cattle,Cattle,2021,1929
All animals,Yes,Oral group treatments,Rearing cattle,Cattle,2021,616
All animals,All types of active ingredients,All prescription types,Rearing cattle,Cattle,2021,19883
All animals,All types of active ingredients,Single treatments farm animals,Rearing cattle,Cattle,2021,18246
All animals,All types of active ingredients,Oral group treatments,Rearing cattle,Cattle,2021,1637
All animals,No,All prescription types,Fattening calves and cattle,Cattle,2021,243167
All animals,No,Single treatments farm animals,Fattening calves and cattle,Cattle,2021,32992
All animals,No,Oral group treatments,Fattening calves and cattle,Cattle,2021,210175
All animals,Yes,All prescription types,Fattening calves and cattle,Cattle,2021,81795
All animals,Yes,Single treatments farm animals,Fattening calves and cattle,Cattle,2021,27578
All animals,Yes,Oral group treatments,Fattening calves and cattle,Cattle,2021,54217
All animals,All types of active ingredients,All prescription types,Fattening calves and cattle,Cattle,2021,324962
All animals,All types of active ingredients,Single treatments farm animals,Fattening calves and cattle,Cattle,2021,60570
All animals,All types of active ingredients,Oral group treatments,Fattening calves and cattle,Cattle,2021,264392
All animals,No,All prescription types,Dairy cows,Cattle,2021,359152
All animals,No,Single treatments farm animals,Dairy cows,Cattle,2021,359102
All animals,No,Oral group treatments,Dairy cows,Cattle,2021,50
All animals,Yes,All prescription types,Dairy cows,Cattle,2021,30497
All animals,Yes,Single treatments farm animals,Dairy cows,Cattle,2021,30497
All animals,All types of active ingredients,All prescription types,Dairy cows,Cattle,2021,389649
All animals,All types of active ingredients,Single treatments farm animals,Dairy cows,Cattle,2021,389599
All animals,All types of active ingredients,Oral group treatments,Dairy cows,Cattle,2021,50
All animals,No,All prescription types,Cow-calf calves,Cattle,2021,14965
All animals,No,Single treatments farm animals,Cow-calf calves,Cattle,2021,14918
All animals,No,Oral group treatments,Cow-calf calves,Cattle,2021,47
All animals,Yes,All prescription types,Cow-calf calves,Cattle,2021,3236
All animals,Yes,Single treatments farm animals,Cow-calf calves,Cattle,2021,3216
All animals,Yes,Oral group treatments,Cow-calf calves,Cattle,2021,20
All animals,All types of active ingredients,All prescription types,Cow-calf calves,Cattle,2021,18201
All animals,All types of active ingredients,Single treatments farm animals,Cow-calf calves,Cattle,2021,18134
All animals,All types of active ingredients,Oral group treatments,Cow-calf calves,Cattle,2021,67
All animals,No,All prescription types,Suckler cows,Cattle,2021,23669
All animals,No,Single treatments farm animals,Suckler cows,Cattle,2021,23669
All animals,Yes,All prescription types,Suckler cows,Cattle,2021,1519
All animals,Yes,Single treatments farm animals,Suckler cows,Cattle,2021,1519
All animals,All types of active ingredients,All prescription types,Suckler cows,Cattle,2021,25188
All animals,All types of active ingredients,Single treatments farm animals,Suckler cows,Cattle,2021,25188
All animals,No,All prescription types,Cattle nCU,Cattle,2021,118398
All animals,No,Single treatments farm animals,Cattle nCU,Cattle,2021,118029
All animals,No,Oral group treatments,Cattle nCU,Cattle,2021,369
All animals,Yes,All prescription types,Cattle nCU,Cattle,2021,15728
All animals,Yes,Single treatments farm animals,Cattle nCU,Cattle,2021,15708
All animals,Yes,Oral group treatments,Cattle nCU,Cattle,2021,20
All animals,All types of active ingredients,All prescription types,Cattle nCU,Cattle,2021,134126
All animals,All types of active ingredients,Single treatments farm animals,Cattle nCU,Cattle,2021,133737
All animals,All types of active ingredients,Oral group treatments,Cattle nCU,Cattle,2021,389
All animals,No,All prescription types,All categories of use,Sheep,2021,14014
All animals,No,Single treatments farm animals,All categories of use,Sheep,2021,13354
All animals,No,Oral group treatments,All categories of use,Sheep,2021,660
All animals,Yes,All prescription types,All categories of use,Sheep,2021,1338
All animals,Yes,Single treatments farm animals,All categories of use,Sheep,2021,1338
All animals,All types of active ingredients,All prescription types,All categories of use,Sheep,2021,15352
All animals,All types of active ingredients,Single treatments farm animals,All categories of use,Sheep,2021,14692
All animals,All types of active ingredients,Oral group treatments,All categories of use,Sheep,2021,660
Farm animals,No,All prescription types,All categories of use,Poultry,2021,5555077
All animals,No,All prescription types,Sheep,Sheep,2021,14014
Farm animals,No,Single treatments farm animals,All categories of use,Poultry,2021,16
All animals,No,Single treatments farm animals,Sheep,Sheep,2021,13354
Farm animals,No,Oral group treatments,All categories of use,Poultry,2021,5555061
All animals,No,Oral group treatments,Sheep,Sheep,2021,660
All animals,Yes,All prescription types,Sheep,Sheep,2021,1338
All animals,Yes,Single treatments farm animals,Sheep,Sheep,2021,1338
Farm animals,Yes,All prescription types,All categories of use,Poultry,2021,6397890
All animals,All types of active ingredients,All prescription types,Sheep,Sheep,2021,15352
Farm animals,Yes,Single treatments farm animals,All categories of use,Poultry,2021,21
All animals,All types of active ingredients,Single treatments farm animals,Sheep,Sheep,2021,14692
Farm animals,Yes,Oral group treatments,All categories of use,Poultry,2021,6397869
All animals,All types of active ingredients,Oral group treatments,Sheep,Sheep,2021,660
Farm animals,All types of active ingredients,All prescription types,All categories of use,Poultry,2021,11952967
Farm animals,All types of active ingredients,Single treatments farm animals,All categories of use,Poultry,2021,37
Farm animals,All types of active ingredients,Oral group treatments,All categories of use,Poultry,2021,11952930
Farm animals,No,All prescription types,Rearing laying hens and parent birds,Poultry,2021,265180
Farm animals,No,Single treatments farm animals,Rearing laying hens and parent birds,Poultry,2021,1
Farm animals,No,Oral group treatments,Rearing laying hens and parent birds,Poultry,2021,265179
Farm animals,Yes,All prescription types,Rearing laying hens and parent birds,Poultry,2021,290047
All animals,No,All prescription types,All categories of use,Pigs,2021,251273
Farm animals,Yes,Single treatments farm animals,Rearing laying hens and parent birds,Poultry,2021,3
All animals,No,Single treatments farm animals,All categories of use,Pigs,2021,5907
Farm animals,Yes,Oral group treatments,Rearing laying hens and parent birds,Poultry,2021,290044
All animals,No,Oral group treatments,All categories of use,Pigs,2021,245366
Farm animals,All types of active ingredients,All prescription types,Rearing laying hens and parent birds,Poultry,2021,555227
Farm animals,All types of active ingredients,Single treatments farm animals,Rearing laying hens and parent birds,Poultry,2021,4
Farm animals,All types of active ingredients,Oral group treatments,Rearing laying hens and parent birds,Poultry,2021,555223
All animals,Yes,All prescription types,All categories of use,Pigs,2021,38303
All animals,Yes,Single treatments farm animals,All categories of use,Pigs,2021,3272
All animals,Yes,Oral group treatments,All categories of use,Pigs,2021,35031
All animals,All types of active ingredients,All prescription types,All categories of use,Pigs,2021,289576
All animals,All types of active ingredients,Single treatments farm animals,All categories of use,Pigs,2021,9179
Farm animals,No,All prescription types,Poultry nCU,Poultry,2021,112
All animals,All types of active ingredients,Oral group treatments,All categories of use,Pigs,2021,280397
Farm animals,No,Single treatments farm animals,Poultry nCU,Poultry,2021,12
All animals,No,All prescription types,Young sows,Pigs,2021,1058
Farm animals,No,Oral group treatments,Poultry nCU,Poultry,2021,100
All animals,No,Single treatments farm animals,Young sows,Pigs,2021,64
All animals,No,Oral group treatments,Young sows,Pigs,2021,994
Farm animals,Yes,All prescription types,Poultry nCU,Poultry,2021,2421
All animals,Yes,All prescription types,Young sows,Pigs,2021,82
Farm animals,Yes,Single treatments farm animals,Poultry nCU,Poultry,2021,13
All animals,Yes,Single treatments farm animals,Young sows,Pigs,2021,22
Farm animals,Yes,Oral group treatments,Poultry nCU,Poultry,2021,2408
Farm animals,All types of active ingredients,All prescription types,Poultry nCU,Poultry,2021,2533
All animals,Yes,Oral group treatments,Young sows,Pigs,2021,60
Farm animals,All types of active ingredients,Single treatments farm animals,Poultry nCU,Poultry,2021,25
Farm animals,All types of active ingredients,Oral group treatments,Poultry nCU,Poultry,2021,2508
Farm animals,No,All prescription types,Laying and parent birds,Poultry,2021,91847
Farm animals,No,Single treatments farm animals,Laying and parent birds,Poultry,2021,1
Farm animals,No,Oral group treatments,Laying and parent birds,Poultry,2021,91846
Farm animals,Yes,All prescription types,Laying and parent birds,Poultry,2021,10421
All animals,All types of active ingredients,All prescription types,Young sows,Pigs,2021,1140
All animals,All types of active ingredients,Single treatments farm animals,Young sows,Pigs,2021,86
All animals,All types of active ingredients,Oral group treatments,Young sows,Pigs,2021,1054
All animals,No,All prescription types,Fattening pigs,Pigs,2021,87796
All animals,No,Single treatments farm animals,Fattening pigs,Pigs,2021,2534
All animals,No,Oral group treatments,Fattening pigs,Pigs,2021,85262
Farm animals,Yes,Single treatments farm animals,Laying and parent birds,Poultry,2021,1
All animals,Yes,All prescription types,Fattening pigs,Pigs,2021,11701
All animals,Yes,Single treatments farm animals,Fattening pigs,Pigs,2021,363
Farm animals,Yes,Oral group treatments,Laying and parent birds,Poultry,2021,10420
All animals,Yes,Oral group treatments,Fattening pigs,Pigs,2021,11338
Farm animals,All types of active ingredients,All prescription types,Laying and parent birds,Poultry,2021,102268
All animals,All types of active ingredients,All prescription types,Fattening pigs,Pigs,2021,99497
Farm animals,All types of active ingredients,Single treatments farm animals,Laying and parent birds,Poultry,2021,2
Farm animals,All types of active ingredients,Oral group treatments,Laying and parent birds,Poultry,2021,102266
All animals,All types of active ingredients,Single treatments farm animals,Fattening pigs,Pigs,2021,2897
Farm animals,No,All prescription types,Laying hens,Poultry,2021,240210
Farm animals,No,Single treatments farm animals,Laying hens,Poultry,2021,1
All animals,All types of active ingredients,Oral group treatments,Fattening pigs,Pigs,2021,96600
Farm animals,No,Oral group treatments,Laying hens,Poultry,2021,240209
All animals,No,All prescription types,Suckling and weaned piglets,Pigs,2021,151699
Farm animals,Yes,All prescription types,Laying hens,Poultry,2021,25889
Farm animals,Yes,Single treatments farm animals,Laying hens,Poultry,2021,4
All animals,No,Single treatments farm animals,Suckling and weaned piglets,Pigs,2021,1030
Farm animals,Yes,Oral group treatments,Laying hens,Poultry,2021,25885
All animals,No,Oral group treatments,Suckling and weaned piglets,Pigs,2021,150669
Farm animals,All types of active ingredients,All prescription types,Laying hens,Poultry,2021,266099
All animals,Yes,All prescription types,Suckling and weaned piglets,Pigs,2021,23576
Farm animals,All types of active ingredients,Single treatments farm animals,Laying hens,Poultry,2021,5
Farm animals,All types of active ingredients,Oral group treatments,Laying hens,Poultry,2021,266094
All animals,Yes,Single treatments farm animals,Suckling and weaned piglets,Pigs,2021,1696
All animals,Yes,Oral group treatments,Suckling and weaned piglets,Pigs,2021,21880
Farm animals,No,All prescription types,Fattening broilers,Poultry,2021,4950867
All animals,All types of active ingredients,All prescription types,Suckling and weaned piglets,Pigs,2021,175275
Farm animals,No,Oral group treatments,Fattening broilers,Poultry,2021,4950867
All animals,All types of active ingredients,Single treatments farm animals,Suckling and weaned piglets,Pigs,2021,2726
Farm animals,Yes,All prescription types,Fattening broilers,Poultry,2021,6067803
All animals,All types of active ingredients,Oral group treatments,Suckling and weaned piglets,Pigs,2021,172549
Farm animals,Yes,Oral group treatments,Fattening broilers,Poultry,2021,6067803
Farm animals,All types of active ingredients,All prescription types,Fattening broilers,Poultry,2021,11018670
Farm animals,All types of active ingredients,Oral group treatments,Fattening broilers,Poultry,2021,11018670
Farm animals,No,All prescription types,Fattening turkeys,Poultry,2021,6861
Farm animals,No,Single treatments farm animals,Fattening turkeys,Poultry,2021,1
Farm animals,No,Oral group treatments,Fattening turkeys,Poultry,2021,6860
Farm animals,Yes,All prescription types,Fattening turkeys,Poultry,2021,1309
Farm animals,Yes,Oral group treatments,Fattening turkeys,Poultry,2021,1309
Farm animals,All types of active ingredients,All prescription types,Fattening turkeys,Poultry,2021,8170
All animals,No,All prescription types,Pigs nCU,Pigs,2021,8929
Farm animals,All types of active ingredients,Single treatments farm animals,Fattening turkeys,Poultry,2021,1
Farm animals,All types of active ingredients,Oral group treatments,Fattening turkeys,Poultry,2021,8169
All animals,No,Single treatments farm animals,Pigs nCU,Pigs,2021,1259
Farm animals,No,All prescription types,All categories of use,Game animals,2021,35
All animals,No,Oral group treatments,Pigs nCU,Pigs,2021,7670
Farm animals,No,Single treatments farm animals,All categories of use,Game animals,2021,35
All animals,Yes,All prescription types,Pigs nCU,Pigs,2021,2227
All animals,Yes,Single treatments farm animals,Pigs nCU,Pigs,2021,478
Farm animals,Yes,All prescription types,All categories of use,Game animals,2021,5
All animals,Yes,Oral group treatments,Pigs nCU,Pigs,2021,1749
Farm animals,Yes,Single treatments farm animals,All categories of use,Game animals,2021,5
All animals,All types of active ingredients,All prescription types,Pigs nCU,Pigs,2021,11156
Farm animals,All types of active ingredients,All prescription types,All categories of use,Game animals,2021,40
Farm animals,All types of active ingredients,Single treatments farm animals,All categories of use,Game animals,2021,40
All animals,All types of active ingredients,Single treatments farm animals,Pigs nCU,Pigs,2021,1737
All animals,All types of active ingredients,Oral group treatments,Pigs nCU,Pigs,2021,9419
Farm animals,No,All prescription types,Game animals,Game animals,2021,35
All animals,No,All prescription types,Breeding sows and boars,Pigs,2021,1791
Farm animals,No,Single treatments farm animals,Game animals,Game animals,2021,35
All animals,No,Single treatments farm animals,Breeding sows and boars,Pigs,2021,1020
Farm animals,Yes,All prescription types,Game animals,Game animals,2021,5
All animals,No,Oral group treatments,Breeding sows and boars,Pigs,2021,771
Farm animals,Yes,Single treatments farm animals,Game animals,Game animals,2021,5
All animals,Yes,All prescription types,Breeding sows and boars,Pigs,2021,717
Farm animals,All types of active ingredients,All prescription types,Game animals,Game animals,2021,40
All animals,Yes,Single treatments farm animals,Breeding sows and boars,Pigs,2021,713
Farm animals,All types of active ingredients,Single treatments farm animals,Game animals,Game animals,2021,40
All animals,Yes,Oral group treatments,Breeding sows and boars,Pigs,2021,4
Farm animals,No,All prescription types,All categories of use,Camelids,2021,640
All animals,All types of active ingredients,All prescription types,Breeding sows and boars,Pigs,2021,2508
Farm animals,No,Single treatments farm animals,All categories of use,Camelids,2021,640
All animals,All types of active ingredients,Single treatments farm animals,Breeding sows and boars,Pigs,2021,1733
Farm animals,Yes,All prescription types,All categories of use,Camelids,2021,92
All animals,All types of active ingredients,Oral group treatments,Breeding sows and boars,Pigs,2021,775
Farm animals,Yes,Single treatments farm animals,All categories of use,Camelids,2021,92
Farm animals,All types of active ingredients,All prescription types,All categories of use,Camelids,2021,732
Farm animals,All types of active ingredients,Single treatments farm animals,All categories of use,Camelids,2021,732
Farm animals,No,All prescription types,Camelids,Camelids,2021,640
Farm animals,No,Single treatments farm animals,Camelids,Camelids,2021,640
Farm animals,Yes,All prescription types,Camelids,Camelids,2021,92
Farm animals,Yes,Single treatments farm animals,Camelids,Camelids,2021,92
Farm animals,All types of active ingredients,All prescription types,Camelids,Camelids,2021,732
Farm animals,All types of active ingredients,Single treatments farm animals,Camelids,Camelids,2021,732
Farm animals,No,All prescription types,All categories of use,Rabbits,2021,134478
Farm animals,No,Single treatments farm animals,All categories of use,Rabbits,2021,21
Farm animals,No,Oral group treatments,All categories of use,Rabbits,2021,134457
Farm animals,Yes,All prescription types,All categories of use,Rabbits,2021,11000
Farm animals,Yes,Single treatments farm animals,All categories of use,Rabbits,2021,200
Farm animals,Yes,Oral group treatments,All categories of use,Rabbits,2021,10800
Farm animals,All types of active ingredients,All prescription types,All categories of use,Rabbits,2021,145478
Farm animals,All types of active ingredients,Single treatments farm animals,All categories of use,Rabbits,2021,221
Farm animals,All types of active ingredients,Oral group treatments,All categories of use,Rabbits,2021,145257
Farm animals,No,All prescription types,Rabbits,Rabbits,2021,134478
Farm animals,No,Single treatments farm animals,Rabbits,Rabbits,2021,21
Farm animals,No,Oral group treatments,Rabbits,Rabbits,2021,134457
Farm animals,Yes,All prescription types,Rabbits,Rabbits,2021,11000
Farm animals,Yes,Single treatments farm animals,Rabbits,Rabbits,2021,200
Farm animals,Yes,Oral group treatments,Rabbits,Rabbits,2021,10800
Farm animals,All types of active ingredients,All prescription types,Rabbits,Rabbits,2021,145478
Farm animals,All types of active ingredients,Single treatments farm animals,Rabbits,Rabbits,2021,221
Farm animals,All types of active ingredients,Oral group treatments,Rabbits,Rabbits,2021,145257
Farm animals,No,All prescription types,All categories of use,Cattle,2021,825942
Farm animals,No,Single treatments farm animals,All categories of use,Cattle,2021,607854
Farm animals,No,Oral group treatments,All categories of use,Cattle,2021,218088
Farm animals,Yes,All prescription types,All categories of use,Cattle,2021,149059
Farm animals,Yes,Single treatments farm animals,All categories of use,Cattle,2021,91190
Farm animals,Yes,Oral group treatments,All categories of use,Cattle,2021,57869
Farm animals,All types of active ingredients,All prescription types,All categories of use,Cattle,2021,975001
Farm animals,All types of active ingredients,Single treatments farm animals,All categories of use,Cattle,2021,699044
Farm animals,All types of active ingredients,Oral group treatments,All categories of use,Cattle,2021,275957
Farm animals,No,All prescription types,Rearing calves,Cattle,2021,49253
Farm animals,No,Single treatments farm animals,Rearing calves,Cattle,2021,42827
Farm animals,No,Oral group treatments,Rearing calves,Cattle,2021,6426
Farm animals,Yes,All prescription types,Rearing calves,Cattle,2021,13739
Farm animals,Yes,Single treatments farm animals,Rearing calves,Cattle,2021,10743
Farm animals,Yes,Oral group treatments,Rearing calves,Cattle,2021,2996
Farm animals,All types of active ingredients,All prescription types,Rearing calves,Cattle,2021,62992
Farm animals,All types of active ingredients,Single treatments farm animals,Rearing calves,Cattle,2021,53570
Farm animals,All types of active ingredients,Oral group treatments,Rearing calves,Cattle,2021,9422
Farm animals,No,All prescription types,Rearing cattle,Cattle,2021,17338
Farm animals,No,Single treatments farm animals,Rearing cattle,Cattle,2021,16317
Farm animals,No,Oral group treatments,Rearing cattle,Cattle,2021,1021
Farm animals,Yes,All prescription types,Rearing cattle,Cattle,2021,2545
Farm animals,Yes,Single treatments farm animals,Rearing cattle,Cattle,2021,1929
Farm animals,Yes,Oral group treatments,Rearing cattle,Cattle,2021,616
Farm animals,All types of active ingredients,All prescription types,Rearing cattle,Cattle,2021,19883
Farm animals,All types of active ingredients,Single treatments farm animals,Rearing cattle,Cattle,2021,18246
Farm animals,All types of active ingredients,Oral group treatments,Rearing cattle,Cattle,2021,1637
Farm animals,No,All prescription types,Fattening calves and cattle,Cattle,2021,243167
Farm animals,No,Single treatments farm animals,Fattening calves and cattle,Cattle,2021,32992
Farm animals,No,Oral group treatments,Fattening calves and cattle,Cattle,2021,210175
Farm animals,Yes,All prescription types,Fattening calves and cattle,Cattle,2021,81795
Farm animals,Yes,Single treatments farm animals,Fattening calves and cattle,Cattle,2021,27578
Farm animals,Yes,Oral group treatments,Fattening calves and cattle,Cattle,2021,54217
Farm animals,All types of active ingredients,All prescription types,Fattening calves and cattle,Cattle,2021,324962
Farm animals,All types of active ingredients,Single treatments farm animals,Fattening calves and cattle,Cattle,2021,60570
Farm animals,All types of active ingredients,Oral group treatments,Fattening calves and cattle,Cattle,2021,264392
Farm animals,No,All prescription types,Dairy cows,Cattle,2021,359152
Farm animals,No,Single treatments farm animals,Dairy cows,Cattle,2021,359102
Farm animals,No,Oral group treatments,Dairy cows,Cattle,2021,50
Farm animals,Yes,All prescription types,Dairy cows,Cattle,2021,30497
Farm animals,Yes,Single treatments farm animals,Dairy cows,Cattle,2021,30497
Farm animals,All types of active ingredients,All prescription types,Dairy cows,Cattle,2021,389649
Farm animals,All types of active ingredients,Single treatments farm animals,Dairy cows,Cattle,2021,389599
Farm animals,All types of active ingredients,Oral group treatments,Dairy cows,Cattle,2021,50
Farm animals,No,All prescription types,Cow-calf calves,Cattle,2021,14965
Farm animals,No,Single treatments farm animals,Cow-calf calves,Cattle,2021,14918
Farm animals,No,Oral group treatments,Cow-calf calves,Cattle,2021,47
Farm animals,Yes,All prescription types,Cow-calf calves,Cattle,2021,3236
Farm animals,Yes,Single treatments farm animals,Cow-calf calves,Cattle,2021,3216
Farm animals,Yes,Oral group treatments,Cow-calf calves,Cattle,2021,20
Farm animals,All types of active ingredients,All prescription types,Cow-calf calves,Cattle,2021,18201
Farm animals,All types of active ingredients,Single treatments farm animals,Cow-calf calves,Cattle,2021,18134
Farm animals,All types of active ingredients,Oral group treatments,Cow-calf calves,Cattle,2021,67
Farm animals,No,All prescription types,Suckler cows,Cattle,2021,23669
Farm animals,No,Single treatments farm animals,Suckler cows,Cattle,2021,23669
Farm animals,Yes,All prescription types,Suckler cows,Cattle,2021,1519
Farm animals,Yes,Single treatments farm animals,Suckler cows,Cattle,2021,1519
Farm animals,All types of active ingredients,All prescription types,Suckler cows,Cattle,2021,25188
Farm animals,All types of active ingredients,Single treatments farm animals,Suckler cows,Cattle,2021,25188
Farm animals,No,All prescription types,Cattle nCU,Cattle,2021,118398
Farm animals,No,Single treatments farm animals,Cattle nCU,Cattle,2021,118029
Farm animals,No,Oral group treatments,Cattle nCU,Cattle,2021,369
Farm animals,Yes,All prescription types,Cattle nCU,Cattle,2021,15728
Farm animals,Yes,Single treatments farm animals,Cattle nCU,Cattle,2021,15708
Farm animals,Yes,Oral group treatments,Cattle nCU,Cattle,2021,20
Farm animals,All types of active ingredients,All prescription types,Cattle nCU,Cattle,2021,134126
Farm animals,All types of active ingredients,Single treatments farm animals,Cattle nCU,Cattle,2021,133737
Farm animals,All types of active ingredients,Oral group treatments,Cattle nCU,Cattle,2021,389
Farm animals,No,All prescription types,All categories of use,Sheep,2021,14014
Farm animals,No,Single treatments farm animals,All categories of use,Sheep,2021,13354
Farm animals,No,Oral group treatments,All categories of use,Sheep,2021,660
Farm animals,Yes,All prescription types,All categories of use,Sheep,2021,1338
Farm animals,Yes,Single treatments farm animals,All categories of use,Sheep,2021,1338
Farm animals,All types of active ingredients,All prescription types,All categories of use,Sheep,2021,15352
Farm animals,All types of active ingredients,Single treatments farm animals,All categories of use,Sheep,2021,14692
Farm animals,All types of active ingredients,Oral group treatments,All categories of use,Sheep,2021,660
Farm animals,No,All prescription types,Sheep,Sheep,2021,14014
Farm animals,No,Single treatments farm animals,Sheep,Sheep,2021,13354
Farm animals,No,Oral group treatments,Sheep,Sheep,2021,660
Farm animals,Yes,All prescription types,Sheep,Sheep,2021,1338
Farm animals,Yes,Single treatments farm animals,Sheep,Sheep,2021,1338
Farm animals,All types of active ingredients,All prescription types,Sheep,Sheep,2021,15352
Farm animals,All types of active ingredients,Single treatments farm animals,Sheep,Sheep,2021,14692
Farm animals,All types of active ingredients,Oral group treatments,Sheep,Sheep,2021,660
Farm animals,No,All prescription types,All categories of use,Pigs,2021,251273
Farm animals,No,Single treatments farm animals,All categories of use,Pigs,2021,5907
Farm animals,No,Oral group treatments,All categories of use,Pigs,2021,245366
Farm animals,Yes,All prescription types,All categories of use,Pigs,2021,38303
Farm animals,Yes,Single treatments farm animals,All categories of use,Pigs,2021,3272
Farm animals,Yes,Oral group treatments,All categories of use,Pigs,2021,35031
Farm animals,All types of active ingredients,All prescription types,All categories of use,Pigs,2021,289576
Farm animals,All types of active ingredients,Single treatments farm animals,All categories of use,Pigs,2021,9179
Farm animals,All types of active ingredients,Oral group treatments,All categories of use,Pigs,2021,280397
Farm animals,No,All prescription types,Young sows,Pigs,2021,1058
Farm animals,No,Single treatments farm animals,Young sows,Pigs,2021,64
Farm animals,No,Oral group treatments,Young sows,Pigs,2021,994
Farm animals,Yes,All prescription types,Young sows,Pigs,2021,82
Farm animals,Yes,Single treatments farm animals,Young sows,Pigs,2021,22
Farm animals,Yes,Oral group treatments,Young sows,Pigs,2021,60
Farm animals,All types of active ingredients,All prescription types,Young sows,Pigs,2021,1140
Farm animals,All types of active ingredients,Single treatments farm animals,Young sows,Pigs,2021,86
Farm animals,All types of active ingredients,Oral group treatments,Young sows,Pigs,2021,1054
Farm animals,No,All prescription types,Fattening pigs,Pigs,2021,87796
Farm animals,No,Single treatments farm animals,Fattening pigs,Pigs,2021,2534
Farm animals,No,Oral group treatments,Fattening pigs,Pigs,2021,85262
Farm animals,Yes,All prescription types,Fattening pigs,Pigs,2021,11701
Farm animals,Yes,Single treatments farm animals,Fattening pigs,Pigs,2021,363
Farm animals,Yes,Oral group treatments,Fattening pigs,Pigs,2021,11338
Farm animals,All types of active ingredients,All prescription types,Fattening pigs,Pigs,2021,99497
Farm animals,All types of active ingredients,Single treatments farm animals,Fattening pigs,Pigs,2021,2897
Farm animals,All types of active ingredients,Oral group treatments,Fattening pigs,Pigs,2021,96600
Farm animals,No,All prescription types,Suckling and weaned piglets,Pigs,2021,151699
Farm animals,No,Single treatments farm animals,Suckling and weaned piglets,Pigs,2021,1030
Farm animals,No,Oral group treatments,Suckling and weaned piglets,Pigs,2021,150669
Farm animals,Yes,All prescription types,Suckling and weaned piglets,Pigs,2021,23576
Farm animals,Yes,Single treatments farm animals,Suckling and weaned piglets,Pigs,2021,1696
All animals,No,All prescription types,All categories of use,Goats,2021,9775
Farm animals,Yes,Oral group treatments,Suckling and weaned piglets,Pigs,2021,21880
All animals,No,Single treatments farm animals,All categories of use,Goats,2021,6974
Farm animals,All types of active ingredients,All prescription types,Suckling and weaned piglets,Pigs,2021,175275
All animals,No,Oral group treatments,All categories of use,Goats,2021,2801
Farm animals,All types of active ingredients,Single treatments farm animals,Suckling and weaned piglets,Pigs,2021,2726
Pets,No,All prescription types,Equids,Equids,2022,21335
Farm animals,All types of active ingredients,Oral group treatments,Suckling and weaned piglets,Pigs,2021,172549
All animals,Yes,All prescription types,All categories of use,Goats,2021,1749
All animals,Yes,Single treatments farm animals,All categories of use,Goats,2021,737
Pets,No,Single treatments companion animals,Equids,Equids,2022,21335
All animals,Yes,Oral group treatments,All categories of use,Goats,2021,1012
Pets,Yes,All prescription types,Equids,Equids,2022,1268
Pets,Yes,Single treatments companion animals,Equids,Equids,2022,1268
All animals,All types of active ingredients,All prescription types,All categories of use,Goats,2021,11524
Pets,All types of active ingredients,All prescription types,Equids,Equids,2022,22603
All animals,All types of active ingredients,Single treatments farm animals,All categories of use,Goats,2021,7711
Pets,All types of active ingredients,Single treatments companion animals,Equids,Equids,2022,22603
All animals,All types of active ingredients,Oral group treatments,All categories of use,Goats,2021,3813
Pets,No,All prescription types,All categories of use,Dogs,2022,208614
All animals,No,All prescription types,Goats,Goats,2021,9775
Pets,No,Single treatments companion animals,All categories of use,Dogs,2022,208614
All animals,No,Single treatments farm animals,Goats,Goats,2021,6974
Pets,Yes,All prescription types,All categories of use,Dogs,2022,27158
All animals,No,Oral group treatments,Goats,Goats,2021,2801
Pets,Yes,Single treatments companion animals,All categories of use,Dogs,2022,27158
Pets,All types of active ingredients,All prescription types,All categories of use,Dogs,2022,235772
All animals,Yes,All prescription types,Goats,Goats,2021,1749
All animals,Yes,Single treatments farm animals,Goats,Goats,2021,737
Pets,All types of active ingredients,Single treatments companion animals,All categories of use,Dogs,2022,235772
Pets,No,All prescription types,Dogs,Dogs,2022,208614
All animals,Yes,Oral group treatments,Goats,Goats,2021,1012
Farm animals,No,All prescription types,Pigs nCU,Pigs,2021,8929
Pets,No,Single treatments companion animals,Dogs,Dogs,2022,208614
All animals,All types of active ingredients,All prescription types,Goats,Goats,2021,11524
Farm animals,No,Single treatments farm animals,Pigs nCU,Pigs,2021,1259
Pets,Yes,All prescription types,Dogs,Dogs,2022,27158
All animals,All types of active ingredients,Single treatments farm animals,Goats,Goats,2021,7711
Pets,Yes,Single treatments companion animals,Dogs,Dogs,2022,27158
Pets,All types of active ingredients,All prescription types,Dogs,Dogs,2022,235772
Farm animals,No,Oral group treatments,Pigs nCU,Pigs,2021,7670
Pets,All types of active ingredients,Single treatments companion animals,Dogs,Dogs,2022,235772
All animals,All types of active ingredients,Oral group treatments,Goats,Goats,2021,3813
Farm animals,Yes,All prescription types,Pigs nCU,Pigs,2021,2227
Pets,No,All prescription types,All categories of use,Cats,2022,214726
Farm animals,Yes,Single treatments farm animals,Pigs nCU,Pigs,2021,478
Pets,No,Single treatments companion animals,All categories of use,Cats,2022,214726
Farm animals,Yes,Oral group treatments,Pigs nCU,Pigs,2021,1749
Pets,Yes,All prescription types,All categories of use,Cats,2022,100639
Farm animals,All types of active ingredients,All prescription types,Pigs nCU,Pigs,2021,11156
Farm animals,All types of active ingredients,Single treatments farm animals,Pigs nCU,Pigs,2021,1737
Pets,Yes,Single treatments companion animals,All categories of use,Cats,2022,100639
Pets,All types of active ingredients,All prescription types,All categories of use,Cats,2022,315365
Farm animals,All types of active ingredients,Oral group treatments,Pigs nCU,Pigs,2021,9419
Farm animals,No,All prescription types,Breeding sows and boars,Pigs,2021,1791
Pets,All types of active ingredients,Single treatments companion animals,All categories of use,Cats,2022,315365
Pets,No,All prescription types,Cats,Cats,2022,214726
Farm animals,No,Single treatments farm animals,Breeding sows and boars,Pigs,2021,1020
Pets,No,All prescription types,All categories of use,All species,2021,458469
Farm animals,No,Oral group treatments,Breeding sows and boars,Pigs,2021,771
Pets,No,Single treatments companion animals,Cats,Cats,2022,214726
Pets,No,Single treatments companion animals,All categories of use,All species,2021,458469
Farm animals,Yes,All prescription types,Breeding sows and boars,Pigs,2021,717
Pets,Yes,All prescription types,All categories of use,All species,2021,139063
Pets,Yes,All prescription types,Cats,Cats,2022,100639
Farm animals,Yes,Single treatments farm animals,Breeding sows and boars,Pigs,2021,713
Farm animals,Yes,Oral group treatments,Breeding sows and boars,Pigs,2021,4
Pets,Yes,Single treatments companion animals,Cats,Cats,2022,100639
Pets,Yes,Single treatments companion animals,All categories of use,All species,2021,139063
Farm animals,All types of active ingredients,All prescription types,Breeding sows and boars,Pigs,2021,2508
Pets,All types of active ingredients,All prescription types,All categories of use,All species,2021,597532
Pets,All types of active ingredients,All prescription types,Cats,Cats,2022,315365
Farm animals,All types of active ingredients,Single treatments farm animals,Breeding sows and boars,Pigs,2021,1733
Pets,All types of active ingredients,Single treatments companion animals,All categories of use,All species,2021,597532
Pets,All types of active ingredients,Single treatments companion animals,Cats,Cats,2022,315365
Farm animals,All types of active ingredients,Oral group treatments,Breeding sows and boars,Pigs,2021,775
Pets,No,All prescription types,Equids,All species,2021,20722
Pets,No,Single treatments companion animals,Equids,All species,2021,20722
Farm animals,No,All prescription types,All categories of use,All species,2022,12846036
Farm animals,No,Single treatments farm animals,All categories of use,All species,2022,727413
Pets,Yes,All prescription types,Equids,All species,2021,1036
Farm animals,No,Oral group treatments,All categories of use,All species,2022,12118623
Pets,Yes,Single treatments companion animals,Equids,All species,2021,1036
Pets,All types of active ingredients,All prescription types,Equids,All species,2021,21758
Pets,All types of active ingredients,Single treatments companion animals,Equids,All species,2021,21758
Farm animals,Yes,All prescription types,All categories of use,All species,2022,2400358
Pets,No,All prescription types,Dogs,All species,2021,212998
Farm animals,Yes,Single treatments farm animals,All categories of use,All species,2022,95403
Farm animals,Yes,Oral group treatments,All categories of use,All species,2022,2304955
Pets,No,Single treatments companion animals,Dogs,All species,2021,212998
Pets,Yes,All prescription types,Dogs,All species,2021,30048
Farm animals,All types of active ingredients,All prescription types,All categories of use,All species,2022,15246394
Pets,Yes,Single treatments companion animals,Dogs,All species,2021,30048
Farm animals,All types of active ingredients,Single treatments farm animals,All categories of use,All species,2022,822816
Pets,All types of active ingredients,All prescription types,Dogs,All species,2021,243046
Farm animals,All types of active ingredients,Oral group treatments,All categories of use,All species,2022,14423578
Farm animals,No,All prescription types,All categories of use,Goats,2021,9775
Pets,All types of active ingredients,Single treatments companion animals,Dogs,All species,2021,243046
Farm animals,No,All prescription types,Rearing laying hens and parent birds,All species,2022,286965
Farm animals,No,Single treatments farm animals,All categories of use,Goats,2021,6974
Farm animals,No,Oral group treatments,All categories of use,Goats,2021,2801
Pets,No,All prescription types,Cats,All species,2021,224749
Farm animals,No,Single treatments farm animals,Rearing laying hens and parent birds,All species,2022,6
Pets,No,Single treatments companion animals,Cats,All species,2021,224749
Farm animals,No,Oral group treatments,Rearing laying hens and parent birds,All species,2022,286959
Pets,Yes,All prescription types,Cats,All species,2021,107979
Farm animals,Yes,All prescription types,All categories of use,Goats,2021,1749
Pets,Yes,Single treatments companion animals,Cats,All species,2021,107979
Farm animals,Yes,All prescription types,Rearing laying hens and parent birds,All species,2022,300545
Farm animals,Yes,Single treatments farm animals,Rearing laying hens and parent birds,All species,2022,13
Farm animals,Yes,Single treatments farm animals,All categories of use,Goats,2021,737
Farm animals,Yes,Oral group treatments,Rearing laying hens and parent birds,All species,2022,300532
Farm animals,Yes,Oral group treatments,All categories of use,Goats,2021,1012
Pets,All types of active ingredients,All prescription types,Cats,All species,2021,332728
Farm animals,All types of active ingredients,All prescription types,Rearing laying hens and parent birds,All species,2022,587510
Pets,All types of active ingredients,Single treatments companion animals,Cats,All species,2021,332728
Farm animals,All types of active ingredients,Single treatments farm animals,Rearing laying hens and parent birds,All species,2022,19
Pets,No,All prescription types,All categories of use,Equids,2021,20722
Pets,No,Single treatments companion animals,All categories of use,Equids,2021,20722
Farm animals,All types of active ingredients,Oral group treatments,Rearing laying hens and parent birds,All species,2022,587491
Pets,Yes,All prescription types,All categories of use,Equids,2021,1036
Pets,Yes,Single treatments companion animals,All categories of use,Equids,2021,1036
Farm animals,No,All prescription types,Rearing calves,All species,2022,55220
Pets,All types of active ingredients,All prescription types,All categories of use,Equids,2021,21758
Farm animals,No,Single treatments farm animals,Rearing calves,All species,2022,47217
Farm animals,All types of active ingredients,All prescription types,All categories of use,Goats,2021,11524
Pets,All types of active ingredients,Single treatments companion animals,All categories of use,Equids,2021,21758
Farm animals,No,Oral group treatments,Rearing calves,All species,2022,8003
Farm animals,All types of active ingredients,Single treatments farm animals,All categories of use,Goats,2021,7711
Farm animals,Yes,All prescription types,Rearing calves,All species,2022,13692
Pets,No,All prescription types,Equids,Equids,2021,20722
Farm animals,All types of active ingredients,Oral group treatments,All categories of use,Goats,2021,3813
Farm animals,Yes,Single treatments farm animals,Rearing calves,All species,2022,11218
Pets,No,Single treatments companion animals,Equids,Equids,2021,20722
Farm animals,Yes,Oral group treatments,Rearing calves,All species,2022,2474
Pets,Yes,All prescription types,Equids,Equids,2021,1036
Farm animals,No,All prescription types,Goats,Goats,2021,9775
Pets,Yes,Single treatments companion animals,Equids,Equids,2021,1036
Farm animals,No,Single treatments farm animals,Goats,Goats,2021,6974
Farm animals,All types of active ingredients,All prescription types,Rearing calves,All species,2022,68912
Pets,All types of active ingredients,All prescription types,Equids,Equids,2021,21758
Farm animals,All types of active ingredients,Single treatments farm animals,Rearing calves,All species,2022,58435
Farm animals,No,Oral group treatments,Goats,Goats,2021,2801
Farm animals,All types of active ingredients,Oral group treatments,Rearing calves,All species,2022,10477
Pets,All types of active ingredients,Single treatments companion animals,Equids,Equids,2021,21758
Farm animals,Yes,All prescription types,Goats,Goats,2021,1749
Farm animals,No,All prescription types,Rearing cattle,All species,2022,19712
Pets,No,All prescription types,All categories of use,Dogs,2021,212998
Farm animals,No,Single treatments farm animals,Rearing cattle,All species,2022,18588
Pets,No,Single treatments companion animals,All categories of use,Dogs,2021,212998
Farm animals,Yes,Single treatments farm animals,Goats,Goats,2021,737
Farm animals,Yes,Oral group treatments,Goats,Goats,2021,1012
Farm animals,No,Oral group treatments,Rearing cattle,All species,2022,1124
Pets,Yes,All prescription types,All categories of use,Dogs,2021,30048
Farm animals,All types of active ingredients,All prescription types,Goats,Goats,2021,11524
Farm animals,Yes,All prescription types,Rearing cattle,All species,2022,3108
Pets,Yes,Single treatments companion animals,All categories of use,Dogs,2021,30048
Farm animals,All types of active ingredients,Single treatments farm animals,Goats,Goats,2021,7711
Farm animals,Yes,Single treatments farm animals,Rearing cattle,All species,2022,2120
Pets,All types of active ingredients,All prescription types,All categories of use,Dogs,2021,243046
Farm animals,Yes,Oral group treatments,Rearing cattle,All species,2022,988
Pets,All types of active ingredients,Single treatments companion animals,All categories of use,Dogs,2021,243046
Farm animals,All types of active ingredients,Oral group treatments,Goats,Goats,2021,3813
Pets,No,All prescription types,Dogs,Dogs,2021,212998
Farm animals,All types of active ingredients,All prescription types,Rearing cattle,All species,2022,22820
Farm animals,All types of active ingredients,Single treatments farm animals,Rearing cattle,All species,2022,20708
Pets,No,Single treatments companion animals,Dogs,Dogs,2021,212998
Farm animals,All types of active ingredients,Oral group treatments,Rearing cattle,All species,2022,2112
Pets,Yes,All prescription types,Dogs,Dogs,2021,30048
Farm animals,No,All prescription types,Fish,All species,2022,5349460
Pets,Yes,Single treatments companion animals,Dogs,Dogs,2021,30048
Farm animals,No,Single treatments farm animals,Fish,All species,2022,64000
Pets,All types of active ingredients,All prescription types,Dogs,Dogs,2021,243046
Pets,All types of active ingredients,Single treatments companion animals,Dogs,Dogs,2021,243046
Farm animals,No,Oral group treatments,Fish,All species,2022,5285460
Pets,No,All prescription types,All categories of use,Cats,2021,224749
All animals,No,All prescription types,All categories of use,All species,2022,13290711
Farm animals,All types of active ingredients,All prescription types,Fish,All species,2022,5349460
Pets,No,Single treatments companion animals,All categories of use,Cats,2021,224749
All animals,No,Single treatments companion animals,All categories of use,All species,2022,444675
Farm animals,All types of active ingredients,Single treatments farm animals,Fish,All species,2022,64000
Pets,Yes,All prescription types,All categories of use,Cats,2021,107979
All animals,No,Single treatments farm animals,All categories of use,All species,2022,727413
Farm animals,All types of active ingredients,Oral group treatments,Fish,All species,2022,5285460
Pets,Yes,Single treatments companion animals,All categories of use,Cats,2021,107979
All animals,No,Oral group treatments,All categories of use,All species,2022,12118623
Pets,All types of active ingredients,All prescription types,All categories of use,Cats,2021,332728
Pets,All types of active ingredients,Single treatments companion animals,All categories of use,Cats,2021,332728
All animals,Yes,All prescription types,All categories of use,All species,2022,2529423
Pets,No,All prescription types,Cats,Cats,2021,224749
All animals,Yes,Single treatments companion animals,All categories of use,All species,2022,129065
Pets,No,Single treatments companion animals,Cats,Cats,2021,224749
All animals,Yes,Single treatments farm animals,All categories of use,All species,2022,95403
All animals,Yes,Oral group treatments,All categories of use,All species,2022,2304955
Pets,Yes,All prescription types,Cats,Cats,2021,107979
Pets,Yes,Single treatments companion animals,Cats,Cats,2021,107979
Farm animals,No,All prescription types,Poultry nCU,All species,2022,90
Pets,All types of active ingredients,All prescription types,Cats,Cats,2021,332728
All animals,All types of active ingredients,All prescription types,All categories of use,All species,2022,15820134
Farm animals,No,Single treatments farm animals,Poultry nCU,All species,2022,10
Pets,All types of active ingredients,Single treatments companion animals,Cats,Cats,2021,332728
Farm animals,No,Oral group treatments,Poultry nCU,All species,2022,80
All animals,All types of active ingredients,Single treatments companion animals,All categories of use,All species,2022,573740
Farm animals,No,All prescription types,All categories of use,All species,2021,14365828
Farm animals,Yes,All prescription types,Poultry nCU,All species,2022,2198
All animals,All types of active ingredients,Single treatments farm animals,All categories of use,All species,2022,822816
Farm animals,Yes,Single treatments farm animals,Poultry nCU,All species,2022,1011
Farm animals,No,Single treatments farm animals,All categories of use,All species,2021,634801
Farm animals,Yes,Oral group treatments,Poultry nCU,All species,2022,1187
All animals,All types of active ingredients,Oral group treatments,All categories of use,All species,2022,14423578
Farm animals,No,Oral group treatments,All categories of use,All species,2021,13731027
Farm animals,All types of active ingredients,All prescription types,Poultry nCU,All species,2022,2288
All animals,No,All prescription types,Rearing laying hens and parent birds,All species,2022,286965
Farm animals,All types of active ingredients,Single treatments farm animals,Poultry nCU,All species,2022,1021
Farm animals,All types of active ingredients,Oral group treatments,Poultry nCU,All species,2022,1267
All animals,No,Single treatments farm animals,Rearing laying hens and parent birds,All species,2022,6
Farm animals,No,All prescription types,Game animals,All species,2022,27
Farm animals,Yes,All prescription types,All categories of use,All species,2021,6599436
All animals,No,Oral group treatments,Rearing laying hens and parent birds,All species,2022,286959
Farm animals,No,Single treatments farm animals,Game animals,All species,2022,27
Farm animals,Yes,Single treatments farm animals,All categories of use,All species,2021,96855
Farm animals,Yes,All prescription types,Game animals,All species,2022,5
All animals,Yes,All prescription types,Rearing laying hens and parent birds,All species,2022,300545
Farm animals,Yes,Oral group treatments,All categories of use,All species,2021,6502581
All animals,Yes,Single treatments farm animals,Rearing laying hens and parent birds,All species,2022,13
Farm animals,Yes,Single treatments farm animals,Game animals,All species,2022,5
Farm animals,All types of active ingredients,All prescription types,Game animals,All species,2022,32
Farm animals,All types of active ingredients,All prescription types,All categories of use,All species,2021,20965264
Farm animals,All types of active ingredients,Single treatments farm animals,Game animals,All species,2022,32
Farm animals,All types of active ingredients,Single treatments farm animals,All categories of use,All species,2021,731656
Farm animals,No,All prescription types,Young sows,All species,2022,324
All animals,Yes,Oral group treatments,Rearing laying hens and parent birds,All species,2022,300532
Farm animals,All types of active ingredients,Oral group treatments,All categories of use,All species,2021,20233608
Farm animals,No,Single treatments farm animals,Young sows,All species,2022,56
All animals,All types of active ingredients,All prescription types,Rearing laying hens and parent birds,All species,2022,587510
Farm animals,No,All prescription types,Rearing laying hens and parent birds,All species,2021,265180
All animals,All types of active ingredients,Single treatments farm animals,Rearing laying hens and parent birds,All species,2022,19
Farm animals,No,Oral group treatments,Young sows,All species,2022,268
All animals,All types of active ingredients,Oral group treatments,Rearing laying hens and parent birds,All species,2022,587491
Farm animals,No,Single treatments farm animals,Rearing laying hens and parent birds,All species,2021,1
Farm animals,Yes,All prescription types,Young sows,All species,2022,11
Farm animals,Yes,Single treatments farm animals,Young sows,All species,2022,11
Farm animals,No,Oral group treatments,Rearing laying hens and parent birds,All species,2021,265179
All animals,No,All prescription types,Rearing calves,All species,2022,55220
Farm animals,Yes,All prescription types,Rearing laying hens and parent birds,All species,2021,290047
Farm animals,All types of active ingredients,All prescription types,Young sows,All species,2022,335
All animals,No,Single treatments farm animals,Rearing calves,All species,2022,47217
Farm animals,All types of active ingredients,Single treatments farm animals,Young sows,All species,2022,67
Farm animals,Yes,Single treatments farm animals,Rearing laying hens and parent birds,All species,2021,3
All animals,No,Oral group treatments,Rearing calves,All species,2022,8003
Farm animals,All types of active ingredients,Oral group treatments,Young sows,All species,2022,268
Farm animals,Yes,Oral group treatments,Rearing laying hens and parent birds,All species,2021,290044
Farm animals,No,All prescription types,Camelids,All species,2022,569
All animals,Yes,All prescription types,Rearing calves,All species,2022,13692
Farm animals,No,Single treatments farm animals,Camelids,All species,2022,569
Farm animals,All types of active ingredients,All prescription types,Rearing laying hens and parent birds,All species,2021,555227
All animals,Yes,Single treatments farm animals,Rearing calves,All species,2022,11218
Farm animals,Yes,All prescription types,Camelids,All species,2022,152
Farm animals,All types of active ingredients,Single treatments farm animals,Rearing laying hens and parent birds,All species,2021,4
Farm animals,Yes,Single treatments farm animals,Camelids,All species,2022,152
All animals,Yes,Oral group treatments,Rearing calves,All species,2022,2474
Farm animals,All types of active ingredients,Oral group treatments,Rearing laying hens and parent birds,All species,2021,555223
Farm animals,All types of active ingredients,All prescription types,Camelids,All species,2022,721
All animals,All types of active ingredients,All prescription types,Rearing calves,All species,2022,68912
Farm animals,No,All prescription types,Rearing calves,All species,2021,49253
Farm animals,All types of active ingredients,Single treatments farm animals,Camelids,All species,2022,721
All animals,All types of active ingredients,Single treatments farm animals,Rearing calves,All species,2022,58435
All animals,All types of active ingredients,Oral group treatments,Rearing calves,All species,2022,10477
Farm animals,No,Single treatments farm animals,Rearing calves,All species,2021,42827
All animals,No,All prescription types,Rearing cattle,All species,2022,19712
All animals,No,Single treatments farm animals,Rearing cattle,All species,2022,18588
Farm animals,No,Oral group treatments,Rearing calves,All species,2021,6426
Farm animals,Yes,All prescription types,Rearing calves,All species,2021,13739
All animals,No,Oral group treatments,Rearing cattle,All species,2022,1124
All animals,Yes,All prescription types,Rearing cattle,All species,2022,3108
Farm animals,Yes,Single treatments farm animals,Rearing calves,All species,2021,10743
All animals,Yes,Single treatments farm animals,Rearing cattle,All species,2022,2120
Farm animals,No,All prescription types,Rabbits,All species,2022,134378
Farm animals,Yes,Oral group treatments,Rearing calves,All species,2021,2996
Farm animals,All types of active ingredients,All prescription types,Rearing calves,All species,2021,62992
All animals,Yes,Oral group treatments,Rearing cattle,All species,2022,988
Farm animals,No,Single treatments farm animals,Rabbits,All species,2022,16
All animals,All types of active ingredients,All prescription types,Rearing cattle,All species,2022,22820
Farm animals,No,Oral group treatments,Rabbits,All species,2022,134362
Farm animals,All types of active ingredients,Single treatments farm animals,Rearing calves,All species,2021,53570
Farm animals,All types of active ingredients,Oral group treatments,Rearing calves,All species,2021,9422
All animals,All types of active ingredients,Single treatments farm animals,Rearing cattle,All species,2022,20708
Farm animals,Yes,All prescription types,Rabbits,All species,2022,2124
Farm animals,No,All prescription types,Rearing cattle,All species,2021,17338
All animals,All types of active ingredients,Oral group treatments,Rearing cattle,All species,2022,2112
Farm animals,Yes,Single treatments farm animals,Rabbits,All species,2022,124
Farm animals,No,Single treatments farm animals,Rearing cattle,All species,2021,16317
All animals,No,All prescription types,Equids,All species,2022,21335
Farm animals,Yes,Oral group treatments,Rabbits,All species,2022,2000
Farm animals,No,Oral group treatments,Rearing cattle,All species,2021,1021
All animals,No,Single treatments companion animals,Equids,All species,2022,21335
Farm animals,All types of active ingredients,All prescription types,Rabbits,All species,2022,136502
Farm animals,Yes,All prescription types,Rearing cattle,All species,2021,2545
All animals,Yes,All prescription types,Equids,All species,2022,1268
Farm animals,All types of active ingredients,Single treatments farm animals,Rabbits,All species,2022,140
All animals,Yes,Single treatments companion animals,Equids,All species,2022,1268
Farm animals,Yes,Single treatments farm animals,Rearing cattle,All species,2021,1929
Farm animals,All types of active ingredients,Oral group treatments,Rabbits,All species,2022,136362
All animals,All types of active ingredients,All prescription types,Equids,All species,2022,22603
Farm animals,Yes,Oral group treatments,Rearing cattle,All species,2021,616
Farm animals,No,All prescription types,Laying and parent birds,All species,2022,147356
All animals,All types of active ingredients,Single treatments companion animals,Equids,All species,2022,22603
Farm animals,All types of active ingredients,All prescription types,Rearing cattle,All species,2021,19883
Farm animals,No,Single treatments farm animals,Laying and parent birds,All species,2022,1
All animals,No,All prescription types,Fish,All species,2022,5349460
Farm animals,No,Oral group treatments,Laying and parent birds,All species,2022,147355
Farm animals,All types of active ingredients,Single treatments farm animals,Rearing cattle,All species,2021,18246
All animals,No,Single treatments farm animals,Fish,All species,2022,64000
Farm animals,All types of active ingredients,Oral group treatments,Rearing cattle,All species,2021,1637
Farm animals,Yes,All prescription types,Laying and parent birds,All species,2022,5047
All animals,No,Oral group treatments,Fish,All species,2022,5285460
Farm animals,Yes,Single treatments farm animals,Laying and parent birds,All species,2022,2
Farm animals,No,All prescription types,Fish,All species,2021,7574594
All animals,All types of active ingredients,All prescription types,Fish,All species,2022,5349460
Farm animals,Yes,Oral group treatments,Laying and parent birds,All species,2022,5045
Farm animals,No,Oral group treatments,Fish,All species,2021,7574594
Farm animals,All types of active ingredients,All prescription types,Laying and parent birds,All species,2022,152403
All animals,All types of active ingredients,Single treatments farm animals,Fish,All species,2022,64000
Farm animals,All types of active ingredients,All prescription types,Fish,All species,2021,7574594
Farm animals,All types of active ingredients,Single treatments farm animals,Laying and parent birds,All species,2022,3
Farm animals,All types of active ingredients,Oral group treatments,Fish,All species,2021,7574594
Farm animals,All types of active ingredients,Oral group treatments,Laying and parent birds,All species,2022,152400
All animals,All types of active ingredients,Oral group treatments,Fish,All species,2022,5285460
Farm animals,No,All prescription types,Laying hens,All species,2022,298405
Farm animals,No,Single treatments farm animals,Laying hens,All species,2022,5
Farm animals,No,Oral group treatments,Laying hens,All species,2022,298400
Farm animals,Yes,All prescription types,Laying hens,All species,2022,13430
Farm animals,Yes,Single treatments farm animals,Laying hens,All species,2022,10
Farm animals,Yes,Oral group treatments,Laying hens,All species,2022,13420
Farm animals,All types of active ingredients,All prescription types,Laying hens,All species,2022,311835
Farm animals,All types of active ingredients,Single treatments farm animals,Laying hens,All species,2022,15
Farm animals,All types of active ingredients,Oral group treatments,Laying hens,All species,2022,311820
Farm animals,No,All prescription types,Fattening calves and cattle,All species,2022,268499
Farm animals,No,Single treatments farm animals,Fattening calves and cattle,All species,2022,36305
All animals,No,All prescription types,Poultry nCU,All species,2022,90
Farm animals,No,Oral group treatments,Fattening calves and cattle,All species,2022,232194
All animals,No,Single treatments farm animals,Poultry nCU,All species,2022,10
All animals,No,Oral group treatments,Poultry nCU,All species,2022,80
Farm animals,Yes,All prescription types,Fattening calves and cattle,All species,2022,66627
Farm animals,No,All prescription types,Poultry nCU,All species,2021,112
All animals,Yes,All prescription types,Poultry nCU,All species,2022,2198
Farm animals,Yes,Single treatments farm animals,Fattening calves and cattle,All species,2022,24968
Farm animals,Yes,Oral group treatments,Fattening calves and cattle,All species,2022,41659
Farm animals,No,Single treatments farm animals,Poultry nCU,All species,2021,12
All animals,Yes,Single treatments farm animals,Poultry nCU,All species,2022,1011
Farm animals,All types of active ingredients,All prescription types,Fattening calves and cattle,All species,2022,335126
All animals,Yes,Oral group treatments,Poultry nCU,All species,2022,1187
Farm animals,All types of active ingredients,Single treatments farm animals,Fattening calves and cattle,All species,2022,61273
Farm animals,No,Oral group treatments,Poultry nCU,All species,2021,100
All animals,All types of active ingredients,All prescription types,Poultry nCU,All species,2022,2288
Farm animals,Yes,All prescription types,Poultry nCU,All species,2021,2421
Farm animals,All types of active ingredients,Oral group treatments,Fattening calves and cattle,All species,2022,273853
All animals,All types of active ingredients,Single treatments farm animals,Poultry nCU,All species,2022,1021
Farm animals,Yes,Single treatments farm animals,Poultry nCU,All species,2021,13
Farm animals,No,All prescription types,Fattening broilers,All species,2022,5534953
Farm animals,No,Oral group treatments,Fattening broilers,All species,2022,5534953
All animals,All types of active ingredients,Oral group treatments,Poultry nCU,All species,2022,1267
Farm animals,Yes,Oral group treatments,Poultry nCU,All species,2021,2408
All animals,No,All prescription types,Game animals,All species,2022,27
Farm animals,All types of active ingredients,All prescription types,Poultry nCU,All species,2021,2533
Farm animals,Yes,All prescription types,Fattening broilers,All species,2022,1914294
All animals,No,Single treatments farm animals,Game animals,All species,2022,27
Farm animals,All types of active ingredients,Single treatments farm animals,Poultry nCU,All species,2021,25
Farm animals,Yes,Single treatments farm animals,Fattening broilers,All species,2022,1
Farm animals,All types of active ingredients,Oral group treatments,Poultry nCU,All species,2021,2508
Farm animals,Yes,Oral group treatments,Fattening broilers,All species,2022,1914293
All animals,Yes,All prescription types,Game animals,All species,2022,5
Farm animals,No,All prescription types,Game animals,All species,2021,35
Farm animals,All types of active ingredients,All prescription types,Fattening broilers,All species,2022,7449247
All animals,Yes,Single treatments farm animals,Game animals,All species,2022,5
Farm animals,No,Single treatments farm animals,Game animals,All species,2021,35
All animals,All types of active ingredients,All prescription types,Game animals,All species,2022,32
Farm animals,Yes,All prescription types,Game animals,All species,2021,5
Farm animals,All types of active ingredients,Single treatments farm animals,Fattening broilers,All species,2022,1
All animals,All types of active ingredients,Single treatments farm animals,Game animals,All species,2022,32
Farm animals,Yes,Single treatments farm animals,Game animals,All species,2021,5
Farm animals,All types of active ingredients,Oral group treatments,Fattening broilers,All species,2022,7449246
All animals,No,All prescription types,Dogs,All species,2022,208614
Farm animals,All types of active ingredients,All prescription types,Game animals,All species,2021,40
Farm animals,No,All prescription types,Fattening pigs,All species,2022,61545
All animals,No,Single treatments companion animals,Dogs,All species,2022,208614
Farm animals,All types of active ingredients,Single treatments farm animals,Game animals,All species,2021,40
Farm animals,No,Single treatments farm animals,Fattening pigs,All species,2022,4064
All animals,Yes,All prescription types,Dogs,All species,2022,27158
Farm animals,No,All prescription types,Young sows,All species,2021,1058
Farm animals,No,Oral group treatments,Fattening pigs,All species,2022,57481
Farm animals,No,Single treatments farm animals,Young sows,All species,2021,64
All animals,Yes,Single treatments companion animals,Dogs,All species,2022,27158
Farm animals,Yes,All prescription types,Fattening pigs,All species,2022,4991
Farm animals,No,Oral group treatments,Young sows,All species,2021,994
All animals,All types of active ingredients,All prescription types,Dogs,All species,2022,235772
Farm animals,Yes,Single treatments farm animals,Fattening pigs,All species,2022,248
Farm animals,Yes,All prescription types,Young sows,All species,2021,82
Farm animals,Yes,Single treatments farm animals,Young sows,All species,2021,22
All animals,All types of active ingredients,Single treatments companion animals,Dogs,All species,2022,235772
Farm animals,Yes,Oral group treatments,Fattening pigs,All species,2022,4743
Farm animals,Yes,Oral group treatments,Young sows,All species,2021,60
All animals,No,All prescription types,Young sows,All species,2022,324
Farm animals,All types of active ingredients,All prescription types,Fattening pigs,All species,2022,66536
Farm animals,All types of active ingredients,All prescription types,Young sows,All species,2021,1140
Farm animals,All types of active ingredients,Single treatments farm animals,Fattening pigs,All species,2022,4312
All animals,No,Single treatments farm animals,Young sows,All species,2022,56
Farm animals,All types of active ingredients,Single treatments farm animals,Young sows,All species,2021,86
Farm animals,All types of active ingredients,Oral group treatments,Fattening pigs,All species,2022,62224
All animals,No,Oral group treatments,Young sows,All species,2022,268
Farm animals,All types of active ingredients,Oral group treatments,Young sows,All species,2021,1054
Farm animals,No,All prescription types,Fattening turkeys,All species,2022,17651
All animals,Yes,All prescription types,Young sows,All species,2022,11
Farm animals,No,All prescription types,Camelids,All species,2021,640
Farm animals,No,Single treatments farm animals,Fattening turkeys,All species,2022,1
All animals,Yes,Single treatments farm animals,Young sows,All species,2022,11
Farm animals,No,Single treatments farm animals,Camelids,All species,2021,640
Farm animals,No,Oral group treatments,Fattening turkeys,All species,2022,17650
All animals,All types of active ingredients,All prescription types,Young sows,All species,2022,335
Farm animals,Yes,All prescription types,Fattening turkeys,All species,2022,1200
Farm animals,Yes,All prescription types,Camelids,All species,2021,92
All animals,All types of active ingredients,Single treatments farm animals,Young sows,All species,2022,67
Farm animals,Yes,Oral group treatments,Fattening turkeys,All species,2022,1200
Farm animals,Yes,Single treatments farm animals,Camelids,All species,2021,92
Farm animals,All types of active ingredients,All prescription types,Fattening turkeys,All species,2022,18851
All animals,All types of active ingredients,Oral group treatments,Young sows,All species,2022,268
Farm animals,All types of active ingredients,Single treatments farm animals,Fattening turkeys,All species,2022,1
Farm animals,All types of active ingredients,All prescription types,Camelids,All species,2021,732
Farm animals,All types of active ingredients,Oral group treatments,Fattening turkeys,All species,2022,18850
All animals,No,All prescription types,Camelids,All species,2022,569
Farm animals,All types of active ingredients,Single treatments farm animals,Camelids,All species,2021,732
All animals,No,Single treatments farm animals,Camelids,All species,2022,569
Farm animals,No,All prescription types,Dairy cows,All species,2022,378326
All animals,Yes,All prescription types,Camelids,All species,2022,152
Farm animals,No,Single treatments farm animals,Dairy cows,All species,2022,378326
Farm animals,No,All prescription types,Rabbits,All species,2021,134478
Farm animals,Yes,All prescription types,Dairy cows,All species,2022,29338
All animals,Yes,Single treatments farm animals,Camelids,All species,2022,152
Farm animals,No,Single treatments farm animals,Rabbits,All species,2021,21
All animals,All types of active ingredients,All prescription types,Camelids,All species,2022,721
Farm animals,Yes,Single treatments farm animals,Dairy cows,All species,2022,29295
Farm animals,No,Oral group treatments,Rabbits,All species,2021,134457
All animals,All types of active ingredients,Single treatments farm animals,Camelids,All species,2022,721
Farm animals,Yes,Oral group treatments,Dairy cows,All species,2022,43
Farm animals,All types of active ingredients,All prescription types,Dairy cows,All species,2022,407664
Farm animals,All types of active ingredients,Single treatments farm animals,Dairy cows,All species,2022,407621
Farm animals,Yes,All prescription types,Rabbits,All species,2021,11000
Farm animals,All types of active ingredients,Oral group treatments,Dairy cows,All species,2022,43
Farm animals,Yes,Single treatments farm animals,Rabbits,All species,2021,200
Farm animals,No,All prescription types,Cow-calf calves,All species,2022,16068
Farm animals,Yes,Oral group treatments,Rabbits,All species,2021,10800
Farm animals,No,Single treatments farm animals,Cow-calf calves,All species,2022,15933
Farm animals,All types of active ingredients,All prescription types,Rabbits,All species,2021,145478
Farm animals,No,Oral group treatments,Cow-calf calves,All species,2022,135
Farm animals,All types of active ingredients,Single treatments farm animals,Rabbits,All species,2021,221
Farm animals,All types of active ingredients,Oral group treatments,Rabbits,All species,2021,145257
All animals,No,All prescription types,Rabbits,All species,2022,134378
Farm animals,Yes,All prescription types,Cow-calf calves,All species,2022,3527
Farm animals,Yes,Single treatments farm animals,Cow-calf calves,All species,2022,3527
Farm animals,No,All prescription types,Laying and parent birds,All species,2021,91847
All animals,No,Single treatments farm animals,Rabbits,All species,2022,16
Farm animals,All types of active ingredients,All prescription types,Cow-calf calves,All species,2022,19595
Farm animals,No,Single treatments farm animals,Laying and parent birds,All species,2021,1
All animals,No,Oral group treatments,Rabbits,All species,2022,134362
Farm animals,No,Oral group treatments,Laying and parent birds,All species,2021,91846
Farm animals,All types of active ingredients,Single treatments farm animals,Cow-calf calves,All species,2022,19460
Farm animals,Yes,All prescription types,Laying and parent birds,All species,2021,10421
Farm animals,All types of active ingredients,Oral group treatments,Cow-calf calves,All species,2022,135
Farm animals,No,All prescription types,Suckler cows,All species,2022,25470
Farm animals,Yes,Single treatments farm animals,Laying and parent birds,All species,2021,1
All animals,Yes,All prescription types,Rabbits,All species,2022,2124
Farm animals,No,Single treatments farm animals,Suckler cows,All species,2022,25470
Farm animals,Yes,Oral group treatments,Laying and parent birds,All species,2021,10420
All animals,Yes,Single treatments farm animals,Rabbits,All species,2022,124
Farm animals,Yes,All prescription types,Suckler cows,All species,2022,1634
Farm animals,All types of active ingredients,All prescription types,Laying and parent birds,All species,2021,102268
Farm animals,Yes,Single treatments farm animals,Suckler cows,All species,2022,1634
All animals,Yes,Oral group treatments,Rabbits,All species,2022,2000
Farm animals,All types of active ingredients,Single treatments farm animals,Laying and parent birds,All species,2021,2
Farm animals,All types of active ingredients,Oral group treatments,Laying and parent birds,All species,2021,102266
Farm animals,All types of active ingredients,All prescription types,Suckler cows,All species,2022,27104
Farm animals,No,All prescription types,Laying hens,All species,2021,240210
Farm animals,All types of active ingredients,Single treatments farm animals,Suckler cows,All species,2022,27104
All animals,All types of active ingredients,All prescription types,Rabbits,All species,2022,136502
Farm animals,No,Single treatments farm animals,Laying hens,All species,2021,1
Farm animals,No,Oral group treatments,Laying hens,All species,2021,240209
All animals,All types of active ingredients,Single treatments farm animals,Rabbits,All species,2022,140
Farm animals,Yes,All prescription types,Laying hens,All species,2021,25889
Farm animals,Yes,Single treatments farm animals,Laying hens,All species,2021,4
All animals,All types of active ingredients,Oral group treatments,Rabbits,All species,2022,136362
Farm animals,Yes,Oral group treatments,Laying hens,All species,2021,25885
All animals,No,All prescription types,Cats,All species,2022,214726
Farm animals,All types of active ingredients,All prescription types,Laying hens,All species,2021,266099
All animals,No,Single treatments companion animals,Cats,All species,2022,214726
Farm animals,All types of active ingredients,Single treatments farm animals,Laying hens,All species,2021,5
All animals,Yes,All prescription types,Cats,All species,2022,100639
Farm animals,All types of active ingredients,Oral group treatments,Laying hens,All species,2021,266094
Farm animals,No,All prescription types,Cattle nCU,All species,2022,113112
Farm animals,No,All prescription types,Fattening calves and cattle,All species,2021,243167
All animals,Yes,Single treatments companion animals,Cats,All species,2022,100639
All animals,All types of active ingredients,All prescription types,Cats,All species,2022,315365
All animals,All types of active ingredients,Single treatments companion animals,Cats,All species,2022,315365
Farm animals,No,Single treatments farm animals,Fattening calves and cattle,All species,2021,32992
Farm animals,No,Oral group treatments,Fattening calves and cattle,All species,2021,210175
Farm animals,No,Single treatments farm animals,Cattle nCU,All species,2022,112567
All animals,No,All prescription types,Laying and parent birds,All species,2022,147356
Farm animals,Yes,All prescription types,Fattening calves and cattle,All species,2021,81795
Farm animals,Yes,Single treatments farm animals,Fattening calves and cattle,All species,2021,27578
All animals,No,Single treatments farm animals,Laying and parent birds,All species,2022,1
Farm animals,No,Oral group treatments,Cattle nCU,All species,2022,545
Farm animals,Yes,Oral group treatments,Fattening calves and cattle,All species,2021,54217
All animals,No,Oral group treatments,Laying and parent birds,All species,2022,147355
Farm animals,All types of active ingredients,All prescription types,Fattening calves and cattle,All species,2021,324962
Farm animals,Yes,All prescription types,Cattle nCU,All species,2022,14236
All animals,Yes,All prescription types,Laying and parent birds,All species,2022,5047
Farm animals,All types of active ingredients,Single treatments farm animals,Fattening calves and cattle,All species,2021,60570
Farm animals,All types of active ingredients,Oral group treatments,Fattening calves and cattle,All species,2021,264392
Farm animals,Yes,Single treatments farm animals,Cattle nCU,All species,2022,13807
All animals,Yes,Single treatments farm animals,Laying and parent birds,All species,2022,2
Farm animals,No,All prescription types,Fattening broilers,All species,2021,4950867
Farm animals,No,Oral group treatments,Fattening broilers,All species,2021,4950867
Farm animals,Yes,Oral group treatments,Cattle nCU,All species,2022,429
Farm animals,Yes,All prescription types,Fattening broilers,All species,2021,6067803
All animals,Yes,Oral group treatments,Laying and parent birds,All species,2022,5045
Farm animals,Yes,Oral group treatments,Fattening broilers,All species,2021,6067803
Farm animals,All types of active ingredients,All prescription types,Cattle nCU,All species,2022,127348
All animals,All types of active ingredients,All prescription types,Laying and parent birds,All species,2022,152403
Farm animals,All types of active ingredients,All prescription types,Fattening broilers,All species,2021,11018670
All animals,All types of active ingredients,Single treatments farm animals,Laying and parent birds,All species,2022,3
Farm animals,All types of active ingredients,Single treatments farm animals,Cattle nCU,All species,2022,126374
Farm animals,All types of active ingredients,Oral group treatments,Fattening broilers,All species,2021,11018670
All animals,All types of active ingredients,Oral group treatments,Laying and parent birds,All species,2022,152400
Farm animals,All types of active ingredients,Oral group treatments,Cattle nCU,All species,2022,974
Farm animals,No,All prescription types,Fattening pigs,All species,2021,87796
Farm animals,No,Single treatments farm animals,Fattening pigs,All species,2021,2534
Farm animals,No,All prescription types,Suckling and weaned piglets,All species,2022,103363
Farm animals,No,Oral group treatments,Fattening pigs,All species,2021,85262
All animals,No,All prescription types,Laying hens,All species,2022,298405
Farm animals,Yes,All prescription types,Fattening pigs,All species,2021,11701
Farm animals,No,Single treatments farm animals,Suckling and weaned piglets,All species,2022,868
Farm animals,Yes,Single treatments farm animals,Fattening pigs,All species,2021,363
All animals,No,Single treatments farm animals,Laying hens,All species,2022,5
Farm animals,No,Oral group treatments,Suckling and weaned piglets,All species,2022,102495
All animals,No,Oral group treatments,Laying hens,All species,2022,298400
Farm animals,Yes,Oral group treatments,Fattening pigs,All species,2021,11338
Farm animals,Yes,All prescription types,Suckling and weaned piglets,All species,2022,16620
Farm animals,All types of active ingredients,All prescription types,Fattening pigs,All species,2021,99497
All animals,Yes,All prescription types,Laying hens,All species,2022,13430
Farm animals,All types of active ingredients,Single treatments farm animals,Fattening pigs,All species,2021,2897
Farm animals,Yes,Single treatments farm animals,Suckling and weaned piglets,All species,2022,4099
All animals,Yes,Single treatments farm animals,Laying hens,All species,2022,10
Farm animals,All types of active ingredients,Oral group treatments,Fattening pigs,All species,2021,96600
Farm animals,Yes,Oral group treatments,Suckling and weaned piglets,All species,2022,12521
Farm animals,No,All prescription types,Fattening turkeys,All species,2021,6861
All animals,Yes,Oral group treatments,Laying hens,All species,2022,13420
Farm animals,All types of active ingredients,All prescription types,Suckling and weaned piglets,All species,2022,119983
Farm animals,No,Single treatments farm animals,Fattening turkeys,All species,2021,1
Farm animals,All types of active ingredients,Single treatments farm animals,Suckling and weaned piglets,All species,2022,4967
All animals,All types of active ingredients,All prescription types,Laying hens,All species,2022,311835
Farm animals,No,Oral group treatments,Fattening turkeys,All species,2021,6860
Farm animals,Yes,All prescription types,Fattening turkeys,All species,2021,1309
Farm animals,All types of active ingredients,Oral group treatments,Suckling and weaned piglets,All species,2022,115016
All animals,All types of active ingredients,Single treatments farm animals,Laying hens,All species,2022,15
Farm animals,Yes,Oral group treatments,Fattening turkeys,All species,2021,1309
Farm animals,All types of active ingredients,All prescription types,Fattening turkeys,All species,2021,8170
Farm animals,All types of active ingredients,Single treatments farm animals,Fattening turkeys,All species,2021,1
Farm animals,All types of active ingredients,Oral group treatments,Fattening turkeys,All species,2021,8169
Farm animals,No,All prescription types,Sheep,All species,2022,14265
All animals,All types of active ingredients,Oral group treatments,Laying hens,All species,2022,311820
Farm animals,No,All prescription types,Dairy cows,All species,2021,359152
Farm animals,No,Single treatments farm animals,Sheep,All species,2022,13551
Farm animals,No,Single treatments farm animals,Dairy cows,All species,2021,359102
Farm animals,No,Oral group treatments,Sheep,All species,2022,714
All animals,No,All prescription types,Fattening calves and cattle,All species,2022,268499
Farm animals,No,Oral group treatments,Dairy cows,All species,2021,50
All animals,No,Single treatments farm animals,Fattening calves and cattle,All species,2022,36305
Farm animals,Yes,All prescription types,Dairy cows,All species,2021,30497
All animals,No,Oral group treatments,Fattening calves and cattle,All species,2022,232194
Farm animals,Yes,Single treatments farm animals,Dairy cows,All species,2021,30497
Farm animals,Yes,All prescription types,Sheep,All species,2022,1364
Farm animals,All types of active ingredients,All prescription types,Dairy cows,All species,2021,389649
All animals,Yes,All prescription types,Fattening calves and cattle,All species,2022,66627
Farm animals,Yes,Single treatments farm animals,Sheep,All species,2022,1364
All animals,Yes,Single treatments farm animals,Fattening calves and cattle,All species,2022,24968
Farm animals,All types of active ingredients,Single treatments farm animals,Dairy cows,All species,2021,389599
Farm animals,All types of active ingredients,All prescription types,Sheep,All species,2022,15629
All animals,Yes,Oral group treatments,Fattening calves and cattle,All species,2022,41659
Farm animals,All types of active ingredients,Oral group treatments,Dairy cows,All species,2021,50
All animals,All types of active ingredients,All prescription types,Fattening calves and cattle,All species,2022,335126
Farm animals,No,All prescription types,Cow-calf calves,All species,2021,14965
Farm animals,All types of active ingredients,Single treatments farm animals,Sheep,All species,2022,14915
All animals,All types of active ingredients,Single treatments farm animals,Fattening calves and cattle,All species,2022,61273
Farm animals,No,Single treatments farm animals,Cow-calf calves,All species,2021,14918
All animals,All types of active ingredients,Oral group treatments,Fattening calves and cattle,All species,2022,273853
Farm animals,No,Oral group treatments,Cow-calf calves,All species,2021,47
Farm animals,All types of active ingredients,Oral group treatments,Sheep,All species,2022,714
All animals,No,All prescription types,Fattening broilers,All species,2022,5534953
Farm animals,Yes,All prescription types,Cow-calf calves,All species,2021,3236
Farm animals,Yes,Single treatments farm animals,Cow-calf calves,All species,2021,3216
All animals,No,Oral group treatments,Fattening broilers,All species,2022,5534953
Farm animals,Yes,Oral group treatments,Cow-calf calves,All species,2021,20
All animals,Yes,All prescription types,Fattening broilers,All species,2022,1914294
Farm animals,All types of active ingredients,All prescription types,Cow-calf calves,All species,2021,18201
All animals,Yes,Single treatments farm animals,Fattening broilers,All species,2022,1
All animals,Yes,Oral group treatments,Fattening broilers,All species,2022,1914293
Farm animals,All types of active ingredients,Single treatments farm animals,Cow-calf calves,All species,2021,18134
All animals,All types of active ingredients,All prescription types,Fattening broilers,All species,2022,7449247
Farm animals,All types of active ingredients,Oral group treatments,Cow-calf calves,All species,2021,67
All animals,All types of active ingredients,Single treatments farm animals,Fattening broilers,All species,2022,1
Farm animals,No,All prescription types,Suckler cows,All species,2021,23669
All animals,All types of active ingredients,Oral group treatments,Fattening broilers,All species,2022,7449246
Farm animals,No,Single treatments farm animals,Suckler cows,All species,2021,23669
Farm animals,Yes,All prescription types,Suckler cows,All species,2021,1519
All animals,No,All prescription types,Fattening pigs,All species,2022,61545
Farm animals,Yes,Single treatments farm animals,Suckler cows,All species,2021,1519
Farm animals,All types of active ingredients,All prescription types,Suckler cows,All species,2021,25188
All animals,No,Single treatments farm animals,Fattening pigs,All species,2022,4064
Farm animals,All types of active ingredients,Single treatments farm animals,Suckler cows,All species,2021,25188
All animals,No,Oral group treatments,Fattening pigs,All species,2022,57481
All animals,Yes,All prescription types,Fattening pigs,All species,2022,4991
All animals,Yes,Single treatments farm animals,Fattening pigs,All species,2022,248
All animals,Yes,Oral group treatments,Fattening pigs,All species,2022,4743
All animals,All types of active ingredients,All prescription types,Fattening pigs,All species,2022,66536
All animals,All types of active ingredients,Single treatments farm animals,Fattening pigs,All species,2022,4312
All animals,All types of active ingredients,Oral group treatments,Fattening pigs,All species,2022,62224
Farm animals,No,All prescription types,Cattle nCU,All species,2021,118398
All animals,No,All prescription types,Fattening turkeys,All species,2022,17651
Farm animals,No,All prescription types,Pigs nCU,All species,2022,6311
Farm animals,No,Single treatments farm animals,Cattle nCU,All species,2021,118029
Farm animals,No,Oral group treatments,Cattle nCU,All species,2021,369
All animals,No,Single treatments farm animals,Fattening turkeys,All species,2022,1
Farm animals,No,Single treatments farm animals,Pigs nCU,All species,2022,1452
Farm animals,Yes,All prescription types,Cattle nCU,All species,2021,15728
All animals,No,Oral group treatments,Fattening turkeys,All species,2022,17650
Farm animals,No,Oral group treatments,Pigs nCU,All species,2022,4859
Farm animals,Yes,Single treatments farm animals,Cattle nCU,All species,2021,15708
Farm animals,Yes,All prescription types,Pigs nCU,All species,2022,3139
All animals,Yes,All prescription types,Fattening turkeys,All species,2022,1200
Farm animals,Yes,Oral group treatments,Cattle nCU,All species,2021,20
All animals,Yes,Oral group treatments,Fattening turkeys,All species,2022,1200
Farm animals,Yes,Single treatments farm animals,Pigs nCU,All species,2022,480
All animals,All types of active ingredients,All prescription types,Fattening turkeys,All species,2022,18851
Farm animals,All types of active ingredients,All prescription types,Cattle nCU,All species,2021,134126
Farm animals,Yes,Oral group treatments,Pigs nCU,All species,2022,2659
All animals,All types of active ingredients,Single treatments farm animals,Fattening turkeys,All species,2022,1
Farm animals,All types of active ingredients,All prescription types,Pigs nCU,All species,2022,9450
All animals,All types of active ingredients,Oral group treatments,Fattening turkeys,All species,2022,18850
Farm animals,All types of active ingredients,Single treatments farm animals,Cattle nCU,All species,2021,133737
Farm animals,All types of active ingredients,Single treatments farm animals,Pigs nCU,All species,2022,1932
Farm animals,All types of active ingredients,Oral group treatments,Pigs nCU,All species,2022,7518
All animals,No,All prescription types,Dairy cows,All species,2022,378326
Farm animals,All types of active ingredients,Oral group treatments,Cattle nCU,All species,2021,389
Farm animals,No,All prescription types,Suckling and weaned piglets,All species,2021,151699
All animals,No,Single treatments farm animals,Dairy cows,All species,2022,378326
Farm animals,No,Single treatments farm animals,Suckling and weaned piglets,All species,2021,1030
All animals,Yes,All prescription types,Dairy cows,All species,2022,29338
Farm animals,No,Oral group treatments,Suckling and weaned piglets,All species,2021,150669
All animals,Yes,Single treatments farm animals,Dairy cows,All species,2022,29295
Farm animals,Yes,All prescription types,Suckling and weaned piglets,All species,2021,23576
Farm animals,Yes,Single treatments farm animals,Suckling and weaned piglets,All species,2021,1696
All animals,Yes,Oral group treatments,Dairy cows,All species,2022,43
Farm animals,Yes,Oral group treatments,Suckling and weaned piglets,All species,2021,21880
All animals,All types of active ingredients,All prescription types,Dairy cows,All species,2022,407664
Farm animals,All types of active ingredients,All prescription types,Suckling and weaned piglets,All species,2021,175275
All animals,All types of active ingredients,Single treatments farm animals,Dairy cows,All species,2022,407621
Farm animals,All types of active ingredients,Single treatments farm animals,Suckling and weaned piglets,All species,2021,2726
All animals,All types of active ingredients,Oral group treatments,Dairy cows,All species,2022,43
Farm animals,No,All prescription types,Goats,All species,2022,11803
All animals,No,All prescription types,Cow-calf calves,All species,2022,16068
Farm animals,All types of active ingredients,Oral group treatments,Suckling and weaned piglets,All species,2021,172549
Farm animals,No,Single treatments farm animals,Goats,All species,2022,7469
Farm animals,No,All prescription types,Sheep,All species,2021,14014
Farm animals,No,Oral group treatments,Goats,All species,2022,4334
All animals,No,Single treatments farm animals,Cow-calf calves,All species,2022,15933
Farm animals,No,Single treatments farm animals,Sheep,All species,2021,13354
All animals,No,Oral group treatments,Cow-calf calves,All species,2022,135
Farm animals,No,Oral group treatments,Sheep,All species,2021,660
Farm animals,Yes,All prescription types,Goats,All species,2022,2480
All animals,Yes,All prescription types,Cow-calf calves,All species,2022,3527
Farm animals,Yes,All prescription types,Sheep,All species,2021,1338
All animals,Yes,Single treatments farm animals,Cow-calf calves,All species,2022,3527
Farm animals,Yes,Single treatments farm animals,Goats,All species,2022,719
Farm animals,Yes,Single treatments farm animals,Sheep,All species,2021,1338
All animals,All types of active ingredients,All prescription types,Cow-calf calves,All species,2022,19595
Farm animals,Yes,Oral group treatments,Goats,All species,2022,1761
Farm animals,All types of active ingredients,All prescription types,Sheep,All species,2021,15352
All animals,All types of active ingredients,Single treatments farm animals,Cow-calf calves,All species,2022,19460
Farm animals,All types of active ingredients,Single treatments farm animals,Sheep,All species,2021,14692
Farm animals,All types of active ingredients,All prescription types,Goats,All species,2022,14283
Farm animals,All types of active ingredients,Oral group treatments,Sheep,All species,2021,660
Farm animals,All types of active ingredients,Single treatments farm animals,Goats,All species,2022,8188
Farm animals,All types of active ingredients,Oral group treatments,Goats,All species,2022,6095
All animals,All types of active ingredients,Oral group treatments,Cow-calf calves,All species,2022,135
All animals,No,All prescription types,Suckler cows,All species,2022,25470
All animals,No,Single treatments farm animals,Suckler cows,All species,2022,25470
All animals,All types of active ingredients,Oral group treatments,Rearing cattle,All species,2024,633
All animals,Yes,All prescription types,Suckler cows,All species,2022,1634
All animals,No,All prescription types,Equids,All species,2024,21734
All animals,Yes,Single treatments farm animals,Suckler cows,All species,2022,1634
All animals,All types of active ingredients,All prescription types,Suckler cows,All species,2022,27104
All animals,No,Single treatments companion animals,Equids,All species,2024,21734
All animals,Yes,All prescription types,Equids,All species,2024,1101
All animals,All types of active ingredients,Single treatments farm animals,Suckler cows,All species,2022,27104
All animals,Yes,Single treatments companion animals,Equids,All species,2024,1101
All animals,All types of active ingredients,All prescription types,Equids,All species,2024,22835
All animals,All types of active ingredients,Single treatments companion animals,Equids,All species,2024,22835
Farm animals,No,All prescription types,Breeding sows and boars,All species,2022,2164
All animals,No,All prescription types,Fish,All species,2024,5916760
Farm animals,No,Single treatments farm animals,Breeding sows and boars,All species,2022,912
Farm animals,No,All prescription types,Pigs nCU,All species,2021,8929
Farm animals,No,Single treatments farm animals,Pigs nCU,All species,2021,1259
All animals,No,Single treatments farm animals,Fish,All species,2024,5550
Farm animals,No,Oral group treatments,Breeding sows and boars,All species,2022,1252
Farm animals,No,Oral group treatments,Pigs nCU,All species,2021,7670
Farm animals,Yes,All prescription types,Breeding sows and boars,All species,2022,596
All animals,No,Oral group treatments,Fish,All species,2024,5911210
Farm animals,Yes,All prescription types,Pigs nCU,All species,2021,2227
All animals,No,All prescription types,Cattle nCU,All species,2022,113112
All animals,All types of active ingredients,All prescription types,Fish,All species,2024,5916760
Farm animals,Yes,Single treatments farm animals,Breeding sows and boars,All species,2022,595
All animals,No,Single treatments farm animals,Cattle nCU,All species,2022,112567
All animals,All types of active ingredients,Single treatments farm animals,Fish,All species,2024,5550
Farm animals,Yes,Single treatments farm animals,Pigs nCU,All species,2021,478
All animals,No,Oral group treatments,Cattle nCU,All species,2022,545
Farm animals,Yes,Oral group treatments,Breeding sows and boars,All species,2022,1
All animals,All types of active ingredients,Oral group treatments,Fish,All species,2024,5911210
Farm animals,Yes,Oral group treatments,Pigs nCU,All species,2021,1749
All animals,Yes,All prescription types,Cattle nCU,All species,2022,14236
Farm animals,All types of active ingredients,All prescription types,Pigs nCU,All species,2021,11156
Farm animals,All types of active ingredients,All prescription types,Breeding sows and boars,All species,2022,2760
All animals,Yes,Single treatments farm animals,Cattle nCU,All species,2022,13807
Farm animals,All types of active ingredients,Single treatments farm animals,Pigs nCU,All species,2021,1737
All animals,Yes,Oral group treatments,Cattle nCU,All species,2022,429
Farm animals,All types of active ingredients,Single treatments farm animals,Breeding sows and boars,All species,2022,1507
Farm animals,All types of active ingredients,Oral group treatments,Pigs nCU,All species,2021,9419
All animals,All types of active ingredients,All prescription types,Cattle nCU,All species,2022,127348
Farm animals,All types of active ingredients,Oral group treatments,Breeding sows and boars,All species,2022,1253
Farm animals,No,All prescription types,All categories of use,Fish,2022,5349460
All animals,All types of active ingredients,Single treatments farm animals,Cattle nCU,All species,2022,126374
All animals,All types of active ingredients,Oral group treatments,Cattle nCU,All species,2022,974
Farm animals,No,Single treatments farm animals,All categories of use,Fish,2022,64000
All animals,No,All prescription types,Suckling and weaned piglets,All species,2022,103363
All animals,No,Single treatments farm animals,Suckling and weaned piglets,All species,2022,868
Farm animals,No,Oral group treatments,All categories of use,Fish,2022,5285460
All animals,No,Oral group treatments,Suckling and weaned piglets,All species,2022,102495
Farm animals,No,All prescription types,Goats,All species,2021,9775
Farm animals,All types of active ingredients,All prescription types,All categories of use,Fish,2022,5349460
All animals,Yes,All prescription types,Suckling and weaned piglets,All species,2022,16620
Farm animals,No,Single treatments farm animals,Goats,All species,2021,6974
Farm animals,All types of active ingredients,Single treatments farm animals,All categories of use,Fish,2022,64000
All animals,Yes,Single treatments farm animals,Suckling and weaned piglets,All species,2022,4099
All animals,Yes,Oral group treatments,Suckling and weaned piglets,All species,2022,12521
Farm animals,No,Oral group treatments,Goats,All species,2021,2801
Farm animals,All types of active ingredients,Oral group treatments,All categories of use,Fish,2022,5285460
All animals,No,All prescription types,Poultry nCU,All species,2024,2011
All animals,All types of active ingredients,All prescription types,Suckling and weaned piglets,All species,2022,119983
All animals,No,Single treatments farm animals,Poultry nCU,All species,2024,11
All animals,No,Oral group treatments,Poultry nCU,All species,2024,2000
All animals,All types of active ingredients,Single treatments farm animals,Suckling and weaned piglets,All species,2022,4967
Farm animals,Yes,All prescription types,Goats,All species,2021,1749
Farm animals,No,All prescription types,Fish,Fish,2022,5349460
All animals,Yes,All prescription types,Poultry nCU,All species,2024,29
All animals,All types of active ingredients,Oral group treatments,Suckling and weaned piglets,All species,2022,115016
All animals,No,All prescription types,Sheep,All species,2022,14265
All animals,Yes,Single treatments farm animals,Poultry nCU,All species,2024,29
Farm animals,Yes,Single treatments farm animals,Goats,All species,2021,737
Farm animals,No,Single treatments farm animals,Fish,Fish,2022,64000
All animals,No,Single treatments farm animals,Sheep,All species,2022,13551
Farm animals,No,Oral group treatments,Fish,Fish,2022,5285460
Farm animals,Yes,Oral group treatments,Goats,All species,2021,1012
All animals,All types of active ingredients,All prescription types,Poultry nCU,All species,2024,2040
All animals,No,Oral group treatments,Sheep,All species,2022,714
Farm animals,All types of active ingredients,All prescription types,Fish,Fish,2022,5349460
All animals,All types of active ingredients,Single treatments farm animals,Poultry nCU,All species,2024,40
All animals,Yes,All prescription types,Sheep,All species,2022,1364
Farm animals,All types of active ingredients,All prescription types,Goats,All species,2021,11524
All animals,All types of active ingredients,Oral group treatments,Poultry nCU,All species,2024,2000
Farm animals,All types of active ingredients,Single treatments farm animals,Fish,Fish,2022,64000
All animals,Yes,Single treatments farm animals,Sheep,All species,2022,1364
Farm animals,All types of active ingredients,Single treatments farm animals,Goats,All species,2021,7711
All animals,No,All prescription types,Game animals,All species,2024,20
Farm animals,All types of active ingredients,Oral group treatments,Fish,Fish,2022,5285460
All animals,All types of active ingredients,All prescription types,Sheep,All species,2022,15629
Farm animals,All types of active ingredients,Oral group treatments,Goats,All species,2021,3813
All animals,No,Single treatments farm animals,Game animals,All species,2024,20
All animals,All types of active ingredients,Single treatments farm animals,Sheep,All species,2022,14915
All animals,Yes,All prescription types,Game animals,All species,2024,1
All animals,All types of active ingredients,Oral group treatments,Sheep,All species,2022,714
All animals,Yes,Single treatments farm animals,Game animals,All species,2024,1
Farm animals,No,All prescription types,All categories of use,Poultry,2022,6285420
All animals,All types of active ingredients,All prescription types,Game animals,All species,2024,21
Farm animals,No,Single treatments farm animals,All categories of use,Poultry,2022,23
All animals,All types of active ingredients,Single treatments farm animals,Game animals,All species,2024,21
Farm animals,No,Oral group treatments,All categories of use,Poultry,2022,6285397
Farm animals,Yes,All prescription types,All categories of use,Poultry,2022,2236714
Farm animals,Yes,Single treatments farm animals,All categories of use,Poultry,2022,1037
All animals,No,All prescription types,Dogs,All species,2024,200532
Farm animals,Yes,Oral group treatments,All categories of use,Poultry,2022,2235677
Farm animals,No,All prescription types,Breeding sows and boars,All species,2021,1791
All animals,No,Single treatments companion animals,Dogs,All species,2024,200532
All animals,Yes,All prescription types,Dogs,All species,2024,21606
Farm animals,No,Single treatments farm animals,Breeding sows and boars,All species,2021,1020
Farm animals,All types of active ingredients,All prescription types,All categories of use,Poultry,2022,8522134
All animals,Yes,Single treatments companion animals,Dogs,All species,2024,21606
All animals,All types of active ingredients,All prescription types,Dogs,All species,2024,222138
Farm animals,All types of active ingredients,Single treatments farm animals,All categories of use,Poultry,2022,1060
Farm animals,No,Oral group treatments,Breeding sows and boars,All species,2021,771
Farm animals,All types of active ingredients,Oral group treatments,All categories of use,Poultry,2022,8521074
Farm animals,Yes,All prescription types,Breeding sows and boars,All species,2021,717
Farm animals,No,All prescription types,Rearing laying hens and parent birds,Poultry,2022,286965
All animals,All types of active ingredients,Single treatments companion animals,Dogs,All species,2024,222138
Farm animals,Yes,Single treatments farm animals,Breeding sows and boars,All species,2021,713
All animals,No,All prescription types,Young sows,All species,2024,678
Farm animals,No,Single treatments farm animals,Rearing laying hens and parent birds,Poultry,2022,6
Farm animals,Yes,Oral group treatments,Breeding sows and boars,All species,2021,4
All animals,No,Single treatments farm animals,Young sows,All species,2024,144
Farm animals,All types of active ingredients,All prescription types,Breeding sows and boars,All species,2021,2508
Farm animals,No,Oral group treatments,Rearing laying hens and parent birds,Poultry,2022,286959
All animals,No,Oral group treatments,Young sows,All species,2024,534
Farm animals,All types of active ingredients,Single treatments farm animals,Breeding sows and boars,All species,2021,1733
Farm animals,Yes,All prescription types,Rearing laying hens and parent birds,Poultry,2022,300545
Farm animals,All types of active ingredients,Oral group treatments,Breeding sows and boars,All species,2021,775
All animals,Yes,All prescription types,Young sows,All species,2024,49
Farm animals,Yes,Single treatments farm animals,Rearing laying hens and parent birds,Poultry,2022,13
Farm animals,No,All prescription types,All categories of use,Fish,2021,7574594
Farm animals,Yes,Oral group treatments,Rearing laying hens and parent birds,Poultry,2022,300532
All animals,Yes,Single treatments farm animals,Young sows,All species,2024,29
Farm animals,All types of active ingredients,All prescription types,Rearing laying hens and parent birds,Poultry,2022,587510
All animals,No,All prescription types,Pigs nCU,All species,2022,6311
All animals,Yes,Oral group treatments,Young sows,All species,2024,20
All animals,No,Single treatments farm animals,Pigs nCU,All species,2022,1452
Farm animals,No,Oral group treatments,All categories of use,Fish,2021,7574594
All animals,All types of active ingredients,All prescription types,Young sows,All species,2024,727
All animals,No,Oral group treatments,Pigs nCU,All species,2022,4859
All animals,All types of active ingredients,Single treatments farm animals,Young sows,All species,2024,173
Farm animals,All types of active ingredients,Single treatments farm animals,Rearing laying hens and parent birds,Poultry,2022,19
All animals,Yes,All prescription types,Pigs nCU,All species,2022,3139
Farm animals,All types of active ingredients,All prescription types,All categories of use,Fish,2021,7574594
All animals,All types of active ingredients,Oral group treatments,Young sows,All species,2024,554
All animals,Yes,Single treatments farm animals,Pigs nCU,All species,2022,480
Farm animals,All types of active ingredients,Oral group treatments,All categories of use,Fish,2021,7574594
Farm animals,All types of active ingredients,Oral group treatments,Rearing laying hens and parent birds,Poultry,2022,587491
All animals,No,All prescription types,Camelids,All species,2024,783
Farm animals,No,All prescription types,Fish,Fish,2021,7574594
All animals,Yes,Oral group treatments,Pigs nCU,All species,2022,2659
Farm animals,No,Oral group treatments,Fish,Fish,2021,7574594
All animals,No,Single treatments farm animals,Camelids,All species,2024,783
Farm animals,All types of active ingredients,All prescription types,Fish,Fish,2021,7574594
All animals,Yes,All prescription types,Camelids,All species,2024,119
Farm animals,All types of active ingredients,Oral group treatments,Fish,Fish,2021,7574594
All animals,Yes,Single treatments farm animals,Camelids,All species,2024,119
All animals,All types of active ingredients,All prescription types,Camelids,All species,2024,902
All animals,All types of active ingredients,Single treatments farm animals,Camelids,All species,2024,902
Farm animals,No,All prescription types,Poultry nCU,Poultry,2022,90
Farm animals,No,Single treatments farm animals,Poultry nCU,Poultry,2022,10
Farm animals,No,Oral group treatments,Poultry nCU,Poultry,2022,80
Farm animals,Yes,All prescription types,Poultry nCU,Poultry,2022,2198
Farm animals,Yes,Single treatments farm animals,Poultry nCU,Poultry,2022,1011
Farm animals,Yes,Oral group treatments,Poultry nCU,Poultry,2022,1187
Farm animals,All types of active ingredients,All prescription types,Poultry nCU,Poultry,2022,2288
Farm animals,All types of active ingredients,Single treatments farm animals,Poultry nCU,Poultry,2022,1021
Farm animals,All types of active ingredients,Oral group treatments,Poultry nCU,Poultry,2022,1267
Farm animals,No,All prescription types,Laying and parent birds,Poultry,2022,147356
Farm animals,No,Single treatments farm animals,Laying and parent birds,Poultry,2022,1
Farm animals,No,Oral group treatments,Laying and parent birds,Poultry,2022,147355
Farm animals,Yes,All prescription types,Laying and parent birds,Poultry,2022,5047
All animals,All types of active ingredients,All prescription types,Pigs nCU,All species,2022,9450
Farm animals,Yes,Single treatments farm animals,Laying and parent birds,Poultry,2022,2
Farm animals,Yes,Oral group treatments,Laying and parent birds,Poultry,2022,5045
Farm animals,All types of active ingredients,All prescription types,Laying and parent birds,Poultry,2022,152403
Farm animals,All types of active ingredients,Single treatments farm animals,Laying and parent birds,Poultry,2022,3
All animals,All types of active ingredients,Single treatments farm animals,Pigs nCU,All species,2022,1932
Farm animals,All types of active ingredients,Oral group treatments,Laying and parent birds,Poultry,2022,152400
All animals,All types of active ingredients,Oral group treatments,Pigs nCU,All species,2022,7518
All animals,No,All prescription types,Rabbits,All species,2024,2417
Farm animals,No,All prescription types,Laying hens,Poultry,2022,298405
Farm animals,No,Single treatments farm animals,Laying hens,Poultry,2022,5
All animals,No,Single treatments farm animals,Rabbits,All species,2024,17
Farm animals,No,Oral group treatments,Laying hens,Poultry,2022,298400
All animals,No,Oral group treatments,Rabbits,All species,2024,2400
Farm animals,Yes,All prescription types,Laying hens,Poultry,2022,13430
All animals,Yes,All prescription types,Rabbits,All species,2024,438
Farm animals,Yes,Single treatments farm animals,Laying hens,Poultry,2022,10
All animals,Yes,Single treatments farm animals,Rabbits,All species,2024,438
Farm animals,Yes,Oral group treatments,Laying hens,Poultry,2022,13420
All animals,All types of active ingredients,All prescription types,Rabbits,All species,2024,2855
Farm animals,All types of active ingredients,All prescription types,Laying hens,Poultry,2022,311835
All animals,All types of active ingredients,Single treatments farm animals,Rabbits,All species,2024,455
Farm animals,All types of active ingredients,Single treatments farm animals,Laying hens,Poultry,2022,15
All animals,No,All prescription types,Goats,All species,2022,11803
All animals,All types of active ingredients,Oral group treatments,Rabbits,All species,2024,2400
Farm animals,All types of active ingredients,Oral group treatments,Laying hens,Poultry,2022,311820
All animals,No,All prescription types,Cats,All species,2024,223231
All animals,No,Single treatments farm animals,Goats,All species,2022,7469
Farm animals,No,All prescription types,Fattening broilers,Poultry,2022,5534953
All animals,No,Single treatments companion animals,Cats,All species,2024,223231
All animals,Yes,All prescription types,Cats,All species,2024,85652
All animals,No,Oral group treatments,Goats,All species,2022,4334
All animals,Yes,Single treatments companion animals,Cats,All species,2024,85652
Farm animals,No,Oral group treatments,Fattening broilers,Poultry,2022,5534953
All animals,Yes,All prescription types,Goats,All species,2022,2480
All animals,All types of active ingredients,All prescription types,Cats,All species,2024,308883
Farm animals,Yes,All prescription types,Fattening broilers,Poultry,2022,1914294
All animals,Yes,Single treatments farm animals,Goats,All species,2022,719
All animals,All types of active ingredients,Single treatments companion animals,Cats,All species,2024,308883
Farm animals,Yes,Single treatments farm animals,Fattening broilers,Poultry,2022,1
All animals,Yes,Oral group treatments,Goats,All species,2022,1761
All animals,No,All prescription types,Laying and parent birds,All species,2024,83734
Farm animals,Yes,Oral group treatments,Fattening broilers,Poultry,2022,1914293
Farm animals,All types of active ingredients,All prescription types,Fattening broilers,Poultry,2022,7449247
All animals,No,Oral group treatments,Laying and parent birds,All species,2024,83734
All animals,Yes,All prescription types,Laying and parent birds,All species,2024,2256
All animals,Yes,Single treatments farm animals,Laying and parent birds,All species,2024,2
All animals,All types of active ingredients,All prescription types,Goats,All species,2022,14283
Farm animals,All types of active ingredients,Single treatments farm animals,Fattening broilers,Poultry,2022,1
All animals,Yes,Oral group treatments,Laying and parent birds,All species,2024,2254
All animals,All types of active ingredients,All prescription types,Laying and parent birds,All species,2024,85990
Farm animals,All types of active ingredients,Oral group treatments,Fattening broilers,Poultry,2022,7449246
All animals,All types of active ingredients,Single treatments farm animals,Goats,All species,2022,8188
All animals,All types of active ingredients,Single treatments farm animals,Laying and parent birds,All species,2024,2
Farm animals,No,All prescription types,Fattening turkeys,Poultry,2022,17651
All animals,All types of active ingredients,Oral group treatments,Laying and parent birds,All species,2024,85988
All animals,All types of active ingredients,Oral group treatments,Goats,All species,2022,6095
Farm animals,No,Single treatments farm animals,Fattening turkeys,Poultry,2022,1
All animals,No,All prescription types,Laying hens,All species,2024,120612
Farm animals,No,Oral group treatments,Fattening turkeys,Poultry,2022,17650
All animals,No,Single treatments farm animals,Laying hens,All species,2024,8
Farm animals,Yes,All prescription types,Fattening turkeys,Poultry,2022,1200
All animals,No,Oral group treatments,Laying hens,All species,2024,120604
All animals,Yes,All prescription types,Laying hens,All species,2024,19158
Farm animals,Yes,Oral group treatments,Fattening turkeys,Poultry,2022,1200
All animals,Yes,Single treatments farm animals,Laying hens,All species,2024,8
Farm animals,All types of active ingredients,All prescription types,Fattening turkeys,Poultry,2022,18851
All animals,Yes,Oral group treatments,Laying hens,All species,2024,19150
Farm animals,All types of active ingredients,Single treatments farm animals,Fattening turkeys,Poultry,2022,1
All animals,All types of active ingredients,All prescription types,Laying hens,All species,2024,139770
Farm animals,All types of active ingredients,Oral group treatments,Fattening turkeys,Poultry,2022,18850
All animals,All types of active ingredients,Single treatments farm animals,Laying hens,All species,2024,16
Farm animals,No,All prescription types,All categories of use,Game animals,2022,27
All animals,All types of active ingredients,Oral group treatments,Laying hens,All species,2024,139754
All animals,No,All prescription types,Breeding sows and boars,All species,2022,2164
Farm animals,No,Single treatments farm animals,All categories of use,Game animals,2022,27
All animals,No,All prescription types,Fattening calves and cattle,All species,2024,288115
Farm animals,Yes,All prescription types,All categories of use,Game animals,2022,5
All animals,No,Single treatments farm animals,Fattening calves and cattle,All species,2024,44208
All animals,No,Single treatments farm animals,Breeding sows and boars,All species,2022,912
Farm animals,Yes,Single treatments farm animals,All categories of use,Game animals,2022,5
All animals,No,Oral group treatments,Fattening calves and cattle,All species,2024,243907
All animals,No,Oral group treatments,Breeding sows and boars,All species,2022,1252
All animals,Yes,All prescription types,Fattening calves and cattle,All species,2024,74759
Farm animals,All types of active ingredients,All prescription types,All categories of use,Game animals,2022,32
All animals,Yes,Single treatments farm animals,Fattening calves and cattle,All species,2024,40887
Farm animals,All types of active ingredients,Single treatments farm animals,All categories of use,Game animals,2022,32
All animals,Yes,All prescription types,Breeding sows and boars,All species,2022,596
All animals,Yes,Single treatments farm animals,Breeding sows and boars,All species,2022,595
All animals,Yes,Oral group treatments,Fattening calves and cattle,All species,2024,33872
Farm animals,No,All prescription types,Game animals,Game animals,2022,27
Farm animals,No,Single treatments farm animals,Game animals,Game animals,2022,27
All animals,Yes,Oral group treatments,Breeding sows and boars,All species,2022,1
All animals,All types of active ingredients,All prescription types,Fattening calves and cattle,All species,2024,362874
Farm animals,Yes,All prescription types,Game animals,Game animals,2022,5
All animals,All types of active ingredients,All prescription types,Breeding sows and boars,All species,2022,2760
Farm animals,Yes,Single treatments farm animals,Game animals,Game animals,2022,5
Farm animals,All types of active ingredients,All prescription types,Game animals,Game animals,2022,32
All animals,All types of active ingredients,Single treatments farm animals,Breeding sows and boars,All species,2022,1507
Farm animals,All types of active ingredients,Single treatments farm animals,Game animals,Game animals,2022,32
All animals,All types of active ingredients,Single treatments farm animals,Fattening calves and cattle,All species,2024,85095
All animals,All types of active ingredients,Oral group treatments,Breeding sows and boars,All species,2022,1253
All animals,All types of active ingredients,Oral group treatments,Fattening calves and cattle,All species,2024,277779
Farm animals,No,All prescription types,All categories of use,Camelids,2022,569
All animals,No,All prescription types,All categories of use,Equids,2022,21335
All animals,No,All prescription types,Fattening broilers,All species,2024,6163470
Farm animals,No,Single treatments farm animals,All categories of use,Camelids,2022,569
All animals,No,Single treatments companion animals,All categories of use,Equids,2022,21335
All animals,No,Single treatments farm animals,Fattening broilers,All species,2024,1
Farm animals,Yes,All prescription types,All categories of use,Camelids,2022,152
All animals,Yes,All prescription types,All categories of use,Equids,2022,1268
All animals,No,Oral group treatments,Fattening broilers,All species,2024,6163469
All animals,Yes,Single treatments companion animals,All categories of use,Equids,2022,1268
All animals,Yes,All prescription types,Fattening broilers,All species,2024,911803
Farm animals,Yes,Single treatments farm animals,All categories of use,Camelids,2022,152
All animals,All types of active ingredients,All prescription types,All categories of use,Equids,2022,22603
All animals,Yes,Single treatments farm animals,Fattening broilers,All species,2024,1
All animals,All types of active ingredients,Single treatments companion animals,All categories of use,Equids,2022,22603
All animals,Yes,Oral group treatments,Fattening broilers,All species,2024,911802
Farm animals,All types of active ingredients,All prescription types,All categories of use,Camelids,2022,721
All animals,All types of active ingredients,All prescription types,Fattening broilers,All species,2024,7075273
All animals,No,All prescription types,Equids,Equids,2022,21335
Farm animals,All types of active ingredients,Single treatments farm animals,All categories of use,Camelids,2022,721
All animals,All types of active ingredients,Single treatments farm animals,Fattening broilers,All species,2024,2
All animals,No,Single treatments companion animals,Equids,Equids,2022,21335
Farm animals,No,All prescription types,Camelids,Camelids,2022,569
All animals,All types of active ingredients,Oral group treatments,Fattening broilers,All species,2024,7075271
All animals,Yes,All prescription types,Equids,Equids,2022,1268
Farm animals,No,Single treatments farm animals,Camelids,Camelids,2022,569
All animals,No,All prescription types,Fattening pigs,All species,2024,70061
All animals,Yes,Single treatments companion animals,Equids,Equids,2022,1268
All animals,All types of active ingredients,All prescription types,Equids,Equids,2022,22603
Farm animals,Yes,All prescription types,Camelids,Camelids,2022,152
All animals,No,Single treatments farm animals,Fattening pigs,All species,2024,4938
All animals,All types of active ingredients,Single treatments companion animals,Equids,Equids,2022,22603
All animals,No,Oral group treatments,Fattening pigs,All species,2024,65123
Farm animals,Yes,Single treatments farm animals,Camelids,Camelids,2022,152
All animals,Yes,All prescription types,Fattening pigs,All species,2024,8479
All animals,No,All prescription types,All categories of use,Fish,2022,5349460
Farm animals,All types of active ingredients,All prescription types,Camelids,Camelids,2022,721
All animals,Yes,Single treatments farm animals,Fattening pigs,All species,2024,1479
Farm animals,All types of active ingredients,Single treatments farm animals,Camelids,Camelids,2022,721
All animals,Yes,Oral group treatments,Fattening pigs,All species,2024,7000
All animals,No,Single treatments farm animals,All categories of use,Fish,2022,64000
All animals,All types of active ingredients,All prescription types,Fattening pigs,All species,2024,78540
All animals,All types of active ingredients,Single treatments farm animals,Fattening pigs,All species,2024,6417
All animals,No,Oral group treatments,All categories of use,Fish,2022,5285460
All animals,All types of active ingredients,Oral group treatments,Fattening pigs,All species,2024,72123
All animals,No,All prescription types,Fattening turkeys,All species,2024,20572
All animals,All types of active ingredients,All prescription types,All categories of use,Fish,2022,5349460
All animals,No,Single treatments farm animals,Fattening turkeys,All species,2024,82
All animals,All types of active ingredients,Single treatments farm animals,All categories of use,Fish,2022,64000
Farm animals,No,All prescription types,All categories of use,Rabbits,2022,134378
All animals,No,Oral group treatments,Fattening turkeys,All species,2024,20490
All animals,All types of active ingredients,Oral group treatments,All categories of use,Fish,2022,5285460
Farm animals,No,Single treatments farm animals,All categories of use,Rabbits,2022,16
All animals,Yes,All prescription types,Fattening turkeys,All species,2024,42
Farm animals,No,Oral group treatments,All categories of use,Rabbits,2022,134362
All animals,Yes,Single treatments farm animals,Fattening turkeys,All species,2024,2
All animals,No,All prescription types,Fish,Fish,2022,5349460
All animals,Yes,Oral group treatments,Fattening turkeys,All species,2024,40
All animals,All types of active ingredients,All prescription types,Fattening turkeys,All species,2024,20614
All animals,No,Single treatments farm animals,Fish,Fish,2022,64000
Farm animals,Yes,All prescription types,All categories of use,Rabbits,2022,2124
All animals,All types of active ingredients,Single treatments farm animals,Fattening turkeys,All species,2024,84
Farm animals,Yes,Single treatments farm animals,All categories of use,Rabbits,2022,124
All animals,All types of active ingredients,Oral group treatments,Fattening turkeys,All species,2024,20530
All animals,No,Oral group treatments,Fish,Fish,2022,5285460
Farm animals,Yes,Oral group treatments,All categories of use,Rabbits,2022,2000
All animals,No,All prescription types,Dairy cows,All species,2024,511097
All animals,All types of active ingredients,All prescription types,Fish,Fish,2022,5349460
All animals,No,Single treatments farm animals,Dairy cows,All species,2024,511097
All animals,All types of active ingredients,Single treatments farm animals,Fish,Fish,2022,64000
All animals,Yes,All prescription types,Dairy cows,All species,2024,39541
Farm animals,All types of active ingredients,All prescription types,All categories of use,Rabbits,2022,136502
All animals,All types of active ingredients,Oral group treatments,Fish,Fish,2022,5285460
All animals,Yes,Single treatments farm animals,Dairy cows,All species,2024,39541
All animals,All types of active ingredients,All prescription types,Dairy cows,All species,2024,550638
Farm animals,All types of active ingredients,Single treatments farm animals,All categories of use,Rabbits,2022,140
All animals,All types of active ingredients,Single treatments farm animals,Dairy cows,All species,2024,550638
All animals,No,All prescription types,All categories of use,Poultry,2022,6285420
All animals,No,All prescription types,Cow-calf calves,All species,2024,19262
Farm animals,All types of active ingredients,Oral group treatments,All categories of use,Rabbits,2022,136362
All animals,No,Single treatments farm animals,Cow-calf calves,All species,2024,19077
All animals,No,Single treatments farm animals,All categories of use,Poultry,2022,23
All animals,No,Oral group treatments,Cow-calf calves,All species,2024,185
All animals,No,Oral group treatments,All categories of use,Poultry,2022,6285397
All animals,Yes,All prescription types,Cow-calf calves,All species,2024,4165
Farm animals,No,All prescription types,Rabbits,Rabbits,2022,134378
All animals,Yes,Single treatments farm animals,Cow-calf calves,All species,2024,4146
All animals,Yes,Oral group treatments,Cow-calf calves,All species,2024,19
Farm animals,No,Single treatments farm animals,Rabbits,Rabbits,2022,16
All animals,All types of active ingredients,All prescription types,Cow-calf calves,All species,2024,23427
All animals,Yes,All prescription types,All categories of use,Poultry,2022,2236714
Farm animals,No,Oral group treatments,Rabbits,Rabbits,2022,134362
All animals,All types of active ingredients,Single treatments farm animals,Cow-calf calves,All species,2024,23223
All animals,All types of active ingredients,Oral group treatments,Cow-calf calves,All species,2024,204
All animals,Yes,Single treatments farm animals,All categories of use,Poultry,2022,1037
Farm animals,Yes,All prescription types,Rabbits,Rabbits,2022,2124
All animals,No,All prescription types,Suckler cows,All species,2024,29890
Farm animals,Yes,Single treatments farm animals,Rabbits,Rabbits,2022,124
All animals,Yes,Oral group treatments,All categories of use,Poultry,2022,2235677
All animals,No,Single treatments farm animals,Suckler cows,All species,2024,29863
Farm animals,Yes,Oral group treatments,Rabbits,Rabbits,2022,2000
All animals,No,Oral group treatments,Suckler cows,All species,2024,27
All animals,Yes,All prescription types,Suckler cows,All species,2024,2103
All animals,All types of active ingredients,All prescription types,All categories of use,Poultry,2022,8522134
All animals,Yes,Single treatments farm animals,Suckler cows,All species,2024,2103
Farm animals,All types of active ingredients,All prescription types,Rabbits,Rabbits,2022,136502
All animals,All types of active ingredients,All prescription types,Suckler cows,All species,2024,31993
Farm animals,All types of active ingredients,Single treatments farm animals,Rabbits,Rabbits,2022,140
All animals,All types of active ingredients,Single treatments farm animals,All categories of use,Poultry,2022,1060
All animals,All types of active ingredients,Single treatments farm animals,Suckler cows,All species,2024,31966
Farm animals,All types of active ingredients,Oral group treatments,Rabbits,Rabbits,2022,136362
All animals,All types of active ingredients,Oral group treatments,Suckler cows,All species,2024,27
All animals,All types of active ingredients,Oral group treatments,All categories of use,Poultry,2022,8521074
Farm animals,No,All prescription types,All categories of use,Cattle,2022,876407
All animals,No,All prescription types,Rearing laying hens and parent birds,Poultry,2022,286965
All animals,No,Single treatments farm animals,Rearing laying hens and parent birds,Poultry,2022,6
Farm animals,No,Single treatments farm animals,All categories of use,Cattle,2022,634406
All animals,No,Oral group treatments,Rearing laying hens and parent birds,Poultry,2022,286959
Farm animals,No,Oral group treatments,All categories of use,Cattle,2022,242001
All animals,Yes,All prescription types,Rearing laying hens and parent birds,Poultry,2022,300545
Farm animals,Yes,All prescription types,All categories of use,Cattle,2022,132162
All animals,No,All prescription types,Cattle nCU,All species,2024,673
Farm animals,Yes,Single treatments farm animals,All categories of use,Cattle,2022,86569
All animals,No,Single treatments farm animals,Cattle nCU,All species,2024,673
All animals,Yes,Single treatments farm animals,Rearing laying hens and parent birds,Poultry,2022,13
All animals,Yes,All prescription types,Cattle nCU,All species,2024,20
Farm animals,Yes,Oral group treatments,All categories of use,Cattle,2022,45593
All animals,Yes,Oral group treatments,Rearing laying hens and parent birds,Poultry,2022,300532
All animals,Yes,Single treatments farm animals,Cattle nCU,All species,2024,20
All animals,All types of active ingredients,All prescription types,Rearing laying hens and parent birds,Poultry,2022,587510
All animals,All types of active ingredients,All prescription types,Cattle nCU,All species,2024,693
Farm animals,All types of active ingredients,All prescription types,All categories of use,Cattle,2022,1008569
All animals,All types of active ingredients,Single treatments farm animals,Cattle nCU,All species,2024,693
All animals,All types of active ingredients,Single treatments farm animals,Rearing laying hens and parent birds,Poultry,2022,19
Farm animals,All types of active ingredients,Single treatments farm animals,All categories of use,Cattle,2022,720975
All animals,No,All prescription types,Suckling and weaned piglets,All species,2024,84184
All animals,No,Single treatments farm animals,Suckling and weaned piglets,All species,2024,2793
All animals,All types of active ingredients,Oral group treatments,Rearing laying hens and parent birds,Poultry,2022,587491
Farm animals,All types of active ingredients,Oral group treatments,All categories of use,Cattle,2022,287594
Farm animals,No,All prescription types,Rearing calves,Cattle,2022,55220
All animals,No,Oral group treatments,Suckling and weaned piglets,All species,2024,81391
Farm animals,No,Single treatments farm animals,Rearing calves,Cattle,2022,47217
All animals,Yes,All prescription types,Suckling and weaned piglets,All species,2024,12409
Farm animals,No,Oral group treatments,Rearing calves,Cattle,2022,8003
All animals,Yes,Single treatments farm animals,Suckling and weaned piglets,All species,2024,7117
Farm animals,Yes,All prescription types,Rearing calves,Cattle,2022,13692
All animals,Yes,Oral group treatments,Suckling and weaned piglets,All species,2024,5292
Farm animals,Yes,Single treatments farm animals,Rearing calves,Cattle,2022,11218
All animals,All types of active ingredients,All prescription types,Suckling and weaned piglets,All species,2024,96593
Farm animals,Yes,Oral group treatments,Rearing calves,Cattle,2022,2474
All animals,All types of active ingredients,Single treatments farm animals,Suckling and weaned piglets,All species,2024,9910
Farm animals,All types of active ingredients,All prescription types,Rearing calves,Cattle,2022,68912
All animals,No,All prescription types,Poultry nCU,Poultry,2022,90
All animals,All types of active ingredients,Oral group treatments,Suckling and weaned piglets,All species,2024,86683
All animals,No,All prescription types,Sheep,All species,2024,19755
Farm animals,All types of active ingredients,Single treatments farm animals,Rearing calves,Cattle,2022,58435
All animals,No,Single treatments farm animals,Poultry nCU,Poultry,2022,10
All animals,No,Single treatments farm animals,Sheep,All species,2024,19096
All animals,No,Oral group treatments,Poultry nCU,Poultry,2022,80
Farm animals,All types of active ingredients,Oral group treatments,Rearing calves,Cattle,2022,10477
All animals,Yes,All prescription types,Poultry nCU,Poultry,2022,2198
Farm animals,No,All prescription types,Rearing cattle,Cattle,2022,19712
All animals,No,Oral group treatments,Sheep,All species,2024,659
All animals,Yes,Single treatments farm animals,Poultry nCU,Poultry,2022,1011
Farm animals,No,Single treatments farm animals,Rearing cattle,Cattle,2022,18588
All animals,Yes,All prescription types,Sheep,All species,2024,1417
Farm animals,No,Oral group treatments,Rearing cattle,Cattle,2022,1124
All animals,Yes,Oral group treatments,Poultry nCU,Poultry,2022,1187
All animals,Yes,Single treatments farm animals,Sheep,All species,2024,1417
Farm animals,Yes,All prescription types,Rearing cattle,Cattle,2022,3108
All animals,All types of active ingredients,All prescription types,Poultry nCU,Poultry,2022,2288
All animals,All types of active ingredients,All prescription types,Sheep,All species,2024,21172
Farm animals,Yes,Single treatments farm animals,Rearing cattle,Cattle,2022,2120
All animals,All types of active ingredients,Single treatments farm animals,Poultry nCU,Poultry,2022,1021
All animals,All types of active ingredients,Single treatments farm animals,Sheep,All species,2024,20513
All animals,All types of active ingredients,Oral group treatments,Poultry nCU,Poultry,2022,1267
Farm animals,Yes,Oral group treatments,Rearing cattle,Cattle,2022,988
All animals,All types of active ingredients,Oral group treatments,Sheep,All species,2024,659
Farm animals,All types of active ingredients,All prescription types,Rearing cattle,Cattle,2022,22820
All animals,No,All prescription types,Laying and parent birds,Poultry,2022,147356
Farm animals,All types of active ingredients,Single treatments farm animals,Rearing cattle,Cattle,2022,20708
All animals,No,Single treatments farm animals,Laying and parent birds,Poultry,2022,1
All animals,No,Oral group treatments,Laying and parent birds,Poultry,2022,147355
Farm animals,All types of active ingredients,Oral group treatments,Rearing cattle,Cattle,2022,2112
All animals,Yes,All prescription types,Laying and parent birds,Poultry,2022,5047
Farm animals,No,All prescription types,Fattening calves and cattle,Cattle,2022,268499
All animals,Yes,Single treatments farm animals,Laying and parent birds,Poultry,2022,2
Farm animals,No,Single treatments farm animals,Fattening calves and cattle,Cattle,2022,36305
All animals,Yes,Oral group treatments,Laying and parent birds,Poultry,2022,5045
Farm animals,No,Oral group treatments,Fattening calves and cattle,Cattle,2022,232194
All animals,All types of active ingredients,All prescription types,Laying and parent birds,Poultry,2022,152403
Farm animals,Yes,All prescription types,Fattening calves and cattle,Cattle,2022,66627
Farm animals,Yes,Single treatments farm animals,Fattening calves and cattle,Cattle,2022,24968
All animals,All types of active ingredients,Single treatments farm animals,Laying and parent birds,Poultry,2022,3
Farm animals,Yes,Oral group treatments,Fattening calves and cattle,Cattle,2022,41659
All animals,All types of active ingredients,Oral group treatments,Laying and parent birds,Poultry,2022,152400
Farm animals,All types of active ingredients,All prescription types,Fattening calves and cattle,Cattle,2022,335126
All animals,No,All prescription types,Laying hens,Poultry,2022,298405
Farm animals,All types of active ingredients,Single treatments farm animals,Fattening calves and cattle,Cattle,2022,61273
All animals,No,Single treatments farm animals,Laying hens,Poultry,2022,5
Farm animals,All types of active ingredients,Oral group treatments,Fattening calves and cattle,Cattle,2022,273853
All animals,No,Oral group treatments,Laying hens,Poultry,2022,298400
Farm animals,No,All prescription types,Dairy cows,Cattle,2022,378326
All animals,No,All prescription types,Pigs nCU,All species,2024,42
All animals,Yes,All prescription types,Laying hens,Poultry,2022,13430
Farm animals,No,Single treatments farm animals,Dairy cows,Cattle,2022,378326
All animals,No,Oral group treatments,Pigs nCU,All species,2024,42
All animals,Yes,Single treatments farm animals,Laying hens,Poultry,2022,10
All animals,All types of active ingredients,All prescription types,Pigs nCU,All species,2024,42
Farm animals,Yes,All prescription types,Dairy cows,Cattle,2022,29338
All animals,All types of active ingredients,Oral group treatments,Pigs nCU,All species,2024,42
All animals,Yes,Oral group treatments,Laying hens,Poultry,2022,13420
All animals,No,All prescription types,Goats,All species,2024,9725
Farm animals,Yes,Single treatments farm animals,Dairy cows,Cattle,2022,29295
All animals,No,Single treatments farm animals,Goats,All species,2024,8238
All animals,All types of active ingredients,All prescription types,Laying hens,Poultry,2022,311835
Farm animals,Yes,Oral group treatments,Dairy cows,Cattle,2022,43
All animals,All types of active ingredients,Single treatments farm animals,Laying hens,Poultry,2022,15
All animals,No,Oral group treatments,Goats,All species,2024,1487
All animals,All types of active ingredients,Oral group treatments,Laying hens,Poultry,2022,311820
Farm animals,All types of active ingredients,All prescription types,Dairy cows,Cattle,2022,407664
All animals,Yes,All prescription types,Goats,All species,2024,1312
All animals,No,All prescription types,Fattening broilers,Poultry,2022,5534953
All animals,Yes,Single treatments farm animals,Goats,All species,2024,796
Farm animals,All types of active ingredients,Single treatments farm animals,Dairy cows,Cattle,2022,407621
All animals,No,Oral group treatments,Fattening broilers,Poultry,2022,5534953
All animals,Yes,Oral group treatments,Goats,All species,2024,516
All animals,All types of active ingredients,All prescription types,Goats,All species,2024,11037
All animals,Yes,All prescription types,Fattening broilers,Poultry,2022,1914294
All animals,All types of active ingredients,Single treatments farm animals,Goats,All species,2024,9034
All animals,Yes,Single treatments farm animals,Fattening broilers,Poultry,2022,1
All animals,All types of active ingredients,Oral group treatments,Goats,All species,2024,2003
Farm animals,All types of active ingredients,Oral group treatments,Dairy cows,Cattle,2022,43
All animals,Yes,Oral group treatments,Fattening broilers,Poultry,2022,1914293
All animals,All types of active ingredients,All prescription types,Fattening broilers,Poultry,2022,7449247
All animals,All types of active ingredients,Single treatments farm animals,Fattening broilers,Poultry,2022,1
Farm animals,No,All prescription types,Cow-calf calves,Cattle,2022,16068
All animals,All types of active ingredients,Oral group treatments,Fattening broilers,Poultry,2022,7449246
All animals,No,All prescription types,Fattening turkeys,Poultry,2022,17651
Farm animals,No,Single treatments farm animals,Cow-calf calves,Cattle,2022,15933
All animals,No,Single treatments farm animals,Fattening turkeys,Poultry,2022,1
All animals,No,Oral group treatments,Fattening turkeys,Poultry,2022,17650
Farm animals,No,Oral group treatments,Cow-calf calves,Cattle,2022,135
All animals,Yes,All prescription types,Fattening turkeys,Poultry,2022,1200
All animals,Yes,Oral group treatments,Fattening turkeys,Poultry,2022,1200
Farm animals,Yes,All prescription types,Cow-calf calves,Cattle,2022,3527
All animals,No,All prescription types,Breeding sows and boars,All species,2024,3699
All animals,No,Single treatments farm animals,Breeding sows and boars,All species,2024,2109
Farm animals,Yes,Single treatments farm animals,Cow-calf calves,Cattle,2022,3527
All animals,All types of active ingredients,All prescription types,Fattening turkeys,Poultry,2022,18851
All animals,No,Oral group treatments,Breeding sows and boars,All species,2024,1590
Farm animals,All types of active ingredients,All prescription types,Cow-calf calves,Cattle,2022,19595
All animals,All types of active ingredients,Single treatments farm animals,Fattening turkeys,Poultry,2022,1
All animals,Yes,All prescription types,Breeding sows and boars,All species,2024,2259
Farm animals,All types of active ingredients,Single treatments farm animals,Cow-calf calves,Cattle,2022,19460
All animals,All types of active ingredients,Oral group treatments,Fattening turkeys,Poultry,2022,18850
Farm animals,All types of active ingredients,Oral group treatments,Cow-calf calves,Cattle,2022,135
All animals,No,All prescription types,All categories of use,Game animals,2022,27
All animals,Yes,Single treatments farm animals,Breeding sows and boars,All species,2024,2259
Farm animals,No,All prescription types,Suckler cows,Cattle,2022,25470
All animals,All types of active ingredients,All prescription types,Breeding sows and boars,All species,2024,5958
All animals,No,Single treatments farm animals,All categories of use,Game animals,2022,27
Farm animals,No,Single treatments farm animals,Suckler cows,Cattle,2022,25470
All animals,All types of active ingredients,Single treatments farm animals,Breeding sows and boars,All species,2024,4368
All animals,Yes,All prescription types,All categories of use,Game animals,2022,5
Farm animals,Yes,All prescription types,Suckler cows,Cattle,2022,1634
All animals,All types of active ingredients,Oral group treatments,Breeding sows and boars,All species,2024,1590
All animals,Yes,Single treatments farm animals,All categories of use,Game animals,2022,5
Farm animals,Yes,Single treatments farm animals,Suckler cows,Cattle,2022,1634
All animals,No,All prescription types,All categories of use,Equids,2024,21734
All animals,All types of active ingredients,All prescription types,All categories of use,Game animals,2022,32
Farm animals,All types of active ingredients,All prescription types,Suckler cows,Cattle,2022,27104
All animals,No,Single treatments companion animals,All categories of use,Equids,2024,21734
All animals,All types of active ingredients,Single treatments farm animals,All categories of use,Game animals,2022,32
Farm animals,All types of active ingredients,Single treatments farm animals,Suckler cows,Cattle,2022,27104
All animals,Yes,All prescription types,All categories of use,Equids,2024,1101
All animals,No,All prescription types,Game animals,Game animals,2022,27
All animals,No,Single treatments farm animals,Game animals,Game animals,2022,27
All animals,Yes,Single treatments companion animals,All categories of use,Equids,2024,1101
All animals,Yes,All prescription types,Game animals,Game animals,2022,5
All animals,All types of active ingredients,All prescription types,All categories of use,Equids,2024,22835
All animals,Yes,Single treatments farm animals,Game animals,Game animals,2022,5
All animals,All types of active ingredients,Single treatments companion animals,All categories of use,Equids,2024,22835
All animals,All types of active ingredients,All prescription types,Game animals,Game animals,2022,32
All animals,No,All prescription types,Equids,Equids,2024,21734
All animals,All types of active ingredients,Single treatments farm animals,Game animals,Game animals,2022,32
All animals,No,Single treatments companion animals,Equids,Equids,2024,21734
All animals,Yes,All prescription types,Equids,Equids,2024,1101
All animals,Yes,Single treatments companion animals,Equids,Equids,2024,1101
All animals,All types of active ingredients,All prescription types,Equids,Equids,2024,22835
All animals,No,All prescription types,All categories of use,Dogs,2022,208614
All animals,All types of active ingredients,Single treatments companion animals,Equids,Equids,2024,22835
All animals,No,Single treatments companion animals,All categories of use,Dogs,2022,208614
All animals,No,All prescription types,All categories of use,Fish,2024,5916760
Farm animals,No,All prescription types,Cattle nCU,Cattle,2022,113112
All animals,No,Single treatments farm animals,All categories of use,Fish,2024,5550
Farm animals,No,Single treatments farm animals,Cattle nCU,Cattle,2022,112567
All animals,Yes,All prescription types,All categories of use,Dogs,2022,27158
Farm animals,No,Oral group treatments,Cattle nCU,Cattle,2022,545
All animals,No,Oral group treatments,All categories of use,Fish,2024,5911210
Farm animals,Yes,All prescription types,Cattle nCU,Cattle,2022,14236
All animals,Yes,Single treatments companion animals,All categories of use,Dogs,2022,27158
Farm animals,Yes,Single treatments farm animals,Cattle nCU,Cattle,2022,13807
All animals,All types of active ingredients,All prescription types,All categories of use,Dogs,2022,235772
Farm animals,Yes,Oral group treatments,Cattle nCU,Cattle,2022,429
All animals,All types of active ingredients,All prescription types,All categories of use,Fish,2024,5916760
All animals,All types of active ingredients,Single treatments farm animals,All categories of use,Fish,2024,5550
All animals,All types of active ingredients,Single treatments companion animals,All categories of use,Dogs,2022,235772
Farm animals,All types of active ingredients,All prescription types,Cattle nCU,Cattle,2022,127348
All animals,No,All prescription types,Dogs,Dogs,2022,208614
All animals,All types of active ingredients,Oral group treatments,All categories of use,Fish,2024,5911210
Farm animals,All types of active ingredients,Single treatments farm animals,Cattle nCU,Cattle,2022,126374
Farm animals,All types of active ingredients,Oral group treatments,Cattle nCU,Cattle,2022,974
All animals,No,Single treatments companion animals,Dogs,Dogs,2022,208614
All animals,No,All prescription types,Fish,Fish,2024,5916760
All animals,No,Single treatments farm animals,Fish,Fish,2024,5550
All animals,Yes,All prescription types,Dogs,Dogs,2022,27158
All animals,No,Oral group treatments,Fish,Fish,2024,5911210
All animals,All types of active ingredients,All prescription types,Fish,Fish,2024,5916760
Farm animals,No,All prescription types,All categories of use,Sheep,2022,14265
All animals,Yes,Single treatments companion animals,Dogs,Dogs,2022,27158
All animals,All types of active ingredients,Single treatments farm animals,Fish,Fish,2024,5550
Farm animals,No,Single treatments farm animals,All categories of use,Sheep,2022,13551
All animals,All types of active ingredients,All prescription types,Dogs,Dogs,2022,235772
All animals,All types of active ingredients,Oral group treatments,Fish,Fish,2024,5911210
Farm animals,No,Oral group treatments,All categories of use,Sheep,2022,714
All animals,All types of active ingredients,Single treatments companion animals,Dogs,Dogs,2022,235772
Farm animals,Yes,All prescription types,All categories of use,Sheep,2022,1364
All animals,No,All prescription types,All categories of use,Camelids,2022,569
All animals,No,Single treatments farm animals,All categories of use,Camelids,2022,569
Farm animals,Yes,Single treatments farm animals,All categories of use,Sheep,2022,1364
All animals,No,All prescription types,All categories of use,Poultry,2024,6475092
All animals,Yes,All prescription types,All categories of use,Camelids,2022,152
All animals,No,Single treatments farm animals,All categories of use,Poultry,2024,102
All animals,Yes,Single treatments farm animals,All categories of use,Camelids,2022,152
All animals,No,Oral group treatments,All categories of use,Poultry,2024,6474990
All animals,All types of active ingredients,All prescription types,All categories of use,Camelids,2022,721
Farm animals,All types of active ingredients,All prescription types,All categories of use,Sheep,2022,15629
All animals,All types of active ingredients,Single treatments farm animals,All categories of use,Camelids,2022,721
Farm animals,All types of active ingredients,Single treatments farm animals,All categories of use,Sheep,2022,14915
All animals,Yes,All prescription types,All categories of use,Poultry,2024,1109721
All animals,No,All prescription types,Camelids,Camelids,2022,569
All animals,Yes,Single treatments farm animals,All categories of use,Poultry,2024,46
Farm animals,All types of active ingredients,Oral group treatments,All categories of use,Sheep,2022,714
All animals,No,Single treatments farm animals,Camelids,Camelids,2022,569
All animals,Yes,All prescription types,Camelids,Camelids,2022,152
All animals,Yes,Oral group treatments,All categories of use,Poultry,2024,1109675
All animals,Yes,Single treatments farm animals,Camelids,Camelids,2022,152
All animals,All types of active ingredients,All prescription types,Camelids,Camelids,2022,721
Farm animals,No,All prescription types,Sheep,Sheep,2022,14265
All animals,All types of active ingredients,Single treatments farm animals,Camelids,Camelids,2022,721
All animals,All types of active ingredients,All prescription types,All categories of use,Poultry,2024,7584813
Farm animals,No,Single treatments farm animals,Sheep,Sheep,2022,13551
All animals,All types of active ingredients,Single treatments farm animals,All categories of use,Poultry,2024,148
All animals,All types of active ingredients,Oral group treatments,All categories of use,Poultry,2024,7584665
Farm animals,No,Oral group treatments,Sheep,Sheep,2022,714
All animals,No,All prescription types,Rearing laying hens and parent birds,Poultry,2024,84693
Farm animals,Yes,All prescription types,Sheep,Sheep,2022,1364
Farm animals,Yes,Single treatments farm animals,Sheep,Sheep,2022,1364
All animals,No,Oral group treatments,Rearing laying hens and parent birds,Poultry,2024,84693
Farm animals,All types of active ingredients,All prescription types,Sheep,Sheep,2022,15629
All animals,Yes,All prescription types,Rearing laying hens and parent birds,Poultry,2024,176433
All animals,No,All prescription types,All categories of use,Rabbits,2022,134378
Farm animals,All types of active ingredients,Single treatments farm animals,Sheep,Sheep,2022,14915
All animals,Yes,Single treatments farm animals,Rearing laying hens and parent birds,Poultry,2024,4
All animals,No,Single treatments farm animals,All categories of use,Rabbits,2022,16
All animals,Yes,Oral group treatments,Rearing laying hens and parent birds,Poultry,2024,176429
Farm animals,All types of active ingredients,Oral group treatments,Sheep,Sheep,2022,714
All animals,No,Oral group treatments,All categories of use,Rabbits,2022,134362
All animals,All types of active ingredients,All prescription types,Rearing laying hens and parent birds,Poultry,2024,261126
All animals,All types of active ingredients,Single treatments farm animals,Rearing laying hens and parent birds,Poultry,2024,4
All animals,Yes,All prescription types,All categories of use,Rabbits,2022,2124
All animals,All types of active ingredients,Oral group treatments,Rearing laying hens and parent birds,Poultry,2024,261122
All animals,Yes,Single treatments farm animals,All categories of use,Rabbits,2022,124
All animals,Yes,Oral group treatments,All categories of use,Rabbits,2022,2000
All animals,All types of active ingredients,All prescription types,All categories of use,Rabbits,2022,136502
All animals,All types of active ingredients,Single treatments farm animals,All categories of use,Rabbits,2022,140
All animals,No,All prescription types,Poultry nCU,Poultry,2024,2011
All animals,All types of active ingredients,Oral group treatments,All categories of use,Rabbits,2022,136362
Farm animals,No,All prescription types,All categories of use,Pigs,2022,173707
All animals,No,Single treatments farm animals,Poultry nCU,Poultry,2024,11
All animals,No,All prescription types,Rabbits,Rabbits,2022,134378
Farm animals,No,Single treatments farm animals,All categories of use,Pigs,2022,7352
All animals,No,Oral group treatments,Poultry nCU,Poultry,2024,2000
All animals,No,Single treatments farm animals,Rabbits,Rabbits,2022,16
Farm animals,No,Oral group treatments,All categories of use,Pigs,2022,166355
All animals,Yes,All prescription types,Poultry nCU,Poultry,2024,29
All animals,No,Oral group treatments,Rabbits,Rabbits,2022,134362
All animals,Yes,Single treatments farm animals,Poultry nCU,Poultry,2024,29
All animals,All types of active ingredients,All prescription types,Poultry nCU,Poultry,2024,2040
All animals,Yes,All prescription types,Rabbits,Rabbits,2022,2124
Farm animals,Yes,All prescription types,All categories of use,Pigs,2022,25357
All animals,All types of active ingredients,Single treatments farm animals,Poultry nCU,Poultry,2024,40
All animals,Yes,Single treatments farm animals,Rabbits,Rabbits,2022,124
All animals,All types of active ingredients,Oral group treatments,Poultry nCU,Poultry,2024,2000
All animals,Yes,Oral group treatments,Rabbits,Rabbits,2022,2000
Farm animals,Yes,Single treatments farm animals,All categories of use,Pigs,2022,5433
All animals,No,All prescription types,Laying and parent birds,Poultry,2024,83734
Farm animals,Yes,Oral group treatments,All categories of use,Pigs,2022,19924
All animals,No,Oral group treatments,Laying and parent birds,Poultry,2024,83734
All animals,All types of active ingredients,All prescription types,Rabbits,Rabbits,2022,136502
All animals,Yes,All prescription types,Laying and parent birds,Poultry,2024,2256
All animals,All types of active ingredients,Single treatments farm animals,Rabbits,Rabbits,2022,140
Farm animals,All types of active ingredients,All prescription types,All categories of use,Pigs,2022,199064
All animals,Yes,Single treatments farm animals,Laying and parent birds,Poultry,2024,2
All animals,All types of active ingredients,Oral group treatments,Rabbits,Rabbits,2022,136362
All animals,Yes,Oral group treatments,Laying and parent birds,Poultry,2024,2254
Farm animals,All types of active ingredients,Single treatments farm animals,All categories of use,Pigs,2022,12785
All animals,No,All prescription types,All categories of use,Cats,2022,214726
All animals,All types of active ingredients,All prescription types,Laying and parent birds,Poultry,2024,85990
Farm animals,All types of active ingredients,Oral group treatments,All categories of use,Pigs,2022,186279
All animals,No,Single treatments companion animals,All categories of use,Cats,2022,214726
All animals,Yes,All prescription types,All categories of use,Cats,2022,100639
All animals,All types of active ingredients,Single treatments farm animals,Laying and parent birds,Poultry,2024,2
All animals,All types of active ingredients,Oral group treatments,Laying and parent birds,Poultry,2024,85988
Farm animals,No,All prescription types,Young sows,Pigs,2022,324
All animals,Yes,Single treatments companion animals,All categories of use,Cats,2022,100639
Farm animals,No,Single treatments farm animals,Young sows,Pigs,2022,56
All animals,All types of active ingredients,All prescription types,All categories of use,Cats,2022,315365
All animals,No,All prescription types,Laying hens,Poultry,2024,120612
Farm animals,No,Oral group treatments,Young sows,Pigs,2022,268
All animals,All types of active ingredients,Single treatments companion animals,All categories of use,Cats,2022,315365
All animals,No,Single treatments farm animals,Laying hens,Poultry,2024,8
Farm animals,Yes,All prescription types,Young sows,Pigs,2022,11
All animals,No,All prescription types,Cats,Cats,2022,214726
All animals,No,Oral group treatments,Laying hens,Poultry,2024,120604
All animals,No,Single treatments companion animals,Cats,Cats,2022,214726
All animals,Yes,All prescription types,Laying hens,Poultry,2024,19158
Farm animals,Yes,Single treatments farm animals,Young sows,Pigs,2022,11
All animals,Yes,Single treatments farm animals,Laying hens,Poultry,2024,8
All animals,Yes,All prescription types,Cats,Cats,2022,100639
Farm animals,All types of active ingredients,All prescription types,Young sows,Pigs,2022,335
All animals,Yes,Single treatments companion animals,Cats,Cats,2022,100639
All animals,Yes,Oral group treatments,Laying hens,Poultry,2024,19150
Farm animals,All types of active ingredients,Single treatments farm animals,Young sows,Pigs,2022,67
All animals,All types of active ingredients,All prescription types,Laying hens,Poultry,2024,139770
All animals,All types of active ingredients,All prescription types,Cats,Cats,2022,315365
Farm animals,All types of active ingredients,Oral group treatments,Young sows,Pigs,2022,268
All animals,All types of active ingredients,Single treatments companion animals,Cats,Cats,2022,315365
All animals,All types of active ingredients,Single treatments farm animals,Laying hens,Poultry,2024,16
Farm animals,No,All prescription types,Fattening pigs,Pigs,2022,61545
All animals,All types of active ingredients,Oral group treatments,Laying hens,Poultry,2024,139754
All animals,No,All prescription types,All categories of use,Cattle,2022,876407
All animals,No,All prescription types,Fattening broilers,Poultry,2024,6163470
Farm animals,No,Single treatments farm animals,Fattening pigs,Pigs,2022,4064
All animals,No,Single treatments farm animals,All categories of use,Cattle,2022,634406
All animals,No,Single treatments farm animals,Fattening broilers,Poultry,2024,1
Farm animals,No,Oral group treatments,Fattening pigs,Pigs,2022,57481
All animals,No,Oral group treatments,All categories of use,Cattle,2022,242001
All animals,No,Oral group treatments,Fattening broilers,Poultry,2024,6163469
All animals,Yes,All prescription types,Fattening broilers,Poultry,2024,911803
Farm animals,Yes,All prescription types,Fattening pigs,Pigs,2022,4991
All animals,Yes,All prescription types,All categories of use,Cattle,2022,132162
All animals,Yes,Single treatments farm animals,All categories of use,Cattle,2022,86569
All animals,Yes,Single treatments farm animals,Fattening broilers,Poultry,2024,1
All animals,Yes,Oral group treatments,All categories of use,Cattle,2022,45593
Farm animals,Yes,Single treatments farm animals,Fattening pigs,Pigs,2022,248
All animals,Yes,Oral group treatments,Fattening broilers,Poultry,2024,911802
All animals,All types of active ingredients,All prescription types,Fattening broilers,Poultry,2024,7075273
Farm animals,Yes,Oral group treatments,Fattening pigs,Pigs,2022,4743
All animals,All types of active ingredients,Single treatments farm animals,Fattening broilers,Poultry,2024,2
Farm animals,All types of active ingredients,All prescription types,Fattening pigs,Pigs,2022,66536
All animals,All types of active ingredients,All prescription types,All categories of use,Cattle,2022,1008569
All animals,All types of active ingredients,Oral group treatments,Fattening broilers,Poultry,2024,7075271
Farm animals,All types of active ingredients,Single treatments farm animals,Fattening pigs,Pigs,2022,4312
All animals,No,All prescription types,Fattening turkeys,Poultry,2024,20572
All animals,All types of active ingredients,Single treatments farm animals,All categories of use,Cattle,2022,720975
Farm animals,All types of active ingredients,Oral group treatments,Fattening pigs,Pigs,2022,62224
All animals,No,Single treatments farm animals,Fattening turkeys,Poultry,2024,82
All animals,All types of active ingredients,Oral group treatments,All categories of use,Cattle,2022,287594
All animals,No,Oral group treatments,Fattening turkeys,Poultry,2024,20490
All animals,No,All prescription types,Rearing calves,Cattle,2022,55220
Farm animals,No,All prescription types,Suckling and weaned piglets,Pigs,2022,103363
All animals,Yes,All prescription types,Fattening turkeys,Poultry,2024,42
All animals,No,Single treatments farm animals,Rearing calves,Cattle,2022,47217
All animals,Yes,Single treatments farm animals,Fattening turkeys,Poultry,2024,2
Farm animals,No,Single treatments farm animals,Suckling and weaned piglets,Pigs,2022,868
All animals,Yes,Oral group treatments,Fattening turkeys,Poultry,2024,40
All animals,No,Oral group treatments,Rearing calves,Cattle,2022,8003
All animals,All types of active ingredients,All prescription types,Fattening turkeys,Poultry,2024,20614
Farm animals,No,Oral group treatments,Suckling and weaned piglets,Pigs,2022,102495
All animals,Yes,All prescription types,Rearing calves,Cattle,2022,13692
All animals,All types of active ingredients,Single treatments farm animals,Fattening turkeys,Poultry,2024,84
All animals,All types of active ingredients,Oral group treatments,Fattening turkeys,Poultry,2024,20530
Farm animals,Yes,All prescription types,Suckling and weaned piglets,Pigs,2022,16620
All animals,Yes,Single treatments farm animals,Rearing calves,Cattle,2022,11218
All animals,No,All prescription types,All categories of use,Game animals,2024,20
Farm animals,Yes,Single treatments farm animals,Suckling and weaned piglets,Pigs,2022,4099
All animals,Yes,Oral group treatments,Rearing calves,Cattle,2022,2474
All animals,All types of active ingredients,All prescription types,Rearing calves,Cattle,2022,68912
All animals,No,Single treatments farm animals,All categories of use,Game animals,2024,20
All animals,All types of active ingredients,Single treatments farm animals,Rearing calves,Cattle,2022,58435
Farm animals,Yes,Oral group treatments,Suckling and weaned piglets,Pigs,2022,12521
All animals,Yes,All prescription types,All categories of use,Game animals,2024,1
All animals,All types of active ingredients,Oral group treatments,Rearing calves,Cattle,2022,10477
Farm animals,All types of active ingredients,All prescription types,Suckling and weaned piglets,Pigs,2022,119983
All animals,No,All prescription types,Rearing cattle,Cattle,2022,19712
All animals,Yes,Single treatments farm animals,All categories of use,Game animals,2024,1
All animals,No,Single treatments farm animals,Rearing cattle,Cattle,2022,18588
Farm animals,All types of active ingredients,Single treatments farm animals,Suckling and weaned piglets,Pigs,2022,4967
Farm animals,All types of active ingredients,Oral group treatments,Suckling and weaned piglets,Pigs,2022,115016
All animals,No,Oral group treatments,Rearing cattle,Cattle,2022,1124
All animals,All types of active ingredients,All prescription types,All categories of use,Game animals,2024,21
All animals,Yes,All prescription types,Rearing cattle,Cattle,2022,3108
All animals,All types of active ingredients,Single treatments farm animals,All categories of use,Game animals,2024,21
All animals,Yes,Single treatments farm animals,Rearing cattle,Cattle,2022,2120
All animals,No,All prescription types,Game animals,Game animals,2024,20
All animals,No,Single treatments farm animals,Game animals,Game animals,2024,20
All animals,Yes,Oral group treatments,Rearing cattle,Cattle,2022,988
All animals,All types of active ingredients,All prescription types,Rearing cattle,Cattle,2022,22820
All animals,Yes,All prescription types,Game animals,Game animals,2024,1
All animals,All types of active ingredients,Single treatments farm animals,Rearing cattle,Cattle,2022,20708
All animals,Yes,Single treatments farm animals,Game animals,Game animals,2024,1
All animals,All types of active ingredients,Oral group treatments,Rearing cattle,Cattle,2022,2112
All animals,All types of active ingredients,All prescription types,Game animals,Game animals,2024,21
All animals,No,All prescription types,Fattening calves and cattle,Cattle,2022,268499
All animals,All types of active ingredients,Single treatments farm animals,Game animals,Game animals,2024,21
All animals,No,Single treatments farm animals,Fattening calves and cattle,Cattle,2022,36305
All animals,No,Oral group treatments,Fattening calves and cattle,Cattle,2022,232194
All animals,Yes,All prescription types,Fattening calves and cattle,Cattle,2022,66627
Farm animals,No,All prescription types,Pigs nCU,Pigs,2022,6311
All animals,Yes,Single treatments farm animals,Fattening calves and cattle,Cattle,2022,24968
Farm animals,No,Single treatments farm animals,Pigs nCU,Pigs,2022,1452
All animals,Yes,Oral group treatments,Fattening calves and cattle,Cattle,2022,41659
All animals,No,All prescription types,All categories of use,Dogs,2024,200532
All animals,All types of active ingredients,All prescription types,Fattening calves and cattle,Cattle,2022,335126
Farm animals,No,Oral group treatments,Pigs nCU,Pigs,2022,4859
All animals,No,Single treatments companion animals,All categories of use,Dogs,2024,200532
All animals,All types of active ingredients,Single treatments farm animals,Fattening calves and cattle,Cattle,2022,61273
All animals,Yes,All prescription types,All categories of use,Dogs,2024,21606
Farm animals,Yes,All prescription types,Pigs nCU,Pigs,2022,3139
All animals,All types of active ingredients,Oral group treatments,Fattening calves and cattle,Cattle,2022,273853
All animals,Yes,Single treatments companion animals,All categories of use,Dogs,2024,21606
Farm animals,Yes,Single treatments farm animals,Pigs nCU,Pigs,2022,480
All animals,No,All prescription types,Dairy cows,Cattle,2022,378326
All animals,All types of active ingredients,All prescription types,All categories of use,Dogs,2024,222138
Farm animals,Yes,Oral group treatments,Pigs nCU,Pigs,2022,2659
All animals,No,Single treatments farm animals,Dairy cows,Cattle,2022,378326
All animals,All types of active ingredients,Single treatments companion animals,All categories of use,Dogs,2024,222138
Farm animals,All types of active ingredients,All prescription types,Pigs nCU,Pigs,2022,9450
All animals,No,All prescription types,Dogs,Dogs,2024,200532
All animals,Yes,All prescription types,Dairy cows,Cattle,2022,29338
Farm animals,All types of active ingredients,Single treatments farm animals,Pigs nCU,Pigs,2022,1932
All animals,No,Single treatments companion animals,Dogs,Dogs,2024,200532
All animals,Yes,Single treatments farm animals,Dairy cows,Cattle,2022,29295
All animals,Yes,All prescription types,Dogs,Dogs,2024,21606
All animals,Yes,Oral group treatments,Dairy cows,Cattle,2022,43
Farm animals,All types of active ingredients,Oral group treatments,Pigs nCU,Pigs,2022,7518
All animals,Yes,Single treatments companion animals,Dogs,Dogs,2024,21606
All animals,All types of active ingredients,All prescription types,Dairy cows,Cattle,2022,407664
All animals,All types of active ingredients,All prescription types,Dogs,Dogs,2024,222138
Farm animals,No,All prescription types,Breeding sows and boars,Pigs,2022,2164
All animals,All types of active ingredients,Single treatments companion animals,Dogs,Dogs,2024,222138
All animals,All types of active ingredients,Single treatments farm animals,Dairy cows,Cattle,2022,407621
All animals,All types of active ingredients,Oral group treatments,Dairy cows,Cattle,2022,43
All animals,No,All prescription types,All categories of use,Camelids,2024,783
Farm animals,No,Single treatments farm animals,Breeding sows and boars,Pigs,2022,912
All animals,No,Single treatments farm animals,All categories of use,Camelids,2024,783
All animals,No,All prescription types,Cow-calf calves,Cattle,2022,16068
Farm animals,No,Oral group treatments,Breeding sows and boars,Pigs,2022,1252
All animals,No,Single treatments farm animals,Cow-calf calves,Cattle,2022,15933
All animals,Yes,All prescription types,All categories of use,Camelids,2024,119
Farm animals,Yes,All prescription types,Breeding sows and boars,Pigs,2022,596
All animals,Yes,Single treatments farm animals,All categories of use,Camelids,2024,119
All animals,No,Oral group treatments,Cow-calf calves,Cattle,2022,135
Farm animals,Yes,Single treatments farm animals,Breeding sows and boars,Pigs,2022,595
All animals,Yes,All prescription types,Cow-calf calves,Cattle,2022,3527
Farm animals,Yes,Oral group treatments,Breeding sows and boars,Pigs,2022,1
All animals,All types of active ingredients,All prescription types,All categories of use,Camelids,2024,902
All animals,Yes,Single treatments farm animals,Cow-calf calves,Cattle,2022,3527
Farm animals,All types of active ingredients,All prescription types,Breeding sows and boars,Pigs,2022,2760
All animals,All types of active ingredients,Single treatments farm animals,All categories of use,Camelids,2024,902
All animals,All types of active ingredients,All prescription types,Cow-calf calves,Cattle,2022,19595
Farm animals,All types of active ingredients,Single treatments farm animals,Breeding sows and boars,Pigs,2022,1507
All animals,No,All prescription types,Camelids,Camelids,2024,783
All animals,All types of active ingredients,Single treatments farm animals,Cow-calf calves,Cattle,2022,19460
Farm animals,All types of active ingredients,Oral group treatments,Breeding sows and boars,Pigs,2022,1253
All animals,All types of active ingredients,Oral group treatments,Cow-calf calves,Cattle,2022,135
All animals,No,Single treatments farm animals,Camelids,Camelids,2024,783
All animals,No,All prescription types,Suckler cows,Cattle,2022,25470
All animals,Yes,All prescription types,Camelids,Camelids,2024,119
All animals,No,Single treatments farm animals,Suckler cows,Cattle,2022,25470
All animals,Yes,Single treatments farm animals,Camelids,Camelids,2024,119
All animals,All types of active ingredients,All prescription types,Camelids,Camelids,2024,902
All animals,Yes,All prescription types,Suckler cows,Cattle,2022,1634
All animals,All types of active ingredients,Single treatments farm animals,Camelids,Camelids,2024,902
All animals,Yes,Single treatments farm animals,Suckler cows,Cattle,2022,1634
All animals,All types of active ingredients,All prescription types,Suckler cows,Cattle,2022,27104
All animals,All types of active ingredients,Single treatments farm animals,Suckler cows,Cattle,2022,27104
All animals,No,All prescription types,All categories of use,Rabbits,2024,2417
All animals,No,Single treatments farm animals,All categories of use,Rabbits,2024,17
All animals,No,Oral group treatments,All categories of use,Rabbits,2024,2400
All animals,No,All prescription types,Cattle nCU,Cattle,2022,113112
All animals,Yes,All prescription types,All categories of use,Rabbits,2024,438
All animals,No,Single treatments farm animals,Cattle nCU,Cattle,2022,112567
All animals,Yes,Single treatments farm animals,All categories of use,Rabbits,2024,438
All animals,No,Oral group treatments,Cattle nCU,Cattle,2022,545
All animals,Yes,All prescription types,Cattle nCU,Cattle,2022,14236
All animals,Yes,Single treatments farm animals,Cattle nCU,Cattle,2022,13807
All animals,Yes,Oral group treatments,Cattle nCU,Cattle,2022,429
All animals,All types of active ingredients,All prescription types,All categories of use,Rabbits,2024,2855
All animals,All types of active ingredients,All prescription types,Cattle nCU,Cattle,2022,127348
All animals,All types of active ingredients,Single treatments farm animals,Cattle nCU,Cattle,2022,126374
All animals,All types of active ingredients,Single treatments farm animals,All categories of use,Rabbits,2024,455
All animals,All types of active ingredients,Oral group treatments,All categories of use,Rabbits,2024,2400
All animals,All types of active ingredients,Oral group treatments,Cattle nCU,Cattle,2022,974
Farm animals,No,All prescription types,All categories of use,Goats,2022,11803
All animals,No,All prescription types,Rabbits,Rabbits,2024,2417
Farm animals,No,Single treatments farm animals,All categories of use,Goats,2022,7469
All animals,No,Single treatments farm animals,Rabbits,Rabbits,2024,17
All animals,No,All prescription types,All categories of use,Sheep,2022,14265
Farm animals,No,Oral group treatments,All categories of use,Goats,2022,4334
All animals,No,Single treatments farm animals,All categories of use,Sheep,2022,13551
All animals,No,Oral group treatments,Rabbits,Rabbits,2024,2400
All animals,No,Oral group treatments,All categories of use,Sheep,2022,714
All animals,Yes,All prescription types,Rabbits,Rabbits,2024,438
Farm animals,Yes,All prescription types,All categories of use,Goats,2022,2480
All animals,Yes,Single treatments farm animals,Rabbits,Rabbits,2024,438
Farm animals,Yes,Single treatments farm animals,All categories of use,Goats,2022,719
All animals,Yes,All prescription types,All categories of use,Sheep,2022,1364
All animals,All types of active ingredients,All prescription types,Rabbits,Rabbits,2024,2855
All animals,Yes,Single treatments farm animals,All categories of use,Sheep,2022,1364
Farm animals,Yes,Oral group treatments,All categories of use,Goats,2022,1761
All animals,All types of active ingredients,Single treatments farm animals,Rabbits,Rabbits,2024,455
All animals,All types of active ingredients,All prescription types,All categories of use,Sheep,2022,15629
All animals,All types of active ingredients,Oral group treatments,Rabbits,Rabbits,2024,2400
Farm animals,All types of active ingredients,All prescription types,All categories of use,Goats,2022,14283
All animals,All types of active ingredients,Single treatments farm animals,All categories of use,Sheep,2022,14915
All animals,No,All prescription types,All categories of use,Cats,2024,223231
All animals,All types of active ingredients,Oral group treatments,All categories of use,Sheep,2022,714
Farm animals,All types of active ingredients,Single treatments farm animals,All categories of use,Goats,2022,8188
All animals,No,Single treatments companion animals,All categories of use,Cats,2024,223231
All animals,No,All prescription types,Sheep,Sheep,2022,14265
All animals,No,Single treatments farm animals,Sheep,Sheep,2022,13551
Farm animals,All types of active ingredients,Oral group treatments,All categories of use,Goats,2022,6095
All animals,Yes,All prescription types,All categories of use,Cats,2024,85652
All animals,No,Oral group treatments,Sheep,Sheep,2022,714
All animals,Yes,Single treatments companion animals,All categories of use,Cats,2024,85652
All animals,Yes,All prescription types,Sheep,Sheep,2022,1364
Farm animals,No,All prescription types,Goats,Goats,2022,11803
All animals,Yes,Single treatments farm animals,Sheep,Sheep,2022,1364
All animals,All types of active ingredients,All prescription types,All categories of use,Cats,2024,308883
Farm animals,No,Single treatments farm animals,Goats,Goats,2022,7469
All animals,All types of active ingredients,Single treatments companion animals,All categories of use,Cats,2024,308883
All animals,All types of active ingredients,All prescription types,Sheep,Sheep,2022,15629
Farm animals,No,Oral group treatments,Goats,Goats,2022,4334
All animals,All types of active ingredients,Single treatments farm animals,Sheep,Sheep,2022,14915
Farm animals,Yes,All prescription types,Goats,Goats,2022,2480
All animals,No,All prescription types,Cats,Cats,2024,223231
All animals,All types of active ingredients,Oral group treatments,Sheep,Sheep,2022,714
Farm animals,Yes,Single treatments farm animals,Goats,Goats,2022,719
All animals,No,Single treatments companion animals,Cats,Cats,2024,223231
Farm animals,Yes,Oral group treatments,Goats,Goats,2022,1761
All animals,Yes,All prescription types,Cats,Cats,2024,85652
Farm animals,All types of active ingredients,All prescription types,Goats,Goats,2022,14283
All animals,Yes,Single treatments companion animals,Cats,Cats,2024,85652
All animals,All types of active ingredients,All prescription types,Cats,Cats,2024,308883
Farm animals,All types of active ingredients,Single treatments farm animals,Goats,Goats,2022,8188
Farm animals,All types of active ingredients,Oral group treatments,Goats,Goats,2022,6095
All animals,All types of active ingredients,Single treatments companion animals,Cats,Cats,2024,308883
All animals,No,All prescription types,All categories of use,Cattle,2024,935790
All animals,No,Single treatments farm animals,All categories of use,Cattle,2024,683013
All animals,No,All prescription types,All categories of use,Pigs,2022,173707
All animals,No,Single treatments farm animals,All categories of use,Pigs,2022,7352
All animals,No,Oral group treatments,All categories of use,Cattle,2024,252777
All animals,No,Oral group treatments,All categories of use,Pigs,2022,166355
All animals,Yes,All prescription types,All categories of use,Cattle,2024,139478
All animals,Yes,Single treatments farm animals,All categories of use,Cattle,2024,102198
All animals,Yes,All prescription types,All categories of use,Pigs,2022,25357
All animals,Yes,Oral group treatments,All categories of use,Cattle,2024,37280
All animals,Yes,Single treatments farm animals,All categories of use,Pigs,2022,5433
All animals,No,All prescription types,All categories of use,All species,2023,15326745
All animals,No,Single treatments companion animals,All categories of use,All species,2023,444887
All animals,Yes,Oral group treatments,All categories of use,Pigs,2022,19924
All animals,No,Single treatments farm animals,All categories of use,All species,2023,698698
All animals,All types of active ingredients,All prescription types,All categories of use,Cattle,2024,1075268
All animals,No,Oral group treatments,All categories of use,All species,2023,14183160
All animals,All types of active ingredients,Single treatments farm animals,All categories of use,Cattle,2024,785211
All animals,All types of active ingredients,All prescription types,All categories of use,Pigs,2022,199064
All animals,Yes,All prescription types,All categories of use,All species,2023,1554229
All animals,All types of active ingredients,Single treatments farm animals,All categories of use,Pigs,2022,12785
All animals,All types of active ingredients,Oral group treatments,All categories of use,Cattle,2024,290057
All animals,All types of active ingredients,Oral group treatments,All categories of use,Pigs,2022,186279
All animals,No,All prescription types,Rearing calves,Cattle,2024,63389
All animals,Yes,Single treatments companion animals,All categories of use,All species,2023,120409
All animals,No,Single treatments farm animals,Rearing calves,Cattle,2024,55297
All animals,Yes,Single treatments farm animals,All categories of use,All species,2023,109697
All animals,No,All prescription types,Young sows,Pigs,2022,324
All animals,No,Oral group treatments,Rearing calves,Cattle,2024,8092
All animals,Yes,Oral group treatments,All categories of use,All species,2023,1324123
All animals,No,Single treatments farm animals,Young sows,Pigs,2022,56
All animals,Yes,All prescription types,Rearing calves,Cattle,2024,16536
All animals,No,Oral group treatments,Young sows,Pigs,2022,268
All animals,Yes,Single treatments farm animals,Rearing calves,Cattle,2024,13214
All animals,All types of active ingredients,All prescription types,All categories of use,All species,2023,16880974
All animals,Yes,Oral group treatments,Rearing calves,Cattle,2024,3322
All animals,Yes,All prescription types,Young sows,Pigs,2022,11
All animals,All types of active ingredients,Single treatments companion animals,All categories of use,All species,2023,565296
All animals,All types of active ingredients,All prescription types,Rearing calves,Cattle,2024,79925
All animals,Yes,Single treatments farm animals,Young sows,Pigs,2022,11
All animals,All types of active ingredients,Single treatments farm animals,Rearing calves,Cattle,2024,68511
All animals,All types of active ingredients,Single treatments farm animals,All categories of use,All species,2023,808395
All animals,All types of active ingredients,All prescription types,Young sows,Pigs,2022,335
All animals,All types of active ingredients,Oral group treatments,All categories of use,All species,2023,15507283
All animals,All types of active ingredients,Oral group treatments,Rearing calves,Cattle,2024,11414
All animals,All types of active ingredients,Single treatments farm animals,Young sows,Pigs,2022,67
All animals,No,All prescription types,Rearing laying hens and parent birds,All species,2023,99069
All animals,All types of active ingredients,Oral group treatments,Young sows,Pigs,2022,268
All animals,No,All prescription types,Rearing cattle,Cattle,2024,23364
All animals,No,Single treatments farm animals,Rearing laying hens and parent birds,All species,2023,13
All animals,No,All prescription types,Fattening pigs,Pigs,2022,61545
All animals,No,Oral group treatments,Rearing laying hens and parent birds,All species,2023,99056
All animals,No,Single treatments farm animals,Rearing cattle,Cattle,2024,22798
All animals,Yes,All prescription types,Rearing laying hens and parent birds,All species,2023,130322
All animals,No,Oral group treatments,Rearing cattle,Cattle,2024,566
All animals,No,Single treatments farm animals,Fattening pigs,Pigs,2022,4064
All animals,Yes,All prescription types,Rearing cattle,Cattle,2024,2354
All animals,Yes,Single treatments farm animals,Rearing laying hens and parent birds,All species,2023,32
All animals,No,Oral group treatments,Fattening pigs,Pigs,2022,57481
All animals,Yes,Single treatments farm animals,Rearing cattle,Cattle,2024,2287
All animals,Yes,Oral group treatments,Rearing laying hens and parent birds,All species,2023,130290
All animals,Yes,All prescription types,Fattening pigs,Pigs,2022,4991
All animals,Yes,Oral group treatments,Rearing cattle,Cattle,2024,67
All animals,All types of active ingredients,All prescription types,Rearing laying hens and parent birds,All species,2023,229391
All animals,All types of active ingredients,All prescription types,Rearing cattle,Cattle,2024,25718
All animals,All types of active ingredients,Single treatments farm animals,Rearing cattle,Cattle,2024,25085
All animals,Yes,Single treatments farm animals,Fattening pigs,Pigs,2022,248
All animals,All types of active ingredients,Oral group treatments,Rearing cattle,Cattle,2024,633
All animals,Yes,Oral group treatments,Fattening pigs,Pigs,2022,4743
All animals,All types of active ingredients,Single treatments farm animals,Rearing laying hens and parent birds,All species,2023,45
All animals,No,All prescription types,Fattening calves and cattle,Cattle,2024,288115
All animals,All types of active ingredients,All prescription types,Fattening pigs,Pigs,2022,66536
All animals,All types of active ingredients,Oral group treatments,Rearing laying hens and parent birds,All species,2023,229346
All animals,All types of active ingredients,Single treatments farm animals,Fattening pigs,Pigs,2022,4312
All animals,No,All prescription types,Rearing calves,All species,2023,64486
All animals,No,Single treatments farm animals,Fattening calves and cattle,Cattle,2024,44208
All animals,All types of active ingredients,Oral group treatments,Fattening pigs,Pigs,2022,62224
All animals,No,Oral group treatments,Fattening calves and cattle,Cattle,2024,243907
All animals,No,Single treatments farm animals,Rearing calves,All species,2023,55148
All animals,No,All prescription types,Suckling and weaned piglets,Pigs,2022,103363
All animals,Yes,All prescription types,Fattening calves and cattle,Cattle,2024,74759
All animals,No,Single treatments farm animals,Suckling and weaned piglets,Pigs,2022,868
All animals,No,Oral group treatments,Rearing calves,All species,2023,9338
All animals,Yes,Single treatments farm animals,Fattening calves and cattle,Cattle,2024,40887
All animals,No,Oral group treatments,Suckling and weaned piglets,Pigs,2022,102495
All animals,Yes,All prescription types,Rearing calves,All species,2023,16140
All animals,Yes,Oral group treatments,Fattening calves and cattle,Cattle,2024,33872
All animals,Yes,All prescription types,Suckling and weaned piglets,Pigs,2022,16620
All animals,Yes,Single treatments farm animals,Rearing calves,All species,2023,12672
All animals,All types of active ingredients,All prescription types,Fattening calves and cattle,Cattle,2024,362874
All animals,Yes,Single treatments farm animals,Suckling and weaned piglets,Pigs,2022,4099
All animals,Yes,Oral group treatments,Rearing calves,All species,2023,3468
All animals,Yes,Oral group treatments,Suckling and weaned piglets,Pigs,2022,12521
All animals,All types of active ingredients,Single treatments farm animals,Fattening calves and cattle,Cattle,2024,85095
All animals,All types of active ingredients,All prescription types,Rearing calves,All species,2023,80626
All animals,All types of active ingredients,Oral group treatments,Fattening calves and cattle,Cattle,2024,277779
All animals,All types of active ingredients,Single treatments farm animals,Rearing calves,All species,2023,67820
All animals,All types of active ingredients,All prescription types,Suckling and weaned piglets,Pigs,2022,119983
All animals,All types of active ingredients,Oral group treatments,Rearing calves,All species,2023,12806
All animals,No,All prescription types,Dairy cows,Cattle,2024,511097
All animals,All types of active ingredients,Single treatments farm animals,Suckling and weaned piglets,Pigs,2022,4967
All animals,No,All prescription types,Rearing cattle,All species,2023,23370
All animals,No,Single treatments farm animals,Dairy cows,Cattle,2024,511097
All animals,All types of active ingredients,Oral group treatments,Suckling and weaned piglets,Pigs,2022,115016
All animals,Yes,All prescription types,Dairy cows,Cattle,2024,39541
All animals,No,Single treatments farm animals,Rearing cattle,All species,2023,22786
All animals,No,Oral group treatments,Rearing cattle,All species,2023,584
All animals,Yes,Single treatments farm animals,Dairy cows,Cattle,2024,39541
All animals,Yes,All prescription types,Rearing cattle,All species,2023,3086
All animals,All types of active ingredients,All prescription types,Dairy cows,Cattle,2024,550638
All animals,Yes,Single treatments farm animals,Rearing cattle,All species,2023,2604
All animals,All types of active ingredients,Single treatments farm animals,Dairy cows,Cattle,2024,550638
All animals,Yes,Oral group treatments,Rearing cattle,All species,2023,482
All animals,No,All prescription types,Cow-calf calves,Cattle,2024,19262
All animals,All types of active ingredients,All prescription types,Rearing cattle,All species,2023,26456
All animals,No,Single treatments farm animals,Cow-calf calves,Cattle,2024,19077
All animals,All types of active ingredients,Single treatments farm animals,Rearing cattle,All species,2023,25390
All animals,No,Oral group treatments,Cow-calf calves,Cattle,2024,185
All animals,No,All prescription types,Pigs nCU,Pigs,2022,6311
All animals,All types of active ingredients,Oral group treatments,Rearing cattle,All species,2023,1066
All animals,Yes,All prescription types,Cow-calf calves,Cattle,2024,4165
All animals,No,Single treatments farm animals,Pigs nCU,Pigs,2022,1452
All animals,Yes,Single treatments farm animals,Cow-calf calves,Cattle,2024,4146
All animals,No,Oral group treatments,Pigs nCU,Pigs,2022,4859
All animals,No,All prescription types,Equids,All species,2023,21568
All animals,Yes,Oral group treatments,Cow-calf calves,Cattle,2024,19
All animals,No,Single treatments companion animals,Equids,All species,2023,21568
All animals,Yes,All prescription types,Equids,All species,2023,1044
All animals,Yes,All prescription types,Pigs nCU,Pigs,2022,3139
All animals,Yes,Single treatments companion animals,Equids,All species,2023,1044
All animals,All types of active ingredients,All prescription types,Cow-calf calves,Cattle,2024,23427
All animals,All types of active ingredients,All prescription types,Equids,All species,2023,22612
All animals,All types of active ingredients,Single treatments companion animals,Equids,All species,2023,22612
All animals,No,All prescription types,Fish,All species,2023,7923202
All animals,No,Oral group treatments,Fish,All species,2023,7923202
All animals,Yes,Single treatments farm animals,Pigs nCU,Pigs,2022,480
All animals,All types of active ingredients,Single treatments farm animals,Cow-calf calves,Cattle,2024,23223
All animals,All types of active ingredients,All prescription types,Fish,All species,2023,7923202
All animals,Yes,Oral group treatments,Pigs nCU,Pigs,2022,2659
All animals,All types of active ingredients,Oral group treatments,Fish,All species,2023,7923202
All animals,All types of active ingredients,Oral group treatments,Cow-calf calves,Cattle,2024,204
All animals,All types of active ingredients,All prescription types,Pigs nCU,Pigs,2022,9450
All animals,No,All prescription types,Suckler cows,Cattle,2024,29890
All animals,All types of active ingredients,Single treatments farm animals,Pigs nCU,Pigs,2022,1932
All animals,No,Single treatments farm animals,Suckler cows,Cattle,2024,29863
All animals,All types of active ingredients,Oral group treatments,Pigs nCU,Pigs,2022,7518
All animals,No,Oral group treatments,Suckler cows,Cattle,2024,27
All animals,No,All prescription types,Breeding sows and boars,Pigs,2022,2164
All animals,Yes,All prescription types,Suckler cows,Cattle,2024,2103
All animals,No,Single treatments farm animals,Breeding sows and boars,Pigs,2022,912
All animals,Yes,Single treatments farm animals,Suckler cows,Cattle,2024,2103
All animals,No,Oral group treatments,Breeding sows and boars,Pigs,2022,1252
All animals,All types of active ingredients,All prescription types,Suckler cows,Cattle,2024,31993
All animals,Yes,All prescription types,Breeding sows and boars,Pigs,2022,596
All animals,All types of active ingredients,Single treatments farm animals,Suckler cows,Cattle,2024,31966
All animals,All types of active ingredients,Oral group treatments,Suckler cows,Cattle,2024,27
All animals,No,All prescription types,Poultry nCU,All species,2023,4
All animals,Yes,Single treatments farm animals,Breeding sows and boars,Pigs,2022,595
All animals,No,Single treatments farm animals,Poultry nCU,All species,2023,4
All animals,Yes,Oral group treatments,Breeding sows and boars,Pigs,2022,1
All animals,All types of active ingredients,All prescription types,Breeding sows and boars,Pigs,2022,2760
All animals,All types of active ingredients,Single treatments farm animals,Breeding sows and boars,Pigs,2022,1507
All animals,No,All prescription types,Cattle nCU,Cattle,2024,673
All animals,All types of active ingredients,Oral group treatments,Breeding sows and boars,Pigs,2022,1253
All animals,No,Single treatments farm animals,Cattle nCU,Cattle,2024,673
All animals,Yes,All prescription types,Cattle nCU,Cattle,2024,20
All animals,Yes,Single treatments farm animals,Cattle nCU,Cattle,2024,20
All animals,All types of active ingredients,All prescription types,Cattle nCU,Cattle,2024,693
All animals,All types of active ingredients,Single treatments farm animals,Cattle nCU,Cattle,2024,693
All animals,No,All prescription types,All categories of use,Sheep,2024,19755
All animals,No,Single treatments farm animals,All categories of use,Sheep,2024,19096
All animals,No,Oral group treatments,All categories of use,Sheep,2024,659
All animals,Yes,All prescription types,All categories of use,Sheep,2024,1417
All animals,Yes,Single treatments farm animals,All categories of use,Sheep,2024,1417
All animals,All types of active ingredients,All prescription types,All categories of use,Sheep,2024,21172
All animals,All types of active ingredients,Single treatments farm animals,All categories of use,Sheep,2024,20513
All animals,All types of active ingredients,Oral group treatments,All categories of use,Sheep,2024,659
All animals,No,All prescription types,All categories of use,Goats,2022,11803
All animals,No,All prescription types,Sheep,Sheep,2024,19755
All animals,No,Single treatments farm animals,All categories of use,Goats,2022,7469
All animals,Yes,All prescription types,Poultry nCU,All species,2023,19
All animals,No,Single treatments farm animals,Sheep,Sheep,2024,19096
All animals,No,Oral group treatments,All categories of use,Goats,2022,4334
All animals,No,Oral group treatments,Sheep,Sheep,2024,659
All animals,Yes,Single treatments farm animals,Poultry nCU,All species,2023,19
All animals,All types of active ingredients,All prescription types,Poultry nCU,All species,2023,23
All animals,Yes,All prescription types,Sheep,Sheep,2024,1417
All animals,All types of active ingredients,Single treatments farm animals,Poultry nCU,All species,2023,23
All animals,Yes,All prescription types,All categories of use,Goats,2022,2480
All animals,Yes,Single treatments farm animals,Sheep,Sheep,2024,1417
All animals,No,All prescription types,Game animals,All species,2023,13
All animals,Yes,Single treatments farm animals,All categories of use,Goats,2022,719
All animals,Yes,Oral group treatments,All categories of use,Goats,2022,1761
All animals,All types of active ingredients,All prescription types,Sheep,Sheep,2024,21172
All animals,No,Single treatments farm animals,Game animals,All species,2023,13
All animals,All types of active ingredients,Single treatments farm animals,Sheep,Sheep,2024,20513
All animals,Yes,All prescription types,Game animals,All species,2023,71
All animals,All types of active ingredients,Oral group treatments,Sheep,Sheep,2024,659
All animals,Yes,Single treatments farm animals,Game animals,All species,2023,1
All animals,All types of active ingredients,All prescription types,All categories of use,Goats,2022,14283
All animals,Yes,Oral group treatments,Game animals,All species,2023,70
All animals,All types of active ingredients,Single treatments farm animals,All categories of use,Goats,2022,8188
All animals,All types of active ingredients,All prescription types,Game animals,All species,2023,84
All animals,All types of active ingredients,Oral group treatments,All categories of use,Goats,2022,6095
All animals,All types of active ingredients,Single treatments farm animals,Game animals,All species,2023,14
All animals,No,All prescription types,Goats,Goats,2022,11803
All animals,No,Single treatments farm animals,Goats,Goats,2022,7469
All animals,All types of active ingredients,Oral group treatments,Game animals,All species,2023,70
All animals,No,Oral group treatments,Goats,Goats,2022,4334
All animals,Yes,All prescription types,Goats,Goats,2022,2480
All animals,Yes,Single treatments farm animals,Goats,Goats,2022,719
All animals,No,All prescription types,Dogs,All species,2023,205729
All animals,No,All prescription types,All categories of use,Pigs,2024,158664
All animals,No,Single treatments companion animals,Dogs,All species,2023,205729
All animals,No,Single treatments farm animals,All categories of use,Pigs,2024,9984
All animals,Yes,Oral group treatments,Goats,Goats,2022,1761
All animals,Yes,All prescription types,Dogs,All species,2023,23539
All animals,No,Oral group treatments,All categories of use,Pigs,2024,148680
All animals,All types of active ingredients,All prescription types,Goats,Goats,2022,14283
All animals,Yes,Single treatments companion animals,Dogs,All species,2023,23539
All animals,All types of active ingredients,Single treatments farm animals,Goats,Goats,2022,8188
All animals,All types of active ingredients,All prescription types,Dogs,All species,2023,229268
All animals,All types of active ingredients,Oral group treatments,Goats,Goats,2022,6095
All animals,Yes,All prescription types,All categories of use,Pigs,2024,23196
All animals,All types of active ingredients,Single treatments companion animals,Dogs,All species,2023,229268
All animals,Yes,Single treatments farm animals,All categories of use,Pigs,2024,10884
All animals,No,All prescription types,Young sows,All species,2023,533
All animals,Yes,Oral group treatments,All categories of use,Pigs,2024,12312
All animals,No,Single treatments farm animals,Young sows,All species,2023,126
All animals,No,Oral group treatments,Young sows,All species,2023,407
All animals,All types of active ingredients,All prescription types,All categories of use,Pigs,2024,181860
All animals,Yes,All prescription types,Young sows,All species,2023,332
All animals,Yes,Single treatments farm animals,Young sows,All species,2023,147
All animals,All types of active ingredients,Single treatments farm animals,All categories of use,Pigs,2024,20868
All animals,All types of active ingredients,Oral group treatments,All categories of use,Pigs,2024,160992
All animals,Yes,Oral group treatments,Young sows,All species,2023,185
Pets,No,All prescription types,All categories of use,All species,2022,444675
Pets,No,Single treatments companion animals,All categories of use,All species,2022,444675
All animals,All types of active ingredients,All prescription types,Young sows,All species,2023,865
Pets,Yes,All prescription types,All categories of use,All species,2022,129065
All animals,All types of active ingredients,Single treatments farm animals,Young sows,All species,2023,273
Pets,Yes,Single treatments companion animals,All categories of use,All species,2022,129065
All animals,No,All prescription types,Young sows,Pigs,2024,678
All animals,All types of active ingredients,Oral group treatments,Young sows,All species,2023,592
Pets,All types of active ingredients,All prescription types,All categories of use,All species,2022,573740
All animals,No,Single treatments farm animals,Young sows,Pigs,2024,144
Pets,All types of active ingredients,Single treatments companion animals,All categories of use,All species,2022,573740
All animals,No,All prescription types,Camelids,All species,2023,596
All animals,No,Oral group treatments,Young sows,Pigs,2024,534
All animals,No,Single treatments farm animals,Camelids,All species,2023,596
All animals,Yes,All prescription types,Young sows,Pigs,2024,49
All animals,Yes,All prescription types,Camelids,All species,2023,164
Pets,No,All prescription types,Equids,All species,2022,21335
All animals,Yes,Single treatments farm animals,Camelids,All species,2023,164
Pets,No,Single treatments companion animals,Equids,All species,2022,21335
All animals,Yes,Single treatments farm animals,Young sows,Pigs,2024,29
Pets,Yes,All prescription types,Equids,All species,2022,1268
All animals,All types of active ingredients,All prescription types,Camelids,All species,2023,760
All animals,Yes,Oral group treatments,Young sows,Pigs,2024,20
Pets,Yes,Single treatments companion animals,Equids,All species,2022,1268
All animals,All types of active ingredients,All prescription types,Young sows,Pigs,2024,727
All animals,All types of active ingredients,Single treatments farm animals,Camelids,All species,2023,760
All animals,All types of active ingredients,Single treatments farm animals,Young sows,Pigs,2024,173
Pets,All types of active ingredients,All prescription types,Equids,All species,2022,22603
All animals,All types of active ingredients,Oral group treatments,Young sows,Pigs,2024,554
Pets,All types of active ingredients,Single treatments companion animals,Equids,All species,2022,22603
Pets,No,All prescription types,Dogs,All species,2022,208614
All animals,No,All prescription types,Fattening pigs,Pigs,2024,70061
Pets,No,Single treatments companion animals,Dogs,All species,2022,208614
All animals,No,Single treatments farm animals,Fattening pigs,Pigs,2024,4938
Pets,Yes,All prescription types,Dogs,All species,2022,27158
All animals,No,All prescription types,Rabbits,All species,2023,47417
All animals,No,Oral group treatments,Fattening pigs,Pigs,2024,65123
Pets,Yes,Single treatments companion animals,Dogs,All species,2022,27158
All animals,No,Single treatments farm animals,Rabbits,All species,2023,167
All animals,Yes,All prescription types,Fattening pigs,Pigs,2024,8479
Pets,All types of active ingredients,All prescription types,Dogs,All species,2022,235772
All animals,No,Oral group treatments,Rabbits,All species,2023,47250
All animals,Yes,Single treatments farm animals,Fattening pigs,Pigs,2024,1479
Pets,All types of active ingredients,Single treatments companion animals,Dogs,All species,2022,235772
All animals,Yes,All prescription types,Rabbits,All species,2023,2288
All animals,Yes,Oral group treatments,Fattening pigs,Pigs,2024,7000
Pets,No,All prescription types,Cats,All species,2022,214726
All animals,Yes,Single treatments farm animals,Rabbits,All species,2023,288
All animals,All types of active ingredients,All prescription types,Fattening pigs,Pigs,2024,78540
Pets,No,Single treatments companion animals,Cats,All species,2022,214726
All animals,Yes,Oral group treatments,Rabbits,All species,2023,2000
Pets,Yes,All prescription types,Cats,All species,2022,100639
All animals,All types of active ingredients,Single treatments farm animals,Fattening pigs,Pigs,2024,6417
All animals,All types of active ingredients,All prescription types,Rabbits,All species,2023,49705
Pets,Yes,Single treatments companion animals,Cats,All species,2022,100639
All animals,All types of active ingredients,Single treatments farm animals,Rabbits,All species,2023,455
Pets,All types of active ingredients,All prescription types,Cats,All species,2022,315365
All animals,All types of active ingredients,Oral group treatments,Fattening pigs,Pigs,2024,72123
All animals,All types of active ingredients,Oral group treatments,Rabbits,All species,2023,49250
Pets,All types of active ingredients,Single treatments companion animals,Cats,All species,2022,315365
All animals,No,All prescription types,Suckling and weaned piglets,Pigs,2024,84184
Pets,No,All prescription types,All categories of use,Equids,2022,21335
All animals,No,All prescription types,Cats,All species,2023,217590
Pets,No,Single treatments companion animals,All categories of use,Equids,2022,21335
All animals,No,Single treatments farm animals,Suckling and weaned piglets,Pigs,2024,2793
All animals,No,Single treatments companion animals,Cats,All species,2023,217590
Pets,Yes,All prescription types,All categories of use,Equids,2022,1268
All animals,No,Oral group treatments,Suckling and weaned piglets,Pigs,2024,81391
All animals,Yes,All prescription types,Cats,All species,2023,95826
All animals,Yes,All prescription types,Suckling and weaned piglets,Pigs,2024,12409
Pets,Yes,Single treatments companion animals,All categories of use,Equids,2022,1268
All animals,Yes,Single treatments farm animals,Suckling and weaned piglets,Pigs,2024,7117
All animals,Yes,Single treatments companion animals,Cats,All species,2023,95826
All animals,Yes,Oral group treatments,Suckling and weaned piglets,Pigs,2024,5292
All animals,All types of active ingredients,All prescription types,Suckling and weaned piglets,Pigs,2024,96593
Pets,All types of active ingredients,All prescription types,All categories of use,Equids,2022,22603
All animals,All types of active ingredients,All prescription types,Cats,All species,2023,313416
All animals,All types of active ingredients,Single treatments farm animals,Suckling and weaned piglets,Pigs,2024,9910
All animals,All types of active ingredients,Single treatments companion animals,Cats,All species,2023,313416
All animals,All types of active ingredients,Oral group treatments,Suckling and weaned piglets,Pigs,2024,86683
All animals,No,All prescription types,Laying and parent birds,All species,2023,59971
Pets,All types of active ingredients,Single treatments companion animals,All categories of use,Equids,2022,22603
All animals,No,Oral group treatments,Laying and parent birds,All species,2023,59971
All animals,All types of active ingredients,All prescription types,All categories of use,Game animals,2023,84
All animals,Yes,All prescription types,Laying and parent birds,All species,2023,15989
All animals,All types of active ingredients,Single treatments farm animals,All categories of use,Game animals,2023,14
All animals,Yes,Oral group treatments,Laying and parent birds,All species,2023,15989
All animals,All types of active ingredients,Oral group treatments,All categories of use,Game animals,2023,70
All animals,All types of active ingredients,All prescription types,Laying and parent birds,All species,2023,75960
All animals,No,All prescription types,Game animals,Game animals,2023,13
All animals,All types of active ingredients,Oral group treatments,Laying and parent birds,All species,2023,75960
All animals,No,Single treatments farm animals,Game animals,Game animals,2023,13
All animals,Yes,All prescription types,Game animals,Game animals,2023,71
All animals,No,All prescription types,Laying hens,All species,2023,189433
All animals,Yes,Single treatments farm animals,Game animals,Game animals,2023,1
All animals,No,Single treatments farm animals,Laying hens,All species,2023,2
All animals,No,All prescription types,Pigs nCU,Pigs,2024,42
All animals,No,Oral group treatments,Laying hens,All species,2023,189431
All animals,Yes,Oral group treatments,Game animals,Game animals,2023,70
All animals,No,Oral group treatments,Pigs nCU,Pigs,2024,42
All animals,All types of active ingredients,All prescription types,Pigs nCU,Pigs,2024,42
All animals,Yes,All prescription types,Laying hens,All species,2023,28944
All animals,All types of active ingredients,All prescription types,Game animals,Game animals,2023,84
All animals,All types of active ingredients,Oral group treatments,Pigs nCU,Pigs,2024,42
All animals,All types of active ingredients,Single treatments farm animals,Game animals,Game animals,2023,14
All animals,Yes,Single treatments farm animals,Laying hens,All species,2023,4
All animals,No,All prescription types,Breeding sows and boars,Pigs,2024,3699
All animals,All types of active ingredients,Oral group treatments,Game animals,Game animals,2023,70
All animals,Yes,Oral group treatments,Laying hens,All species,2023,28940
All animals,No,Single treatments farm animals,Breeding sows and boars,Pigs,2024,2109
All animals,All types of active ingredients,All prescription types,Laying hens,All species,2023,218377
All animals,No,Oral group treatments,Breeding sows and boars,Pigs,2024,1590
All animals,All types of active ingredients,Single treatments farm animals,Laying hens,All species,2023,6
All animals,Yes,All prescription types,Breeding sows and boars,Pigs,2024,2259
All animals,All types of active ingredients,Oral group treatments,Laying hens,All species,2023,218371
All animals,Yes,Single treatments farm animals,Breeding sows and boars,Pigs,2024,2259
All animals,No,All prescription types,All categories of use,Dogs,2023,205729
All animals,No,All prescription types,Fattening calves and cattle,All species,2023,267726
All animals,All types of active ingredients,All prescription types,Breeding sows and boars,Pigs,2024,5958
All animals,All types of active ingredients,Single treatments farm animals,Breeding sows and boars,Pigs,2024,4368
All animals,No,Single treatments farm animals,Fattening calves and cattle,All species,2023,43812
All animals,No,Single treatments companion animals,All categories of use,Dogs,2023,205729
All animals,All types of active ingredients,Oral group treatments,Breeding sows and boars,Pigs,2024,1590
All animals,Yes,All prescription types,All categories of use,Dogs,2023,23539
All animals,No,Oral group treatments,Fattening calves and cattle,All species,2023,223914
All animals,Yes,Single treatments companion animals,All categories of use,Dogs,2023,23539
All animals,Yes,All prescription types,Fattening calves and cattle,All species,2023,76252
All animals,No,All prescription types,All categories of use,Goats,2024,9725
All animals,Yes,Single treatments farm animals,Fattening calves and cattle,All species,2023,38411
All animals,All types of active ingredients,All prescription types,All categories of use,Dogs,2023,229268
All animals,No,Single treatments farm animals,All categories of use,Goats,2024,8238
All animals,All types of active ingredients,Single treatments companion animals,All categories of use,Dogs,2023,229268
All animals,Yes,Oral group treatments,Fattening calves and cattle,All species,2023,37841
All animals,No,All prescription types,Dogs,Dogs,2023,205729
All animals,No,Oral group treatments,All categories of use,Goats,2024,1487
All animals,All types of active ingredients,All prescription types,Fattening calves and cattle,All species,2023,343978
All animals,All types of active ingredients,Single treatments farm animals,Fattening calves and cattle,All species,2023,82223
All animals,No,Single treatments companion animals,Dogs,Dogs,2023,205729
All animals,Yes,All prescription types,All categories of use,Goats,2024,1312
All animals,All types of active ingredients,Oral group treatments,Fattening calves and cattle,All species,2023,261755
All animals,Yes,All prescription types,Dogs,Dogs,2023,23539
All animals,Yes,Single treatments farm animals,All categories of use,Goats,2024,796
All animals,No,All prescription types,Fattening broilers,All species,2023,5475673
All animals,Yes,Single treatments companion animals,Dogs,Dogs,2023,23539
All animals,Yes,Oral group treatments,All categories of use,Goats,2024,516
All animals,No,Single treatments farm animals,Fattening broilers,All species,2023,1
All animals,All types of active ingredients,All prescription types,Dogs,Dogs,2023,229268
All animals,No,Oral group treatments,Fattening broilers,All species,2023,5475672
All animals,All types of active ingredients,All prescription types,All categories of use,Goats,2024,11037
All animals,All types of active ingredients,Single treatments companion animals,Dogs,Dogs,2023,229268
All animals,Yes,All prescription types,Fattening broilers,All species,2023,1086526
All animals,All types of active ingredients,Single treatments farm animals,All categories of use,Goats,2024,9034
All animals,Yes,Single treatments farm animals,Fattening broilers,All species,2023,1
All animals,All types of active ingredients,Oral group treatments,All categories of use,Goats,2024,2003
All animals,Yes,Oral group treatments,Fattening broilers,All species,2023,1086525
All animals,No,All prescription types,All categories of use,Camelids,2023,596
All animals,No,All prescription types,Goats,Goats,2024,9725
All animals,All types of active ingredients,All prescription types,Fattening broilers,All species,2023,6562199
All animals,No,Single treatments farm animals,Goats,Goats,2024,8238
All animals,No,Single treatments farm animals,All categories of use,Camelids,2023,596
All animals,All types of active ingredients,Single treatments farm animals,Fattening broilers,All species,2023,2
All animals,No,Oral group treatments,Goats,Goats,2024,1487
All animals,All types of active ingredients,Oral group treatments,Fattening broilers,All species,2023,6562197
All animals,Yes,All prescription types,Goats,Goats,2024,1312
All animals,Yes,All prescription types,All categories of use,Camelids,2023,164
All animals,Yes,Single treatments farm animals,Goats,Goats,2024,796
All animals,No,All prescription types,Fattening pigs,All species,2023,55796
All animals,Yes,Single treatments farm animals,All categories of use,Camelids,2023,164
All animals,Yes,Oral group treatments,Goats,Goats,2024,516
All animals,No,Single treatments farm animals,Fattening pigs,All species,2023,4243
All animals,All types of active ingredients,All prescription types,Goats,Goats,2024,11037
All animals,All types of active ingredients,All prescription types,All categories of use,Camelids,2023,760
All animals,No,Oral group treatments,Fattening pigs,All species,2023,51553
All animals,All types of active ingredients,Single treatments farm animals,All categories of use,Camelids,2023,760
All animals,No,All prescription types,Camelids,Camelids,2023,596
All animals,Yes,All prescription types,Fattening pigs,All species,2023,6980
All animals,All types of active ingredients,Single treatments farm animals,Goats,Goats,2024,9034
All animals,No,Single treatments farm animals,Camelids,Camelids,2023,596
All animals,Yes,Single treatments farm animals,Fattening pigs,All species,2023,1049
All animals,Yes,All prescription types,Camelids,Camelids,2023,164
All animals,All types of active ingredients,Oral group treatments,Goats,Goats,2024,2003
All animals,Yes,Oral group treatments,Fattening pigs,All species,2023,5931
All animals,Yes,Single treatments farm animals,Camelids,Camelids,2023,164
All animals,All types of active ingredients,All prescription types,Camelids,Camelids,2023,760
All animals,All types of active ingredients,All prescription types,Fattening pigs,All species,2023,62776
All animals,All types of active ingredients,Single treatments farm animals,Camelids,Camelids,2023,760
All animals,All types of active ingredients,Single treatments farm animals,Fattening pigs,All species,2023,5292
All animals,All types of active ingredients,Oral group treatments,Fattening pigs,All species,2023,57484
All animals,No,All prescription types,Fattening turkeys,All species,2023,15860
All animals,No,Oral group treatments,Fattening turkeys,All species,2023,15860
Pets,No,All prescription types,All categories of use,All species,2024,445497
All animals,Yes,All prescription types,Fattening turkeys,All species,2023,2401
Pets,No,Single treatments companion animals,All categories of use,All species,2024,445497
All animals,Yes,Single treatments farm animals,Fattening turkeys,All species,2023,1
Pets,Yes,All prescription types,All categories of use,All species,2024,108359
All animals,Yes,Oral group treatments,Fattening turkeys,All species,2023,2400
Pets,Yes,Single treatments companion animals,All categories of use,All species,2024,108359
All animals,All types of active ingredients,All prescription types,Fattening turkeys,All species,2023,18261
Pets,All types of active ingredients,All prescription types,All categories of use,All species,2024,553856
All animals,All types of active ingredients,Single treatments farm animals,Fattening turkeys,All species,2023,1
All animals,No,All prescription types,All categories of use,Rabbits,2023,47417
All animals,All types of active ingredients,Oral group treatments,Fattening turkeys,All species,2023,18260
Pets,All types of active ingredients,Single treatments companion animals,All categories of use,All species,2024,553856
All animals,No,Single treatments farm animals,All categories of use,Rabbits,2023,167
Pets,No,All prescription types,Equids,All species,2024,21734
All animals,No,All prescription types,Dairy cows,All species,2023,474875
All animals,No,Oral group treatments,All categories of use,Rabbits,2023,47250
Pets,No,Single treatments companion animals,Equids,All species,2024,21734
All animals,No,Single treatments farm animals,Dairy cows,All species,2023,474830
All animals,No,Oral group treatments,Dairy cows,All species,2023,45
Pets,Yes,All prescription types,Equids,All species,2024,1101
All animals,Yes,All prescription types,Dairy cows,All species,2023,36086
All animals,Yes,All prescription types,All categories of use,Rabbits,2023,2288
Pets,Yes,Single treatments companion animals,Equids,All species,2024,1101
All animals,Yes,Single treatments farm animals,Dairy cows,All species,2023,36086
All animals,Yes,Single treatments farm animals,All categories of use,Rabbits,2023,288
All animals,All types of active ingredients,All prescription types,Dairy cows,All species,2023,510961
Pets,All types of active ingredients,All prescription types,Equids,All species,2024,22835
All animals,Yes,Oral group treatments,All categories of use,Rabbits,2023,2000
All animals,All types of active ingredients,Single treatments farm animals,Dairy cows,All species,2023,510916
Pets,All types of active ingredients,Single treatments companion animals,Equids,All species,2024,22835
All animals,All types of active ingredients,Oral group treatments,Dairy cows,All species,2023,45
Pets,No,All prescription types,Dogs,All species,2024,200532
All animals,All types of active ingredients,All prescription types,All categories of use,Rabbits,2023,49705
Pets,No,Single treatments companion animals,Dogs,All species,2024,200532
All animals,All types of active ingredients,Single treatments farm animals,All categories of use,Rabbits,2023,455
All animals,No,All prescription types,Cow-calf calves,All species,2023,18311
Pets,Yes,All prescription types,Dogs,All species,2024,21606
All animals,All types of active ingredients,Oral group treatments,All categories of use,Rabbits,2023,49250
All animals,No,Single treatments farm animals,Cow-calf calves,All species,2023,18240
All animals,No,Oral group treatments,Cow-calf calves,All species,2023,71
All animals,No,All prescription types,Rabbits,Rabbits,2023,47417
Pets,Yes,Single treatments companion animals,Dogs,All species,2024,21606
All animals,No,Single treatments farm animals,Rabbits,Rabbits,2023,167
All animals,Yes,All prescription types,Cow-calf calves,All species,2023,3898
All animals,Yes,Single treatments farm animals,Cow-calf calves,All species,2023,3867
Pets,All types of active ingredients,All prescription types,Dogs,All species,2024,222138
All animals,No,Oral group treatments,Rabbits,Rabbits,2023,47250
All animals,Yes,Oral group treatments,Cow-calf calves,All species,2023,31
Pets,All types of active ingredients,Single treatments companion animals,Dogs,All species,2024,222138
All animals,All types of active ingredients,All prescription types,Cow-calf calves,All species,2023,22209
All animals,Yes,All prescription types,Rabbits,Rabbits,2023,2288
Pets,No,All prescription types,Cats,All species,2024,223231
All animals,All types of active ingredients,Single treatments farm animals,Cow-calf calves,All species,2023,22107
All animals,Yes,Single treatments farm animals,Rabbits,Rabbits,2023,288
Pets,No,Single treatments companion animals,Cats,All species,2024,223231
Pets,Yes,All prescription types,Cats,All species,2024,85652
All animals,Yes,Oral group treatments,Rabbits,Rabbits,2023,2000
All animals,All types of active ingredients,Oral group treatments,Cow-calf calves,All species,2023,102
Pets,Yes,Single treatments companion animals,Cats,All species,2024,85652
All animals,No,All prescription types,Suckler cows,All species,2023,30607
Pets,All types of active ingredients,All prescription types,Cats,All species,2024,308883
All animals,No,Single treatments farm animals,Suckler cows,All species,2023,30607
All animals,All types of active ingredients,All prescription types,Rabbits,Rabbits,2023,49705
Pets,All types of active ingredients,Single treatments companion animals,Cats,All species,2024,308883
All animals,Yes,All prescription types,Suckler cows,All species,2023,2136
Pets,No,All prescription types,All categories of use,Equids,2024,21734
All animals,All types of active ingredients,Single treatments farm animals,Rabbits,Rabbits,2023,455
All animals,Yes,Single treatments farm animals,Suckler cows,All species,2023,2136
Pets,No,Single treatments companion animals,All categories of use,Equids,2024,21734
All animals,All types of active ingredients,All prescription types,Suckler cows,All species,2023,32743
All animals,All types of active ingredients,Oral group treatments,Rabbits,Rabbits,2023,49250
Pets,Yes,All prescription types,All categories of use,Equids,2024,1101
All animals,No,All prescription types,All categories of use,Cats,2023,217590
All animals,All types of active ingredients,Single treatments farm animals,Suckler cows,All species,2023,32743
Pets,Yes,Single treatments companion animals,All categories of use,Equids,2024,1101
All animals,No,Single treatments companion animals,All categories of use,Cats,2023,217590
Pets,All types of active ingredients,All prescription types,All categories of use,Equids,2024,22835
All animals,Yes,All prescription types,All categories of use,Cats,2023,95826
Pets,All types of active ingredients,Single treatments companion animals,All categories of use,Equids,2024,22835
Pets,No,All prescription types,Equids,Equids,2024,21734
All animals,Yes,Single treatments companion animals,All categories of use,Cats,2023,95826
Pets,No,Single treatments companion animals,Equids,Equids,2024,21734
Pets,Yes,All prescription types,Equids,Equids,2024,1101
All animals,All types of active ingredients,All prescription types,All categories of use,Cats,2023,313416
Pets,Yes,Single treatments companion animals,Equids,Equids,2024,1101
All animals,No,All prescription types,Cattle nCU,All species,2023,20507
All animals,All types of active ingredients,Single treatments companion animals,All categories of use,Cats,2023,313416
All animals,No,Single treatments farm animals,Cattle nCU,All species,2023,20220
Pets,All types of active ingredients,All prescription types,Equids,Equids,2024,22835
All animals,No,Oral group treatments,Cattle nCU,All species,2023,287
All animals,No,All prescription types,Cats,Cats,2023,217590
Pets,All types of active ingredients,Single treatments companion animals,Equids,Equids,2024,22835
All animals,No,Single treatments companion animals,Cats,Cats,2023,217590
All animals,Yes,All prescription types,Cattle nCU,All species,2023,2490
All animals,Yes,All prescription types,Cats,Cats,2023,95826
Pets,No,All prescription types,All categories of use,Dogs,2024,200532
All animals,Yes,Single treatments farm animals,Cattle nCU,All species,2023,2451
Pets,No,Single treatments companion animals,All categories of use,Dogs,2024,200532
All animals,Yes,Oral group treatments,Cattle nCU,All species,2023,39
All animals,Yes,Single treatments companion animals,Cats,Cats,2023,95826
Pets,Yes,All prescription types,All categories of use,Dogs,2024,21606
All animals,All types of active ingredients,All prescription types,Cattle nCU,All species,2023,22997
All animals,All types of active ingredients,Single treatments farm animals,Cattle nCU,All species,2023,22671
All animals,All types of active ingredients,All prescription types,Cats,Cats,2023,313416
Pets,Yes,Single treatments companion animals,All categories of use,Dogs,2024,21606
All animals,All types of active ingredients,Oral group treatments,Cattle nCU,All species,2023,326
All animals,All types of active ingredients,Single treatments companion animals,Cats,Cats,2023,313416
Pets,All types of active ingredients,All prescription types,All categories of use,Dogs,2024,222138
All animals,No,All prescription types,Suckling and weaned piglets,All species,2023,81824
All animals,No,Single treatments farm animals,Suckling and weaned piglets,All species,2023,1860
Pets,All types of active ingredients,Single treatments companion animals,All categories of use,Dogs,2024,222138
All animals,No,Oral group treatments,Suckling and weaned piglets,All species,2023,79964
All animals,No,All prescription types,All categories of use,Cattle,2023,899882
All animals,Yes,All prescription types,Suckling and weaned piglets,All species,2023,14439
Pets,No,All prescription types,Dogs,Dogs,2024,200532
All animals,No,Single treatments farm animals,All categories of use,Cattle,2023,665643
All animals,Yes,Single treatments farm animals,Suckling and weaned piglets,All species,2023,6495
All animals,No,Oral group treatments,All categories of use,Cattle,2023,234239
Pets,No,Single treatments companion animals,Dogs,Dogs,2024,200532
Pets,Yes,All prescription types,Dogs,Dogs,2024,21606
All animals,Yes,Oral group treatments,Suckling and weaned piglets,All species,2023,7944
All animals,Yes,All prescription types,All categories of use,Cattle,2023,140088
Pets,Yes,Single treatments companion animals,Dogs,Dogs,2024,21606
All animals,All types of active ingredients,All prescription types,Suckling and weaned piglets,All species,2023,96263
All animals,Yes,Single treatments farm animals,All categories of use,Cattle,2023,98227
Pets,All types of active ingredients,All prescription types,Dogs,Dogs,2024,222138
All animals,All types of active ingredients,Single treatments farm animals,Suckling and weaned piglets,All species,2023,8355
Pets,All types of active ingredients,Single treatments companion animals,Dogs,Dogs,2024,222138
All animals,Yes,Oral group treatments,All categories of use,Cattle,2023,41861
All animals,All types of active ingredients,Oral group treatments,Suckling and weaned piglets,All species,2023,87908
Pets,No,All prescription types,All categories of use,Cats,2024,223231
All animals,No,All prescription types,Sheep,All species,2023,18781
Pets,No,Single treatments companion animals,All categories of use,Cats,2024,223231
All animals,All types of active ingredients,All prescription types,All categories of use,Cattle,2023,1039970
All animals,No,Single treatments farm animals,Sheep,All species,2023,16400
Pets,Yes,All prescription types,All categories of use,Cats,2024,85652
All animals,All types of active ingredients,Single treatments farm animals,All categories of use,Cattle,2023,763870
All animals,No,Oral group treatments,Sheep,All species,2023,2381
Pets,Yes,Single treatments companion animals,All categories of use,Cats,2024,85652
All animals,All types of active ingredients,Oral group treatments,All categories of use,Cattle,2023,276100
All animals,Yes,All prescription types,Sheep,All species,2023,2041
Pets,All types of active ingredients,All prescription types,All categories of use,Cats,2024,308883
All animals,Yes,Single treatments farm animals,Sheep,All species,2023,1391
All animals,Yes,Oral group treatments,Sheep,All species,2023,650
Pets,All types of active ingredients,Single treatments companion animals,All categories of use,Cats,2024,308883
All animals,No,All prescription types,Rearing calves,Cattle,2023,64486
Pets,No,All prescription types,Cats,Cats,2024,223231
All animals,No,Single treatments farm animals,Rearing calves,Cattle,2023,55148
Pets,No,Single treatments companion animals,Cats,Cats,2024,223231
All animals,No,Oral group treatments,Rearing calves,Cattle,2023,9338
All animals,Yes,All prescription types,Rearing calves,Cattle,2023,16140
Pets,Yes,All prescription types,Cats,Cats,2024,85652
All animals,Yes,Single treatments farm animals,Rearing calves,Cattle,2023,12672
All animals,All types of active ingredients,All prescription types,Sheep,All species,2023,20822
All animals,Yes,Oral group treatments,Rearing calves,Cattle,2023,3468
Pets,Yes,Single treatments companion animals,Cats,Cats,2024,85652
All animals,All types of active ingredients,Single treatments farm animals,Sheep,All species,2023,17791
All animals,All types of active ingredients,All prescription types,Rearing calves,Cattle,2023,80626
All animals,All types of active ingredients,Oral group treatments,Sheep,All species,2023,3031
All animals,All types of active ingredients,Single treatments farm animals,Rearing calves,Cattle,2023,67820
All animals,All types of active ingredients,Oral group treatments,Rearing calves,Cattle,2023,12806
All animals,No,All prescription types,Rearing cattle,Cattle,2023,23370
All animals,No,Single treatments farm animals,Rearing cattle,Cattle,2023,22786
All animals,No,Oral group treatments,Rearing cattle,Cattle,2023,584
All animals,Yes,All prescription types,Rearing cattle,Cattle,2023,3086
All animals,Yes,Single treatments farm animals,Rearing cattle,Cattle,2023,2604
All animals,Yes,Oral group treatments,Rearing cattle,Cattle,2023,482
All animals,All types of active ingredients,All prescription types,Rearing cattle,Cattle,2023,26456
All animals,All types of active ingredients,Single treatments farm animals,Rearing cattle,Cattle,2023,25390
All animals,All types of active ingredients,Oral group treatments,Rearing cattle,Cattle,2023,1066
All animals,No,All prescription types,Fattening calves and cattle,Cattle,2023,267726
All animals,No,All prescription types,Pigs nCU,All species,2023,1258
All animals,No,Single treatments farm animals,Pigs nCU,All species,2023,321
All animals,No,Oral group treatments,Pigs nCU,All species,2023,937
Pets,All types of active ingredients,All prescription types,Cats,Cats,2024,308883
All animals,Yes,All prescription types,Pigs nCU,All species,2023,90
All animals,Yes,Single treatments farm animals,Pigs nCU,All species,2023,42
All animals,No,Single treatments farm animals,Fattening calves and cattle,Cattle,2023,43812
All animals,Yes,Oral group treatments,Pigs nCU,All species,2023,48
Pets,All types of active ingredients,Single treatments companion animals,Cats,Cats,2024,308883
All animals,No,Oral group treatments,Fattening calves and cattle,Cattle,2023,223914
All animals,All types of active ingredients,All prescription types,Pigs nCU,All species,2023,1348
Farm animals,No,All prescription types,All categories of use,All species,2024,13519006
All animals,Yes,All prescription types,Fattening calves and cattle,Cattle,2023,76252
Farm animals,No,Single treatments farm animals,All categories of use,All species,2024,726803
All animals,All types of active ingredients,Single treatments farm animals,Pigs nCU,All species,2023,363
All animals,Yes,Single treatments farm animals,Fattening calves and cattle,Cattle,2023,38411
All animals,All types of active ingredients,Oral group treatments,Pigs nCU,All species,2023,985
Farm animals,No,Oral group treatments,All categories of use,All species,2024,12792203
All animals,Yes,Oral group treatments,Fattening calves and cattle,Cattle,2023,37841
All animals,All types of active ingredients,All prescription types,Fattening calves and cattle,Cattle,2023,343978
Farm animals,Yes,All prescription types,All categories of use,All species,2024,1275682
All animals,All types of active ingredients,Single treatments farm animals,Fattening calves and cattle,Cattle,2023,82223
Farm animals,Yes,Single treatments farm animals,All categories of use,All species,2024,115899
All animals,All types of active ingredients,Oral group treatments,Fattening calves and cattle,Cattle,2023,261755
Farm animals,Yes,Oral group treatments,All categories of use,All species,2024,1159783
All animals,No,All prescription types,Dairy cows,Cattle,2023,474875
All animals,No,Single treatments farm animals,Dairy cows,Cattle,2023,474830
Farm animals,All types of active ingredients,All prescription types,All categories of use,All species,2024,14794688
Farm animals,All types of active ingredients,Single treatments farm animals,All categories of use,All species,2024,842702
All animals,No,Oral group treatments,Dairy cows,Cattle,2023,45
Farm animals,All types of active ingredients,Oral group treatments,All categories of use,All species,2024,13951986
All animals,Yes,All prescription types,Dairy cows,Cattle,2023,36086
All animals,No,All prescription types,Goats,All species,2023,10041
All animals,Yes,Single treatments farm animals,Dairy cows,Cattle,2023,36086
Farm animals,No,All prescription types,Rearing laying hens and parent birds,All species,2024,84693
All animals,No,Single treatments farm animals,Goats,All species,2023,7795
All animals,All types of active ingredients,All prescription types,Dairy cows,Cattle,2023,510961
Farm animals,No,Oral group treatments,Rearing laying hens and parent birds,All species,2024,84693
All animals,No,Oral group treatments,Goats,All species,2023,2246
All animals,All types of active ingredients,Single treatments farm animals,Dairy cows,Cattle,2023,510916
Farm animals,Yes,All prescription types,Rearing laying hens and parent birds,All species,2024,176433
All animals,All types of active ingredients,Oral group treatments,Dairy cows,Cattle,2023,45
All animals,Yes,All prescription types,Goats,All species,2023,2048
Farm animals,Yes,Single treatments farm animals,Rearing laying hens and parent birds,All species,2024,4
All animals,No,All prescription types,Cow-calf calves,Cattle,2023,18311
All animals,Yes,Single treatments farm animals,Goats,All species,2023,758
Farm animals,Yes,Oral group treatments,Rearing laying hens and parent birds,All species,2024,176429
All animals,Yes,Oral group treatments,Goats,All species,2023,1290
All animals,No,Single treatments farm animals,Cow-calf calves,Cattle,2023,18240
Farm animals,All types of active ingredients,All prescription types,Rearing laying hens and parent birds,All species,2024,261126
All animals,All types of active ingredients,All prescription types,Goats,All species,2023,12089
Farm animals,All types of active ingredients,Single treatments farm animals,Rearing laying hens and parent birds,All species,2024,4
All animals,All types of active ingredients,Single treatments farm animals,Goats,All species,2023,8553
All animals,No,Oral group treatments,Cow-calf calves,Cattle,2023,71
Farm animals,All types of active ingredients,Oral group treatments,Rearing laying hens and parent birds,All species,2024,261122
All animals,All types of active ingredients,Oral group treatments,Goats,All species,2023,3536
All animals,Yes,All prescription types,Cow-calf calves,Cattle,2023,3898
Farm animals,No,All prescription types,Rearing calves,All species,2024,63389
Farm animals,No,Single treatments farm animals,Rearing calves,All species,2024,55297
All animals,Yes,Single treatments farm animals,Cow-calf calves,Cattle,2023,3867
Farm animals,No,Oral group treatments,Rearing calves,All species,2024,8092
All animals,Yes,Oral group treatments,Cow-calf calves,Cattle,2023,31
Farm animals,Yes,All prescription types,Rearing calves,All species,2024,16536
All animals,All types of active ingredients,All prescription types,Cow-calf calves,Cattle,2023,22209
All animals,All types of active ingredients,Single treatments farm animals,Cow-calf calves,Cattle,2023,22107
Farm animals,Yes,Single treatments farm animals,Rearing calves,All species,2024,13214
All animals,All types of active ingredients,Oral group treatments,Cow-calf calves,Cattle,2023,102
Farm animals,Yes,Oral group treatments,Rearing calves,All species,2024,3322
Farm animals,All types of active ingredients,All prescription types,Rearing calves,All species,2024,79925
All animals,No,All prescription types,Suckler cows,Cattle,2023,30607
All animals,No,All prescription types,Breeding sows and boars,All species,2023,2505
Farm animals,All types of active ingredients,Single treatments farm animals,Rearing calves,All species,2024,68511
All animals,No,Single treatments farm animals,Suckler cows,Cattle,2023,30607
Farm animals,All types of active ingredients,Oral group treatments,Rearing calves,All species,2024,11414
All animals,No,Single treatments farm animals,Breeding sows and boars,All species,2023,1514
All animals,Yes,All prescription types,Suckler cows,Cattle,2023,2136
All animals,Yes,Single treatments farm animals,Suckler cows,Cattle,2023,2136
All animals,No,Oral group treatments,Breeding sows and boars,All species,2023,991
Farm animals,No,All prescription types,Rearing cattle,All species,2024,23364
All animals,All types of active ingredients,All prescription types,Suckler cows,Cattle,2023,32743
Farm animals,No,Single treatments farm animals,Rearing cattle,All species,2024,22798
All animals,Yes,All prescription types,Breeding sows and boars,All species,2023,1078
All animals,All types of active ingredients,Single treatments farm animals,Suckler cows,Cattle,2023,32743
Farm animals,No,Oral group treatments,Rearing cattle,All species,2024,566
All animals,Yes,Single treatments farm animals,Breeding sows and boars,All species,2023,1078
Farm animals,Yes,All prescription types,Rearing cattle,All species,2024,2354
All animals,All types of active ingredients,All prescription types,Breeding sows and boars,All species,2023,3583
Farm animals,Yes,Single treatments farm animals,Rearing cattle,All species,2024,2287
All animals,All types of active ingredients,Single treatments farm animals,Breeding sows and boars,All species,2023,2592
Farm animals,Yes,Oral group treatments,Rearing cattle,All species,2024,67
All animals,All types of active ingredients,Oral group treatments,Breeding sows and boars,All species,2023,991
Farm animals,All types of active ingredients,All prescription types,Rearing cattle,All species,2024,25718
Farm animals,All types of active ingredients,Single treatments farm animals,Rearing cattle,All species,2024,25085
All animals,No,All prescription types,Cattle nCU,Cattle,2023,20507
All animals,No,All prescription types,All categories of use,Equids,2023,21568
All animals,No,Single treatments farm animals,Cattle nCU,Cattle,2023,20220
Farm animals,All types of active ingredients,Oral group treatments,Rearing cattle,All species,2024,633
All animals,No,Single treatments companion animals,All categories of use,Equids,2023,21568
All animals,Yes,All prescription types,All categories of use,Equids,2023,1044
All animals,No,Oral group treatments,Cattle nCU,Cattle,2023,287
All animals,Yes,Single treatments companion animals,All categories of use,Equids,2023,1044
Farm animals,No,All prescription types,Fish,All species,2024,5916760
All animals,All types of active ingredients,All prescription types,All categories of use,Equids,2023,22612
All animals,Yes,All prescription types,Cattle nCU,Cattle,2023,2490
All animals,All types of active ingredients,Single treatments companion animals,All categories of use,Equids,2023,22612
All animals,Yes,Single treatments farm animals,Cattle nCU,Cattle,2023,2451
Farm animals,No,Single treatments farm animals,Fish,All species,2024,5550
All animals,No,All prescription types,Equids,Equids,2023,21568
All animals,No,Single treatments companion animals,Equids,Equids,2023,21568
All animals,Yes,Oral group treatments,Cattle nCU,Cattle,2023,39
Farm animals,No,Oral group treatments,Fish,All species,2024,5911210
All animals,Yes,All prescription types,Equids,Equids,2023,1044
All animals,All types of active ingredients,All prescription types,Cattle nCU,Cattle,2023,22997
Farm animals,All types of active ingredients,All prescription types,Fish,All species,2024,5916760
All animals,Yes,Single treatments companion animals,Equids,Equids,2023,1044
All animals,All types of active ingredients,Single treatments farm animals,Cattle nCU,Cattle,2023,22671
Farm animals,All types of active ingredients,Single treatments farm animals,Fish,All species,2024,5550
All animals,All types of active ingredients,All prescription types,Equids,Equids,2023,22612
All animals,All types of active ingredients,Oral group treatments,Cattle nCU,Cattle,2023,326
Farm animals,All types of active ingredients,Oral group treatments,Fish,All species,2024,5911210
All animals,All types of active ingredients,Single treatments companion animals,Equids,Equids,2023,22612
All animals,No,All prescription types,All categories of use,Sheep,2023,18781
All animals,No,Single treatments farm animals,All categories of use,Sheep,2023,16400
All animals,No,All prescription types,All categories of use,Fish,2023,7923202
All animals,No,Oral group treatments,All categories of use,Sheep,2023,2381
All animals,No,Oral group treatments,All categories of use,Fish,2023,7923202
All animals,Yes,All prescription types,All categories of use,Sheep,2023,2041
All animals,All types of active ingredients,All prescription types,All categories of use,Fish,2023,7923202
All animals,Yes,Single treatments farm animals,All categories of use,Sheep,2023,1391
All animals,All types of active ingredients,Oral group treatments,All categories of use,Fish,2023,7923202
All animals,Yes,Oral group treatments,All categories of use,Sheep,2023,650
All animals,No,All prescription types,Fish,Fish,2023,7923202
All animals,No,Oral group treatments,Fish,Fish,2023,7923202
All animals,All types of active ingredients,All prescription types,All categories of use,Sheep,2023,20822
All animals,All types of active ingredients,All prescription types,Fish,Fish,2023,7923202
All animals,All types of active ingredients,Single treatments farm animals,All categories of use,Sheep,2023,17791
All animals,All types of active ingredients,Oral group treatments,Fish,Fish,2023,7923202
All animals,All types of active ingredients,Oral group treatments,All categories of use,Sheep,2023,3031
Farm animals,No,All prescription types,Poultry nCU,All species,2024,2011
All animals,No,All prescription types,Sheep,Sheep,2023,18781
Farm animals,No,Single treatments farm animals,Poultry nCU,All species,2024,11
All animals,No,Single treatments farm animals,Sheep,Sheep,2023,16400
Farm animals,No,Oral group treatments,Poultry nCU,All species,2024,2000
All animals,No,Oral group treatments,Sheep,Sheep,2023,2381
All animals,Yes,All prescription types,Sheep,Sheep,2023,2041
Farm animals,Yes,All prescription types,Poultry nCU,All species,2024,29
All animals,Yes,Single treatments farm animals,Sheep,Sheep,2023,1391
Farm animals,Yes,Single treatments farm animals,Poultry nCU,All species,2024,29
All animals,No,All prescription types,All categories of use,Poultry,2023,5840010
All animals,Yes,Oral group treatments,Sheep,Sheep,2023,650
Farm animals,All types of active ingredients,All prescription types,Poultry nCU,All species,2024,2040
All animals,No,Single treatments farm animals,All categories of use,Poultry,2023,20
All animals,All types of active ingredients,All prescription types,Sheep,Sheep,2023,20822
Farm animals,All types of active ingredients,Single treatments farm animals,Poultry nCU,All species,2024,40
All animals,No,Oral group treatments,All categories of use,Poultry,2023,5839990
Farm animals,All types of active ingredients,Oral group treatments,Poultry nCU,All species,2024,2000
Farm animals,No,All prescription types,Game animals,All species,2024,20
Farm animals,No,Single treatments farm animals,Game animals,All species,2024,20
All animals,Yes,All prescription types,All categories of use,Poultry,2023,1264201
Farm animals,Yes,All prescription types,Game animals,All species,2024,1
All animals,Yes,Single treatments farm animals,All categories of use,Poultry,2023,57
Farm animals,Yes,Single treatments farm animals,Game animals,All species,2024,1
All animals,Yes,Oral group treatments,All categories of use,Poultry,2023,1264144
Farm animals,All types of active ingredients,All prescription types,Game animals,All species,2024,21
All animals,All types of active ingredients,Single treatments farm animals,Sheep,Sheep,2023,17791
Farm animals,All types of active ingredients,Single treatments farm animals,Game animals,All species,2024,21
All animals,All types of active ingredients,All prescription types,All categories of use,Poultry,2023,7104211
All animals,All types of active ingredients,Oral group treatments,Sheep,Sheep,2023,3031
All animals,All types of active ingredients,Single treatments farm animals,All categories of use,Poultry,2023,77
All animals,All types of active ingredients,Oral group treatments,All categories of use,Poultry,2023,7104134
All animals,No,All prescription types,Rearing laying hens and parent birds,Poultry,2023,99069
Farm animals,No,All prescription types,Young sows,All species,2024,678
All animals,No,Single treatments farm animals,Rearing laying hens and parent birds,Poultry,2023,13
Farm animals,No,Single treatments farm animals,Young sows,All species,2024,144
Farm animals,No,Oral group treatments,Young sows,All species,2024,534
All animals,No,Oral group treatments,Rearing laying hens and parent birds,Poultry,2023,99056
Farm animals,Yes,All prescription types,Young sows,All species,2024,49
All animals,Yes,All prescription types,Rearing laying hens and parent birds,Poultry,2023,130322
Farm animals,Yes,Single treatments farm animals,Young sows,All species,2024,29
Farm animals,Yes,Oral group treatments,Young sows,All species,2024,20
All animals,Yes,Single treatments farm animals,Rearing laying hens and parent birds,Poultry,2023,32
Farm animals,All types of active ingredients,All prescription types,Young sows,All species,2024,727
All animals,Yes,Oral group treatments,Rearing laying hens and parent birds,Poultry,2023,130290
Farm animals,All types of active ingredients,Single treatments farm animals,Young sows,All species,2024,173
Farm animals,All types of active ingredients,Oral group treatments,Young sows,All species,2024,554
All animals,All types of active ingredients,All prescription types,Rearing laying hens and parent birds,Poultry,2023,229391
Farm animals,No,All prescription types,Camelids,All species,2024,783
Farm animals,No,Single treatments farm animals,Camelids,All species,2024,783
All animals,All types of active ingredients,Single treatments farm animals,Rearing laying hens and parent birds,Poultry,2023,45
Farm animals,Yes,All prescription types,Camelids,All species,2024,119
All animals,No,All prescription types,All categories of use,Pigs,2023,141916
All animals,All types of active ingredients,Oral group treatments,Rearing laying hens and parent birds,Poultry,2023,229346
Farm animals,Yes,Single treatments farm animals,Camelids,All species,2024,119
All animals,No,Single treatments farm animals,All categories of use,Pigs,2023,8064
Farm animals,All types of active ingredients,All prescription types,Camelids,All species,2024,902
All animals,No,Oral group treatments,All categories of use,Pigs,2023,133852
Farm animals,All types of active ingredients,Single treatments farm animals,Camelids,All species,2024,902
All animals,No,All prescription types,Poultry nCU,Poultry,2023,4
All animals,Yes,All prescription types,All categories of use,Pigs,2023,22919
All animals,No,Single treatments farm animals,Poultry nCU,Poultry,2023,4
All animals,Yes,Single treatments farm animals,All categories of use,Pigs,2023,8811
All animals,Yes,All prescription types,Poultry nCU,Poultry,2023,19
All animals,Yes,Oral group treatments,All categories of use,Pigs,2023,14108
All animals,Yes,Single treatments farm animals,Poultry nCU,Poultry,2023,19
All animals,All types of active ingredients,All prescription types,Poultry nCU,Poultry,2023,23
All animals,All types of active ingredients,Single treatments farm animals,Poultry nCU,Poultry,2023,23
All animals,All types of active ingredients,All prescription types,All categories of use,Pigs,2023,164835
Farm animals,No,All prescription types,Rabbits,All species,2024,2417
All animals,No,All prescription types,Laying and parent birds,Poultry,2023,59971
All animals,All types of active ingredients,Single treatments farm animals,All categories of use,Pigs,2023,16875
Farm animals,No,Single treatments farm animals,Rabbits,All species,2024,17
All animals,No,Oral group treatments,Laying and parent birds,Poultry,2023,59971
Farm animals,No,Oral group treatments,Rabbits,All species,2024,2400
All animals,All types of active ingredients,Oral group treatments,All categories of use,Pigs,2023,147960
All animals,Yes,All prescription types,Laying and parent birds,Poultry,2023,15989
Farm animals,Yes,All prescription types,Rabbits,All species,2024,438
All animals,No,All prescription types,Young sows,Pigs,2023,533
Farm animals,Yes,Single treatments farm animals,Rabbits,All species,2024,438
All animals,Yes,Oral group treatments,Laying and parent birds,Poultry,2023,15989
All animals,No,Single treatments farm animals,Young sows,Pigs,2023,126
All animals,No,Oral group treatments,Young sows,Pigs,2023,407
All animals,All types of active ingredients,All prescription types,Laying and parent birds,Poultry,2023,75960
Farm animals,All types of active ingredients,All prescription types,Rabbits,All species,2024,2855
All animals,Yes,All prescription types,Young sows,Pigs,2023,332
Farm animals,All types of active ingredients,Single treatments farm animals,Rabbits,All species,2024,455
All animals,All types of active ingredients,Oral group treatments,Laying and parent birds,Poultry,2023,75960
All animals,Yes,Single treatments farm animals,Young sows,Pigs,2023,147
All animals,No,All prescription types,Laying hens,Poultry,2023,189433
Farm animals,All types of active ingredients,Oral group treatments,Rabbits,All species,2024,2400
All animals,Yes,Oral group treatments,Young sows,Pigs,2023,185
All animals,No,Single treatments farm animals,Laying hens,Poultry,2023,2
Farm animals,No,All prescription types,Laying and parent birds,All species,2024,83734
All animals,All types of active ingredients,All prescription types,Young sows,Pigs,2023,865
Farm animals,No,Oral group treatments,Laying and parent birds,All species,2024,83734
All animals,No,Oral group treatments,Laying hens,Poultry,2023,189431
Farm animals,Yes,All prescription types,Laying and parent birds,All species,2024,2256
All animals,Yes,All prescription types,Laying hens,Poultry,2023,28944
All animals,All types of active ingredients,Single treatments farm animals,Young sows,Pigs,2023,273
Farm animals,Yes,Single treatments farm animals,Laying and parent birds,All species,2024,2
All animals,All types of active ingredients,Oral group treatments,Young sows,Pigs,2023,592
Farm animals,Yes,Oral group treatments,Laying and parent birds,All species,2024,2254
All animals,Yes,Single treatments farm animals,Laying hens,Poultry,2023,4
Farm animals,All types of active ingredients,All prescription types,Laying and parent birds,All species,2024,85990
All animals,No,All prescription types,Fattening pigs,Pigs,2023,55796
All animals,Yes,Oral group treatments,Laying hens,Poultry,2023,28940
Farm animals,All types of active ingredients,Single treatments farm animals,Laying and parent birds,All species,2024,2
All animals,No,Single treatments farm animals,Fattening pigs,Pigs,2023,4243
All animals,All types of active ingredients,All prescription types,Laying hens,Poultry,2023,218377
Farm animals,All types of active ingredients,Oral group treatments,Laying and parent birds,All species,2024,85988
All animals,No,Oral group treatments,Fattening pigs,Pigs,2023,51553
All animals,All types of active ingredients,Single treatments farm animals,Laying hens,Poultry,2023,6
Farm animals,No,All prescription types,Laying hens,All species,2024,120612
All animals,Yes,All prescription types,Fattening pigs,Pigs,2023,6980
All animals,All types of active ingredients,Oral group treatments,Laying hens,Poultry,2023,218371
Farm animals,No,Single treatments farm animals,Laying hens,All species,2024,8
All animals,Yes,Single treatments farm animals,Fattening pigs,Pigs,2023,1049
All animals,No,All prescription types,Fattening broilers,Poultry,2023,5475673
Farm animals,No,Oral group treatments,Laying hens,All species,2024,120604
All animals,Yes,Oral group treatments,Fattening pigs,Pigs,2023,5931
Farm animals,Yes,All prescription types,Laying hens,All species,2024,19158
All animals,All types of active ingredients,All prescription types,Fattening pigs,Pigs,2023,62776
All animals,No,Single treatments farm animals,Fattening broilers,Poultry,2023,1
Farm animals,Yes,Single treatments farm animals,Laying hens,All species,2024,8
All animals,All types of active ingredients,Single treatments farm animals,Fattening pigs,Pigs,2023,5292
All animals,No,Oral group treatments,Fattening broilers,Poultry,2023,5475672
Farm animals,Yes,Oral group treatments,Laying hens,All species,2024,19150
All animals,All types of active ingredients,Oral group treatments,Fattening pigs,Pigs,2023,57484
All animals,Yes,All prescription types,Fattening broilers,Poultry,2023,1086526
Farm animals,All types of active ingredients,All prescription types,Laying hens,All species,2024,139770
All animals,No,All prescription types,Suckling and weaned piglets,Pigs,2023,81824
All animals,Yes,Single treatments farm animals,Fattening broilers,Poultry,2023,1
Farm animals,All types of active ingredients,Single treatments farm animals,Laying hens,All species,2024,16
All animals,No,Single treatments farm animals,Suckling and weaned piglets,Pigs,2023,1860
All animals,Yes,Oral group treatments,Fattening broilers,Poultry,2023,1086525
Farm animals,All types of active ingredients,Oral group treatments,Laying hens,All species,2024,139754
All animals,No,Oral group treatments,Suckling and weaned piglets,Pigs,2023,79964
All animals,All types of active ingredients,All prescription types,Fattening broilers,Poultry,2023,6562199
Farm animals,No,All prescription types,Fattening calves and cattle,All species,2024,288115
All animals,Yes,All prescription types,Suckling and weaned piglets,Pigs,2023,14439
All animals,All types of active ingredients,Single treatments farm animals,Fattening broilers,Poultry,2023,2
Farm animals,No,Single treatments farm animals,Fattening calves and cattle,All species,2024,44208
All animals,Yes,Single treatments farm animals,Suckling and weaned piglets,Pigs,2023,6495
All animals,All types of active ingredients,Oral group treatments,Fattening broilers,Poultry,2023,6562197
All animals,No,All prescription types,Fattening turkeys,Poultry,2023,15860
All animals,No,Oral group treatments,Fattening turkeys,Poultry,2023,15860
Farm animals,No,Oral group treatments,Fattening calves and cattle,All species,2024,243907
All animals,Yes,All prescription types,Fattening turkeys,Poultry,2023,2401
All animals,Yes,Oral group treatments,Suckling and weaned piglets,Pigs,2023,7944
Farm animals,Yes,All prescription types,Fattening calves and cattle,All species,2024,74759
All animals,Yes,Single treatments farm animals,Fattening turkeys,Poultry,2023,1
Farm animals,Yes,Single treatments farm animals,Fattening calves and cattle,All species,2024,40887
All animals,All types of active ingredients,All prescription types,Suckling and weaned piglets,Pigs,2023,96263
All animals,Yes,Oral group treatments,Fattening turkeys,Poultry,2023,2400
Farm animals,Yes,Oral group treatments,Fattening calves and cattle,All species,2024,33872
All animals,All types of active ingredients,Single treatments farm animals,Suckling and weaned piglets,Pigs,2023,8355
All animals,All types of active ingredients,All prescription types,Fattening turkeys,Poultry,2023,18261
Farm animals,All types of active ingredients,All prescription types,Fattening calves and cattle,All species,2024,362874
All animals,All types of active ingredients,Single treatments farm animals,Fattening turkeys,Poultry,2023,1
All animals,All types of active ingredients,Oral group treatments,Suckling and weaned piglets,Pigs,2023,87908
Farm animals,All types of active ingredients,Single treatments farm animals,Fattening calves and cattle,All species,2024,85095
All animals,All types of active ingredients,Oral group treatments,Fattening turkeys,Poultry,2023,18260
Farm animals,All types of active ingredients,Oral group treatments,Fattening calves and cattle,All species,2024,277779
Farm animals,No,All prescription types,Fattening broilers,All species,2024,6163470
All animals,No,All prescription types,All categories of use,Game animals,2023,13
All animals,No,Single treatments farm animals,All categories of use,Game animals,2023,13
Farm animals,No,Single treatments farm animals,Fattening broilers,All species,2024,1
All animals,Yes,All prescription types,All categories of use,Game animals,2023,71
Farm animals,No,Oral group treatments,Fattening broilers,All species,2024,6163469
All animals,Yes,Single treatments farm animals,All categories of use,Game animals,2023,1
Farm animals,Yes,All prescription types,Fattening broilers,All species,2024,911803
All animals,Yes,Oral group treatments,All categories of use,Game animals,2023,70
All animals,No,All prescription types,Pigs nCU,Pigs,2023,1258
Farm animals,Yes,Single treatments farm animals,Fattening broilers,All species,2024,1
All animals,No,Single treatments farm animals,Pigs nCU,Pigs,2023,321
Farm animals,Yes,Oral group treatments,Fattening broilers,All species,2024,911802
All animals,No,Oral group treatments,Pigs nCU,Pigs,2023,937
Farm animals,All types of active ingredients,All prescription types,Fattening broilers,All species,2024,7075273
All animals,Yes,All prescription types,Pigs nCU,Pigs,2023,90
All animals,Yes,Single treatments farm animals,Pigs nCU,Pigs,2023,42
Farm animals,All types of active ingredients,Single treatments farm animals,Fattening broilers,All species,2024,2
Farm animals,All types of active ingredients,Oral group treatments,Fattening broilers,All species,2024,7075271
All animals,Yes,Oral group treatments,Pigs nCU,Pigs,2023,48
Farm animals,No,All prescription types,Fattening pigs,All species,2024,70061
All animals,All types of active ingredients,All prescription types,Pigs nCU,Pigs,2023,1348
Farm animals,No,Single treatments farm animals,Fattening pigs,All species,2024,4938
All animals,All types of active ingredients,Single treatments farm animals,Pigs nCU,Pigs,2023,363
Farm animals,No,Oral group treatments,Fattening pigs,All species,2024,65123
Farm animals,Yes,All prescription types,Fattening pigs,All species,2024,8479
All animals,All types of active ingredients,Oral group treatments,Pigs nCU,Pigs,2023,985
Farm animals,Yes,Single treatments farm animals,Fattening pigs,All species,2024,1479
All animals,No,All prescription types,Breeding sows and boars,Pigs,2023,2505
Farm animals,Yes,Oral group treatments,Fattening pigs,All species,2024,7000
All animals,No,Single treatments farm animals,Breeding sows and boars,Pigs,2023,1514
Farm animals,All types of active ingredients,All prescription types,Fattening pigs,All species,2024,78540
Farm animals,All types of active ingredients,Single treatments farm animals,Fattening pigs,All species,2024,6417
All animals,No,Oral group treatments,Breeding sows and boars,Pigs,2023,991
Farm animals,All types of active ingredients,Oral group treatments,Fattening pigs,All species,2024,72123
All animals,Yes,All prescription types,Breeding sows and boars,Pigs,2023,1078
Farm animals,No,All prescription types,Fattening turkeys,All species,2024,20572
All animals,Yes,Single treatments farm animals,Breeding sows and boars,Pigs,2023,1078
Farm animals,No,Single treatments farm animals,Fattening turkeys,All species,2024,82
All animals,All types of active ingredients,All prescription types,Breeding sows and boars,Pigs,2023,3583
Farm animals,No,Oral group treatments,Fattening turkeys,All species,2024,20490
All animals,All types of active ingredients,Single treatments farm animals,Breeding sows and boars,Pigs,2023,2592
Farm animals,Yes,All prescription types,Fattening turkeys,All species,2024,42
All animals,All types of active ingredients,Oral group treatments,Breeding sows and boars,Pigs,2023,991
Farm animals,Yes,Single treatments farm animals,Fattening turkeys,All species,2024,2
Farm animals,Yes,Oral group treatments,Fattening turkeys,All species,2024,40
Farm animals,All types of active ingredients,All prescription types,Fattening turkeys,All species,2024,20614
Farm animals,All types of active ingredients,Single treatments farm animals,Fattening turkeys,All species,2024,84
Farm animals,All types of active ingredients,Oral group treatments,Fattening turkeys,All species,2024,20530
Farm animals,No,All prescription types,Dairy cows,All species,2024,511097
Farm animals,No,Single treatments farm animals,Dairy cows,All species,2024,511097
Farm animals,Yes,All prescription types,Dairy cows,All species,2024,39541
Farm animals,Yes,Single treatments farm animals,Dairy cows,All species,2024,39541
Farm animals,All types of active ingredients,All prescription types,Dairy cows,All species,2024,550638
Farm animals,All types of active ingredients,Single treatments farm animals,Dairy cows,All species,2024,550638
Farm animals,No,All prescription types,Cow-calf calves,All species,2024,19262
Farm animals,No,Single treatments farm animals,Cow-calf calves,All species,2024,19077
Farm animals,No,Oral group treatments,Cow-calf calves,All species,2024,185
Farm animals,Yes,All prescription types,Cow-calf calves,All species,2024,4165
Farm animals,Yes,Single treatments farm animals,Cow-calf calves,All species,2024,4146
Farm animals,Yes,Oral group treatments,Cow-calf calves,All species,2024,19
Farm animals,All types of active ingredients,All prescription types,Cow-calf calves,All species,2024,23427
Farm animals,All types of active ingredients,Single treatments farm animals,Cow-calf calves,All species,2024,23223
All animals,No,All prescription types,All categories of use,Goats,2023,10041
Farm animals,All types of active ingredients,Oral group treatments,Cow-calf calves,All species,2024,204
All animals,No,Single treatments farm animals,All categories of use,Goats,2023,7795
All animals,No,Oral group treatments,All categories of use,Goats,2023,2246
Farm animals,No,All prescription types,Suckler cows,All species,2024,29890
Farm animals,No,Single treatments farm animals,Suckler cows,All species,2024,29863
All animals,Yes,All prescription types,All categories of use,Goats,2023,2048
Farm animals,No,Oral group treatments,Suckler cows,All species,2024,27
Farm animals,Yes,All prescription types,Suckler cows,All species,2024,2103
All animals,Yes,Single treatments farm animals,All categories of use,Goats,2023,758
Farm animals,Yes,Single treatments farm animals,Suckler cows,All species,2024,2103
All animals,Yes,Oral group treatments,All categories of use,Goats,2023,1290
Farm animals,All types of active ingredients,All prescription types,Suckler cows,All species,2024,31993
Farm animals,All types of active ingredients,Single treatments farm animals,Suckler cows,All species,2024,31966
Farm animals,All types of active ingredients,Oral group treatments,Suckler cows,All species,2024,27
All animals,All types of active ingredients,All prescription types,All categories of use,Goats,2023,12089
All animals,All types of active ingredients,Single treatments farm animals,All categories of use,Goats,2023,8553
All animals,All types of active ingredients,Oral group treatments,All categories of use,Goats,2023,3536
All animals,No,All prescription types,Goats,Goats,2023,10041
All animals,No,Single treatments farm animals,Goats,Goats,2023,7795
Farm animals,No,All prescription types,Cattle nCU,All species,2024,673
All animals,No,Oral group treatments,Goats,Goats,2023,2246
All animals,Yes,All prescription types,Goats,Goats,2023,2048
Farm animals,No,Single treatments farm animals,Cattle nCU,All species,2024,673
All animals,Yes,Single treatments farm animals,Goats,Goats,2023,758
Farm animals,Yes,All prescription types,Cattle nCU,All species,2024,20
All animals,Yes,Oral group treatments,Goats,Goats,2023,1290
Farm animals,Yes,Single treatments farm animals,Cattle nCU,All species,2024,20
All animals,All types of active ingredients,All prescription types,Goats,Goats,2023,12089
Farm animals,All types of active ingredients,All prescription types,Cattle nCU,All species,2024,693
All animals,All types of active ingredients,Single treatments farm animals,Goats,Goats,2023,8553
Farm animals,All types of active ingredients,Single treatments farm animals,Cattle nCU,All species,2024,693
All animals,All types of active ingredients,Oral group treatments,Goats,Goats,2023,3536
Farm animals,No,All prescription types,Suckling and weaned piglets,All species,2024,84184
Farm animals,No,Single treatments farm animals,Suckling and weaned piglets,All species,2024,2793
Farm animals,No,Oral group treatments,Suckling and weaned piglets,All species,2024,81391
Farm animals,Yes,All prescription types,Suckling and weaned piglets,All species,2024,12409
Farm animals,Yes,Single treatments farm animals,Suckling and weaned piglets,All species,2024,7117
Pets,No,All prescription types,All categories of use,All species,2023,444887
Farm animals,Yes,Oral group treatments,Suckling and weaned piglets,All species,2024,5292
Pets,No,Single treatments companion animals,All categories of use,All species,2023,444887
Pets,Yes,All prescription types,All categories of use,All species,2023,120409
Farm animals,All types of active ingredients,All prescription types,Suckling and weaned piglets,All species,2024,96593
Farm animals,All types of active ingredients,Single treatments farm animals,Suckling and weaned piglets,All species,2024,9910
Pets,Yes,Single treatments companion animals,All categories of use,All species,2023,120409
Pets,All types of active ingredients,All prescription types,All categories of use,All species,2023,565296
Farm animals,All types of active ingredients,Oral group treatments,Suckling and weaned piglets,All species,2024,86683
Pets,All types of active ingredients,Single treatments companion animals,All categories of use,All species,2023,565296
Pets,No,All prescription types,Equids,All species,2023,21568
Farm animals,No,All prescription types,Sheep,All species,2024,19755
Farm animals,No,Single treatments farm animals,Sheep,All species,2024,19096
Pets,No,Single treatments companion animals,Equids,All species,2023,21568
Farm animals,No,Oral group treatments,Sheep,All species,2024,659
Pets,Yes,All prescription types,Equids,All species,2023,1044
Farm animals,Yes,All prescription types,Sheep,All species,2024,1417
Farm animals,Yes,Single treatments farm animals,Sheep,All species,2024,1417
Pets,Yes,Single treatments companion animals,Equids,All species,2023,1044
Farm animals,All types of active ingredients,All prescription types,Sheep,All species,2024,21172
Farm animals,All types of active ingredients,Single treatments farm animals,Sheep,All species,2024,20513
Pets,All types of active ingredients,All prescription types,Equids,All species,2023,22612
Farm animals,All types of active ingredients,Oral group treatments,Sheep,All species,2024,659
Pets,All types of active ingredients,Single treatments companion animals,Equids,All species,2023,22612
Pets,No,All prescription types,Dogs,All species,2023,205729
Pets,No,Single treatments companion animals,Dogs,All species,2023,205729
Pets,Yes,All prescription types,Dogs,All species,2023,23539
Pets,Yes,Single treatments companion animals,Dogs,All species,2023,23539
Pets,All types of active ingredients,All prescription types,Dogs,All species,2023,229268
Pets,All types of active ingredients,Single treatments companion animals,Dogs,All species,2023,229268
Pets,No,All prescription types,Cats,All species,2023,217590
Pets,No,Single treatments companion animals,Cats,All species,2023,217590
Pets,Yes,All prescription types,Cats,All species,2023,95826
Pets,Yes,Single treatments companion animals,Cats,All species,2023,95826
Farm animals,No,All prescription types,Pigs nCU,All species,2024,42
Pets,All types of active ingredients,All prescription types,Cats,All species,2023,313416
Farm animals,No,Oral group treatments,Pigs nCU,All species,2024,42
Pets,All types of active ingredients,Single treatments companion animals,Cats,All species,2023,313416
Farm animals,All types of active ingredients,All prescription types,Pigs nCU,All species,2024,42
Pets,No,All prescription types,All categories of use,Equids,2023,21568
Farm animals,All types of active ingredients,Oral group treatments,Pigs nCU,All species,2024,42
Pets,No,Single treatments companion animals,All categories of use,Equids,2023,21568
Farm animals,No,All prescription types,Goats,All species,2024,9725
Farm animals,No,Single treatments farm animals,Goats,All species,2024,8238
Pets,Yes,All prescription types,All categories of use,Equids,2023,1044
Farm animals,No,Oral group treatments,Goats,All species,2024,1487
Pets,Yes,Single treatments companion animals,All categories of use,Equids,2023,1044
Pets,All types of active ingredients,All prescription types,All categories of use,Equids,2023,22612
Farm animals,Yes,All prescription types,Goats,All species,2024,1312
Pets,All types of active ingredients,Single treatments companion animals,All categories of use,Equids,2023,22612
Pets,No,All prescription types,Equids,Equids,2023,21568
Farm animals,Yes,Single treatments farm animals,Goats,All species,2024,796
Pets,No,Single treatments companion animals,Equids,Equids,2023,21568
Farm animals,Yes,Oral group treatments,Goats,All species,2024,516
Pets,Yes,All prescription types,Equids,Equids,2023,1044
Farm animals,All types of active ingredients,All prescription types,Goats,All species,2024,11037
Pets,Yes,Single treatments companion animals,Equids,Equids,2023,1044
Farm animals,All types of active ingredients,Single treatments farm animals,Goats,All species,2024,9034
Pets,All types of active ingredients,All prescription types,Equids,Equids,2023,22612
Farm animals,All types of active ingredients,Oral group treatments,Goats,All species,2024,2003
Pets,All types of active ingredients,Single treatments companion animals,Equids,Equids,2023,22612
Pets,No,All prescription types,All categories of use,Dogs,2023,205729
Pets,No,Single treatments companion animals,All categories of use,Dogs,2023,205729
Pets,Yes,All prescription types,All categories of use,Dogs,2023,23539
Pets,Yes,Single treatments companion animals,All categories of use,Dogs,2023,23539
Pets,All types of active ingredients,All prescription types,All categories of use,Dogs,2023,229268
Pets,All types of active ingredients,Single treatments companion animals,All categories of use,Dogs,2023,229268
Farm animals,No,All prescription types,Breeding sows and boars,All species,2024,3699
Farm animals,No,Single treatments farm animals,Breeding sows and boars,All species,2024,2109
Pets,No,All prescription types,Dogs,Dogs,2023,205729
Farm animals,No,Oral group treatments,Breeding sows and boars,All species,2024,1590
Pets,No,Single treatments companion animals,Dogs,Dogs,2023,205729
Farm animals,Yes,All prescription types,Breeding sows and boars,All species,2024,2259
Pets,Yes,All prescription types,Dogs,Dogs,2023,23539
Farm animals,Yes,Single treatments farm animals,Breeding sows and boars,All species,2024,2259
Pets,Yes,Single treatments companion animals,Dogs,Dogs,2023,23539
Pets,All types of active ingredients,All prescription types,Dogs,Dogs,2023,229268
Farm animals,All types of active ingredients,All prescription types,Breeding sows and boars,All species,2024,5958
Pets,All types of active ingredients,Single treatments companion animals,Dogs,Dogs,2023,229268
Farm animals,All types of active ingredients,Single treatments farm animals,Breeding sows and boars,All species,2024,4368
Pets,No,All prescription types,All categories of use,Cats,2023,217590
Farm animals,All types of active ingredients,Oral group treatments,Breeding sows and boars,All species,2024,1590
Pets,No,Single treatments companion animals,All categories of use,Cats,2023,217590
Pets,Yes,All prescription types,All categories of use,Cats,2023,95826
Pets,Yes,Single treatments companion animals,All categories of use,Cats,2023,95826
Farm animals,No,All prescription types,All categories of use,Fish,2024,5916760
Pets,All types of active ingredients,All prescription types,All categories of use,Cats,2023,313416
Farm animals,No,Single treatments farm animals,All categories of use,Fish,2024,5550
Pets,All types of active ingredients,Single treatments companion animals,All categories of use,Cats,2023,313416
Pets,No,All prescription types,Cats,Cats,2023,217590
Farm animals,No,Oral group treatments,All categories of use,Fish,2024,5911210
Pets,No,Single treatments companion animals,Cats,Cats,2023,217590
Pets,Yes,All prescription types,Cats,Cats,2023,95826
Farm animals,All types of active ingredients,All prescription types,All categories of use,Fish,2024,5916760
Pets,Yes,Single treatments companion animals,Cats,Cats,2023,95826
Farm animals,All types of active ingredients,Single treatments farm animals,All categories of use,Fish,2024,5550
Pets,All types of active ingredients,All prescription types,Cats,Cats,2023,313416
Pets,All types of active ingredients,Single treatments companion animals,Cats,Cats,2023,313416
Farm animals,All types of active ingredients,Oral group treatments,All categories of use,Fish,2024,5911210
Farm animals,No,All prescription types,Fish,Fish,2024,5916760
Farm animals,No,Single treatments farm animals,Fish,Fish,2024,5550
Farm animals,No,All prescription types,All categories of use,All species,2023,14881858
Farm animals,No,Oral group treatments,Fish,Fish,2024,5911210
Farm animals,No,Single treatments farm animals,All categories of use,All species,2023,698698
Farm animals,All types of active ingredients,All prescription types,Fish,Fish,2024,5916760
Farm animals,No,Oral group treatments,All categories of use,All species,2023,14183160
Farm animals,All types of active ingredients,Single treatments farm animals,Fish,Fish,2024,5550
Farm animals,Yes,All prescription types,All categories of use,All species,2023,1433820
Farm animals,All types of active ingredients,Oral group treatments,Fish,Fish,2024,5911210
Farm animals,Yes,Single treatments farm animals,All categories of use,All species,2023,109697
Farm animals,Yes,Oral group treatments,All categories of use,All species,2023,1324123
Farm animals,All types of active ingredients,All prescription types,All categories of use,All species,2023,16315678
Farm animals,All types of active ingredients,Single treatments farm animals,All categories of use,All species,2023,808395
Farm animals,All types of active ingredients,Oral group treatments,All categories of use,All species,2023,15507283
Farm animals,No,All prescription types,Rearing laying hens and parent birds,All species,2023,99069
Farm animals,No,All prescription types,All categories of use,Poultry,2024,6475092
Farm animals,No,Single treatments farm animals,Rearing laying hens and parent birds,All species,2023,13
Farm animals,No,Single treatments farm animals,All categories of use,Poultry,2024,102
Farm animals,No,Oral group treatments,All categories of use,Poultry,2024,6474990
Farm animals,No,Oral group treatments,Rearing laying hens and parent birds,All species,2023,99056
Farm animals,Yes,All prescription types,Rearing laying hens and parent birds,All species,2023,130322
Farm animals,Yes,All prescription types,All categories of use,Poultry,2024,1109721
Farm animals,Yes,Single treatments farm animals,Rearing laying hens and parent birds,All species,2023,32
Farm animals,Yes,Single treatments farm animals,All categories of use,Poultry,2024,46
Farm animals,Yes,Oral group treatments,Rearing laying hens and parent birds,All species,2023,130290
Farm animals,Yes,Oral group treatments,All categories of use,Poultry,2024,1109675
Farm animals,All types of active ingredients,All prescription types,Rearing laying hens and parent birds,All species,2023,229391
Farm animals,All types of active ingredients,Single treatments farm animals,Rearing laying hens and parent birds,All species,2023,45
Farm animals,All types of active ingredients,All prescription types,All categories of use,Poultry,2024,7584813
Farm animals,All types of active ingredients,Oral group treatments,Rearing laying hens and parent birds,All species,2023,229346
Farm animals,All types of active ingredients,Single treatments farm animals,All categories of use,Poultry,2024,148
Farm animals,All types of active ingredients,Oral group treatments,All categories of use,Poultry,2024,7584665
Farm animals,No,All prescription types,Rearing calves,All species,2023,64486
Farm animals,No,All prescription types,Rearing laying hens and parent birds,Poultry,2024,84693
Farm animals,No,Single treatments farm animals,Rearing calves,All species,2023,55148
Farm animals,No,Oral group treatments,Rearing laying hens and parent birds,Poultry,2024,84693
Farm animals,No,Oral group treatments,Rearing calves,All species,2023,9338
Farm animals,Yes,All prescription types,Rearing laying hens and parent birds,Poultry,2024,176433
Farm animals,Yes,All prescription types,Rearing calves,All species,2023,16140
Farm animals,Yes,Single treatments farm animals,Rearing laying hens and parent birds,Poultry,2024,4
Farm animals,Yes,Oral group treatments,Rearing laying hens and parent birds,Poultry,2024,176429
Farm animals,Yes,Single treatments farm animals,Rearing calves,All species,2023,12672
Farm animals,Yes,Oral group treatments,Rearing calves,All species,2023,3468
Farm animals,All types of active ingredients,All prescription types,Rearing laying hens and parent birds,Poultry,2024,261126
Farm animals,All types of active ingredients,Single treatments farm animals,Rearing laying hens and parent birds,Poultry,2024,4
Farm animals,All types of active ingredients,All prescription types,Rearing calves,All species,2023,80626
Farm animals,All types of active ingredients,Single treatments farm animals,Rearing calves,All species,2023,67820
Farm animals,All types of active ingredients,Oral group treatments,Rearing laying hens and parent birds,Poultry,2024,261122
Farm animals,All types of active ingredients,Oral group treatments,Rearing calves,All species,2023,12806
Farm animals,No,All prescription types,Rearing cattle,All species,2023,23370
Farm animals,No,Single treatments farm animals,Rearing cattle,All species,2023,22786
Farm animals,No,Oral group treatments,Rearing cattle,All species,2023,584
Farm animals,Yes,All prescription types,Rearing cattle,All species,2023,3086
Farm animals,Yes,Single treatments farm animals,Rearing cattle,All species,2023,2604
Farm animals,Yes,Oral group treatments,Rearing cattle,All species,2023,482
Farm animals,No,All prescription types,Poultry nCU,Poultry,2024,2011
Farm animals,All types of active ingredients,All prescription types,Rearing cattle,All species,2023,26456
Farm animals,No,Single treatments farm animals,Poultry nCU,Poultry,2024,11
Farm animals,All types of active ingredients,Single treatments farm animals,Rearing cattle,All species,2023,25390
Farm animals,No,Oral group treatments,Poultry nCU,Poultry,2024,2000
Farm animals,All types of active ingredients,Oral group treatments,Rearing cattle,All species,2023,1066
Farm animals,Yes,All prescription types,Poultry nCU,Poultry,2024,29
Farm animals,No,All prescription types,Fish,All species,2023,7923202
Farm animals,Yes,Single treatments farm animals,Poultry nCU,Poultry,2024,29
Farm animals,No,Oral group treatments,Fish,All species,2023,7923202
Farm animals,All types of active ingredients,All prescription types,Poultry nCU,Poultry,2024,2040
Farm animals,All types of active ingredients,All prescription types,Fish,All species,2023,7923202
Farm animals,All types of active ingredients,Single treatments farm animals,Poultry nCU,Poultry,2024,40
Farm animals,All types of active ingredients,Oral group treatments,Fish,All species,2023,7923202
Farm animals,All types of active ingredients,Oral group treatments,Poultry nCU,Poultry,2024,2000
Farm animals,No,All prescription types,Laying and parent birds,Poultry,2024,83734
Farm animals,No,Oral group treatments,Laying and parent birds,Poultry,2024,83734
Farm animals,Yes,All prescription types,Laying and parent birds,Poultry,2024,2256
Farm animals,Yes,Single treatments farm animals,Laying and parent birds,Poultry,2024,2
Farm animals,Yes,Oral group treatments,Laying and parent birds,Poultry,2024,2254
Farm animals,All types of active ingredients,All prescription types,Laying and parent birds,Poultry,2024,85990
Farm animals,All types of active ingredients,Single treatments farm animals,Laying and parent birds,Poultry,2024,2
Farm animals,All types of active ingredients,Oral group treatments,Laying and parent birds,Poultry,2024,85988
Farm animals,No,All prescription types,Laying hens,Poultry,2024,120612
Farm animals,No,Single treatments farm animals,Laying hens,Poultry,2024,8
Farm animals,No,All prescription types,Poultry nCU,All species,2023,4
Farm animals,No,Oral group treatments,Laying hens,Poultry,2024,120604
Farm animals,No,Single treatments farm animals,Poultry nCU,All species,2023,4
Farm animals,Yes,All prescription types,Laying hens,Poultry,2024,19158
Farm animals,Yes,All prescription types,Poultry nCU,All species,2023,19
Farm animals,Yes,Single treatments farm animals,Laying hens,Poultry,2024,8
Farm animals,Yes,Single treatments farm animals,Poultry nCU,All species,2023,19
Farm animals,Yes,Oral group treatments,Laying hens,Poultry,2024,19150
Farm animals,All types of active ingredients,All prescription types,Laying hens,Poultry,2024,139770
Farm animals,All types of active ingredients,All prescription types,Poultry nCU,All species,2023,23
Farm animals,All types of active ingredients,Single treatments farm animals,Laying hens,Poultry,2024,16
Farm animals,All types of active ingredients,Single treatments farm animals,Poultry nCU,All species,2023,23
Farm animals,All types of active ingredients,Oral group treatments,Laying hens,Poultry,2024,139754
Farm animals,No,All prescription types,Game animals,All species,2023,13
Farm animals,No,All prescription types,Fattening broilers,Poultry,2024,6163470
Farm animals,No,Single treatments farm animals,Game animals,All species,2023,13
Farm animals,No,Single treatments farm animals,Fattening broilers,Poultry,2024,1
Farm animals,Yes,All prescription types,Game animals,All species,2023,71
Farm animals,Yes,Single treatments farm animals,Game animals,All species,2023,1
Farm animals,No,Oral group treatments,Fattening broilers,Poultry,2024,6163469
Farm animals,Yes,Oral group treatments,Game animals,All species,2023,70
Farm animals,Yes,All prescription types,Fattening broilers,Poultry,2024,911803
Farm animals,All types of active ingredients,All prescription types,Game animals,All species,2023,84
Farm animals,Yes,Single treatments farm animals,Fattening broilers,Poultry,2024,1
Farm animals,Yes,Oral group treatments,Fattening broilers,Poultry,2024,911802
Farm animals,All types of active ingredients,Single treatments farm animals,Game animals,All species,2023,14
Farm animals,All types of active ingredients,Oral group treatments,Game animals,All species,2023,70
Farm animals,All types of active ingredients,All prescription types,Fattening broilers,Poultry,2024,7075273
Farm animals,All types of active ingredients,Single treatments farm animals,Fattening broilers,Poultry,2024,2
Farm animals,All types of active ingredients,Oral group treatments,Fattening broilers,Poultry,2024,7075271
Farm animals,No,All prescription types,Fattening turkeys,Poultry,2024,20572
Farm animals,No,Single treatments farm animals,Fattening turkeys,Poultry,2024,82
Farm animals,No,Oral group treatments,Fattening turkeys,Poultry,2024,20490
Farm animals,Yes,All prescription types,Fattening turkeys,Poultry,2024,42
Farm animals,No,All prescription types,Young sows,All species,2023,533
Farm animals,Yes,Single treatments farm animals,Fattening turkeys,Poultry,2024,2
Farm animals,No,Single treatments farm animals,Young sows,All species,2023,126
Farm animals,Yes,Oral group treatments,Fattening turkeys,Poultry,2024,40
Farm animals,All types of active ingredients,All prescription types,Fattening turkeys,Poultry,2024,20614
Farm animals,No,Oral group treatments,Young sows,All species,2023,407
Farm animals,All types of active ingredients,Single treatments farm animals,Fattening turkeys,Poultry,2024,84
Farm animals,Yes,All prescription types,Young sows,All species,2023,332
Farm animals,All types of active ingredients,Oral group treatments,Fattening turkeys,Poultry,2024,20530
Farm animals,Yes,Single treatments farm animals,Young sows,All species,2023,147
Farm animals,Yes,Oral group treatments,Young sows,All species,2023,185
Farm animals,No,All prescription types,All categories of use,Game animals,2024,20
Farm animals,All types of active ingredients,All prescription types,Young sows,All species,2023,865
Farm animals,No,Single treatments farm animals,All categories of use,Game animals,2024,20
Farm animals,Yes,All prescription types,All categories of use,Game animals,2024,1
Farm animals,All types of active ingredients,Single treatments farm animals,Young sows,All species,2023,273
Farm animals,Yes,Single treatments farm animals,All categories of use,Game animals,2024,1
Farm animals,All types of active ingredients,Oral group treatments,Young sows,All species,2023,592
Farm animals,No,All prescription types,Camelids,All species,2023,596
Farm animals,No,Single treatments farm animals,Camelids,All species,2023,596
Farm animals,Yes,All prescription types,Camelids,All species,2023,164
Farm animals,All types of active ingredients,All prescription types,All categories of use,Game animals,2024,21
Farm animals,All types of active ingredients,Single treatments farm animals,All categories of use,Game animals,2024,21
Farm animals,Yes,Single treatments farm animals,Camelids,All species,2023,164
Farm animals,No,All prescription types,Game animals,Game animals,2024,20
Farm animals,All types of active ingredients,All prescription types,Camelids,All species,2023,760
Farm animals,No,Single treatments farm animals,Game animals,Game animals,2024,20
Farm animals,All types of active ingredients,Single treatments farm animals,Camelids,All species,2023,760
Farm animals,Yes,All prescription types,Game animals,Game animals,2024,1
Farm animals,Yes,Single treatments farm animals,Game animals,Game animals,2024,1
Farm animals,All types of active ingredients,All prescription types,Game animals,Game animals,2024,21
Farm animals,All types of active ingredients,Single treatments farm animals,Game animals,Game animals,2024,21
Farm animals,No,All prescription types,All categories of use,Camelids,2024,783
Farm animals,No,Single treatments farm animals,All categories of use,Camelids,2024,783
Farm animals,No,All prescription types,Rabbits,All species,2023,47417
Farm animals,No,Single treatments farm animals,Rabbits,All species,2023,167
Farm animals,No,Oral group treatments,Rabbits,All species,2023,47250
Farm animals,Yes,All prescription types,All categories of use,Camelids,2024,119
Farm animals,Yes,Single treatments farm animals,All categories of use,Camelids,2024,119
Farm animals,Yes,All prescription types,Rabbits,All species,2023,2288
Farm animals,All types of active ingredients,All prescription types,All categories of use,Camelids,2024,902
Farm animals,Yes,Single treatments farm animals,Rabbits,All species,2023,288
Farm animals,All types of active ingredients,Single treatments farm animals,All categories of use,Camelids,2024,902
Farm animals,No,All prescription types,Camelids,Camelids,2024,783
Farm animals,Yes,Oral group treatments,Rabbits,All species,2023,2000
Farm animals,No,Single treatments farm animals,Camelids,Camelids,2024,783
Farm animals,Yes,All prescription types,Camelids,Camelids,2024,119
Farm animals,Yes,Single treatments farm animals,Camelids,Camelids,2024,119
Farm animals,All types of active ingredients,All prescription types,Rabbits,All species,2023,49705
Farm animals,All types of active ingredients,All prescription types,Camelids,Camelids,2024,902
Farm animals,All types of active ingredients,Single treatments farm animals,Rabbits,All species,2023,455
Farm animals,All types of active ingredients,Single treatments farm animals,Camelids,Camelids,2024,902
Farm animals,All types of active ingredients,Oral group treatments,Rabbits,All species,2023,49250
Farm animals,No,All prescription types,Laying and parent birds,All species,2023,59971
Farm animals,No,Oral group treatments,Laying and parent birds,All species,2023,59971
Farm animals,Yes,All prescription types,Laying and parent birds,All species,2023,15989
Farm animals,Yes,Oral group treatments,Laying and parent birds,All species,2023,15989
Farm animals,All types of active ingredients,All prescription types,Laying and parent birds,All species,2023,75960
Farm animals,No,All prescription types,All categories of use,Rabbits,2024,2417
Farm animals,All types of active ingredients,Oral group treatments,Laying and parent birds,All species,2023,75960
Farm animals,No,Single treatments farm animals,All categories of use,Rabbits,2024,17
Farm animals,No,All prescription types,Laying hens,All species,2023,189433
Farm animals,No,Oral group treatments,All categories of use,Rabbits,2024,2400
Farm animals,No,Single treatments farm animals,Laying hens,All species,2023,2
Farm animals,Yes,All prescription types,All categories of use,Rabbits,2024,438
Farm animals,No,Oral group treatments,Laying hens,All species,2023,189431
Farm animals,Yes,Single treatments farm animals,All categories of use,Rabbits,2024,438
Farm animals,Yes,All prescription types,Laying hens,All species,2023,28944
Farm animals,All types of active ingredients,All prescription types,All categories of use,Rabbits,2024,2855
Farm animals,Yes,Single treatments farm animals,Laying hens,All species,2023,4
Farm animals,All types of active ingredients,Single treatments farm animals,All categories of use,Rabbits,2024,455
Farm animals,Yes,Oral group treatments,Laying hens,All species,2023,28940
Farm animals,All types of active ingredients,Oral group treatments,All categories of use,Rabbits,2024,2400
Farm animals,All types of active ingredients,All prescription types,Laying hens,All species,2023,218377
Farm animals,No,All prescription types,Rabbits,Rabbits,2024,2417
Farm animals,All types of active ingredients,Single treatments farm animals,Laying hens,All species,2023,6
Farm animals,All types of active ingredients,Oral group treatments,Laying hens,All species,2023,218371
Farm animals,No,Single treatments farm animals,Rabbits,Rabbits,2024,17
Farm animals,No,All prescription types,Fattening calves and cattle,All species,2023,267726
Farm animals,No,Oral group treatments,Rabbits,Rabbits,2024,2400
Farm animals,No,Single treatments farm animals,Fattening calves and cattle,All species,2023,43812
Farm animals,Yes,All prescription types,Rabbits,Rabbits,2024,438
Farm animals,Yes,Single treatments farm animals,Rabbits,Rabbits,2024,438
Farm animals,No,Oral group treatments,Fattening calves and cattle,All species,2023,223914
Farm animals,Yes,All prescription types,Fattening calves and cattle,All species,2023,76252
Farm animals,All types of active ingredients,All prescription types,Rabbits,Rabbits,2024,2855
Farm animals,Yes,Single treatments farm animals,Fattening calves and cattle,All species,2023,38411
Farm animals,All types of active ingredients,Single treatments farm animals,Rabbits,Rabbits,2024,455
Farm animals,Yes,Oral group treatments,Fattening calves and cattle,All species,2023,37841
Farm animals,All types of active ingredients,Oral group treatments,Rabbits,Rabbits,2024,2400
Farm animals,All types of active ingredients,All prescription types,Fattening calves and cattle,All species,2023,343978
Farm animals,All types of active ingredients,Single treatments farm animals,Fattening calves and cattle,All species,2023,82223
Farm animals,All types of active ingredients,Oral group treatments,Fattening calves and cattle,All species,2023,261755
Farm animals,No,All prescription types,All categories of use,Cattle,2024,935790
Farm animals,No,Single treatments farm animals,All categories of use,Cattle,2024,683013
Farm animals,No,All prescription types,Fattening broilers,All species,2023,5475673
Farm animals,No,Single treatments farm animals,Fattening broilers,All species,2023,1
Farm animals,No,Oral group treatments,All categories of use,Cattle,2024,252777
Farm animals,No,Oral group treatments,Fattening broilers,All species,2023,5475672
Farm animals,Yes,All prescription types,Fattening broilers,All species,2023,1086526
Farm animals,Yes,All prescription types,All categories of use,Cattle,2024,139478
Farm animals,Yes,Single treatments farm animals,All categories of use,Cattle,2024,102198
Farm animals,Yes,Oral group treatments,All categories of use,Cattle,2024,37280
Farm animals,All types of active ingredients,All prescription types,All categories of use,Cattle,2024,1075268
Farm animals,All types of active ingredients,Single treatments farm animals,All categories of use,Cattle,2024,785211
Farm animals,Yes,Single treatments farm animals,Fattening broilers,All species,2023,1
Farm animals,All types of active ingredients,Oral group treatments,All categories of use,Cattle,2024,290057
Farm animals,Yes,Oral group treatments,Fattening broilers,All species,2023,1086525
Farm animals,No,All prescription types,Rearing calves,Cattle,2024,63389
Farm animals,All types of active ingredients,All prescription types,Fattening broilers,All species,2023,6562199
Farm animals,No,Single treatments farm animals,Rearing calves,Cattle,2024,55297
Farm animals,All types of active ingredients,Single treatments farm animals,Fattening broilers,All species,2023,2
Farm animals,No,Oral group treatments,Rearing calves,Cattle,2024,8092
Farm animals,All types of active ingredients,Oral group treatments,Fattening broilers,All species,2023,6562197
Farm animals,Yes,All prescription types,Rearing calves,Cattle,2024,16536
Farm animals,No,All prescription types,Fattening pigs,All species,2023,55796
Farm animals,Yes,Single treatments farm animals,Rearing calves,Cattle,2024,13214
Farm animals,Yes,Oral group treatments,Rearing calves,Cattle,2024,3322
Farm animals,No,Single treatments farm animals,Fattening pigs,All species,2023,4243
Farm animals,All types of active ingredients,All prescription types,Rearing calves,Cattle,2024,79925
Farm animals,No,Oral group treatments,Fattening pigs,All species,2023,51553
Farm animals,All types of active ingredients,Single treatments farm animals,Rearing calves,Cattle,2024,68511
Farm animals,Yes,All prescription types,Fattening pigs,All species,2023,6980
Farm animals,All types of active ingredients,Oral group treatments,Rearing calves,Cattle,2024,11414
Farm animals,Yes,Single treatments farm animals,Fattening pigs,All species,2023,1049
Farm animals,Yes,Oral group treatments,Fattening pigs,All species,2023,5931
Farm animals,No,All prescription types,Rearing cattle,Cattle,2024,23364
Farm animals,All types of active ingredients,All prescription types,Fattening pigs,All species,2023,62776
Farm animals,No,Single treatments farm animals,Rearing cattle,Cattle,2024,22798
Farm animals,No,Oral group treatments,Rearing cattle,Cattle,2024,566
Farm animals,All types of active ingredients,Single treatments farm animals,Fattening pigs,All species,2023,5292
Farm animals,Yes,All prescription types,Rearing cattle,Cattle,2024,2354
Farm animals,Yes,Single treatments farm animals,Rearing cattle,Cattle,2024,2287
Farm animals,All types of active ingredients,Oral group treatments,Fattening pigs,All species,2023,57484
Farm animals,Yes,Oral group treatments,Rearing cattle,Cattle,2024,67
Farm animals,No,All prescription types,Fattening turkeys,All species,2023,15860
Farm animals,All types of active ingredients,All prescription types,Rearing cattle,Cattle,2024,25718
Farm animals,No,Oral group treatments,Fattening turkeys,All species,2023,15860
Farm animals,All types of active ingredients,Single treatments farm animals,Rearing cattle,Cattle,2024,25085
Farm animals,Yes,All prescription types,Fattening turkeys,All species,2023,2401
Farm animals,All types of active ingredients,Oral group treatments,Rearing cattle,Cattle,2024,633
Farm animals,Yes,Single treatments farm animals,Fattening turkeys,All species,2023,1
Farm animals,No,All prescription types,Fattening calves and cattle,Cattle,2024,288115
Farm animals,Yes,Oral group treatments,Fattening turkeys,All species,2023,2400
Farm animals,No,Single treatments farm animals,Fattening calves and cattle,Cattle,2024,44208
Farm animals,No,Oral group treatments,Fattening calves and cattle,Cattle,2024,243907
Farm animals,All types of active ingredients,All prescription types,Fattening turkeys,All species,2023,18261
Farm animals,Yes,All prescription types,Fattening calves and cattle,Cattle,2024,74759
Farm animals,All types of active ingredients,Single treatments farm animals,Fattening turkeys,All species,2023,1
Farm animals,Yes,Single treatments farm animals,Fattening calves and cattle,Cattle,2024,40887
Farm animals,All types of active ingredients,Oral group treatments,Fattening turkeys,All species,2023,18260
Farm animals,Yes,Oral group treatments,Fattening calves and cattle,Cattle,2024,33872
Farm animals,No,All prescription types,Dairy cows,All species,2023,474875
Farm animals,No,Single treatments farm animals,Dairy cows,All species,2023,474830
Farm animals,All types of active ingredients,All prescription types,Fattening calves and cattle,Cattle,2024,362874
Farm animals,No,Oral group treatments,Dairy cows,All species,2023,45
Farm animals,Yes,All prescription types,Dairy cows,All species,2023,36086
Farm animals,All types of active ingredients,Single treatments farm animals,Fattening calves and cattle,Cattle,2024,85095
Farm animals,All types of active ingredients,Oral group treatments,Fattening calves and cattle,Cattle,2024,277779
Farm animals,Yes,Single treatments farm animals,Dairy cows,All species,2023,36086
Farm animals,No,All prescription types,Dairy cows,Cattle,2024,511097
Farm animals,All types of active ingredients,All prescription types,Dairy cows,All species,2023,510961
Farm animals,No,Single treatments farm animals,Dairy cows,Cattle,2024,511097
Farm animals,All types of active ingredients,Single treatments farm animals,Dairy cows,All species,2023,510916
Farm animals,Yes,All prescription types,Dairy cows,Cattle,2024,39541
Farm animals,All types of active ingredients,Oral group treatments,Dairy cows,All species,2023,45
Farm animals,Yes,Single treatments farm animals,Dairy cows,Cattle,2024,39541
Farm animals,No,All prescription types,Cow-calf calves,All species,2023,18311
Farm animals,No,Single treatments farm animals,Cow-calf calves,All species,2023,18240
Farm animals,All types of active ingredients,All prescription types,Dairy cows,Cattle,2024,550638
Farm animals,No,Oral group treatments,Cow-calf calves,All species,2023,71
Farm animals,Yes,All prescription types,Cow-calf calves,All species,2023,3898
Farm animals,All types of active ingredients,Single treatments farm animals,Dairy cows,Cattle,2024,550638
Farm animals,Yes,Single treatments farm animals,Cow-calf calves,All species,2023,3867
Farm animals,No,All prescription types,Cow-calf calves,Cattle,2024,19262
Farm animals,Yes,Oral group treatments,Cow-calf calves,All species,2023,31
Farm animals,No,Single treatments farm animals,Cow-calf calves,Cattle,2024,19077
Farm animals,All types of active ingredients,All prescription types,Cow-calf calves,All species,2023,22209
Farm animals,All types of active ingredients,Single treatments farm animals,Cow-calf calves,All species,2023,22107
Farm animals,No,Oral group treatments,Cow-calf calves,Cattle,2024,185
Farm animals,Yes,All prescription types,Cow-calf calves,Cattle,2024,4165
Farm animals,All types of active ingredients,Oral group treatments,Cow-calf calves,All species,2023,102
Farm animals,Yes,Single treatments farm animals,Cow-calf calves,Cattle,2024,4146
Farm animals,Yes,Oral group treatments,Cow-calf calves,Cattle,2024,19
Farm animals,No,All prescription types,Suckler cows,All species,2023,30607
Farm animals,All types of active ingredients,All prescription types,Cow-calf calves,Cattle,2024,23427
Farm animals,No,Single treatments farm animals,Suckler cows,All species,2023,30607
Farm animals,All types of active ingredients,Single treatments farm animals,Cow-calf calves,Cattle,2024,23223
Farm animals,Yes,All prescription types,Suckler cows,All species,2023,2136
Farm animals,All types of active ingredients,Oral group treatments,Cow-calf calves,Cattle,2024,204
Farm animals,Yes,Single treatments farm animals,Suckler cows,All species,2023,2136
Farm animals,No,All prescription types,Suckler cows,Cattle,2024,29890
Farm animals,All types of active ingredients,All prescription types,Suckler cows,All species,2023,32743
Farm animals,All types of active ingredients,Single treatments farm animals,Suckler cows,All species,2023,32743
Farm animals,No,Single treatments farm animals,Suckler cows,Cattle,2024,29863
Farm animals,No,Oral group treatments,Suckler cows,Cattle,2024,27
Farm animals,Yes,All prescription types,Suckler cows,Cattle,2024,2103
Farm animals,Yes,Single treatments farm animals,Suckler cows,Cattle,2024,2103
Farm animals,All types of active ingredients,All prescription types,Suckler cows,Cattle,2024,31993
Farm animals,All types of active ingredients,Single treatments farm animals,Suckler cows,Cattle,2024,31966
Farm animals,No,All prescription types,Cattle nCU,All species,2023,20507
Farm animals,All types of active ingredients,Oral group treatments,Suckler cows,Cattle,2024,27
Farm animals,No,Single treatments farm animals,Cattle nCU,All species,2023,20220
Farm animals,No,Oral group treatments,Cattle nCU,All species,2023,287
Farm animals,Yes,All prescription types,Cattle nCU,All species,2023,2490
Farm animals,Yes,Single treatments farm animals,Cattle nCU,All species,2023,2451
Farm animals,Yes,Oral group treatments,Cattle nCU,All species,2023,39
Farm animals,All types of active ingredients,All prescription types,Cattle nCU,All species,2023,22997
Farm animals,No,All prescription types,Cattle nCU,Cattle,2024,673
Farm animals,All types of active ingredients,Single treatments farm animals,Cattle nCU,All species,2023,22671
Farm animals,No,Single treatments farm animals,Cattle nCU,Cattle,2024,673
Farm animals,All types of active ingredients,Oral group treatments,Cattle nCU,All species,2023,326
Farm animals,Yes,All prescription types,Cattle nCU,Cattle,2024,20
Farm animals,No,All prescription types,Suckling and weaned piglets,All species,2023,81824
Farm animals,Yes,Single treatments farm animals,Cattle nCU,Cattle,2024,20
Farm animals,No,Single treatments farm animals,Suckling and weaned piglets,All species,2023,1860
Farm animals,All types of active ingredients,All prescription types,Cattle nCU,Cattle,2024,693
Farm animals,All types of active ingredients,Single treatments farm animals,Cattle nCU,Cattle,2024,693
Farm animals,No,Oral group treatments,Suckling and weaned piglets,All species,2023,79964
Farm animals,Yes,All prescription types,Suckling and weaned piglets,All species,2023,14439
Farm animals,No,All prescription types,All categories of use,Sheep,2024,19755
Farm animals,Yes,Single treatments farm animals,Suckling and weaned piglets,All species,2023,6495
Farm animals,No,Single treatments farm animals,All categories of use,Sheep,2024,19096
Farm animals,Yes,Oral group treatments,Suckling and weaned piglets,All species,2023,7944
Farm animals,No,Oral group treatments,All categories of use,Sheep,2024,659
Farm animals,All types of active ingredients,All prescription types,Suckling and weaned piglets,All species,2023,96263
Farm animals,All types of active ingredients,Single treatments farm animals,Suckling and weaned piglets,All species,2023,8355
Farm animals,Yes,All prescription types,All categories of use,Sheep,2024,1417
Farm animals,All types of active ingredients,Oral group treatments,Suckling and weaned piglets,All species,2023,87908
Farm animals,Yes,Single treatments farm animals,All categories of use,Sheep,2024,1417
Farm animals,No,All prescription types,Sheep,All species,2023,18781
Farm animals,No,Single treatments farm animals,Sheep,All species,2023,16400
Farm animals,No,Oral group treatments,Sheep,All species,2023,2381
Farm animals,All types of active ingredients,All prescription types,All categories of use,Sheep,2024,21172
Farm animals,Yes,All prescription types,Sheep,All species,2023,2041
Farm animals,All types of active ingredients,Single treatments farm animals,All categories of use,Sheep,2024,20513
Farm animals,All types of active ingredients,Oral group treatments,All categories of use,Sheep,2024,659
Farm animals,Yes,Single treatments farm animals,Sheep,All species,2023,1391
Farm animals,No,All prescription types,Sheep,Sheep,2024,19755
Farm animals,No,Single treatments farm animals,Sheep,Sheep,2024,19096
Farm animals,Yes,Oral group treatments,Sheep,All species,2023,650
Farm animals,No,Oral group treatments,Sheep,Sheep,2024,659
Farm animals,All types of active ingredients,All prescription types,Sheep,All species,2023,20822
Farm animals,Yes,All prescription types,Sheep,Sheep,2024,1417
Farm animals,All types of active ingredients,Single treatments farm animals,Sheep,All species,2023,17791
Farm animals,Yes,Single treatments farm animals,Sheep,Sheep,2024,1417
Farm animals,All types of active ingredients,Oral group treatments,Sheep,All species,2023,3031
Farm animals,All types of active ingredients,All prescription types,Sheep,Sheep,2024,21172
Farm animals,All types of active ingredients,Single treatments farm animals,Sheep,Sheep,2024,20513
Farm animals,All types of active ingredients,Oral group treatments,Sheep,Sheep,2024,659
Farm animals,No,All prescription types,All categories of use,Pigs,2024,158664
Farm animals,No,Single treatments farm animals,All categories of use,Pigs,2024,9984
Farm animals,No,All prescription types,Pigs nCU,All species,2023,1258
Farm animals,No,Oral group treatments,All categories of use,Pigs,2024,148680
Farm animals,No,Single treatments farm animals,Pigs nCU,All species,2023,321
Farm animals,No,Oral group treatments,Pigs nCU,All species,2023,937
Farm animals,Yes,All prescription types,Pigs nCU,All species,2023,90
Farm animals,Yes,All prescription types,All categories of use,Pigs,2024,23196
Farm animals,Yes,Single treatments farm animals,All categories of use,Pigs,2024,10884
Farm animals,Yes,Single treatments farm animals,Pigs nCU,All species,2023,42
Farm animals,Yes,Oral group treatments,All categories of use,Pigs,2024,12312
Farm animals,Yes,Oral group treatments,Pigs nCU,All species,2023,48
Farm animals,All types of active ingredients,All prescription types,Pigs nCU,All species,2023,1348
Farm animals,All types of active ingredients,All prescription types,All categories of use,Pigs,2024,181860
Farm animals,All types of active ingredients,Single treatments farm animals,Pigs nCU,All species,2023,363
Farm animals,All types of active ingredients,Oral group treatments,Pigs nCU,All species,2023,985
Farm animals,All types of active ingredients,Single treatments farm animals,All categories of use,Pigs,2024,20868
Farm animals,All types of active ingredients,Oral group treatments,All categories of use,Pigs,2024,160992
Farm animals,No,All prescription types,Young sows,Pigs,2024,678
Farm animals,No,Single treatments farm animals,Young sows,Pigs,2024,144
Farm animals,No,Oral group treatments,Young sows,Pigs,2024,534
Farm animals,Yes,All prescription types,Young sows,Pigs,2024,49
Farm animals,Yes,Single treatments farm animals,Young sows,Pigs,2024,29
Farm animals,No,All prescription types,Goats,All species,2023,10041
Farm animals,Yes,Oral group treatments,Young sows,Pigs,2024,20
Farm animals,No,Single treatments farm animals,Goats,All species,2023,7795
Farm animals,All types of active ingredients,All prescription types,Young sows,Pigs,2024,727
Farm animals,No,Oral group treatments,Goats,All species,2023,2246
Farm animals,Yes,All prescription types,Goats,All species,2023,2048
Farm animals,All types of active ingredients,Single treatments farm animals,Young sows,Pigs,2024,173
Farm animals,Yes,Single treatments farm animals,Goats,All species,2023,758
Farm animals,All types of active ingredients,Oral group treatments,Young sows,Pigs,2024,554
Farm animals,No,All prescription types,Fattening pigs,Pigs,2024,70061
Farm animals,Yes,Oral group treatments,Goats,All species,2023,1290
Farm animals,No,Single treatments farm animals,Fattening pigs,Pigs,2024,4938
Farm animals,All types of active ingredients,All prescription types,Goats,All species,2023,12089
Farm animals,No,Oral group treatments,Fattening pigs,Pigs,2024,65123
Farm animals,Yes,All prescription types,Fattening pigs,Pigs,2024,8479
Farm animals,All types of active ingredients,Single treatments farm animals,Goats,All species,2023,8553
Farm animals,Yes,Single treatments farm animals,Fattening pigs,Pigs,2024,1479
Farm animals,All types of active ingredients,Oral group treatments,Goats,All species,2023,3536
Farm animals,Yes,Oral group treatments,Fattening pigs,Pigs,2024,7000
Farm animals,All types of active ingredients,All prescription types,Fattening pigs,Pigs,2024,78540
Farm animals,All types of active ingredients,Single treatments farm animals,Fattening pigs,Pigs,2024,6417
Farm animals,All types of active ingredients,Oral group treatments,Fattening pigs,Pigs,2024,72123
Farm animals,No,All prescription types,Suckling and weaned piglets,Pigs,2024,84184
Farm animals,No,Single treatments farm animals,Suckling and weaned piglets,Pigs,2024,2793
Farm animals,No,Oral group treatments,Suckling and weaned piglets,Pigs,2024,81391
Farm animals,No,All prescription types,Breeding sows and boars,All species,2023,2505
Farm animals,Yes,All prescription types,Suckling and weaned piglets,Pigs,2024,12409
Farm animals,No,Single treatments farm animals,Breeding sows and boars,All species,2023,1514
Farm animals,Yes,Single treatments farm animals,Suckling and weaned piglets,Pigs,2024,7117
Farm animals,No,Oral group treatments,Breeding sows and boars,All species,2023,991
Farm animals,Yes,Oral group treatments,Suckling and weaned piglets,Pigs,2024,5292
Farm animals,Yes,All prescription types,Breeding sows and boars,All species,2023,1078
Farm animals,Yes,Single treatments farm animals,Breeding sows and boars,All species,2023,1078
Farm animals,All types of active ingredients,All prescription types,Suckling and weaned piglets,Pigs,2024,96593
Farm animals,All types of active ingredients,All prescription types,Breeding sows and boars,All species,2023,3583
Farm animals,All types of active ingredients,Single treatments farm animals,Suckling and weaned piglets,Pigs,2024,9910
Farm animals,All types of active ingredients,Single treatments farm animals,Breeding sows and boars,All species,2023,2592
Farm animals,All types of active ingredients,Oral group treatments,Breeding sows and boars,All species,2023,991
Farm animals,All types of active ingredients,Oral group treatments,Suckling and weaned piglets,Pigs,2024,86683
Farm animals,No,All prescription types,All categories of use,Fish,2023,7923202
Farm animals,No,Oral group treatments,All categories of use,Fish,2023,7923202
Farm animals,All types of active ingredients,All prescription types,All categories of use,Fish,2023,7923202
Farm animals,All types of active ingredients,Oral group treatments,All categories of use,Fish,2023,7923202
Farm animals,No,All prescription types,Pigs nCU,Pigs,2024,42
Farm animals,No,Oral group treatments,Pigs nCU,Pigs,2024,42
Farm animals,No,All prescription types,Fish,Fish,2023,7923202
Farm animals,All types of active ingredients,All prescription types,Pigs nCU,Pigs,2024,42
Farm animals,No,Oral group treatments,Fish,Fish,2023,7923202
Farm animals,All types of active ingredients,Oral group treatments,Pigs nCU,Pigs,2024,42
Farm animals,All types of active ingredients,All prescription types,Fish,Fish,2023,7923202
Farm animals,No,All prescription types,Breeding sows and boars,Pigs,2024,3699
Farm animals,All types of active ingredients,Oral group treatments,Fish,Fish,2023,7923202
Farm animals,No,Single treatments farm animals,Breeding sows and boars,Pigs,2024,2109
Farm animals,No,Oral group treatments,Breeding sows and boars,Pigs,2024,1590
Farm animals,Yes,All prescription types,Breeding sows and boars,Pigs,2024,2259
Farm animals,Yes,Single treatments farm animals,Breeding sows and boars,Pigs,2024,2259
Farm animals,All types of active ingredients,All prescription types,Breeding sows and boars,Pigs,2024,5958
Farm animals,All types of active ingredients,Single treatments farm animals,Breeding sows and boars,Pigs,2024,4368
Farm animals,All types of active ingredients,Oral group treatments,Breeding sows and boars,Pigs,2024,1590
Farm animals,No,All prescription types,All categories of use,Goats,2024,9725
Farm animals,No,All prescription types,All categories of use,Poultry,2023,5840010
Farm animals,No,Single treatments farm animals,All categories of use,Goats,2024,8238
Farm animals,No,Single treatments farm animals,All categories of use,Poultry,2023,20
Farm animals,No,Oral group treatments,All categories of use,Goats,2024,1487
Farm animals,No,Oral group treatments,All categories of use,Poultry,2023,5839990
Farm animals,Yes,All prescription types,All categories of use,Goats,2024,1312
Farm animals,Yes,All prescription types,All categories of use,Poultry,2023,1264201
Farm animals,Yes,Single treatments farm animals,All categories of use,Poultry,2023,57
Farm animals,Yes,Single treatments farm animals,All categories of use,Goats,2024,796
Farm animals,Yes,Oral group treatments,All categories of use,Goats,2024,516
Farm animals,Yes,Oral group treatments,All categories of use,Poultry,2023,1264144
Farm animals,All types of active ingredients,All prescription types,All categories of use,Poultry,2023,7104211
Farm animals,All types of active ingredients,All prescription types,All categories of use,Goats,2024,11037
Farm animals,All types of active ingredients,Single treatments farm animals,All categories of use,Poultry,2023,77
Farm animals,All types of active ingredients,Single treatments farm animals,All categories of use,Goats,2024,9034
Farm animals,All types of active ingredients,Oral group treatments,All categories of use,Poultry,2023,7104134
Farm animals,No,All prescription types,Rearing laying hens and parent birds,Poultry,2023,99069
Farm animals,All types of active ingredients,Oral group treatments,All categories of use,Goats,2024,2003
Farm animals,No,Single treatments farm animals,Rearing laying hens and parent birds,Poultry,2023,13
Farm animals,No,All prescription types,Goats,Goats,2024,9725
Farm animals,No,Oral group treatments,Rearing laying hens and parent birds,Poultry,2023,99056
Farm animals,No,Single treatments farm animals,Goats,Goats,2024,8238
Farm animals,Yes,All prescription types,Rearing laying hens and parent birds,Poultry,2023,130322
Farm animals,No,Oral group treatments,Goats,Goats,2024,1487
Farm animals,Yes,All prescription types,Goats,Goats,2024,1312
Farm animals,Yes,Single treatments farm animals,Rearing laying hens and parent birds,Poultry,2023,32
Farm animals,Yes,Single treatments farm animals,Goats,Goats,2024,796
Farm animals,Yes,Oral group treatments,Rearing laying hens and parent birds,Poultry,2023,130290
Farm animals,All types of active ingredients,All prescription types,Rearing laying hens and parent birds,Poultry,2023,229391
Farm animals,Yes,Oral group treatments,Goats,Goats,2024,516
Farm animals,All types of active ingredients,Single treatments farm animals,Rearing laying hens and parent birds,Poultry,2023,45
Farm animals,All types of active ingredients,Oral group treatments,Rearing laying hens and parent birds,Poultry,2023,229346
Farm animals,All types of active ingredients,All prescription types,Goats,Goats,2024,11037
Farm animals,All types of active ingredients,Single treatments farm animals,Goats,Goats,2024,9034
Farm animals,All types of active ingredients,Oral group treatments,Goats,Goats,2024,2003
Farm animals,No,All prescription types,Poultry nCU,Poultry,2023,4
Farm animals,No,Single treatments farm animals,Poultry nCU,Poultry,2023,4
Farm animals,Yes,All prescription types,Poultry nCU,Poultry,2023,19
Farm animals,Yes,Single treatments farm animals,Poultry nCU,Poultry,2023,19
Farm animals,All types of active ingredients,All prescription types,Poultry nCU,Poultry,2023,23
Farm animals,All types of active ingredients,Single treatments farm animals,Poultry nCU,Poultry,2023,23
Farm animals,No,All prescription types,Laying and parent birds,Poultry,2023,59971
Farm animals,No,Oral group treatments,Laying and parent birds,Poultry,2023,59971
Farm animals,Yes,All prescription types,Laying and parent birds,Poultry,2023,15989
Farm animals,Yes,Oral group treatments,Laying and parent birds,Poultry,2023,15989
Farm animals,All types of active ingredients,All prescription types,Laying and parent birds,Poultry,2023,75960
Farm animals,All types of active ingredients,Oral group treatments,Laying and parent birds,Poultry,2023,75960
Farm animals,No,All prescription types,Laying hens,Poultry,2023,189433
Farm animals,No,Single treatments farm animals,Laying hens,Poultry,2023,2
Farm animals,No,Oral group treatments,Laying hens,Poultry,2023,189431
Farm animals,Yes,All prescription types,Laying hens,Poultry,2023,28944
Farm animals,Yes,Single treatments farm animals,Laying hens,Poultry,2023,4
Farm animals,Yes,Oral group treatments,Laying hens,Poultry,2023,28940
Farm animals,All types of active ingredients,All prescription types,Laying hens,Poultry,2023,218377
Farm animals,All types of active ingredients,Single treatments farm animals,Laying hens,Poultry,2023,6
Farm animals,All types of active ingredients,Oral group treatments,Laying hens,Poultry,2023,218371
Farm animals,No,All prescription types,Fattening broilers,Poultry,2023,5475673
Farm animals,No,Single treatments farm animals,Fattening broilers,Poultry,2023,1
Farm animals,No,Oral group treatments,Fattening broilers,Poultry,2023,5475672
Farm animals,Yes,All prescription types,Fattening broilers,Poultry,2023,1086526
Farm animals,Yes,Single treatments farm animals,Fattening broilers,Poultry,2023,1
Farm animals,Yes,Oral group treatments,Fattening broilers,Poultry,2023,1086525
Farm animals,All types of active ingredients,All prescription types,Fattening broilers,Poultry,2023,6562199
Farm animals,All types of active ingredients,Single treatments farm animals,Fattening broilers,Poultry,2023,2
Farm animals,All types of active ingredients,Oral group treatments,Fattening broilers,Poultry,2023,6562197
Farm animals,No,All prescription types,Fattening turkeys,Poultry,2023,15860
Farm animals,No,Oral group treatments,Fattening turkeys,Poultry,2023,15860
Farm animals,Yes,All prescription types,Fattening turkeys,Poultry,2023,2401
Farm animals,Yes,Single treatments farm animals,Fattening turkeys,Poultry,2023,1
Farm animals,Yes,Oral group treatments,Fattening turkeys,Poultry,2023,2400
Farm animals,All types of active ingredients,All prescription types,Fattening turkeys,Poultry,2023,18261
Farm animals,All types of active ingredients,Single treatments farm animals,Fattening turkeys,Poultry,2023,1
Farm animals,All types of active ingredients,Oral group treatments,Fattening turkeys,Poultry,2023,18260
Farm animals,No,All prescription types,All categories of use,Game animals,2023,13
Farm animals,No,Single treatments farm animals,All categories of use,Game animals,2023,13
Farm animals,Yes,All prescription types,All categories of use,Game animals,2023,71
Farm animals,Yes,Single treatments farm animals,All categories of use,Game animals,2023,1
Farm animals,Yes,Oral group treatments,All categories of use,Game animals,2023,70
Farm animals,All types of active ingredients,All prescription types,All categories of use,Game animals,2023,84
Farm animals,All types of active ingredients,Single treatments farm animals,All categories of use,Game animals,2023,14
Farm animals,All types of active ingredients,Oral group treatments,All categories of use,Game animals,2023,70
Farm animals,No,All prescription types,Game animals,Game animals,2023,13
Farm animals,No,Single treatments farm animals,Game animals,Game animals,2023,13
Farm animals,Yes,All prescription types,Game animals,Game animals,2023,71
Farm animals,Yes,Single treatments farm animals,Game animals,Game animals,2023,1
Farm animals,Yes,Oral group treatments,Game animals,Game animals,2023,70
Farm animals,All types of active ingredients,All prescription types,Game animals,Game animals,2023,84
Farm animals,All types of active ingredients,Single treatments farm animals,Game animals,Game animals,2023,14
Farm animals,All types of active ingredients,Oral group treatments,Game animals,Game animals,2023,70
Farm animals,No,All prescription types,All categories of use,Camelids,2023,596
Farm animals,No,Single treatments farm animals,All categories of use,Camelids,2023,596
Farm animals,Yes,All prescription types,All categories of use,Camelids,2023,164
Farm animals,Yes,Single treatments farm animals,All categories of use,Camelids,2023,164
Farm animals,All types of active ingredients,All prescription types,All categories of use,Camelids,2023,760
Farm animals,All types of active ingredients,Single treatments farm animals,All categories of use,Camelids,2023,760
Farm animals,No,All prescription types,Camelids,Camelids,2023,596
Farm animals,No,Single treatments farm animals,Camelids,Camelids,2023,596
Farm animals,Yes,All prescription types,Camelids,Camelids,2023,164
Farm animals,Yes,Single treatments farm animals,Camelids,Camelids,2023,164
Farm animals,All types of active ingredients,All prescription types,Camelids,Camelids,2023,760
Farm animals,All types of active ingredients,Single treatments farm animals,Camelids,Camelids,2023,760
Farm animals,No,All prescription types,All categories of use,Rabbits,2023,47417
Farm animals,No,Single treatments farm animals,All categories of use,Rabbits,2023,167
Farm animals,No,Oral group treatments,All categories of use,Rabbits,2023,47250
Farm animals,Yes,All prescription types,All categories of use,Rabbits,2023,2288
Farm animals,Yes,Single treatments farm animals,All categories of use,Rabbits,2023,288
Farm animals,Yes,Oral group treatments,All categories of use,Rabbits,2023,2000
Farm animals,All types of active ingredients,All prescription types,All categories of use,Rabbits,2023,49705
Farm animals,All types of active ingredients,Single treatments farm animals,All categories of use,Rabbits,2023,455
Farm animals,All types of active ingredients,Oral group treatments,All categories of use,Rabbits,2023,49250
Farm animals,No,All prescription types,Rabbits,Rabbits,2023,47417
Farm animals,No,Single treatments farm animals,Rabbits,Rabbits,2023,167
Farm animals,No,Oral group treatments,Rabbits,Rabbits,2023,47250
Farm animals,Yes,All prescription types,Rabbits,Rabbits,2023,2288
Farm animals,Yes,Single treatments farm animals,Rabbits,Rabbits,2023,288
Farm animals,Yes,Oral group treatments,Rabbits,Rabbits,2023,2000
Farm animals,All types of active ingredients,All prescription types,Rabbits,Rabbits,2023,49705
Farm animals,All types of active ingredients,Single treatments farm animals,Rabbits,Rabbits,2023,455
Farm animals,All types of active ingredients,Oral group treatments,Rabbits,Rabbits,2023,49250
Farm animals,No,All prescription types,All categories of use,Cattle,2023,899882
Farm animals,No,Single treatments farm animals,All categories of use,Cattle,2023,665643
Farm animals,No,Oral group treatments,All categories of use,Cattle,2023,234239
Farm animals,Yes,All prescription types,All categories of use,Cattle,2023,140088
Farm animals,Yes,Single treatments farm animals,All categories of use,Cattle,2023,98227
Farm animals,Yes,Oral group treatments,All categories of use,Cattle,2023,41861
Farm animals,All types of active ingredients,All prescription types,All categories of use,Cattle,2023,1039970
Farm animals,All types of active ingredients,Single treatments farm animals,All categories of use,Cattle,2023,763870
Farm animals,All types of active ingredients,Oral group treatments,All categories of use,Cattle,2023,276100
Farm animals,No,All prescription types,Rearing calves,Cattle,2023,64486
Farm animals,No,Single treatments farm animals,Rearing calves,Cattle,2023,55148
Farm animals,No,Oral group treatments,Rearing calves,Cattle,2023,9338
Farm animals,Yes,All prescription types,Rearing calves,Cattle,2023,16140
Farm animals,Yes,Single treatments farm animals,Rearing calves,Cattle,2023,12672
Farm animals,Yes,Oral group treatments,Rearing calves,Cattle,2023,3468
Farm animals,All types of active ingredients,All prescription types,Rearing calves,Cattle,2023,80626
Farm animals,All types of active ingredients,Single treatments farm animals,Rearing calves,Cattle,2023,67820
Farm animals,All types of active ingredients,Oral group treatments,Rearing calves,Cattle,2023,12806
Farm animals,No,All prescription types,Rearing cattle,Cattle,2023,23370
Farm animals,No,Single treatments farm animals,Rearing cattle,Cattle,2023,22786
Farm animals,No,Oral group treatments,Rearing cattle,Cattle,2023,584
Farm animals,Yes,All prescription types,Rearing cattle,Cattle,2023,3086
Farm animals,Yes,Single treatments farm animals,Rearing cattle,Cattle,2023,2604
Farm animals,Yes,Oral group treatments,Rearing cattle,Cattle,2023,482
Farm animals,All types of active ingredients,All prescription types,Rearing cattle,Cattle,2023,26456
Farm animals,All types of active ingredients,Single treatments farm animals,Rearing cattle,Cattle,2023,25390
Farm animals,All types of active ingredients,Oral group treatments,Rearing cattle,Cattle,2023,1066
Farm animals,No,All prescription types,Fattening calves and cattle,Cattle,2023,267726
Farm animals,No,Single treatments farm animals,Fattening calves and cattle,Cattle,2023,43812
Farm animals,No,Oral group treatments,Fattening calves and cattle,Cattle,2023,223914
Farm animals,Yes,All prescription types,Fattening calves and cattle,Cattle,2023,76252
Farm animals,Yes,Single treatments farm animals,Fattening calves and cattle,Cattle,2023,38411
Farm animals,Yes,Oral group treatments,Fattening calves and cattle,Cattle,2023,37841
Farm animals,All types of active ingredients,All prescription types,Fattening calves and cattle,Cattle,2023,343978
Farm animals,All types of active ingredients,Single treatments farm animals,Fattening calves and cattle,Cattle,2023,82223
Farm animals,All types of active ingredients,Oral group treatments,Fattening calves and cattle,Cattle,2023,261755
Farm animals,No,All prescription types,Dairy cows,Cattle,2023,474875
Farm animals,No,Single treatments farm animals,Dairy cows,Cattle,2023,474830
Farm animals,No,Oral group treatments,Dairy cows,Cattle,2023,45
Farm animals,Yes,All prescription types,Dairy cows,Cattle,2023,36086
Farm animals,Yes,Single treatments farm animals,Dairy cows,Cattle,2023,36086
Farm animals,All types of active ingredients,All prescription types,Dairy cows,Cattle,2023,510961
Farm animals,All types of active ingredients,Single treatments farm animals,Dairy cows,Cattle,2023,510916
Farm animals,All types of active ingredients,Oral group treatments,Dairy cows,Cattle,2023,45
Farm animals,No,All prescription types,Cow-calf calves,Cattle,2023,18311
Farm animals,No,Single treatments farm animals,Cow-calf calves,Cattle,2023,18240
Farm animals,No,Oral group treatments,Cow-calf calves,Cattle,2023,71
Farm animals,Yes,All prescription types,Cow-calf calves,Cattle,2023,3898
Farm animals,Yes,Single treatments farm animals,Cow-calf calves,Cattle,2023,3867
Farm animals,Yes,Oral group treatments,Cow-calf calves,Cattle,2023,31
Farm animals,All types of active ingredients,All prescription types,Cow-calf calves,Cattle,2023,22209
Farm animals,All types of active ingredients,Single treatments farm animals,Cow-calf calves,Cattle,2023,22107
Farm animals,All types of active ingredients,Oral group treatments,Cow-calf calves,Cattle,2023,102
Farm animals,No,All prescription types,Suckler cows,Cattle,2023,30607
Farm animals,No,Single treatments farm animals,Suckler cows,Cattle,2023,30607
Farm animals,Yes,All prescription types,Suckler cows,Cattle,2023,2136
Farm animals,Yes,Single treatments farm animals,Suckler cows,Cattle,2023,2136
Farm animals,All types of active ingredients,All prescription types,Suckler cows,Cattle,2023,32743
Farm animals,All types of active ingredients,Single treatments farm animals,Suckler cows,Cattle,2023,32743
Farm animals,No,All prescription types,Cattle nCU,Cattle,2023,20507
Farm animals,No,Single treatments farm animals,Cattle nCU,Cattle,2023,20220
Farm animals,No,Oral group treatments,Cattle nCU,Cattle,2023,287
Farm animals,Yes,All prescription types,Cattle nCU,Cattle,2023,2490
Farm animals,Yes,Single treatments farm animals,Cattle nCU,Cattle,2023,2451
Farm animals,Yes,Oral group treatments,Cattle nCU,Cattle,2023,39
Farm animals,All types of active ingredients,All prescription types,Cattle nCU,Cattle,2023,22997
Farm animals,All types of active ingredients,Single treatments farm animals,Cattle nCU,Cattle,2023,22671
Farm animals,All types of active ingredients,Oral group treatments,Cattle nCU,Cattle,2023,326
Farm animals,No,All prescription types,All categories of use,Sheep,2023,18781
Farm animals,No,Single treatments farm animals,All categories of use,Sheep,2023,16400
Farm animals,No,Oral group treatments,All categories of use,Sheep,2023,2381
Farm animals,Yes,All prescription types,All categories of use,Sheep,2023,2041
Farm animals,Yes,Single treatments farm animals,All categories of use,Sheep,2023,1391
Farm animals,Yes,Oral group treatments,All categories of use,Sheep,2023,650
Farm animals,All types of active ingredients,All prescription types,All categories of use,Sheep,2023,20822
Farm animals,All types of active ingredients,Single treatments farm animals,All categories of use,Sheep,2023,17791
Farm animals,All types of active ingredients,Oral group treatments,All categories of use,Sheep,2023,3031
Farm animals,No,All prescription types,Sheep,Sheep,2023,18781
Farm animals,No,Single treatments farm animals,Sheep,Sheep,2023,16400
Farm animals,No,Oral group treatments,Sheep,Sheep,2023,2381
Farm animals,Yes,All prescription types,Sheep,Sheep,2023,2041
Farm animals,Yes,Single treatments farm animals,Sheep,Sheep,2023,1391
Farm animals,Yes,Oral group treatments,Sheep,Sheep,2023,650
Farm animals,All types of active ingredients,All prescription types,Sheep,Sheep,2023,20822
Farm animals,All types of active ingredients,Single treatments farm animals,Sheep,Sheep,2023,17791
Farm animals,All types of active ingredients,Oral group treatments,Sheep,Sheep,2023,3031
Farm animals,No,All prescription types,All categories of use,Pigs,2023,141916
Farm animals,No,Single treatments farm animals,All categories of use,Pigs,2023,8064
Farm animals,No,Oral group treatments,All categories of use,Pigs,2023,133852
Farm animals,Yes,All prescription types,All categories of use,Pigs,2023,22919
Farm animals,Yes,Single treatments farm animals,All categories of use,Pigs,2023,8811
Farm animals,Yes,Oral group treatments,All categories of use,Pigs,2023,14108
Farm animals,All types of active ingredients,All prescription types,All categories of use,Pigs,2023,164835
Farm animals,All types of active ingredients,Single treatments farm animals,All categories of use,Pigs,2023,16875
Farm animals,All types of active ingredients,Oral group treatments,All categories of use,Pigs,2023,147960
Farm animals,No,All prescription types,Young sows,Pigs,2023,533
Farm animals,No,Single treatments farm animals,Young sows,Pigs,2023,126
Farm animals,No,Oral group treatments,Young sows,Pigs,2023,407
Farm animals,Yes,All prescription types,Young sows,Pigs,2023,332
Farm animals,Yes,Single treatments farm animals,Young sows,Pigs,2023,147
Farm animals,Yes,Oral group treatments,Young sows,Pigs,2023,185
Farm animals,All types of active ingredients,All prescription types,Young sows,Pigs,2023,865
Farm animals,All types of active ingredients,Single treatments farm animals,Young sows,Pigs,2023,273
Farm animals,All types of active ingredients,Oral group treatments,Young sows,Pigs,2023,592
Farm animals,No,All prescription types,Fattening pigs,Pigs,2023,55796
Farm animals,No,Single treatments farm animals,Fattening pigs,Pigs,2023,4243
Farm animals,No,Oral group treatments,Fattening pigs,Pigs,2023,51553
Farm animals,Yes,All prescription types,Fattening pigs,Pigs,2023,6980
Farm animals,Yes,Single treatments farm animals,Fattening pigs,Pigs,2023,1049
Farm animals,Yes,Oral group treatments,Fattening pigs,Pigs,2023,5931
Farm animals,All types of active ingredients,All prescription types,Fattening pigs,Pigs,2023,62776
Farm animals,All types of active ingredients,Single treatments farm animals,Fattening pigs,Pigs,2023,5292
Farm animals,All types of active ingredients,Oral group treatments,Fattening pigs,Pigs,2023,57484
Farm animals,No,All prescription types,Suckling and weaned piglets,Pigs,2023,81824
Farm animals,No,Single treatments farm animals,Suckling and weaned piglets,Pigs,2023,1860
Farm animals,No,Oral group treatments,Suckling and weaned piglets,Pigs,2023,79964
Farm animals,Yes,All prescription types,Suckling and weaned piglets,Pigs,2023,14439
Farm animals,Yes,Single treatments farm animals,Suckling and weaned piglets,Pigs,2023,6495
Farm animals,Yes,Oral group treatments,Suckling and weaned piglets,Pigs,2023,7944
Farm animals,All types of active ingredients,All prescription types,Suckling and weaned piglets,Pigs,2023,96263
Farm animals,All types of active ingredients,Single treatments farm animals,Suckling and weaned piglets,Pigs,2023,8355
Farm animals,All types of active ingredients,Oral group treatments,Suckling and weaned piglets,Pigs,2023,87908
Farm animals,No,All prescription types,Pigs nCU,Pigs,2023,1258
Farm animals,No,Single treatments farm animals,Pigs nCU,Pigs,2023,321
Farm animals,No,Oral group treatments,Pigs nCU,Pigs,2023,937
Farm animals,Yes,All prescription types,Pigs nCU,Pigs,2023,90
Farm animals,Yes,Single treatments farm animals,Pigs nCU,Pigs,2023,42
Farm animals,Yes,Oral group treatments,Pigs nCU,Pigs,2023,48
Farm animals,All types of active ingredients,All prescription types,Pigs nCU,Pigs,2023,1348
Farm animals,All types of active ingredients,Single treatments farm animals,Pigs nCU,Pigs,2023,363
Farm animals,All types of active ingredients,Oral group treatments,Pigs nCU,Pigs,2023,985
Farm animals,No,All prescription types,Breeding sows and boars,Pigs,2023,2505
Farm animals,No,Single treatments farm animals,Breeding sows and boars,Pigs,2023,1514
Farm animals,No,Oral group treatments,Breeding sows and boars,Pigs,2023,991
Farm animals,Yes,All prescription types,Breeding sows and boars,Pigs,2023,1078
Farm animals,Yes,Single treatments farm animals,Breeding sows and boars,Pigs,2023,1078
Farm animals,All types of active ingredients,All prescription types,Breeding sows and boars,Pigs,2023,3583
Farm animals,All types of active ingredients,Single treatments farm animals,Breeding sows and boars,Pigs,2023,2592
Farm animals,All types of active ingredients,Oral group treatments,Breeding sows and boars,Pigs,2023,991
Farm animals,No,All prescription types,All categories of use,Goats,2023,10041
Farm animals,No,Single treatments farm animals,All categories of use,Goats,2023,7795
Farm animals,No,Oral group treatments,All categories of use,Goats,2023,2246
Farm animals,Yes,All prescription types,All categories of use,Goats,2023,2048
Farm animals,Yes,Single treatments farm animals,All categories of use,Goats,2023,758
Farm animals,Yes,Oral group treatments,All categories of use,Goats,2023,1290
Farm animals,All types of active ingredients,All prescription types,All categories of use,Goats,2023,12089
Farm animals,All types of active ingredients,Single treatments farm animals,All categories of use,Goats,2023,8553
Farm animals,All types of active ingredients,Oral group treatments,All categories of use,Goats,2023,3536
Farm animals,No,All prescription types,Goats,Goats,2023,10041
Farm animals,No,Single treatments farm animals,Goats,Goats,2023,7795
Farm animals,No,Oral group treatments,Goats,Goats,2023,2246
Farm animals,Yes,All prescription types,Goats,Goats,2023,2048
Farm animals,Yes,Single treatments farm animals,Goats,Goats,2023,758
Farm animals,Yes,Oral group treatments,Goats,Goats,2023,1290
Farm animals,All types of active ingredients,All prescription types,Goats,Goats,2023,12089
Farm animals,All types of active ingredients,Single treatments farm animals,Goats,Goats,2023,8553
Farm animals,All types of active ingredients,Oral group treatments,Goats,Goats,2023,3536
All animals,No,All prescription types,All categories of use,All species,2024,13964503
All animals,No,Single treatments companion animals,All categories of use,All species,2024,445497
All animals,No,Single treatments farm animals,All categories of use,All species,2024,726803
All animals,No,Oral group treatments,All categories of use,All species,2024,12792203
All animals,Yes,All prescription types,All categories of use,All species,2024,1384041
All animals,Yes,Single treatments companion animals,All categories of use,All species,2024,108359
All animals,Yes,Single treatments farm animals,All categories of use,All species,2024,115899
All animals,Yes,Oral group treatments,All categories of use,All species,2024,1159783
All animals,All types of active ingredients,All prescription types,All categories of use,All species,2024,15348544
All animals,All types of active ingredients,Single treatments companion animals,All categories of use,All species,2024,553856
All animals,All types of active ingredients,Single treatments farm animals,All categories of use,All species,2024,842702
All animals,All types of active ingredients,Oral group treatments,All categories of use,All species,2024,13951986
All animals,No,All prescription types,Rearing laying hens and parent birds,All species,2024,84693
All animals,No,Oral group treatments,Rearing laying hens and parent birds,All species,2024,84693
All animals,Yes,All prescription types,Rearing laying hens and parent birds,All species,2024,176433
All animals,Yes,Single treatments farm animals,Rearing laying hens and parent birds,All species,2024,4
All animals,Yes,Oral group treatments,Rearing laying hens and parent birds,All species,2024,176429
All animals,All types of active ingredients,All prescription types,Rearing laying hens and parent birds,All species,2024,261126
All animals,All types of active ingredients,Single treatments farm animals,Rearing laying hens and parent birds,All species,2024,4
All animals,All types of active ingredients,Oral group treatments,Rearing laying hens and parent birds,All species,2024,261122
All animals,No,All prescription types,Rearing calves,All species,2024,63389
All animals,No,Single treatments farm animals,Rearing calves,All species,2024,55297
All animals,No,Oral group treatments,Rearing calves,All species,2024,8092
All animals,Yes,All prescription types,Rearing calves,All species,2024,16536
All animals,Yes,Single treatments farm animals,Rearing calves,All species,2024,13214
All animals,Yes,Oral group treatments,Rearing calves,All species,2024,3322
All animals,All types of active ingredients,All prescription types,Rearing calves,All species,2024,79925
All animals,All types of active ingredients,Single treatments farm animals,Rearing calves,All species,2024,68511
All animals,All types of active ingredients,Oral group treatments,Rearing calves,All species,2024,11414
All animals,No,All prescription types,Rearing cattle,All species,2024,23364
All animals,No,Single treatments farm animals,Rearing cattle,All species,2024,22798
All animals,No,Oral group treatments,Rearing cattle,All species,2024,566
All animals,Yes,All prescription types,Rearing cattle,All species,2024,2354
All animals,Yes,Single treatments farm animals,Rearing cattle,All species,2024,2287
All animals,Yes,Oral group treatments,Rearing cattle,All species,2024,67
All animals,All types of active ingredients,All prescription types,Rearing cattle,All species,2024,25718
All animals,All types of active ingredients,Single treatments farm animals,Rearing cattle,All species,2024,25085
All animals,No,All prescription types,All categories of use,All species,2025,18817979
All animals,No,Single treatments companion animals,All categories of use,All species,2025,427453
All animals,No,Single treatments farm animals,All categories of use,All species,2025,720930
All animals,No,Oral group treatments,All categories of use,All species,2025,17669596
All animals,Yes,All prescription types,All categories of use,All species,2025,1638874
All animals,Yes,Single treatments companion animals,All categories of use,All species,2025,97384
All animals,Yes,Single treatments farm animals,All categories of use,All species,2025,111091
All animals,Yes,Oral group treatments,All categories of use,All species,2025,1430399
All animals,All types of active ingredients,All prescription types,All categories of use,All species,2025,20456853
All animals,All types of active ingredients,Single treatments companion animals,All categories of use,All species,2025,524837
All animals,All types of active ingredients,Single treatments farm animals,All categories of use,All species,2025,832021
All animals,All types of active ingredients,Oral group treatments,All categories of use,All species,2025,19099995
All animals,No,All prescription types,Rearing laying hens and parent birds,All species,2025,75670
All animals,No,Single treatments farm animals,Rearing laying hens and parent birds,All species,2025,55
All animals,No,Oral group treatments,Rearing laying hens and parent birds,All species,2025,75615
All animals,Yes,All prescription types,Rearing laying hens and parent birds,All species,2025,86794
All animals,Yes,Single treatments farm animals,Rearing laying hens and parent birds,All species,2025,9
All animals,Yes,Oral group treatments,Rearing laying hens and parent birds,All species,2025,86785
All animals,All types of active ingredients,All prescription types,Rearing laying hens and parent birds,All species,2025,162464
All animals,All types of active ingredients,Single treatments farm animals,Rearing laying hens and parent birds,All species,2025,64
All animals,All types of active ingredients,Oral group treatments,Rearing laying hens and parent birds,All species,2025,162400
All animals,No,All prescription types,Rearing calves,All species,2025,62436
All animals,No,Single treatments farm animals,Rearing calves,All species,2025,54103
All animals,No,Oral group treatments,Rearing calves,All species,2025,8333
All animals,Yes,All prescription types,Rearing calves,All species,2025,15421
All animals,Yes,Single treatments farm animals,Rearing calves,All species,2025,13254
All animals,Yes,Oral group treatments,Rearing calves,All species,2025,2167
All animals,All types of active ingredients,All prescription types,Rearing calves,All species,2025,77857
All animals,All types of active ingredients,Single treatments farm animals,Rearing calves,All species,2025,67357
All animals,All types of active ingredients,Oral group treatments,Rearing calves,All species,2025,10500
All animals,No,All prescription types,Rearing cattle,All species,2025,22201
All animals,No,Single treatments farm animals,Rearing cattle,All species,2025,21490
All animals,No,Oral group treatments,Rearing cattle,All species,2025,711
All animals,Yes,All prescription types,Rearing cattle,All species,2025,2415
All animals,Yes,Single treatments farm animals,Rearing cattle,All species,2025,2258
All animals,Yes,Oral group treatments,Rearing cattle,All species,2025,157
All animals,All types of active ingredients,All prescription types,Rearing cattle,All species,2025,24616
All animals,All types of active ingredients,Single treatments farm animals,Rearing cattle,All species,2025,23748
All animals,All types of active ingredients,Oral group treatments,Rearing cattle,All species,2025,868
All animals,No,All prescription types,Equids,All species,2025,20090
All animals,No,Single treatments companion animals,Equids,All species,2025,20090
All animals,Yes,All prescription types,Equids,All species,2025,693
All animals,Yes,Single treatments companion animals,Equids,All species,2025,693
All animals,All types of active ingredients,All prescription types,Equids,All species,2025,20783
All animals,All types of active ingredients,Single treatments companion animals,Equids,All species,2025,20783
All animals,No,All prescription types,Fish,All species,2025,8356905
All animals,No,Single treatments farm animals,Fish,All species,2025,25000
All animals,No,Oral group treatments,Fish,All species,2025,8331905
All animals,All types of active ingredients,All prescription types,Fish,All species,2025,8356905
All animals,All types of active ingredients,Single treatments farm animals,Fish,All species,2025,25000
All animals,All types of active ingredients,Oral group treatments,Fish,All species,2025,8331905
All animals,No,All prescription types,Poultry nCU,All species,2025,8
All animals,No,Single treatments farm animals,Poultry nCU,All species,2025,8
All animals,Yes,All prescription types,Poultry nCU,All species,2025,26
All animals,Yes,Single treatments farm animals,Poultry nCU,All species,2025,26
All animals,All types of active ingredients,All prescription types,Poultry nCU,All species,2025,34
All animals,All types of active ingredients,Single treatments farm animals,Poultry nCU,All species,2025,34
All animals,No,All prescription types,Game animals,All species,2025,24
All animals,No,Single treatments farm animals,Game animals,All species,2025,24
All animals,Yes,All prescription types,Game animals,All species,2025,5
All animals,Yes,Single treatments farm animals,Game animals,All species,2025,5
All animals,All types of active ingredients,All prescription types,Game animals,All species,2025,29
All animals,All types of active ingredients,Single treatments farm animals,Game animals,All species,2025,29
All animals,No,All prescription types,Dogs,All species,2025,189352
All animals,No,Single treatments companion animals,Dogs,All species,2025,189352
All animals,Yes,All prescription types,Dogs,All species,2025,19333
All animals,Yes,Single treatments companion animals,Dogs,All species,2025,19333
All animals,All types of active ingredients,All prescription types,Dogs,All species,2025,208685
All animals,All types of active ingredients,Single treatments companion animals,Dogs,All species,2025,208685
All animals,No,All prescription types,Young sows,All species,2025,1171
All animals,No,Single treatments farm animals,Young sows,All species,2025,218
All animals,No,Oral group treatments,Young sows,All species,2025,953
All animals,Yes,All prescription types,Young sows,All species,2025,29
All animals,Yes,Single treatments farm animals,Young sows,All species,2025,29
All animals,All types of active ingredients,All prescription types,Young sows,All species,2025,1200
All animals,All types of active ingredients,Single treatments farm animals,Young sows,All species,2025,247
All animals,All types of active ingredients,Oral group treatments,Young sows,All species,2025,953
All animals,No,All prescription types,Camelids,All species,2025,768
All animals,No,Single treatments farm animals,Camelids,All species,2025,768
All animals,Yes,All prescription types,Camelids,All species,2025,92
All animals,Yes,Single treatments farm animals,Camelids,All species,2025,92
All animals,All types of active ingredients,All prescription types,Camelids,All species,2025,860
All animals,All types of active ingredients,Single treatments farm animals,Camelids,All species,2025,860
All animals,No,All prescription types,Rabbits,All species,2025,5015
All animals,No,Single treatments farm animals,Rabbits,All species,2025,15
All animals,No,Oral group treatments,Rabbits,All species,2025,5000
All animals,Yes,All prescription types,Rabbits,All species,2025,168
All animals,Yes,Single treatments farm animals,Rabbits,All species,2025,53
All animals,Yes,Oral group treatments,Rabbits,All species,2025,115
All animals,All types of active ingredients,All prescription types,Rabbits,All species,2025,5183
All animals,All types of active ingredients,Single treatments farm animals,Rabbits,All species,2025,68
All animals,All types of active ingredients,Oral group treatments,Rabbits,All species,2025,5115
All animals,No,All prescription types,Cats,All species,2025,218011
All animals,No,Single treatments companion animals,Cats,All species,2025,218011
All animals,Yes,All prescription types,Cats,All species,2025,77358
All animals,Yes,Single treatments companion animals,Cats,All species,2025,77358
All animals,All types of active ingredients,All prescription types,Cats,All species,2025,295369
All animals,All types of active ingredients,Single treatments companion animals,Cats,All species,2025,295369
All animals,No,All prescription types,Laying and parent birds,All species,2025,81986
All animals,No,Single treatments farm animals,Laying and parent birds,All species,2025,3
All animals,No,Oral group treatments,Laying and parent birds,All species,2025,81983
All animals,Yes,All prescription types,Laying and parent birds,All species,2025,32285
All animals,Yes,Single treatments farm animals,Laying and parent birds,All species,2025,3
All animals,Yes,Oral group treatments,Laying and parent birds,All species,2025,32282
All animals,All types of active ingredients,All prescription types,Laying and parent birds,All species,2025,114271
All animals,All types of active ingredients,Single treatments farm animals,Laying and parent birds,All species,2025,6
All animals,All types of active ingredients,Oral group treatments,Laying and parent birds,All species,2025,114265
All animals,No,All prescription types,Laying hens,All species,2025,200699
All animals,No,Single treatments farm animals,Laying hens,All species,2025,5
All animals,No,Oral group treatments,Laying hens,All species,2025,200694
All animals,Yes,All prescription types,Laying hens,All species,2025,12290
All animals,Yes,Single treatments farm animals,Laying hens,All species,2025,15
All animals,Yes,Oral group treatments,Laying hens,All species,2025,12275
All animals,All types of active ingredients,All prescription types,Laying hens,All species,2025,212989
All animals,All types of active ingredients,Single treatments farm animals,Laying hens,All species,2025,20
All animals,All types of active ingredients,Oral group treatments,Laying hens,All species,2025,212969
All animals,No,All prescription types,Fattening calves and cattle,All species,2025,286064
All animals,No,Single treatments farm animals,Fattening calves and cattle,All species,2025,40127
All animals,No,Oral group treatments,Fattening calves and cattle,All species,2025,245937
All animals,Yes,All prescription types,Fattening calves and cattle,All species,2025,65267
All animals,Yes,Single treatments farm animals,Fattening calves and cattle,All species,2025,41680
All animals,Yes,Oral group treatments,Fattening calves and cattle,All species,2025,23587
All animals,All types of active ingredients,All prescription types,Fattening calves and cattle,All species,2025,351331
All animals,All types of active ingredients,Single treatments farm animals,Fattening calves and cattle,All species,2025,81807
All animals,All types of active ingredients,Oral group treatments,Fattening calves and cattle,All species,2025,269524
All animals,No,All prescription types,Fattening broilers,All species,2025,8550964
All animals,No,Single treatments farm animals,Fattening broilers,All species,2025,2
All animals,No,Oral group treatments,Fattening broilers,All species,2025,8550962
All animals,Yes,All prescription types,Fattening broilers,All species,2025,1256717
All animals,Yes,Oral group treatments,Fattening broilers,All species,2025,1256717
All animals,All types of active ingredients,All prescription types,Fattening broilers,All species,2025,9807681
All animals,All types of active ingredients,Single treatments farm animals,Fattening broilers,All species,2025,2
All animals,All types of active ingredients,Oral group treatments,Fattening broilers,All species,2025,9807679
All animals,No,All prescription types,Fattening pigs,All species,2025,75874
All animals,No,Single treatments farm animals,Fattening pigs,All species,2025,7422
All animals,No,Oral group treatments,Fattening pigs,All species,2025,68452
All animals,Yes,All prescription types,Fattening pigs,All species,2025,10445
All animals,Yes,Single treatments farm animals,Fattening pigs,All species,2025,2356
All animals,Yes,Oral group treatments,Fattening pigs,All species,2025,8089
All animals,All types of active ingredients,All prescription types,Fattening pigs,All species,2025,86319
All animals,All types of active ingredients,Single treatments farm animals,Fattening pigs,All species,2025,9778
All animals,All types of active ingredients,Oral group treatments,Fattening pigs,All species,2025,76541
All animals,No,All prescription types,Fattening turkeys,All species,2025,6960
All animals,No,Oral group treatments,Fattening turkeys,All species,2025,6960
All animals,Yes,All prescription types,Fattening turkeys,All species,2025,1652
All animals,Yes,Single treatments farm animals,Fattening turkeys,All species,2025,2
All animals,Yes,Oral group treatments,Fattening turkeys,All species,2025,1650
All animals,All types of active ingredients,All prescription types,Fattening turkeys,All species,2025,8612
All animals,All types of active ingredients,Single treatments farm animals,Fattening turkeys,All species,2025,2
All animals,All types of active ingredients,Oral group treatments,Fattening turkeys,All species,2025,8610
All animals,No,All prescription types,Dairy cows,All species,2025,493946
All animals,No,Single treatments farm animals,Dairy cows,All species,2025,493946
All animals,Yes,All prescription types,Dairy cows,All species,2025,35596
All animals,Yes,Single treatments farm animals,Dairy cows,All species,2025,35596
All animals,All types of active ingredients,All prescription types,Dairy cows,All species,2025,529542
All animals,All types of active ingredients,Single treatments farm animals,Dairy cows,All species,2025,529542
All animals,No,All prescription types,Cow-calf calves,All species,2025,19068
All animals,No,Single treatments farm animals,Cow-calf calves,All species,2025,19002
All animals,No,Oral group treatments,Cow-calf calves,All species,2025,66
All animals,Yes,All prescription types,Cow-calf calves,All species,2025,4257
All animals,Yes,Single treatments farm animals,Cow-calf calves,All species,2025,4236
All animals,Yes,Oral group treatments,Cow-calf calves,All species,2025,21
All animals,All types of active ingredients,All prescription types,Cow-calf calves,All species,2025,23325
All animals,All types of active ingredients,Single treatments farm animals,Cow-calf calves,All species,2025,23238
All animals,All types of active ingredients,Oral group treatments,Cow-calf calves,All species,2025,87
All animals,No,All prescription types,Suckler cows,All species,2025,26996
All animals,No,Single treatments farm animals,Suckler cows,All species,2025,26996
All animals,Yes,All prescription types,Suckler cows,All species,2025,1868
All animals,Yes,Single treatments farm animals,Suckler cows,All species,2025,1868
All animals,All types of active ingredients,All prescription types,Suckler cows,All species,2025,28864
All animals,All types of active ingredients,Single treatments farm animals,Suckler cows,All species,2025,28864
All animals,No,All prescription types,Cattle nCU,All species,2025,502
All animals,No,Single treatments farm animals,Cattle nCU,All species,2025,502
All animals,Yes,All prescription types,Cattle nCU,All species,2025,26
All animals,Yes,Single treatments farm animals,Cattle nCU,All species,2025,26
All animals,All types of active ingredients,All prescription types,Cattle nCU,All species,2025,528
All animals,All types of active ingredients,Single treatments farm animals,Cattle nCU,All species,2025,528
All animals,No,All prescription types,Suckling and weaned piglets,All species,2025,91073
All animals,No,Single treatments farm animals,Suckling and weaned piglets,All species,2025,4064
All animals,No,Oral group treatments,Suckling and weaned piglets,All species,2025,87009
All animals,Yes,All prescription types,Suckling and weaned piglets,All species,2025,12530
All animals,Yes,Single treatments farm animals,Suckling and weaned piglets,All species,2025,6221
All animals,Yes,Oral group treatments,Suckling and weaned piglets,All species,2025,6309
All animals,All types of active ingredients,All prescription types,Suckling and weaned piglets,All species,2025,103603
All animals,All types of active ingredients,Single treatments farm animals,Suckling and weaned piglets,All species,2025,10285
All animals,All types of active ingredients,Oral group treatments,Suckling and weaned piglets,All species,2025,93318
All animals,No,All prescription types,Sheep,All species,2025,17598
All animals,No,Single treatments farm animals,Sheep,All species,2025,16833
All animals,No,Oral group treatments,Sheep,All species,2025,765
All animals,Yes,All prescription types,Sheep,All species,2025,1270
All animals,Yes,Single treatments farm animals,Sheep,All species,2025,1270
All animals,All types of active ingredients,All prescription types,Sheep,All species,2025,18868
All animals,All types of active ingredients,Single treatments farm animals,Sheep,All species,2025,18103
All animals,All types of active ingredients,Oral group treatments,Sheep,All species,2025,765
All animals,No,All prescription types,Pigs nCU,All species,2025,191
All animals,No,Oral group treatments,Pigs nCU,All species,2025,191
All animals,All types of active ingredients,All prescription types,Pigs nCU,All species,2025,191
All animals,All types of active ingredients,Oral group treatments,Pigs nCU,All species,2025,191
All animals,No,All prescription types,Goats,All species,2025,9634
All animals,No,Single treatments farm animals,Goats,All species,2025,7654
All animals,No,Oral group treatments,Goats,All species,2025,1980
All animals,Yes,All prescription types,Goats,All species,2025,980
All animals,Yes,Single treatments farm animals,Goats,All species,2025,755
All animals,Yes,Oral group treatments,Goats,All species,2025,225
All animals,All types of active ingredients,All prescription types,Goats,All species,2025,10614
All animals,All types of active ingredients,Single treatments farm animals,Goats,All species,2025,8409
All animals,All types of active ingredients,Oral group treatments,Goats,All species,2025,2205
All animals,No,All prescription types,Breeding sows and boars,All species,2025,4773
All animals,No,Single treatments farm animals,Breeding sows and boars,All species,2025,2693
All animals,No,Oral group treatments,Breeding sows and boars,All species,2025,2080
All animals,Yes,All prescription types,Breeding sows and boars,All species,2025,1357
All animals,Yes,Single treatments farm animals,Breeding sows and boars,All species,2025,1337
All animals,Yes,Oral group treatments,Breeding sows and boars,All species,2025,20
All animals,All types of active ingredients,All prescription types,Breeding sows and boars,All species,2025,6130
All animals,All types of active ingredients,Single treatments farm animals,Breeding sows and boars,All species,2025,4030
All animals,All types of active ingredients,Oral group treatments,Breeding sows and boars,All species,2025,2100
All animals,No,All prescription types,All categories of use,Equids,2025,20090
All animals,No,Single treatments companion animals,All categories of use,Equids,2025,20090
All animals,Yes,All prescription types,All categories of use,Equids,2025,693
All animals,Yes,Single treatments companion animals,All categories of use,Equids,2025,693
All animals,All types of active ingredients,All prescription types,All categories of use,Equids,2025,20783
All animals,All types of active ingredients,Single treatments companion animals,All categories of use,Equids,2025,20783
All animals,No,All prescription types,Equids,Equids,2025,20090
All animals,No,Single treatments companion animals,Equids,Equids,2025,20090
All animals,Yes,All prescription types,Equids,Equids,2025,693
All animals,Yes,Single treatments companion animals,Equids,Equids,2025,693
All animals,All types of active ingredients,All prescription types,Equids,Equids,2025,20783
All animals,All types of active ingredients,Single treatments companion animals,Equids,Equids,2025,20783
All animals,No,All prescription types,All categories of use,Fish,2025,8356905
All animals,No,Single treatments farm animals,All categories of use,Fish,2025,25000
All animals,No,Oral group treatments,All categories of use,Fish,2025,8331905
All animals,All types of active ingredients,All prescription types,All categories of use,Fish,2025,8356905
All animals,All types of active ingredients,Single treatments farm animals,All categories of use,Fish,2025,25000
All animals,All types of active ingredients,Oral group treatments,All categories of use,Fish,2025,8331905
All animals,No,All prescription types,Fish,Fish,2025,8356905
All animals,No,Single treatments farm animals,Fish,Fish,2025,25000
All animals,No,Oral group treatments,Fish,Fish,2025,8331905
All animals,All types of active ingredients,All prescription types,Fish,Fish,2025,8356905
All animals,All types of active ingredients,Single treatments farm animals,Fish,Fish,2025,25000
All animals,All types of active ingredients,Oral group treatments,Fish,Fish,2025,8331905
All animals,No,All prescription types,All categories of use,Poultry,2025,8916287
All animals,No,Single treatments farm animals,All categories of use,Poultry,2025,73
All animals,No,Oral group treatments,All categories of use,Poultry,2025,8916214
All animals,Yes,All prescription types,All categories of use,Poultry,2025,1389764
All animals,Yes,Single treatments farm animals,All categories of use,Poultry,2025,55
All animals,Yes,Oral group treatments,All categories of use,Poultry,2025,1389709
All animals,All types of active ingredients,All prescription types,All categories of use,Poultry,2025,10306051
All animals,All types of active ingredients,Single treatments farm animals,All categories of use,Poultry,2025,128
All animals,All types of active ingredients,Oral group treatments,All categories of use,Poultry,2025,10305923
All animals,No,All prescription types,Rearing laying hens and parent birds,Poultry,2025,75670
All animals,No,Single treatments farm animals,Rearing laying hens and parent birds,Poultry,2025,55
All animals,No,Oral group treatments,Rearing laying hens and parent birds,Poultry,2025,75615
All animals,Yes,All prescription types,Rearing laying hens and parent birds,Poultry,2025,86794
All animals,Yes,Single treatments farm animals,Rearing laying hens and parent birds,Poultry,2025,9
All animals,Yes,Oral group treatments,Rearing laying hens and parent birds,Poultry,2025,86785
All animals,All types of active ingredients,All prescription types,Rearing laying hens and parent birds,Poultry,2025,162464
All animals,All types of active ingredients,Single treatments farm animals,Rearing laying hens and parent birds,Poultry,2025,64
All animals,All types of active ingredients,Oral group treatments,Rearing laying hens and parent birds,Poultry,2025,162400
All animals,No,All prescription types,Poultry nCU,Poultry,2025,8
All animals,No,Single treatments farm animals,Poultry nCU,Poultry,2025,8
All animals,Yes,All prescription types,Poultry nCU,Poultry,2025,26
All animals,Yes,Single treatments farm animals,Poultry nCU,Poultry,2025,26
All animals,All types of active ingredients,All prescription types,Poultry nCU,Poultry,2025,34
All animals,All types of active ingredients,Single treatments farm animals,Poultry nCU,Poultry,2025,34
All animals,No,All prescription types,Laying and parent birds,Poultry,2025,81986
All animals,No,Single treatments farm animals,Laying and parent birds,Poultry,2025,3
All animals,No,Oral group treatments,Laying and parent birds,Poultry,2025,81983
All animals,Yes,All prescription types,Laying and parent birds,Poultry,2025,32285
All animals,Yes,Single treatments farm animals,Laying and parent birds,Poultry,2025,3
All animals,Yes,Oral group treatments,Laying and parent birds,Poultry,2025,32282
All animals,All types of active ingredients,All prescription types,Laying and parent birds,Poultry,2025,114271
All animals,All types of active ingredients,Single treatments farm animals,Laying and parent birds,Poultry,2025,6
All animals,All types of active ingredients,Oral group treatments,Laying and parent birds,Poultry,2025,114265
All animals,No,All prescription types,Laying hens,Poultry,2025,200699
All animals,No,Single treatments farm animals,Laying hens,Poultry,2025,5
All animals,No,Oral group treatments,Laying hens,Poultry,2025,200694
All animals,Yes,All prescription types,Laying hens,Poultry,2025,12290
All animals,Yes,Single treatments farm animals,Laying hens,Poultry,2025,15
All animals,Yes,Oral group treatments,Laying hens,Poultry,2025,12275
All animals,All types of active ingredients,All prescription types,Laying hens,Poultry,2025,212989
All animals,All types of active ingredients,Single treatments farm animals,Laying hens,Poultry,2025,20
All animals,All types of active ingredients,Oral group treatments,Laying hens,Poultry,2025,212969
All animals,No,All prescription types,Fattening broilers,Poultry,2025,8550964
All animals,No,Single treatments farm animals,Fattening broilers,Poultry,2025,2
All animals,No,Oral group treatments,Fattening broilers,Poultry,2025,8550962
All animals,Yes,All prescription types,Fattening broilers,Poultry,2025,1256717
All animals,Yes,Oral group treatments,Fattening broilers,Poultry,2025,1256717
All animals,All types of active ingredients,All prescription types,Fattening broilers,Poultry,2025,9807681
All animals,All types of active ingredients,Single treatments farm animals,Fattening broilers,Poultry,2025,2
All animals,All types of active ingredients,Oral group treatments,Fattening broilers,Poultry,2025,9807679
All animals,No,All prescription types,Fattening turkeys,Poultry,2025,6960
All animals,No,Oral group treatments,Fattening turkeys,Poultry,2025,6960
All animals,Yes,All prescription types,Fattening turkeys,Poultry,2025,1652
All animals,Yes,Single treatments farm animals,Fattening turkeys,Poultry,2025,2
All animals,Yes,Oral group treatments,Fattening turkeys,Poultry,2025,1650
All animals,All types of active ingredients,All prescription types,Fattening turkeys,Poultry,2025,8612
All animals,All types of active ingredients,Single treatments farm animals,Fattening turkeys,Poultry,2025,2
All animals,All types of active ingredients,Oral group treatments,Fattening turkeys,Poultry,2025,8610
All animals,No,All prescription types,All categories of use,Game animals,2025,24
All animals,No,Single treatments farm animals,All categories of use,Game animals,2025,24
All animals,Yes,All prescription types,All categories of use,Game animals,2025,5
All animals,Yes,Single treatments farm animals,All categories of use,Game animals,2025,5
All animals,All types of active ingredients,All prescription types,All categories of use,Game animals,2025,29
All animals,All types of active ingredients,Single treatments farm animals,All categories of use,Game animals,2025,29
All animals,No,All prescription types,Game animals,Game animals,2025,24
All animals,No,Single treatments farm animals,Game animals,Game animals,2025,24
All animals,Yes,All prescription types,Game animals,Game animals,2025,5
All animals,Yes,Single treatments farm animals,Game animals,Game animals,2025,5
All animals,All types of active ingredients,All prescription types,Game animals,Game animals,2025,29
All animals,All types of active ingredients,Single treatments farm animals,Game animals,Game animals,2025,29
All animals,No,All prescription types,All categories of use,Dogs,2025,189352
All animals,No,Single treatments companion animals,All categories of use,Dogs,2025,189352
All animals,Yes,All prescription types,All categories of use,Dogs,2025,19333
All animals,Yes,Single treatments companion animals,All categories of use,Dogs,2025,19333
All animals,All types of active ingredients,All prescription types,All categories of use,Dogs,2025,208685
All animals,All types of active ingredients,Single treatments companion animals,All categories of use,Dogs,2025,208685
All animals,No,All prescription types,Dogs,Dogs,2025,189352
All animals,No,Single treatments companion animals,Dogs,Dogs,2025,189352
All animals,Yes,All prescription types,Dogs,Dogs,2025,19333
All animals,Yes,Single treatments companion animals,Dogs,Dogs,2025,19333
All animals,All types of active ingredients,All prescription types,Dogs,Dogs,2025,208685
All animals,All types of active ingredients,Single treatments companion animals,Dogs,Dogs,2025,208685
All animals,No,All prescription types,All categories of use,Camelids,2025,768
All animals,No,Single treatments farm animals,All categories of use,Camelids,2025,768
All animals,Yes,All prescription types,All categories of use,Camelids,2025,92
All animals,Yes,Single treatments farm animals,All categories of use,Camelids,2025,92
All animals,All types of active ingredients,All prescription types,All categories of use,Camelids,2025,860
All animals,All types of active ingredients,Single treatments farm animals,All categories of use,Camelids,2025,860
All animals,No,All prescription types,Camelids,Camelids,2025,768
All animals,No,Single treatments farm animals,Camelids,Camelids,2025,768
All animals,Yes,All prescription types,Camelids,Camelids,2025,92
All animals,Yes,Single treatments farm animals,Camelids,Camelids,2025,92
All animals,All types of active ingredients,All prescription types,Camelids,Camelids,2025,860
All animals,All types of active ingredients,Single treatments farm animals,Camelids,Camelids,2025,860
All animals,No,All prescription types,All categories of use,Rabbits,2025,5015
All animals,No,Single treatments farm animals,All categories of use,Rabbits,2025,15
All animals,No,Oral group treatments,All categories of use,Rabbits,2025,5000
All animals,Yes,All prescription types,All categories of use,Rabbits,2025,168
All animals,Yes,Single treatments farm animals,All categories of use,Rabbits,2025,53
All animals,Yes,Oral group treatments,All categories of use,Rabbits,2025,115
All animals,All types of active ingredients,All prescription types,All categories of use,Rabbits,2025,5183
All animals,All types of active ingredients,Single treatments farm animals,All categories of use,Rabbits,2025,68
All animals,All types of active ingredients,Oral group treatments,All categories of use,Rabbits,2025,5115
All animals,No,All prescription types,Rabbits,Rabbits,2025,5015
All animals,No,Single treatments farm animals,Rabbits,Rabbits,2025,15
All animals,No,Oral group treatments,Rabbits,Rabbits,2025,5000
All animals,Yes,All prescription types,Rabbits,Rabbits,2025,168
All animals,Yes,Single treatments farm animals,Rabbits,Rabbits,2025,53
All animals,Yes,Oral group treatments,Rabbits,Rabbits,2025,115
All animals,All types of active ingredients,All prescription types,Rabbits,Rabbits,2025,5183
All animals,All types of active ingredients,Single treatments farm animals,Rabbits,Rabbits,2025,68
All animals,All types of active ingredients,Oral group treatments,Rabbits,Rabbits,2025,5115
All animals,No,All prescription types,All categories of use,Cats,2025,218011
All animals,No,Single treatments companion animals,All categories of use,Cats,2025,218011
All animals,Yes,All prescription types,All categories of use,Cats,2025,77358
All animals,Yes,Single treatments companion animals,All categories of use,Cats,2025,77358
All animals,All types of active ingredients,All prescription types,All categories of use,Cats,2025,295369
All animals,All types of active ingredients,Single treatments companion animals,All categories of use,Cats,2025,295369
All animals,No,All prescription types,Cats,Cats,2025,218011
All animals,No,Single treatments companion animals,Cats,Cats,2025,218011
All animals,Yes,All prescription types,Cats,Cats,2025,77358
All animals,Yes,Single treatments companion animals,Cats,Cats,2025,77358
All animals,All types of active ingredients,All prescription types,Cats,Cats,2025,295369
All animals,All types of active ingredients,Single treatments companion animals,Cats,Cats,2025,295369
All animals,No,All prescription types,All categories of use,Cattle,2025,911213
All animals,No,Single treatments farm animals,All categories of use,Cattle,2025,656166
All animals,No,Oral group treatments,All categories of use,Cattle,2025,255047
All animals,Yes,All prescription types,All categories of use,Cattle,2025,124850
All animals,Yes,Single treatments farm animals,All categories of use,Cattle,2025,98918
All animals,Yes,Oral group treatments,All categories of use,Cattle,2025,25932
All animals,All types of active ingredients,All prescription types,All categories of use,Cattle,2025,1036063
All animals,All types of active ingredients,Single treatments farm animals,All categories of use,Cattle,2025,755084
All animals,All types of active ingredients,Oral group treatments,All categories of use,Cattle,2025,280979
All animals,No,All prescription types,Rearing calves,Cattle,2025,62436
All animals,No,Single treatments farm animals,Rearing calves,Cattle,2025,54103
All animals,No,Oral group treatments,Rearing calves,Cattle,2025,8333
All animals,Yes,All prescription types,Rearing calves,Cattle,2025,15421
All animals,Yes,Single treatments farm animals,Rearing calves,Cattle,2025,13254
All animals,Yes,Oral group treatments,Rearing calves,Cattle,2025,2167
All animals,All types of active ingredients,All prescription types,Rearing calves,Cattle,2025,77857
All animals,All types of active ingredients,Single treatments farm animals,Rearing calves,Cattle,2025,67357
All animals,All types of active ingredients,Oral group treatments,Rearing calves,Cattle,2025,10500
All animals,No,All prescription types,Rearing cattle,Cattle,2025,22201
All animals,No,Single treatments farm animals,Rearing cattle,Cattle,2025,21490
All animals,No,Oral group treatments,Rearing cattle,Cattle,2025,711
All animals,Yes,All prescription types,Rearing cattle,Cattle,2025,2415
All animals,Yes,Single treatments farm animals,Rearing cattle,Cattle,2025,2258
All animals,Yes,Oral group treatments,Rearing cattle,Cattle,2025,157
All animals,All types of active ingredients,All prescription types,Rearing cattle,Cattle,2025,24616
All animals,All types of active ingredients,Single treatments farm animals,Rearing cattle,Cattle,2025,23748
All animals,All types of active ingredients,Oral group treatments,Rearing cattle,Cattle,2025,868
All animals,No,All prescription types,Fattening calves and cattle,Cattle,2025,286064
All animals,No,Single treatments farm animals,Fattening calves and cattle,Cattle,2025,40127
All animals,No,Oral group treatments,Fattening calves and cattle,Cattle,2025,245937
All animals,Yes,All prescription types,Fattening calves and cattle,Cattle,2025,65267
All animals,Yes,Single treatments farm animals,Fattening calves and cattle,Cattle,2025,41680
All animals,Yes,Oral group treatments,Fattening calves and cattle,Cattle,2025,23587
All animals,All types of active ingredients,All prescription types,Fattening calves and cattle,Cattle,2025,351331
All animals,All types of active ingredients,Single treatments farm animals,Fattening calves and cattle,Cattle,2025,81807
All animals,All types of active ingredients,Oral group treatments,Fattening calves and cattle,Cattle,2025,269524
All animals,No,All prescription types,Dairy cows,Cattle,2025,493946
All animals,No,Single treatments farm animals,Dairy cows,Cattle,2025,493946
All animals,Yes,All prescription types,Dairy cows,Cattle,2025,35596
All animals,Yes,Single treatments farm animals,Dairy cows,Cattle,2025,35596
All animals,All types of active ingredients,All prescription types,Dairy cows,Cattle,2025,529542
All animals,All types of active ingredients,Single treatments farm animals,Dairy cows,Cattle,2025,529542
All animals,No,All prescription types,Cow-calf calves,Cattle,2025,19068
All animals,No,Single treatments farm animals,Cow-calf calves,Cattle,2025,19002
All animals,No,Oral group treatments,Cow-calf calves,Cattle,2025,66
All animals,Yes,All prescription types,Cow-calf calves,Cattle,2025,4257
All animals,Yes,Single treatments farm animals,Cow-calf calves,Cattle,2025,4236
All animals,Yes,Oral group treatments,Cow-calf calves,Cattle,2025,21
All animals,All types of active ingredients,All prescription types,Cow-calf calves,Cattle,2025,23325
All animals,All types of active ingredients,Single treatments farm animals,Cow-calf calves,Cattle,2025,23238
All animals,All types of active ingredients,Oral group treatments,Cow-calf calves,Cattle,2025,87
All animals,No,All prescription types,Suckler cows,Cattle,2025,26996
All animals,No,Single treatments farm animals,Suckler cows,Cattle,2025,26996
All animals,Yes,All prescription types,Suckler cows,Cattle,2025,1868
All animals,Yes,Single treatments farm animals,Suckler cows,Cattle,2025,1868
All animals,All types of active ingredients,All prescription types,Suckler cows,Cattle,2025,28864
All animals,All types of active ingredients,Single treatments farm animals,Suckler cows,Cattle,2025,28864
All animals,No,All prescription types,Cattle nCU,Cattle,2025,502
All animals,No,Single treatments farm animals,Cattle nCU,Cattle,2025,502
All animals,Yes,All prescription types,Cattle nCU,Cattle,2025,26
All animals,Yes,Single treatments farm animals,Cattle nCU,Cattle,2025,26
All animals,All types of active ingredients,All prescription types,Cattle nCU,Cattle,2025,528
All animals,All types of active ingredients,Single treatments farm animals,Cattle nCU,Cattle,2025,528
All animals,No,All prescription types,All categories of use,Sheep,2025,17598
All animals,No,Single treatments farm animals,All categories of use,Sheep,2025,16833
All animals,No,Oral group treatments,All categories of use,Sheep,2025,765
All animals,Yes,All prescription types,All categories of use,Sheep,2025,1270
All animals,Yes,Single treatments farm animals,All categories of use,Sheep,2025,1270
All animals,All types of active ingredients,All prescription types,All categories of use,Sheep,2025,18868
All animals,All types of active ingredients,Single treatments farm animals,All categories of use,Sheep,2025,18103
All animals,All types of active ingredients,Oral group treatments,All categories of use,Sheep,2025,765
All animals,No,All prescription types,Sheep,Sheep,2025,17598
All animals,No,Single treatments farm animals,Sheep,Sheep,2025,16833
All animals,No,Oral group treatments,Sheep,Sheep,2025,765
All animals,Yes,All prescription types,Sheep,Sheep,2025,1270
All animals,Yes,Single treatments farm animals,Sheep,Sheep,2025,1270
All animals,All types of active ingredients,All prescription types,Sheep,Sheep,2025,18868
All animals,All types of active ingredients,Single treatments farm animals,Sheep,Sheep,2025,18103
All animals,All types of active ingredients,Oral group treatments,Sheep,Sheep,2025,765
All animals,No,All prescription types,All categories of use,Pigs,2025,173082
All animals,No,Single treatments farm animals,All categories of use,Pigs,2025,14397
All animals,No,Oral group treatments,All categories of use,Pigs,2025,158685
All animals,Yes,All prescription types,All categories of use,Pigs,2025,24361
All animals,Yes,Single treatments farm animals,All categories of use,Pigs,2025,9943
All animals,Yes,Oral group treatments,All categories of use,Pigs,2025,14418
All animals,All types of active ingredients,All prescription types,All categories of use,Pigs,2025,197443
All animals,All types of active ingredients,Single treatments farm animals,All categories of use,Pigs,2025,24340
All animals,All types of active ingredients,Oral group treatments,All categories of use,Pigs,2025,173103
All animals,No,All prescription types,Young sows,Pigs,2025,1171
All animals,No,Single treatments farm animals,Young sows,Pigs,2025,218
All animals,No,Oral group treatments,Young sows,Pigs,2025,953
All animals,Yes,All prescription types,Young sows,Pigs,2025,29
All animals,Yes,Single treatments farm animals,Young sows,Pigs,2025,29
All animals,All types of active ingredients,All prescription types,Young sows,Pigs,2025,1200
All animals,All types of active ingredients,Single treatments farm animals,Young sows,Pigs,2025,247
All animals,All types of active ingredients,Oral group treatments,Young sows,Pigs,2025,953
All animals,No,All prescription types,Fattening pigs,Pigs,2025,75874
All animals,No,Single treatments farm animals,Fattening pigs,Pigs,2025,7422
All animals,No,Oral group treatments,Fattening pigs,Pigs,2025,68452
All animals,Yes,All prescription types,Fattening pigs,Pigs,2025,10445
All animals,Yes,Single treatments farm animals,Fattening pigs,Pigs,2025,2356
All animals,Yes,Oral group treatments,Fattening pigs,Pigs,2025,8089
All animals,All types of active ingredients,All prescription types,Fattening pigs,Pigs,2025,86319
All animals,All types of active ingredients,Single treatments farm animals,Fattening pigs,Pigs,2025,9778
All animals,All types of active ingredients,Oral group treatments,Fattening pigs,Pigs,2025,76541
All animals,No,All prescription types,Suckling and weaned piglets,Pigs,2025,91073
All animals,No,Single treatments farm animals,Suckling and weaned piglets,Pigs,2025,4064
All animals,No,Oral group treatments,Suckling and weaned piglets,Pigs,2025,87009
All animals,Yes,All prescription types,Suckling and weaned piglets,Pigs,2025,12530
All animals,Yes,Single treatments farm animals,Suckling and weaned piglets,Pigs,2025,6221
All animals,Yes,Oral group treatments,Suckling and weaned piglets,Pigs,2025,6309
All animals,All types of active ingredients,All prescription types,Suckling and weaned piglets,Pigs,2025,103603
All animals,All types of active ingredients,Single treatments farm animals,Suckling and weaned piglets,Pigs,2025,10285
All animals,All types of active ingredients,Oral group treatments,Suckling and weaned piglets,Pigs,2025,93318
All animals,No,All prescription types,Pigs nCU,Pigs,2025,191
All animals,No,Oral group treatments,Pigs nCU,Pigs,2025,191
All animals,All types of active ingredients,All prescription types,Pigs nCU,Pigs,2025,191
All animals,All types of active ingredients,Oral group treatments,Pigs nCU,Pigs,2025,191
All animals,No,All prescription types,Breeding sows and boars,Pigs,2025,4773
All animals,No,Single treatments farm animals,Breeding sows and boars,Pigs,2025,2693
All animals,No,Oral group treatments,Breeding sows and boars,Pigs,2025,2080
All animals,Yes,All prescription types,Breeding sows and boars,Pigs,2025,1357
All animals,Yes,Single treatments farm animals,Breeding sows and boars,Pigs,2025,1337
All animals,Yes,Oral group treatments,Breeding sows and boars,Pigs,2025,20
All animals,All types of active ingredients,All prescription types,Breeding sows and boars,Pigs,2025,6130
All animals,All types of active ingredients,Single treatments farm animals,Breeding sows and boars,Pigs,2025,4030
All animals,All types of active ingredients,Oral group treatments,Breeding sows and boars,Pigs,2025,2100
All animals,No,All prescription types,All categories of use,Goats,2025,9634
All animals,No,Single treatments farm animals,All categories of use,Goats,2025,7654
All animals,No,Oral group treatments,All categories of use,Goats,2025,1980
All animals,Yes,All prescription types,All categories of use,Goats,2025,980
All animals,Yes,Single treatments farm animals,All categories of use,Goats,2025,755
All animals,Yes,Oral group treatments,All categories of use,Goats,2025,225
All animals,All types of active ingredients,All prescription types,All categories of use,Goats,2025,10614
All animals,All types of active ingredients,Single treatments farm animals,All categories of use,Goats,2025,8409
All animals,All types of active ingredients,Oral group treatments,All categories of use,Goats,2025,2205
All animals,No,All prescription types,Goats,Goats,2025,9634
All animals,No,Single treatments farm animals,Goats,Goats,2025,7654
All animals,No,Oral group treatments,Goats,Goats,2025,1980
All animals,Yes,All prescription types,Goats,Goats,2025,980
All animals,Yes,Single treatments farm animals,Goats,Goats,2025,755
All animals,Yes,Oral group treatments,Goats,Goats,2025,225
All animals,All types of active ingredients,All prescription types,Goats,Goats,2025,10614
All animals,All types of active ingredients,Single treatments farm animals,Goats,Goats,2025,8409
All animals,All types of active ingredients,Oral group treatments,Goats,Goats,2025,2205
Pets,No,All prescription types,All categories of use,All species,2025,427453
Pets,No,Single treatments companion animals,All categories of use,All species,2025,427453
Pets,Yes,All prescription types,All categories of use,All species,2025,97384
Pets,Yes,Single treatments companion animals,All categories of use,All species,2025,97384
Pets,All types of active ingredients,All prescription types,All categories of use,All species,2025,524837
Pets,All types of active ingredients,Single treatments companion animals,All categories of use,All species,2025,524837
Pets,No,All prescription types,Equids,All species,2025,20090
Pets,No,Single treatments companion animals,Equids,All species,2025,20090
Pets,Yes,All prescription types,Equids,All species,2025,693
Pets,Yes,Single treatments companion animals,Equids,All species,2025,693
Pets,All types of active ingredients,All prescription types,Equids,All species,2025,20783
Pets,All types of active ingredients,Single treatments companion animals,Equids,All species,2025,20783
Pets,No,All prescription types,Dogs,All species,2025,189352
Pets,No,Single treatments companion animals,Dogs,All species,2025,189352
Pets,Yes,All prescription types,Dogs,All species,2025,19333
Pets,Yes,Single treatments companion animals,Dogs,All species,2025,19333
Pets,All types of active ingredients,All prescription types,Dogs,All species,2025,208685
Pets,All types of active ingredients,Single treatments companion animals,Dogs,All species,2025,208685
Pets,No,All prescription types,Cats,All species,2025,218011
Pets,No,Single treatments companion animals,Cats,All species,2025,218011
Pets,Yes,All prescription types,Cats,All species,2025,77358
Pets,Yes,Single treatments companion animals,Cats,All species,2025,77358
Pets,All types of active ingredients,All prescription types,Cats,All species,2025,295369
Pets,All types of active ingredients,Single treatments companion animals,Cats,All species,2025,295369
Pets,No,All prescription types,All categories of use,Equids,2025,20090
Pets,No,Single treatments companion animals,All categories of use,Equids,2025,20090
Pets,Yes,All prescription types,All categories of use,Equids,2025,693
Pets,Yes,Single treatments companion animals,All categories of use,Equids,2025,693
Pets,All types of active ingredients,All prescription types,All categories of use,Equids,2025,20783
Pets,All types of active ingredients,Single treatments companion animals,All categories of use,Equids,2025,20783
Pets,No,All prescription types,Equids,Equids,2025,20090
Pets,No,Single treatments companion animals,Equids,Equids,2025,20090
Pets,Yes,All prescription types,Equids,Equids,2025,693
Pets,Yes,Single treatments companion animals,Equids,Equids,2025,693
Pets,All types of active ingredients,All prescription types,Equids,Equids,2025,20783
Pets,All types of active ingredients,Single treatments companion animals,Equids,Equids,2025,20783
Pets,No,All prescription types,All categories of use,Dogs,2025,189352
Pets,No,Single treatments companion animals,All categories of use,Dogs,2025,189352
Pets,Yes,All prescription types,All categories of use,Dogs,2025,19333
Pets,Yes,Single treatments companion animals,All categories of use,Dogs,2025,19333
Pets,All types of active ingredients,All prescription types,All categories of use,Dogs,2025,208685
Pets,All types of active ingredients,Single treatments companion animals,All categories of use,Dogs,2025,208685
Pets,No,All prescription types,Dogs,Dogs,2025,189352
Pets,No,Single treatments companion animals,Dogs,Dogs,2025,189352
Pets,Yes,All prescription types,Dogs,Dogs,2025,19333
Pets,Yes,Single treatments companion animals,Dogs,Dogs,2025,19333
Pets,All types of active ingredients,All prescription types,Dogs,Dogs,2025,208685
Pets,All types of active ingredients,Single treatments companion animals,Dogs,Dogs,2025,208685
Pets,No,All prescription types,All categories of use,Cats,2025,218011
Pets,No,Single treatments companion animals,All categories of use,Cats,2025,218011
Pets,Yes,All prescription types,All categories of use,Cats,2025,77358
Pets,Yes,Single treatments companion animals,All categories of use,Cats,2025,77358
Pets,All types of active ingredients,All prescription types,All categories of use,Cats,2025,295369
Pets,All types of active ingredients,Single treatments companion animals,All categories of use,Cats,2025,295369
Pets,No,All prescription types,Cats,Cats,2025,218011
Pets,No,Single treatments companion animals,Cats,Cats,2025,218011
Pets,Yes,All prescription types,Cats,Cats,2025,77358
Pets,Yes,Single treatments companion animals,Cats,Cats,2025,77358
Pets,All types of active ingredients,All prescription types,Cats,Cats,2025,295369
Pets,All types of active ingredients,Single treatments companion animals,Cats,Cats,2025,295369
Farm animals,No,All prescription types,All categories of use,All species,2025,18390526
Farm animals,No,Single treatments farm animals,All categories of use,All species,2025,720930
Farm animals,No,Oral group treatments,All categories of use,All species,2025,17669596
Farm animals,Yes,All prescription types,All categories of use,All species,2025,1541490
Farm animals,Yes,Single treatments farm animals,All categories of use,All species,2025,111091
Farm animals,Yes,Oral group treatments,All categories of use,All species,2025,1430399
Farm animals,All types of active ingredients,All prescription types,All categories of use,All species,2025,19932016
Farm animals,All types of active ingredients,Single treatments farm animals,All categories of use,All species,2025,832021
Farm animals,All types of active ingredients,Oral group treatments,All categories of use,All species,2025,19099995
Farm animals,No,All prescription types,Rearing laying hens and parent birds,All species,2025,75670
Farm animals,No,Single treatments farm animals,Rearing laying hens and parent birds,All species,2025,55
Farm animals,No,Oral group treatments,Rearing laying hens and parent birds,All species,2025,75615
Farm animals,Yes,All prescription types,Rearing laying hens and parent birds,All species,2025,86794
Farm animals,Yes,Single treatments farm animals,Rearing laying hens and parent birds,All species,2025,9
Farm animals,Yes,Oral group treatments,Rearing laying hens and parent birds,All species,2025,86785
Farm animals,All types of active ingredients,All prescription types,Rearing laying hens and parent birds,All species,2025,162464
Farm animals,All types of active ingredients,Single treatments farm animals,Rearing laying hens and parent birds,All species,2025,64
Farm animals,All types of active ingredients,Oral group treatments,Rearing laying hens and parent birds,All species,2025,162400
Farm animals,No,All prescription types,Rearing calves,All species,2025,62436
Farm animals,No,Single treatments farm animals,Rearing calves,All species,2025,54103
Farm animals,No,Oral group treatments,Rearing calves,All species,2025,8333
Farm animals,Yes,All prescription types,Rearing calves,All species,2025,15421
Farm animals,Yes,Single treatments farm animals,Rearing calves,All species,2025,13254
Farm animals,Yes,Oral group treatments,Rearing calves,All species,2025,2167
Farm animals,All types of active ingredients,All prescription types,Rearing calves,All species,2025,77857
Farm animals,All types of active ingredients,Single treatments farm animals,Rearing calves,All species,2025,67357
Farm animals,All types of active ingredients,Oral group treatments,Rearing calves,All species,2025,10500
Farm animals,No,All prescription types,Rearing cattle,All species,2025,22201
Farm animals,No,Single treatments farm animals,Rearing cattle,All species,2025,21490
Farm animals,No,Oral group treatments,Rearing cattle,All species,2025,711
Farm animals,Yes,All prescription types,Rearing cattle,All species,2025,2415
Farm animals,Yes,Single treatments farm animals,Rearing cattle,All species,2025,2258
Farm animals,Yes,Oral group treatments,Rearing cattle,All species,2025,157
Farm animals,All types of active ingredients,All prescription types,Rearing cattle,All species,2025,24616
Farm animals,All types of active ingredients,Single treatments farm animals,Rearing cattle,All species,2025,23748
Farm animals,All types of active ingredients,Oral group treatments,Rearing cattle,All species,2025,868
Farm animals,No,All prescription types,Fish,All species,2025,8356905
Farm animals,No,Single treatments farm animals,Fish,All species,2025,25000
Farm animals,No,Oral group treatments,Fish,All species,2025,8331905
Farm animals,All types of active ingredients,All prescription types,Fish,All species,2025,8356905
Farm animals,All types of active ingredients,Single treatments farm animals,Fish,All species,2025,25000
Farm animals,All types of active ingredients,Oral group treatments,Fish,All species,2025,8331905
Farm animals,No,All prescription types,Poultry nCU,All species,2025,8
Farm animals,No,Single treatments farm animals,Poultry nCU,All species,2025,8
Farm animals,Yes,All prescription types,Poultry nCU,All species,2025,26
Farm animals,Yes,Single treatments farm animals,Poultry nCU,All species,2025,26
Farm animals,All types of active ingredients,All prescription types,Poultry nCU,All species,2025,34
Farm animals,All types of active ingredients,Single treatments farm animals,Poultry nCU,All species,2025,34
Farm animals,No,All prescription types,Game animals,All species,2025,24
Farm animals,No,Single treatments farm animals,Game animals,All species,2025,24
Farm animals,Yes,All prescription types,Game animals,All species,2025,5
Farm animals,Yes,Single treatments farm animals,Game animals,All species,2025,5
Farm animals,All types of active ingredients,All prescription types,Game animals,All species,2025,29
Farm animals,All types of active ingredients,Single treatments farm animals,Game animals,All species,2025,29
Farm animals,No,All prescription types,Young sows,All species,2025,1171
Farm animals,No,Single treatments farm animals,Young sows,All species,2025,218
Farm animals,No,Oral group treatments,Young sows,All species,2025,953
Farm animals,Yes,All prescription types,Young sows,All species,2025,29
Farm animals,Yes,Single treatments farm animals,Young sows,All species,2025,29
Farm animals,All types of active ingredients,All prescription types,Young sows,All species,2025,1200
Farm animals,All types of active ingredients,Single treatments farm animals,Young sows,All species,2025,247
Farm animals,All types of active ingredients,Oral group treatments,Young sows,All species,2025,953
Farm animals,No,All prescription types,Camelids,All species,2025,768
Farm animals,No,Single treatments farm animals,Camelids,All species,2025,768
Farm animals,Yes,All prescription types,Camelids,All species,2025,92
Farm animals,Yes,Single treatments farm animals,Camelids,All species,2025,92
Farm animals,All types of active ingredients,All prescription types,Camelids,All species,2025,860
Farm animals,All types of active ingredients,Single treatments farm animals,Camelids,All species,2025,860
Farm animals,No,All prescription types,Rabbits,All species,2025,5015
Farm animals,No,Single treatments farm animals,Rabbits,All species,2025,15
Farm animals,No,Oral group treatments,Rabbits,All species,2025,5000
Farm animals,Yes,All prescription types,Rabbits,All species,2025,168
Farm animals,Yes,Single treatments farm animals,Rabbits,All species,2025,53
Farm animals,Yes,Oral group treatments,Rabbits,All species,2025,115
Farm animals,All types of active ingredients,All prescription types,Rabbits,All species,2025,5183
Farm animals,All types of active ingredients,Single treatments farm animals,Rabbits,All species,2025,68
Farm animals,All types of active ingredients,Oral group treatments,Rabbits,All species,2025,5115
Farm animals,No,All prescription types,Laying and parent birds,All species,2025,81986
Farm animals,No,Single treatments farm animals,Laying and parent birds,All species,2025,3
Farm animals,No,Oral group treatments,Laying and parent birds,All species,2025,81983
Farm animals,Yes,All prescription types,Laying and parent birds,All species,2025,32285
Farm animals,Yes,Single treatments farm animals,Laying and parent birds,All species,2025,3
Farm animals,Yes,Oral group treatments,Laying and parent birds,All species,2025,32282
Farm animals,All types of active ingredients,All prescription types,Laying and parent birds,All species,2025,114271
Farm animals,All types of active ingredients,Single treatments farm animals,Laying and parent birds,All species,2025,6
Farm animals,All types of active ingredients,Oral group treatments,Laying and parent birds,All species,2025,114265
Farm animals,No,All prescription types,Laying hens,All species,2025,200699
Farm animals,No,Single treatments farm animals,Laying hens,All species,2025,5
Farm animals,No,Oral group treatments,Laying hens,All species,2025,200694
Farm animals,Yes,All prescription types,Laying hens,All species,2025,12290
Farm animals,Yes,Single treatments farm animals,Laying hens,All species,2025,15
Farm animals,Yes,Oral group treatments,Laying hens,All species,2025,12275
Farm animals,All types of active ingredients,All prescription types,Laying hens,All species,2025,212989
Farm animals,All types of active ingredients,Single treatments farm animals,Laying hens,All species,2025,20
Farm animals,All types of active ingredients,Oral group treatments,Laying hens,All species,2025,212969
Farm animals,No,All prescription types,Fattening calves and cattle,All species,2025,286064
Farm animals,No,Single treatments farm animals,Fattening calves and cattle,All species,2025,40127
Farm animals,No,Oral group treatments,Fattening calves and cattle,All species,2025,245937
Farm animals,Yes,All prescription types,Fattening calves and cattle,All species,2025,65267
Farm animals,Yes,Single treatments farm animals,Fattening calves and cattle,All species,2025,41680
Farm animals,Yes,Oral group treatments,Fattening calves and cattle,All species,2025,23587
Farm animals,All types of active ingredients,All prescription types,Fattening calves and cattle,All species,2025,351331
Farm animals,All types of active ingredients,Single treatments farm animals,Fattening calves and cattle,All species,2025,81807
Farm animals,All types of active ingredients,Oral group treatments,Fattening calves and cattle,All species,2025,269524
Farm animals,No,All prescription types,Fattening broilers,All species,2025,8550964
Farm animals,No,Single treatments farm animals,Fattening broilers,All species,2025,2
Farm animals,No,Oral group treatments,Fattening broilers,All species,2025,8550962
Farm animals,Yes,All prescription types,Fattening broilers,All species,2025,1256717
Farm animals,Yes,Oral group treatments,Fattening broilers,All species,2025,1256717
Farm animals,All types of active ingredients,All prescription types,Fattening broilers,All species,2025,9807681
Farm animals,All types of active ingredients,Single treatments farm animals,Fattening broilers,All species,2025,2
Farm animals,All types of active ingredients,Oral group treatments,Fattening broilers,All species,2025,9807679
Farm animals,No,All prescription types,Fattening pigs,All species,2025,75874
Farm animals,No,Single treatments farm animals,Fattening pigs,All species,2025,7422
Farm animals,No,Oral group treatments,Fattening pigs,All species,2025,68452
Farm animals,Yes,All prescription types,Fattening pigs,All species,2025,10445
Farm animals,Yes,Single treatments farm animals,Fattening pigs,All species,2025,2356
Farm animals,Yes,Oral group treatments,Fattening pigs,All species,2025,8089
Farm animals,All types of active ingredients,All prescription types,Fattening pigs,All species,2025,86319
Farm animals,All types of active ingredients,Single treatments farm animals,Fattening pigs,All species,2025,9778
Farm animals,All types of active ingredients,Oral group treatments,Fattening pigs,All species,2025,76541
Farm animals,No,All prescription types,Fattening turkeys,All species,2025,6960
Farm animals,No,Oral group treatments,Fattening turkeys,All species,2025,6960
Farm animals,Yes,All prescription types,Fattening turkeys,All species,2025,1652
Farm animals,Yes,Single treatments farm animals,Fattening turkeys,All species,2025,2
Farm animals,Yes,Oral group treatments,Fattening turkeys,All species,2025,1650
Farm animals,All types of active ingredients,All prescription types,Fattening turkeys,All species,2025,8612
Farm animals,All types of active ingredients,Single treatments farm animals,Fattening turkeys,All species,2025,2
Farm animals,All types of active ingredients,Oral group treatments,Fattening turkeys,All species,2025,8610
Farm animals,No,All prescription types,Dairy cows,All species,2025,493946
Farm animals,No,Single treatments farm animals,Dairy cows,All species,2025,493946
Farm animals,Yes,All prescription types,Dairy cows,All species,2025,35596
Farm animals,Yes,Single treatments farm animals,Dairy cows,All species,2025,35596
Farm animals,All types of active ingredients,All prescription types,Dairy cows,All species,2025,529542
Farm animals,All types of active ingredients,Single treatments farm animals,Dairy cows,All species,2025,529542
Farm animals,No,All prescription types,Cow-calf calves,All species,2025,19068
Farm animals,No,Single treatments farm animals,Cow-calf calves,All species,2025,19002
Farm animals,No,Oral group treatments,Cow-calf calves,All species,2025,66
Farm animals,Yes,All prescription types,Cow-calf calves,All species,2025,4257
Farm animals,Yes,Single treatments farm animals,Cow-calf calves,All species,2025,4236
Farm animals,Yes,Oral group treatments,Cow-calf calves,All species,2025,21
Farm animals,All types of active ingredients,All prescription types,Cow-calf calves,All species,2025,23325
Farm animals,All types of active ingredients,Single treatments farm animals,Cow-calf calves,All species,2025,23238
Farm animals,All types of active ingredients,Oral group treatments,Cow-calf calves,All species,2025,87
Farm animals,No,All prescription types,Suckler cows,All species,2025,26996
Farm animals,No,Single treatments farm animals,Suckler cows,All species,2025,26996
Farm animals,Yes,All prescription types,Suckler cows,All species,2025,1868
Farm animals,Yes,Single treatments farm animals,Suckler cows,All species,2025,1868
Farm animals,All types of active ingredients,All prescription types,Suckler cows,All species,2025,28864
Farm animals,All types of active ingredients,Single treatments farm animals,Suckler cows,All species,2025,28864
Farm animals,No,All prescription types,Cattle nCU,All species,2025,502
Farm animals,No,Single treatments farm animals,Cattle nCU,All species,2025,502
Farm animals,Yes,All prescription types,Cattle nCU,All species,2025,26
Farm animals,Yes,Single treatments farm animals,Cattle nCU,All species,2025,26
Farm animals,All types of active ingredients,All prescription types,Cattle nCU,All species,2025,528
Farm animals,All types of active ingredients,Single treatments farm animals,Cattle nCU,All species,2025,528
Farm animals,No,All prescription types,Suckling and weaned piglets,All species,2025,91073
Farm animals,No,Single treatments farm animals,Suckling and weaned piglets,All species,2025,4064
Farm animals,No,Oral group treatments,Suckling and weaned piglets,All species,2025,87009
Farm animals,Yes,All prescription types,Suckling and weaned piglets,All species,2025,12530
Farm animals,Yes,Single treatments farm animals,Suckling and weaned piglets,All species,2025,6221
Farm animals,Yes,Oral group treatments,Suckling and weaned piglets,All species,2025,6309
Farm animals,All types of active ingredients,All prescription types,Suckling and weaned piglets,All species,2025,103603
Farm animals,All types of active ingredients,Single treatments farm animals,Suckling and weaned piglets,All species,2025,10285
Farm animals,All types of active ingredients,Oral group treatments,Suckling and weaned piglets,All species,2025,93318
Farm animals,No,All prescription types,Sheep,All species,2025,17598
Farm animals,No,Single treatments farm animals,Sheep,All species,2025,16833
Farm animals,No,Oral group treatments,Sheep,All species,2025,765
Farm animals,Yes,All prescription types,Sheep,All species,2025,1270
Farm animals,Yes,Single treatments farm animals,Sheep,All species,2025,1270
Farm animals,All types of active ingredients,All prescription types,Sheep,All species,2025,18868
Farm animals,All types of active ingredients,Single treatments farm animals,Sheep,All species,2025,18103
Farm animals,All types of active ingredients,Oral group treatments,Sheep,All species,2025,765
Farm animals,No,All prescription types,Pigs nCU,All species,2025,191
Farm animals,No,Oral group treatments,Pigs nCU,All species,2025,191
Farm animals,All types of active ingredients,All prescription types,Pigs nCU,All species,2025,191
Farm animals,All types of active ingredients,Oral group treatments,Pigs nCU,All species,2025,191
Farm animals,No,All prescription types,Goats,All species,2025,9634
Farm animals,No,Single treatments farm animals,Goats,All species,2025,7654
Farm animals,No,Oral group treatments,Goats,All species,2025,1980
Farm animals,Yes,All prescription types,Goats,All species,2025,980
Farm animals,Yes,Single treatments farm animals,Goats,All species,2025,755
Farm animals,Yes,Oral group treatments,Goats,All species,2025,225
Farm animals,All types of active ingredients,All prescription types,Goats,All species,2025,10614
Farm animals,All types of active ingredients,Single treatments farm animals,Goats,All species,2025,8409
Farm animals,All types of active ingredients,Oral group treatments,Goats,All species,2025,2205
Farm animals,No,All prescription types,Breeding sows and boars,All species,2025,4773
Farm animals,No,Single treatments farm animals,Breeding sows and boars,All species,2025,2693
Farm animals,No,Oral group treatments,Breeding sows and boars,All species,2025,2080
Farm animals,Yes,All prescription types,Breeding sows and boars,All species,2025,1357
Farm animals,Yes,Single treatments farm animals,Breeding sows and boars,All species,2025,1337
Farm animals,Yes,Oral group treatments,Breeding sows and boars,All species,2025,20
Farm animals,All types of active ingredients,All prescription types,Breeding sows and boars,All species,2025,6130
Farm animals,All types of active ingredients,Single treatments farm animals,Breeding sows and boars,All species,2025,4030
Farm animals,All types of active ingredients,Oral group treatments,Breeding sows and boars,All species,2025,2100
Farm animals,No,All prescription types,All categories of use,Fish,2025,8356905
Farm animals,No,Single treatments farm animals,All categories of use,Fish,2025,25000
Farm animals,No,Oral group treatments,All categories of use,Fish,2025,8331905
Farm animals,All types of active ingredients,All prescription types,All categories of use,Fish,2025,8356905
Farm animals,All types of active ingredients,Single treatments farm animals,All categories of use,Fish,2025,25000
Farm animals,All types of active ingredients,Oral group treatments,All categories of use,Fish,2025,8331905
Farm animals,No,All prescription types,Fish,Fish,2025,8356905
Farm animals,No,Single treatments farm animals,Fish,Fish,2025,25000
Farm animals,No,Oral group treatments,Fish,Fish,2025,8331905
Farm animals,All types of active ingredients,All prescription types,Fish,Fish,2025,8356905
Farm animals,All types of active ingredients,Single treatments farm animals,Fish,Fish,2025,25000
Farm animals,All types of active ingredients,Oral group treatments,Fish,Fish,2025,8331905
Farm animals,No,All prescription types,All categories of use,Poultry,2025,8916287
Farm animals,No,Single treatments farm animals,All categories of use,Poultry,2025,73
Farm animals,No,Oral group treatments,All categories of use,Poultry,2025,8916214
Farm animals,Yes,All prescription types,All categories of use,Poultry,2025,1389764
Farm animals,Yes,Single treatments farm animals,All categories of use,Poultry,2025,55
Farm animals,Yes,Oral group treatments,All categories of use,Poultry,2025,1389709
Farm animals,All types of active ingredients,All prescription types,All categories of use,Poultry,2025,10306051
Farm animals,All types of active ingredients,Single treatments farm animals,All categories of use,Poultry,2025,128
Farm animals,All types of active ingredients,Oral group treatments,All categories of use,Poultry,2025,10305923
Farm animals,No,All prescription types,Rearing laying hens and parent birds,Poultry,2025,75670
Farm animals,No,Single treatments farm animals,Rearing laying hens and parent birds,Poultry,2025,55
Farm animals,No,Oral group treatments,Rearing laying hens and parent birds,Poultry,2025,75615
Farm animals,Yes,All prescription types,Rearing laying hens and parent birds,Poultry,2025,86794
Farm animals,Yes,Single treatments farm animals,Rearing laying hens and parent birds,Poultry,2025,9
Farm animals,Yes,Oral group treatments,Rearing laying hens and parent birds,Poultry,2025,86785
Farm animals,All types of active ingredients,All prescription types,Rearing laying hens and parent birds,Poultry,2025,162464
Farm animals,All types of active ingredients,Single treatments farm animals,Rearing laying hens and parent birds,Poultry,2025,64
Farm animals,All types of active ingredients,Oral group treatments,Rearing laying hens and parent birds,Poultry,2025,162400
Farm animals,No,All prescription types,Poultry nCU,Poultry,2025,8
Farm animals,No,Single treatments farm animals,Poultry nCU,Poultry,2025,8
Farm animals,Yes,All prescription types,Poultry nCU,Poultry,2025,26
Farm animals,Yes,Single treatments farm animals,Poultry nCU,Poultry,2025,26
Farm animals,All types of active ingredients,All prescription types,Poultry nCU,Poultry,2025,34
Farm animals,All types of active ingredients,Single treatments farm animals,Poultry nCU,Poultry,2025,34
Farm animals,No,All prescription types,Laying and parent birds,Poultry,2025,81986
Farm animals,No,Single treatments farm animals,Laying and parent birds,Poultry,2025,3
Farm animals,No,Oral group treatments,Laying and parent birds,Poultry,2025,81983
Farm animals,Yes,All prescription types,Laying and parent birds,Poultry,2025,32285
Farm animals,Yes,Single treatments farm animals,Laying and parent birds,Poultry,2025,3
Farm animals,Yes,Oral group treatments,Laying and parent birds,Poultry,2025,32282
Farm animals,All types of active ingredients,All prescription types,Laying and parent birds,Poultry,2025,114271
Farm animals,All types of active ingredients,Single treatments farm animals,Laying and parent birds,Poultry,2025,6
Farm animals,All types of active ingredients,Oral group treatments,Laying and parent birds,Poultry,2025,114265
Farm animals,No,All prescription types,Laying hens,Poultry,2025,200699
Farm animals,No,Single treatments farm animals,Laying hens,Poultry,2025,5
Farm animals,No,Oral group treatments,Laying hens,Poultry,2025,200694
Farm animals,Yes,All prescription types,Laying hens,Poultry,2025,12290
Farm animals,Yes,Single treatments farm animals,Laying hens,Poultry,2025,15
Farm animals,Yes,Oral group treatments,Laying hens,Poultry,2025,12275
Farm animals,All types of active ingredients,All prescription types,Laying hens,Poultry,2025,212989
Farm animals,All types of active ingredients,Single treatments farm animals,Laying hens,Poultry,2025,20
Farm animals,All types of active ingredients,Oral group treatments,Laying hens,Poultry,2025,212969
Farm animals,No,All prescription types,Fattening broilers,Poultry,2025,8550964
Farm animals,No,Single treatments farm animals,Fattening broilers,Poultry,2025,2
Farm animals,No,Oral group treatments,Fattening broilers,Poultry,2025,8550962
Farm animals,Yes,All prescription types,Fattening broilers,Poultry,2025,1256717
Farm animals,Yes,Oral group treatments,Fattening broilers,Poultry,2025,1256717
Farm animals,All types of active ingredients,All prescription types,Fattening broilers,Poultry,2025,9807681
Farm animals,All types of active ingredients,Single treatments farm animals,Fattening broilers,Poultry,2025,2
Farm animals,All types of active ingredients,Oral group treatments,Fattening broilers,Poultry,2025,9807679
Farm animals,No,All prescription types,Fattening turkeys,Poultry,2025,6960
Farm animals,No,Oral group treatments,Fattening turkeys,Poultry,2025,6960
Farm animals,Yes,All prescription types,Fattening turkeys,Poultry,2025,1652
Farm animals,Yes,Single treatments farm animals,Fattening turkeys,Poultry,2025,2
Farm animals,Yes,Oral group treatments,Fattening turkeys,Poultry,2025,1650
Farm animals,All types of active ingredients,All prescription types,Fattening turkeys,Poultry,2025,8612
Farm animals,All types of active ingredients,Single treatments farm animals,Fattening turkeys,Poultry,2025,2
Farm animals,All types of active ingredients,Oral group treatments,Fattening turkeys,Poultry,2025,8610
Farm animals,No,All prescription types,All categories of use,Game animals,2025,24
Farm animals,No,Single treatments farm animals,All categories of use,Game animals,2025,24
Farm animals,Yes,All prescription types,All categories of use,Game animals,2025,5
Farm animals,Yes,Single treatments farm animals,All categories of use,Game animals,2025,5
Farm animals,All types of active ingredients,All prescription types,All categories of use,Game animals,2025,29
Farm animals,All types of active ingredients,Single treatments farm animals,All categories of use,Game animals,2025,29
Farm animals,No,All prescription types,Game animals,Game animals,2025,24
Farm animals,No,Single treatments farm animals,Game animals,Game animals,2025,24
Farm animals,Yes,All prescription types,Game animals,Game animals,2025,5
Farm animals,Yes,Single treatments farm animals,Game animals,Game animals,2025,5
Farm animals,All types of active ingredients,All prescription types,Game animals,Game animals,2025,29
Farm animals,All types of active ingredients,Single treatments farm animals,Game animals,Game animals,2025,29
Farm animals,No,All prescription types,All categories of use,Camelids,2025,768
Farm animals,No,Single treatments farm animals,All categories of use,Camelids,2025,768
Farm animals,Yes,All prescription types,All categories of use,Camelids,2025,92
Farm animals,Yes,Single treatments farm animals,All categories of use,Camelids,2025,92
Farm animals,All types of active ingredients,All prescription types,All categories of use,Camelids,2025,860
Farm animals,All types of active ingredients,Single treatments farm animals,All categories of use,Camelids,2025,860
Farm animals,No,All prescription types,Camelids,Camelids,2025,768
Farm animals,No,Single treatments farm animals,Camelids,Camelids,2025,768
Farm animals,Yes,All prescription types,Camelids,Camelids,2025,92
Farm animals,Yes,Single treatments farm animals,Camelids,Camelids,2025,92
Farm animals,All types of active ingredients,All prescription types,Camelids,Camelids,2025,860
Farm animals,All types of active ingredients,Single treatments farm animals,Camelids,Camelids,2025,860
Farm animals,No,All prescription types,All categories of use,Rabbits,2025,5015
Farm animals,No,Single treatments farm animals,All categories of use,Rabbits,2025,15
Farm animals,No,Oral group treatments,All categories of use,Rabbits,2025,5000
Farm animals,Yes,All prescription types,All categories of use,Rabbits,2025,168
Farm animals,Yes,Single treatments farm animals,All categories of use,Rabbits,2025,53
Farm animals,Yes,Oral group treatments,All categories of use,Rabbits,2025,115
Farm animals,All types of active ingredients,All prescription types,All categories of use,Rabbits,2025,5183
Farm animals,All types of active ingredients,Single treatments farm animals,All categories of use,Rabbits,2025,68
Farm animals,All types of active ingredients,Oral group treatments,All categories of use,Rabbits,2025,5115
Farm animals,No,All prescription types,Rabbits,Rabbits,2025,5015
Farm animals,No,Single treatments farm animals,Rabbits,Rabbits,2025,15
Farm animals,No,Oral group treatments,Rabbits,Rabbits,2025,5000
Farm animals,Yes,All prescription types,Rabbits,Rabbits,2025,168
Farm animals,Yes,Single treatments farm animals,Rabbits,Rabbits,2025,53
Farm animals,Yes,Oral group treatments,Rabbits,Rabbits,2025,115
Farm animals,All types of active ingredients,All prescription types,Rabbits,Rabbits,2025,5183
Farm animals,All types of active ingredients,Single treatments farm animals,Rabbits,Rabbits,2025,68
Farm animals,All types of active ingredients,Oral group treatments,Rabbits,Rabbits,2025,5115
Farm animals,No,All prescription types,All categories of use,Cattle,2025,911213
Farm animals,No,Single treatments farm animals,All categories of use,Cattle,2025,656166
Farm animals,No,Oral group treatments,All categories of use,Cattle,2025,255047
Farm animals,Yes,All prescription types,All categories of use,Cattle,2025,124850
Farm animals,Yes,Single treatments farm animals,All categories of use,Cattle,2025,98918
Farm animals,Yes,Oral group treatments,All categories of use,Cattle,2025,25932
Farm animals,All types of active ingredients,All prescription types,All categories of use,Cattle,2025,1036063
Farm animals,All types of active ingredients,Single treatments farm animals,All categories of use,Cattle,2025,755084
Farm animals,All types of active ingredients,Oral group treatments,All categories of use,Cattle,2025,280979
Farm animals,No,All prescription types,Rearing calves,Cattle,2025,62436
Farm animals,No,Single treatments farm animals,Rearing calves,Cattle,2025,54103
Farm animals,No,Oral group treatments,Rearing calves,Cattle,2025,8333
Farm animals,Yes,All prescription types,Rearing calves,Cattle,2025,15421
Farm animals,Yes,Single treatments farm animals,Rearing calves,Cattle,2025,13254
Farm animals,Yes,Oral group treatments,Rearing calves,Cattle,2025,2167
Farm animals,All types of active ingredients,All prescription types,Rearing calves,Cattle,2025,77857
Farm animals,All types of active ingredients,Single treatments farm animals,Rearing calves,Cattle,2025,67357
Farm animals,All types of active ingredients,Oral group treatments,Rearing calves,Cattle,2025,10500
Farm animals,No,All prescription types,Rearing cattle,Cattle,2025,22201
Farm animals,No,Single treatments farm animals,Rearing cattle,Cattle,2025,21490
Farm animals,No,Oral group treatments,Rearing cattle,Cattle,2025,711
Farm animals,Yes,All prescription types,Rearing cattle,Cattle,2025,2415
Farm animals,Yes,Single treatments farm animals,Rearing cattle,Cattle,2025,2258
Farm animals,Yes,Oral group treatments,Rearing cattle,Cattle,2025,157
Farm animals,All types of active ingredients,All prescription types,Rearing cattle,Cattle,2025,24616
Farm animals,All types of active ingredients,Single treatments farm animals,Rearing cattle,Cattle,2025,23748
Farm animals,All types of active ingredients,Oral group treatments,Rearing cattle,Cattle,2025,868
Farm animals,No,All prescription types,Fattening calves and cattle,Cattle,2025,286064
Farm animals,No,Single treatments farm animals,Fattening calves and cattle,Cattle,2025,40127
Farm animals,No,Oral group treatments,Fattening calves and cattle,Cattle,2025,245937
Farm animals,Yes,All prescription types,Fattening calves and cattle,Cattle,2025,65267
Farm animals,Yes,Single treatments farm animals,Fattening calves and cattle,Cattle,2025,41680
Farm animals,Yes,Oral group treatments,Fattening calves and cattle,Cattle,2025,23587
Farm animals,All types of active ingredients,All prescription types,Fattening calves and cattle,Cattle,2025,351331
Farm animals,All types of active ingredients,Single treatments farm animals,Fattening calves and cattle,Cattle,2025,81807
Farm animals,All types of active ingredients,Oral group treatments,Fattening calves and cattle,Cattle,2025,269524
Farm animals,No,All prescription types,Dairy cows,Cattle,2025,493946
Farm animals,No,Single treatments farm animals,Dairy cows,Cattle,2025,493946
Farm animals,Yes,All prescription types,Dairy cows,Cattle,2025,35596
Farm animals,Yes,Single treatments farm animals,Dairy cows,Cattle,2025,35596
Farm animals,All types of active ingredients,All prescription types,Dairy cows,Cattle,2025,529542
Farm animals,All types of active ingredients,Single treatments farm animals,Dairy cows,Cattle,2025,529542
Farm animals,No,All prescription types,Cow-calf calves,Cattle,2025,19068
Farm animals,No,Single treatments farm animals,Cow-calf calves,Cattle,2025,19002
Farm animals,No,Oral group treatments,Cow-calf calves,Cattle,2025,66
Farm animals,Yes,All prescription types,Cow-calf calves,Cattle,2025,4257
Farm animals,Yes,Single treatments farm animals,Cow-calf calves,Cattle,2025,4236
Farm animals,Yes,Oral group treatments,Cow-calf calves,Cattle,2025,21
Farm animals,All types of active ingredients,All prescription types,Cow-calf calves,Cattle,2025,23325
Farm animals,All types of active ingredients,Single treatments farm animals,Cow-calf calves,Cattle,2025,23238
Farm animals,All types of active ingredients,Oral group treatments,Cow-calf calves,Cattle,2025,87
Farm animals,No,All prescription types,Suckler cows,Cattle,2025,26996
Farm animals,No,Single treatments farm animals,Suckler cows,Cattle,2025,26996
Farm animals,Yes,All prescription types,Suckler cows,Cattle,2025,1868
Farm animals,Yes,Single treatments farm animals,Suckler cows,Cattle,2025,1868
Farm animals,All types of active ingredients,All prescription types,Suckler cows,Cattle,2025,28864
Farm animals,All types of active ingredients,Single treatments farm animals,Suckler cows,Cattle,2025,28864
Farm animals,No,All prescription types,Cattle nCU,Cattle,2025,502
Farm animals,No,Single treatments farm animals,Cattle nCU,Cattle,2025,502
Farm animals,Yes,All prescription types,Cattle nCU,Cattle,2025,26
Farm animals,Yes,Single treatments farm animals,Cattle nCU,Cattle,2025,26
Farm animals,All types of active ingredients,All prescription types,Cattle nCU,Cattle,2025,528
Farm animals,All types of active ingredients,Single treatments farm animals,Cattle nCU,Cattle,2025,528
Farm animals,No,All prescription types,All categories of use,Sheep,2025,17598
Farm animals,No,Single treatments farm animals,All categories of use,Sheep,2025,16833
Farm animals,No,Oral group treatments,All categories of use,Sheep,2025,765
Farm animals,Yes,All prescription types,All categories of use,Sheep,2025,1270
Farm animals,Yes,Single treatments farm animals,All categories of use,Sheep,2025,1270
Farm animals,All types of active ingredients,All prescription types,All categories of use,Sheep,2025,18868
Farm animals,All types of active ingredients,Single treatments farm animals,All categories of use,Sheep,2025,18103
Farm animals,All types of active ingredients,Oral group treatments,All categories of use,Sheep,2025,765
Farm animals,No,All prescription types,Sheep,Sheep,2025,17598
Farm animals,No,Single treatments farm animals,Sheep,Sheep,2025,16833
Farm animals,No,Oral group treatments,Sheep,Sheep,2025,765
Farm animals,Yes,All prescription types,Sheep,Sheep,2025,1270
Farm animals,Yes,Single treatments farm animals,Sheep,Sheep,2025,1270
Farm animals,All types of active ingredients,All prescription types,Sheep,Sheep,2025,18868
Farm animals,All types of active ingredients,Single treatments farm animals,Sheep,Sheep,2025,18103
Farm animals,All types of active ingredients,Oral group treatments,Sheep,Sheep,2025,765
Farm animals,No,All prescription types,All categories of use,Pigs,2025,173082
Farm animals,No,Single treatments farm animals,All categories of use,Pigs,2025,14397
Farm animals,No,Oral group treatments,All categories of use,Pigs,2025,158685
Farm animals,Yes,All prescription types,All categories of use,Pigs,2025,24361
Farm animals,Yes,Single treatments farm animals,All categories of use,Pigs,2025,9943
Farm animals,Yes,Oral group treatments,All categories of use,Pigs,2025,14418
Farm animals,All types of active ingredients,All prescription types,All categories of use,Pigs,2025,197443
Farm animals,All types of active ingredients,Single treatments farm animals,All categories of use,Pigs,2025,24340
Farm animals,All types of active ingredients,Oral group treatments,All categories of use,Pigs,2025,173103
Farm animals,No,All prescription types,Young sows,Pigs,2025,1171
Farm animals,No,Single treatments farm animals,Young sows,Pigs,2025,218
Farm animals,No,Oral group treatments,Young sows,Pigs,2025,953
Farm animals,Yes,All prescription types,Young sows,Pigs,2025,29
Farm animals,Yes,Single treatments farm animals,Young sows,Pigs,2025,29
Farm animals,All types of active ingredients,All prescription types,Young sows,Pigs,2025,1200
Farm animals,All types of active ingredients,Single treatments farm animals,Young sows,Pigs,2025,247
Farm animals,All types of active ingredients,Oral group treatments,Young sows,Pigs,2025,953
Farm animals,No,All prescription types,Fattening pigs,Pigs,2025,75874
Farm animals,No,Single treatments farm animals,Fattening pigs,Pigs,2025,7422
Farm animals,No,Oral group treatments,Fattening pigs,Pigs,2025,68452
Farm animals,Yes,All prescription types,Fattening pigs,Pigs,2025,10445
Farm animals,Yes,Single treatments farm animals,Fattening pigs,Pigs,2025,2356
Farm animals,Yes,Oral group treatments,Fattening pigs,Pigs,2025,8089
Farm animals,All types of active ingredients,All prescription types,Fattening pigs,Pigs,2025,86319
Farm animals,All types of active ingredients,Single treatments farm animals,Fattening pigs,Pigs,2025,9778
Farm animals,All types of active ingredients,Oral group treatments,Fattening pigs,Pigs,2025,76541
Farm animals,No,All prescription types,Suckling and weaned piglets,Pigs,2025,91073
Farm animals,No,Single treatments farm animals,Suckling and weaned piglets,Pigs,2025,4064
Farm animals,No,Oral group treatments,Suckling and weaned piglets,Pigs,2025,87009
Farm animals,Yes,All prescription types,Suckling and weaned piglets,Pigs,2025,12530
Farm animals,Yes,Single treatments farm animals,Suckling and weaned piglets,Pigs,2025,6221
Farm animals,Yes,Oral group treatments,Suckling and weaned piglets,Pigs,2025,6309
Farm animals,All types of active ingredients,All prescription types,Suckling and weaned piglets,Pigs,2025,103603
Farm animals,All types of active ingredients,Single treatments farm animals,Suckling and weaned piglets,Pigs,2025,10285
Farm animals,All types of active ingredients,Oral group treatments,Suckling and weaned piglets,Pigs,2025,93318
Farm animals,No,All prescription types,Pigs nCU,Pigs,2025,191
Farm animals,No,Oral group treatments,Pigs nCU,Pigs,2025,191
Farm animals,All types of active ingredients,All prescription types,Pigs nCU,Pigs,2025,191
Farm animals,All types of active ingredients,Oral group treatments,Pigs nCU,Pigs,2025,191
Farm animals,No,All prescription types,Breeding sows and boars,Pigs,2025,4773
Farm animals,No,Single treatments farm animals,Breeding sows and boars,Pigs,2025,2693
Farm animals,No,Oral group treatments,Breeding sows and boars,Pigs,2025,2080
Farm animals,Yes,All prescription types,Breeding sows and boars,Pigs,2025,1357
Farm animals,Yes,Single treatments farm animals,Breeding sows and boars,Pigs,2025,1337
Farm animals,Yes,Oral group treatments,Breeding sows and boars,Pigs,2025,20
Farm animals,All types of active ingredients,All prescription types,Breeding sows and boars,Pigs,2025,6130
Farm animals,All types of active ingredients,Single treatments farm animals,Breeding sows and boars,Pigs,2025,4030
Farm animals,All types of active ingredients,Oral group treatments,Breeding sows and boars,Pigs,2025,2100
Farm animals,No,All prescription types,All categories of use,Goats,2025,9634
Farm animals,No,Single treatments farm animals,All categories of use,Goats,2025,7654
Farm animals,No,Oral group treatments,All categories of use,Goats,2025,1980
Farm animals,Yes,All prescription types,All categories of use,Goats,2025,980
Farm animals,Yes,Single treatments farm animals,All categories of use,Goats,2025,755
Farm animals,Yes,Oral group treatments,All categories of use,Goats,2025,225
Farm animals,All types of active ingredients,All prescription types,All categories of use,Goats,2025,10614
Farm animals,All types of active ingredients,Single treatments farm animals,All categories of use,Goats,2025,8409
Farm animals,All types of active ingredients,Oral group treatments,All categories of use,Goats,2025,2205
Farm animals,No,All prescription types,Goats,Goats,2025,9634
Farm animals,No,Single treatments farm animals,Goats,Goats,2025,7654
Farm animals,No,Oral group treatments,Goats,Goats,2025,1980
Farm animals,Yes,All prescription types,Goats,Goats,2025,980
Farm animals,Yes,Single treatments farm animals,Goats,Goats,2025,755
Farm animals,Yes,Oral group treatments,Goats,Goats,2025,225
Farm animals,All types of active ingredients,All prescription types,Goats,Goats,2025,10614
Farm animals,All types of active ingredients,Single treatments farm animals,Goats,Goats,2025,8409
Farm animals,All types of active ingredients,Oral group treatments,Goats,Goats,2025,2205