Category,Species,Critical active substance ,Category of use,System,Year,Number of animal treatments
Farm animals,Rabbits,No,Rabbits,Mammary gland,2021,6
Farm animals,Rabbits,No,Rabbits,Parasites,2021,1030
Farm animals,Rabbits,No,Rabbits,"Metabolism, digestion",2021,130728
Farm animals,Rabbits,No,Rabbits,"Animal husbandry, prophylaxis",2021,735
Farm animals,Rabbits,Yes,Rabbits,All Organ Systems,2021,11000
Farm animals,Rabbits,Yes,Rabbits,Parasites,2021,3
Farm animals,Rabbits,Yes,Rabbits,"Metabolism, digestion",2021,10800
Farm animals,Rabbits,Yes,Rabbits,"Animal husbandry, prophylaxis",2021,1
Farm animals,Rabbits,All types of active ingredients,Rabbits,All Organ Systems,2021,145478
Farm animals,Rabbits,All types of active ingredients,Rabbits,Mammary gland,2021,6
Farm animals,Rabbits,All types of active ingredients,Rabbits,Parasites,2021,1033
Farm animals,Rabbits,All types of active ingredients,Rabbits,"Metabolism, digestion",2021,141528
Farm animals,Rabbits,All types of active ingredients,Rabbits,"Animal husbandry, prophylaxis",2021,736
Farm animals,Cattle,No,All categories of use,All Organ Systems,2021,822073
Farm animals,Cattle,No,All categories of use,Udder,2021,261022
Farm animals,Cattle,No,All categories of use,Calf diseases,2021,130816
Farm animals,Cattle,No,All categories of use,Parasites,2021,135
Farm animals,Cattle,No,All categories of use,"Metabolism, digestion",2021,30113
Farm animals,Cattle,No,All categories of use,"Animal husbandry, prophylaxis",2021,17531
Farm animals,Cattle,Yes,All categories of use,All Organ Systems,2021,148470
Farm animals,Cattle,Yes,All categories of use,Udder,2021,21665
Farm animals,Cattle,Yes,All categories of use,Calf diseases,2021,32352
Farm animals,Cattle,Yes,All categories of use,Parasites,2021,5
Farm animals,Cattle,Yes,All categories of use,"Metabolism, digestion",2021,3062
Farm animals,Cattle,Yes,All categories of use,"Animal husbandry, prophylaxis",2021,66
Farm animals,Cattle,All types of active ingredients,All categories of use,All Organ Systems,2021,970543
Farm animals,Cattle,All types of active ingredients,All categories of use,Udder,2021,282687
Farm animals,Cattle,All types of active ingredients,All categories of use,Calf diseases,2021,163168
Farm animals,Cattle,All types of active ingredients,All categories of use,Parasites,2021,140
Farm animals,Cattle,All types of active ingredients,All categories of use,"Metabolism, digestion",2021,33175
Farm animals,Cattle,All types of active ingredients,All categories of use,"Animal husbandry, prophylaxis",2021,17597
Farm animals,Cattle,No,Rearing calves,All Organ Systems,2021,48942
Farm animals,Cattle,No,Rearing calves,Udder,2021,439
Farm animals,Cattle,No,Rearing calves,Calf diseases,2021,28608
Farm animals,Cattle,No,Rearing calves,Parasites,2021,46
Farm animals,Cattle,No,Rearing calves,"Metabolism, digestion",2021,2657
Farm animals,Cattle,No,Rearing calves,"Animal husbandry, prophylaxis",2021,178
Farm animals,Cattle,Yes,Rearing calves,All Organ Systems,2021,13625
Farm animals,Cattle,Yes,Rearing calves,Udder,2021,91
Farm animals,Cattle,Yes,Rearing calves,Calf diseases,2021,7841
Farm animals,Cattle,Yes,Rearing calves,Parasites,2021,3
Farm animals,Cattle,Yes,Rearing calves,"Metabolism, digestion",2021,543
Farm animals,Cattle,Yes,Rearing calves,"Animal husbandry, prophylaxis",2021,5
Farm animals,Cattle,All types of active ingredients,Rearing calves,All Organ Systems,2021,62567
Farm animals,Cattle,All types of active ingredients,Rearing calves,Udder,2021,530
Farm animals,Cattle,All types of active ingredients,Rearing calves,Calf diseases,2021,36449
Farm animals,Cattle,All types of active ingredients,Rearing calves,Parasites,2021,49
Farm animals,Cattle,All types of active ingredients,Rearing calves,"Metabolism, digestion",2021,3200
Farm animals,Cattle,All types of active ingredients,Rearing calves,"Animal husbandry, prophylaxis",2021,183
Farm animals,Cattle,No,Rearing cattle,All Organ Systems,2021,17183
Farm animals,Cattle,No,Rearing cattle,Udder,2021,1876
Farm animals,Cattle,No,Rearing cattle,Calf diseases,2021,1686
Farm animals,Cattle,No,Rearing cattle,Parasites,2021,17
Farm animals,Cattle,No,Rearing cattle,"Metabolism, digestion",2021,1508
Farm animals,Cattle,No,Rearing cattle,"Animal husbandry, prophylaxis",2021,64
Farm animals,Cattle,Yes,Rearing cattle,All Organ Systems,2021,2531
Farm animals,Cattle,Yes,Rearing cattle,Udder,2021,128
Farm animals,Cattle,Yes,Rearing cattle,Calf diseases,2021,294
Farm animals,Cattle,Yes,Rearing cattle,"Metabolism, digestion",2021,69
Farm animals,Cattle,Yes,Rearing cattle,"Animal husbandry, prophylaxis",2021,1
Farm animals,Cattle,All types of active ingredients,Rearing cattle,All Organ Systems,2021,19714
Farm animals,Cattle,All types of active ingredients,Rearing cattle,Udder,2021,2004
Farm animals,Cattle,All types of active ingredients,Rearing cattle,Calf diseases,2021,1980
Farm animals,Cattle,All types of active ingredients,Rearing cattle,Parasites,2021,17
Farm animals,Cattle,All types of active ingredients,Rearing cattle,"Metabolism, digestion",2021,1577
Farm animals,Cattle,All types of active ingredients,Rearing cattle,"Animal husbandry, prophylaxis",2021,65
Farm animals,Cattle,No,Fattening calves and cattle,All Organ Systems,2021,242951
Farm animals,Cattle,No,Fattening calves and cattle,Udder,2021,458
Farm animals,Cattle,No,Fattening calves and cattle,Calf diseases,2021,73206
Farm animals,Cattle,No,Fattening calves and cattle,Parasites,2021,23
Farm animals,Cattle,No,Fattening calves and cattle,"Metabolism, digestion",2021,4024
Farm animals,Cattle,No,Fattening calves and cattle,"Animal husbandry, prophylaxis",2021,719
Farm animals,Cattle,Yes,Fattening calves and cattle,All Organ Systems,2021,81717
Farm animals,Cattle,Yes,Fattening calves and cattle,Udder,2021,85
Farm animals,Cattle,Yes,Fattening calves and cattle,Calf diseases,2021,17399
Farm animals,Cattle,Yes,Fattening calves and cattle,"Metabolism, digestion",2021,690
Farm animals,Cattle,Yes,Fattening calves and cattle,"Animal husbandry, prophylaxis",2021,7
Farm animals,Cattle,All types of active ingredients,Fattening calves and cattle,All Organ Systems,2021,324668
Farm animals,Cattle,All types of active ingredients,Fattening calves and cattle,Udder,2021,543
Farm animals,Cattle,All types of active ingredients,Fattening calves and cattle,Calf diseases,2021,90605
Farm animals,Cattle,All types of active ingredients,Fattening calves and cattle,Parasites,2021,23
Farm animals,Cattle,All types of active ingredients,Fattening calves and cattle,"Metabolism, digestion",2021,4714
Farm animals,Cattle,All types of active ingredients,Fattening calves and cattle,"Animal husbandry, prophylaxis",2021,726
Farm animals,Cattle,No,Dairy cows,All Organ Systems,2021,357205
Farm animals,Cattle,No,Dairy cows,Udder,2021,196053
Farm animals,Cattle,No,Dairy cows,Calf diseases,2021,3452
Farm animals,Cattle,No,Dairy cows,Parasites,2021,17
Farm animals,Cattle,No,Dairy cows,"Metabolism, digestion",2021,15313
Farm animals,Cattle,No,Dairy cows,"Animal husbandry, prophylaxis",2021,14354
Farm animals,Cattle,Yes,Dairy cows,All Organ Systems,2021,30330
Farm animals,Cattle,Yes,Dairy cows,Udder,2021,15626
Farm animals,Cattle,Yes,Dairy cows,Calf diseases,2021,1102
Farm animals,Cattle,Yes,Dairy cows,Parasites,2021,1
Farm animals,Cattle,Yes,Dairy cows,"Metabolism, digestion",2021,930
Farm animals,Cattle,Yes,Dairy cows,"Animal husbandry, prophylaxis",2021,35
Farm animals,Cattle,All types of active ingredients,Dairy cows,All Organ Systems,2021,387535
Farm animals,Cattle,All types of active ingredients,Dairy cows,Udder,2021,211679
Farm animals,Cattle,All types of active ingredients,Dairy cows,Calf diseases,2021,4554
Farm animals,Cattle,All types of active ingredients,Dairy cows,Parasites,2021,18
Farm animals,Cattle,All types of active ingredients,Dairy cows,"Metabolism, digestion",2021,16243
Farm animals,Cattle,All types of active ingredients,Dairy cows,"Animal husbandry, prophylaxis",2021,14389
Farm animals,Cattle,No,Cow-calf calves,All Organ Systems,2021,14843
Farm animals,Cattle,No,Cow-calf calves,Udder,2021,80
Farm animals,Cattle,No,Cow-calf calves,Calf diseases,2021,9073
Farm animals,Cattle,No,Cow-calf calves,Parasites,2021,4
Farm animals,Cattle,No,Cow-calf calves,"Metabolism, digestion",2021,688
Farm animals,Cattle,No,Cow-calf calves,"Animal husbandry, prophylaxis",2021,251
Farm animals,Cattle,Yes,Cow-calf calves,All Organ Systems,2021,3159
Farm animals,Cattle,Yes,Cow-calf calves,Udder,2021,18
Farm animals,Cattle,Yes,Cow-calf calves,Calf diseases,2021,1970
Farm animals,Cattle,Yes,Cow-calf calves,"Metabolism, digestion",2021,104
Farm animals,Cattle,Yes,Cow-calf calves,"Animal husbandry, prophylaxis",2021,3
Farm animals,Cattle,All types of active ingredients,Cow-calf calves,All Organ Systems,2021,18002
Farm animals,Cattle,All types of active ingredients,Cow-calf calves,Udder,2021,98
Farm animals,Cattle,All types of active ingredients,Cow-calf calves,Calf diseases,2021,11043
Farm animals,Cattle,All types of active ingredients,Cow-calf calves,Parasites,2021,4
Farm animals,Cattle,All types of active ingredients,Cow-calf calves,"Metabolism, digestion",2021,792
Farm animals,Cattle,All types of active ingredients,Cow-calf calves,"Animal husbandry, prophylaxis",2021,254
Farm animals,Cattle,No,Suckler cows,All Organ Systems,2021,23335
Farm animals,Cattle,No,Suckler cows,Udder,2021,7802
Farm animals,Cattle,No,Suckler cows,Calf diseases,2021,592
Farm animals,Cattle,No,Suckler cows,"Metabolism, digestion",2021,840
Farm animals,Cattle,No,Suckler cows,"Animal husbandry, prophylaxis",2021,335
Farm animals,Cattle,Yes,Suckler cows,All Organ Systems,2021,1508
Farm animals,Cattle,Yes,Suckler cows,Udder,2021,761
Farm animals,Cattle,Yes,Suckler cows,Calf diseases,2021,238
Farm animals,Cattle,Yes,Suckler cows,"Metabolism, digestion",2021,50
Farm animals,Cattle,Yes,Suckler cows,"Animal husbandry, prophylaxis",2021,3
Farm animals,Cattle,All types of active ingredients,Suckler cows,All Organ Systems,2021,24843
Farm animals,Cattle,All types of active ingredients,Suckler cows,Udder,2021,8563
Farm animals,Cattle,All types of active ingredients,Suckler cows,Calf diseases,2021,830
Farm animals,Cattle,All types of active ingredients,Suckler cows,"Metabolism, digestion",2021,890
Farm animals,Cattle,All types of active ingredients,Suckler cows,"Animal husbandry, prophylaxis",2021,338
Farm animals,Cattle,No,Cattle nCU,All Organ Systems,2021,117614
Farm animals,Cattle,No,Cattle nCU,Udder,2021,54314
Farm animals,Cattle,No,Cattle nCU,Calf diseases,2021,14199
Farm animals,Cattle,No,Cattle nCU,Parasites,2021,28
Farm animals,Cattle,No,Cattle nCU,"Metabolism, digestion",2021,5083
Farm animals,Cattle,No,Cattle nCU,"Animal husbandry, prophylaxis",2021,1630
Farm animals,Cattle,Yes,Cattle nCU,All Organ Systems,2021,15600
Farm animals,Cattle,Yes,Cattle nCU,Udder,2021,4956
Farm animals,Cattle,Yes,Cattle nCU,Calf diseases,2021,3508
Farm animals,Cattle,Yes,Cattle nCU,Parasites,2021,1
Farm animals,Cattle,Yes,Cattle nCU,"Metabolism, digestion",2021,676
Farm animals,Cattle,Yes,Cattle nCU,"Animal husbandry, prophylaxis",2021,12
Farm animals,Cattle,All types of active ingredients,Cattle nCU,All Organ Systems,2021,133214
Farm animals,Cattle,All types of active ingredients,Cattle nCU,Udder,2021,59270
Farm animals,Cattle,All types of active ingredients,Cattle nCU,Calf diseases,2021,17707
Farm animals,Cattle,All types of active ingredients,Cattle nCU,Parasites,2021,29
Farm animals,Cattle,All types of active ingredients,Cattle nCU,"Metabolism, digestion",2021,5759
Farm animals,Cattle,All types of active ingredients,Cattle nCU,"Animal husbandry, prophylaxis",2021,1642
Farm animals,Sheep,No,All categories of use,All Organ Systems,2021,13882
Farm animals,Sheep,No,All categories of use,Udder,2021,2028
Farm animals,Sheep,No,All categories of use,Lamb diseases,2021,1474
Farm animals,Sheep,No,All categories of use,Parasites,2021,41
Farm animals,Sheep,No,All categories of use,"Metabolism, digestion",2021,704
Farm animals,Sheep,No,All categories of use,"Animal husbandry, prophylaxis",2021,253
Farm animals,Sheep,Yes,All categories of use,All Organ Systems,2021,1321
Farm animals,Sheep,Yes,All categories of use,Udder,2021,365
Farm animals,Sheep,Yes,All categories of use,Lamb diseases,2021,214
Farm animals,Sheep,Yes,All categories of use,Parasites,2021,8
Farm animals,Sheep,Yes,All categories of use,"Metabolism, digestion",2021,76
Farm animals,Sheep,Yes,All categories of use,"Animal husbandry, prophylaxis",2021,1
Farm animals,Sheep,All types of active ingredients,All categories of use,All Organ Systems,2021,15203
Farm animals,Sheep,All types of active ingredients,All categories of use,Udder,2021,2393
Farm animals,Sheep,All types of active ingredients,All categories of use,Lamb diseases,2021,1688
Farm animals,Sheep,All types of active ingredients,All categories of use,Parasites,2021,49
Farm animals,Sheep,All types of active ingredients,All categories of use,"Metabolism, digestion",2021,780
Farm animals,Sheep,All types of active ingredients,All categories of use,"Animal husbandry, prophylaxis",2021,254
Farm animals,Sheep,No,Sheep,All Organ Systems,2021,13882
Farm animals,Sheep,No,Sheep,Udder,2021,2028
Farm animals,Sheep,No,Sheep,Lamb diseases,2021,1474
Farm animals,Sheep,No,Sheep,Parasites,2021,41
Farm animals,Sheep,No,Sheep,"Metabolism, digestion",2021,704
Farm animals,Sheep,No,Sheep,"Animal husbandry, prophylaxis",2021,253
Farm animals,Sheep,Yes,Sheep,All Organ Systems,2021,1321
Farm animals,Sheep,Yes,Sheep,Udder,2021,365
Farm animals,Sheep,Yes,Sheep,Lamb diseases,2021,214
Farm animals,Sheep,Yes,Sheep,Parasites,2021,8
Farm animals,Sheep,Yes,Sheep,"Metabolism, digestion",2021,76
Farm animals,Sheep,Yes,Sheep,"Animal husbandry, prophylaxis",2021,1
Farm animals,Sheep,All types of active ingredients,Sheep,All Organ Systems,2021,15203
Farm animals,Sheep,All types of active ingredients,Sheep,Udder,2021,2393
Farm animals,Sheep,All types of active ingredients,Sheep,Lamb diseases,2021,1688
Farm animals,Sheep,All types of active ingredients,Sheep,Parasites,2021,49
Farm animals,Sheep,All types of active ingredients,Sheep,"Metabolism, digestion",2021,780
Farm animals,Sheep,All types of active ingredients,Sheep,"Animal husbandry, prophylaxis",2021,254
Farm animals,Pigs,No,All categories of use,All Organ Systems,2021,251205
Farm animals,Pigs,No,All categories of use,Parasites,2021,209
Farm animals,Pigs,No,All categories of use,"Symptoms, other disorders",2021,21866
Farm animals,Pigs,Yes,All categories of use,All Organ Systems,2021,38283
Farm animals,Pigs,Yes,All categories of use,"Symptoms, other disorders",2021,4555
Farm animals,Pigs,All types of active ingredients,All categories of use,All Organ Systems,2021,289488
Farm animals,Pigs,All types of active ingredients,All categories of use,Parasites,2021,209
Farm animals,Pigs,All types of active ingredients,All categories of use,"Symptoms, other disorders",2021,26421
Farm animals,Pigs,No,Young sows,All Organ Systems,2021,1057
Farm animals,Pigs,No,Young sows,"Symptoms, other disorders",2021,104
Farm animals,Pigs,Yes,Young sows,All Organ Systems,2021,80
Farm animals,Pigs,Yes,Young sows,"Symptoms, other disorders",2021,1
Farm animals,Pigs,All types of active ingredients,Young sows,All Organ Systems,2021,1137
Farm animals,Pigs,All types of active ingredients,Young sows,"Symptoms, other disorders",2021,105
Farm animals,Pigs,No,Fattening pigs,All Organ Systems,2021,87772
Farm animals,Pigs,No,Fattening pigs,"Symptoms, other disorders",2021,12373
Farm animals,Pigs,Yes,Fattening pigs,All Organ Systems,2021,11698
Farm animals,Pigs,Yes,Fattening pigs,"Symptoms, other disorders",2021,1315
Farm animals,Pigs,All types of active ingredients,Fattening pigs,All Organ Systems,2021,99470
Farm animals,Pigs,All types of active ingredients,Fattening pigs,"Symptoms, other disorders",2021,13688
Farm animals,Pigs,No,Suckling and weaned piglets,All Organ Systems,2021,151682
Farm animals,Pigs,No,Suckling and weaned piglets,"Symptoms, other disorders",2021,8710
Farm animals,Pigs,Yes,Suckling and weaned piglets,All Organ Systems,2021,23574
Farm animals,Pigs,Yes,Suckling and weaned piglets,"Symptoms, other disorders",2021,3063
Farm animals,Pigs,All types of active ingredients,Suckling and weaned piglets,All Organ Systems,2021,175256
Farm animals,Pigs,All types of active ingredients,Suckling and weaned piglets,"Symptoms, other disorders",2021,11773
Farm animals,Pigs,No,Pigs nCU,All Organ Systems,2021,8913
Farm animals,Pigs,No,Pigs nCU,Parasites,2021,209
Farm animals,Pigs,No,Pigs nCU,"Symptoms, other disorders",2021,569
Farm animals,Pigs,Yes,Pigs nCU,All Organ Systems,2021,2223
Farm animals,Pigs,Yes,Pigs nCU,"Symptoms, other disorders",2021,137
Farm animals,Pigs,All types of active ingredients,Pigs nCU,All Organ Systems,2021,11136
Farm animals,Pigs,All types of active ingredients,Pigs nCU,Parasites,2021,209
Farm animals,Pigs,All types of active ingredients,Pigs nCU,"Symptoms, other disorders",2021,706
Farm animals,Pigs,No,Breeding sows and boars,All Organ Systems,2021,1781
Farm animals,Pigs,No,Breeding sows and boars,"Symptoms, other disorders",2021,110
Farm animals,Pigs,Yes,Breeding sows and boars,All Organ Systems,2021,708
Farm animals,Pigs,Yes,Breeding sows and boars,"Symptoms, other disorders",2021,39
Farm animals,Pigs,All types of active ingredients,Breeding sows and boars,All Organ Systems,2021,2489
Farm animals,Pigs,All types of active ingredients,Breeding sows and boars,"Symptoms, other disorders",2021,149
Farm animals,Goats,No,All categories of use,All Organ Systems,2021,9704
Farm animals,Goats,No,All categories of use,Udder,2021,844
Farm animals,Goats,No,All categories of use,Diseases of the goat,2021,1036
Farm animals,Goats,No,All categories of use,Parasites,2021,18
Farm animals,Goats,No,All categories of use,"Metabolism, digestion",2021,943
Farm animals,Goats,No,All categories of use,"Animal husbandry, prophylaxis",2021,152
Farm animals,Goats,Yes,All categories of use,All Organ Systems,2021,1738
Farm animals,Goats,Yes,All categories of use,Udder,2021,164
Farm animals,Goats,Yes,All categories of use,Diseases of the goat,2021,123
Farm animals,Goats,Yes,All categories of use,Parasites,2021,5
Farm animals,Goats,Yes,All categories of use,"Metabolism, digestion",2021,390
Farm animals,Goats,Yes,All categories of use,"Animal husbandry, prophylaxis",2021,2
Farm animals,Goats,All types of active ingredients,All categories of use,All Organ Systems,2021,11442
Farm animals,Goats,All types of active ingredients,All categories of use,Udder,2021,1008
Farm animals,Goats,All types of active ingredients,All categories of use,Diseases of the goat,2021,1159
Farm animals,Goats,All types of active ingredients,All categories of use,Parasites,2021,23
Farm animals,Goats,All types of active ingredients,All categories of use,"Metabolism, digestion",2021,1333
Farm animals,Goats,All types of active ingredients,All categories of use,"Animal husbandry, prophylaxis",2021,154
Farm animals,Goats,No,Goats,All Organ Systems,2021,9704
Farm animals,Goats,No,Goats,Udder,2021,844
Farm animals,Goats,No,Goats,Diseases of the goat,2021,1036
Farm animals,Goats,No,Goats,Parasites,2021,18
Farm animals,Goats,No,Goats,"Metabolism, digestion",2021,943
Farm animals,Goats,No,Goats,"Animal husbandry, prophylaxis",2021,152
Farm animals,Goats,Yes,Goats,All Organ Systems,2021,1738
Farm animals,Goats,Yes,Goats,Udder,2021,164
Farm animals,Goats,Yes,Goats,Diseases of the goat,2021,123
Farm animals,Goats,Yes,Goats,Parasites,2021,5
Farm animals,Goats,Yes,Goats,"Metabolism, digestion",2021,390
Farm animals,Goats,Yes,Goats,"Animal husbandry, prophylaxis",2021,2
Farm animals,Goats,All types of active ingredients,Goats,All Organ Systems,2021,11442
Farm animals,Goats,All types of active ingredients,Goats,Udder,2021,1008
Farm animals,Goats,All types of active ingredients,Goats,Diseases of the goat,2021,1159
Farm animals,Goats,All types of active ingredients,Goats,Parasites,2021,23
Farm animals,Goats,All types of active ingredients,Goats,"Metabolism, digestion",2021,1333
Farm animals,Goats,All types of active ingredients,Goats,"Animal husbandry, prophylaxis",2021,154
Pets,Dogs,No,All categories of use,All Organ Systems,2021,212746
Pets,Dogs,No,All categories of use,Skin diseases incl. ears,2021,48697
Pets,Dogs,No,All categories of use,Oral infections incl. teeth and gastrointestinal tract,2021,52011
Pets,Dogs,No,All categories of use,Specific infectious diseases,2021,16704
Pets,Dogs,Yes,All categories of use,All Organ Systems,2021,29999
Pets,Dogs,Yes,All categories of use,Skin diseases incl. ears,2021,4760
Pets,Dogs,Yes,All categories of use,Oral infections incl. teeth and gastrointestinal tract,2021,8395
Pets,Dogs,Yes,All categories of use,Specific infectious diseases,2021,3131
Pets,Dogs,All types of active ingredients,All categories of use,All Organ Systems,2021,242745
Pets,Dogs,All types of active ingredients,All categories of use,Skin diseases incl. ears,2021,53457
Pets,Dogs,All types of active ingredients,All categories of use,Oral infections incl. teeth and gastrointestinal tract,2021,60406
Pets,Dogs,All types of active ingredients,All categories of use,Specific infectious diseases,2021,19835
Pets,Dogs,No,Dogs,All Organ Systems,2021,212746
Pets,Dogs,No,Dogs,Skin diseases incl. ears,2021,48697
Pets,Dogs,No,Dogs,Oral infections incl. teeth and gastrointestinal tract,2021,52011
Pets,Dogs,No,Dogs,Specific infectious diseases,2021,16704
Pets,Dogs,Yes,Dogs,All Organ Systems,2021,29999
Pets,Dogs,Yes,Dogs,Skin diseases incl. ears,2021,4760
Pets,Dogs,Yes,Dogs,Oral infections incl. teeth and gastrointestinal tract,2021,8395
Pets,Dogs,Yes,Dogs,Specific infectious diseases,2021,3131
Pets,Dogs,All types of active ingredients,Dogs,All Organ Systems,2021,242745
Pets,Dogs,All types of active ingredients,Dogs,Skin diseases incl. ears,2021,53457
Pets,Dogs,All types of active ingredients,Dogs,Oral infections incl. teeth and gastrointestinal tract,2021,60406
Pets,Dogs,All types of active ingredients,Dogs,Specific infectious diseases,2021,19835
Pets,Cats,No,All categories of use,All Organ Systems,2021,224493
Pets,Cats,No,All categories of use,Skin diseases incl. ears,2021,56791
Pets,Cats,No,All categories of use,Oral infections incl. teeth and gastrointestinal tract,2021,34656
Pets,Cats,No,All categories of use,Specific infectious diseases,2021,24256
Pets,Cats,Yes,All categories of use,All Organ Systems,2021,107835
Pets,Cats,Yes,All categories of use,Skin diseases incl. ears,2021,26076
Pets,Cats,Yes,All categories of use,Oral infections incl. teeth and gastrointestinal tract,2021,21678
Pets,Cats,Yes,All categories of use,Specific infectious diseases,2021,11360
Pets,Cats,All types of active ingredients,All categories of use,All Organ Systems,2021,332328
Pets,Cats,All types of active ingredients,All categories of use,Skin diseases incl. ears,2021,82867
Pets,Cats,All types of active ingredients,All categories of use,Oral infections incl. teeth and gastrointestinal tract,2021,56334
Pets,Cats,All types of active ingredients,All categories of use,Specific infectious diseases,2021,35616
Pets,Cats,No,Cats,All Organ Systems,2021,224493
Pets,Cats,No,Cats,Skin diseases incl. ears,2021,56791
Pets,Cats,No,Cats,Oral infections incl. teeth and gastrointestinal tract,2021,34656
Pets,Cats,No,Cats,Specific infectious diseases,2021,24256
Pets,Cats,Yes,Cats,All Organ Systems,2021,107835
Pets,Cats,Yes,Cats,Skin diseases incl. ears,2021,26076
Pets,Cats,Yes,Cats,Oral infections incl. teeth and gastrointestinal tract,2021,21678
Pets,Cats,Yes,Cats,Specific infectious diseases,2021,11360
Pets,Cats,All types of active ingredients,Cats,All Organ Systems,2021,332328
Pets,Cats,All types of active ingredients,Cats,Skin diseases incl. ears,2021,82867
Pets,Cats,All types of active ingredients,Cats,Oral infections incl. teeth and gastrointestinal tract,2021,56334
Pets,Cats,All types of active ingredients,Cats,Specific infectious diseases,2021,35616
Pets,Equids,No,All categories of use,All Organ Systems,2021,20713
Pets,Equids,No,All categories of use,Skin diseases incl. ears,2021,1547
Pets,Equids,No,All categories of use,Oral infections incl. teeth and gastrointestinal tract,2021,1724
Pets,Equids,No,All categories of use,Specific infectious diseases,2021,1671
Pets,Equids,Yes,All categories of use,All Organ Systems,2021,1036
Pets,Equids,Yes,All categories of use,Skin diseases incl. ears,2021,64
Pets,Equids,Yes,All categories of use,Oral infections incl. teeth and gastrointestinal tract,2021,103
Pets,Equids,Yes,All categories of use,Specific infectious diseases,2021,200
Pets,Equids,All types of active ingredients,All categories of use,All Organ Systems,2021,21749
Pets,Equids,All types of active ingredients,All categories of use,Skin diseases incl. ears,2021,1611
Pets,Equids,All types of active ingredients,All categories of use,Oral infections incl. teeth and gastrointestinal tract,2021,1827
Pets,Equids,All types of active ingredients,All categories of use,Specific infectious diseases,2021,1871
Pets,Equids,No,Equids,All Organ Systems,2021,20713
Pets,Equids,No,Equids,Skin diseases incl. ears,2021,1547
Pets,Equids,No,Equids,Oral infections incl. teeth and gastrointestinal tract,2021,1724
Pets,Equids,No,Equids,Specific infectious diseases,2021,1671
Pets,Equids,Yes,Equids,All Organ Systems,2021,1036
Pets,Equids,Yes,Equids,Skin diseases incl. ears,2021,64
Pets,Equids,Yes,Equids,Oral infections incl. teeth and gastrointestinal tract,2021,103
Pets,Equids,Yes,Equids,Specific infectious diseases,2021,200
Pets,Equids,All types of active ingredients,Equids,All Organ Systems,2021,21749
Pets,Equids,All types of active ingredients,Equids,Skin diseases incl. ears,2021,1611
Pets,Equids,All types of active ingredients,Equids,Oral infections incl. teeth and gastrointestinal tract,2021,1827
Pets,Equids,All types of active ingredients,Equids,Specific infectious diseases,2021,1871
Farm animals,Fish,No,All categories of use,All Organ Systems,2021,7574594
Farm animals,Fish,All types of active ingredients,All categories of use,All Organ Systems,2021,7574594
Farm animals,Fish,No,Fish,All Organ Systems,2021,7574594
Farm animals,Fish,All types of active ingredients,Fish,All Organ Systems,2021,7574594
Farm animals,Poultry,No,All categories of use,All Organ Systems,2021,5555077
Farm animals,Poultry,No,All categories of use,Juvenile animal diseases,2021,2997651
Farm animals,Poultry,No,All categories of use,"Metabolism, digestion",2021,67240
Farm animals,Poultry,Yes,All categories of use,All Organ Systems,2021,6397889
Farm animals,Poultry,Yes,All categories of use,Juvenile animal diseases,2021,5497064
Farm animals,Poultry,Yes,All categories of use,"Metabolism, digestion",2021,1
Farm animals,Poultry,All types of active ingredients,All categories of use,All Organ Systems,2021,11952966
Farm animals,Poultry,All types of active ingredients,All categories of use,Juvenile animal diseases,2021,8494715
Farm animals,Poultry,All types of active ingredients,All categories of use,"Metabolism, digestion",2021,67241
Farm animals,Poultry,No,Rearing laying hens and parent birds,All Organ Systems,2021,265180
Farm animals,Poultry,No,Rearing laying hens and parent birds,Juvenile animal diseases,2021,16926
Farm animals,Poultry,No,Rearing laying hens and parent birds,"Metabolism, digestion",2021,52000
Farm animals,Poultry,Yes,Rearing laying hens and parent birds,All Organ Systems,2021,290046
Farm animals,Poultry,Yes,Rearing laying hens and parent birds,Juvenile animal diseases,2021,247876
Farm animals,Poultry,Yes,Rearing laying hens and parent birds,"Metabolism, digestion",2021,1
Farm animals,Poultry,All types of active ingredients,Rearing laying hens and parent birds,All Organ Systems,2021,555226
Farm animals,Poultry,All types of active ingredients,Rearing laying hens and parent birds,Juvenile animal diseases,2021,264802
Farm animals,Poultry,All types of active ingredients,Rearing laying hens and parent birds,"Metabolism, digestion",2021,52001
Farm animals,Poultry,No,Poultry nCU,All Organ Systems,2021,112
Farm animals,Poultry,No,Poultry nCU,Juvenile animal diseases,2021,2
Farm animals,Poultry,No,Poultry nCU,"Metabolism, digestion",2021,102
Farm animals,Poultry,Yes,Poultry nCU,All Organ Systems,2021,2421
Farm animals,Poultry,All types of active ingredients,Poultry nCU,All Organ Systems,2021,2533
Farm animals,Poultry,All types of active ingredients,Poultry nCU,Juvenile animal diseases,2021,2
Farm animals,Poultry,All types of active ingredients,Poultry nCU,"Metabolism, digestion",2021,102
Farm animals,Poultry,No,Laying and parent birds,All Organ Systems,2021,91847
Farm animals,Poultry,Yes,Laying and parent birds,All Organ Systems,2021,10421
Farm animals,Poultry,All types of active ingredients,Laying and parent birds,All Organ Systems,2021,102268
Farm animals,Poultry,No,Laying hens,All Organ Systems,2021,240210
Farm animals,Poultry,No,Laying hens,"Metabolism, digestion",2021,10500
Farm animals,Poultry,Yes,Laying hens,All Organ Systems,2021,25889
Farm animals,Poultry,All types of active ingredients,Laying hens,All Organ Systems,2021,266099
Farm animals,Poultry,All types of active ingredients,Laying hens,"Metabolism, digestion",2021,10500
Farm animals,Poultry,No,Fattening broilers,All Organ Systems,2021,4950867
Farm animals,Poultry,No,Fattening broilers,Juvenile animal diseases,2021,2980723
Farm animals,Poultry,No,Fattening broilers,"Metabolism, digestion",2021,4258
Farm animals,Poultry,Yes,Fattening broilers,All Organ Systems,2021,6067803
Farm animals,Poultry,Yes,Fattening broilers,Juvenile animal diseases,2021,5249188
Farm animals,Poultry,All types of active ingredients,Fattening broilers,All Organ Systems,2021,11018670
Farm animals,Poultry,All types of active ingredients,Fattening broilers,Juvenile animal diseases,2021,8229911
Farm animals,Poultry,All types of active ingredients,Fattening broilers,"Metabolism, digestion",2021,4258
Farm animals,Poultry,No,Fattening turkeys,All Organ Systems,2021,6861
Farm animals,Poultry,No,Fattening turkeys,"Metabolism, digestion",2021,380
Farm animals,Poultry,Yes,Fattening turkeys,All Organ Systems,2021,1309
Farm animals,Poultry,All types of active ingredients,Fattening turkeys,All Organ Systems,2021,8170
Farm animals,Poultry,All types of active ingredients,Fattening turkeys,"Metabolism, digestion",2021,380
Farm animals,Rabbits,No,All categories of use,All Organ Systems,2021,134478
Farm animals,Rabbits,No,All categories of use,Mammary gland,2021,6
Farm animals,Rabbits,No,All categories of use,Parasites,2021,1030
Farm animals,Rabbits,No,All categories of use,"Metabolism, digestion",2021,130728
Farm animals,Rabbits,No,All categories of use,"Animal husbandry, prophylaxis",2021,735
Farm animals,Rabbits,Yes,All categories of use,All Organ Systems,2021,11000
Farm animals,Rabbits,Yes,All categories of use,Parasites,2021,3
Farm animals,Rabbits,Yes,All categories of use,"Metabolism, digestion",2021,10800
Farm animals,Rabbits,Yes,All categories of use,"Animal husbandry, prophylaxis",2021,1
Farm animals,Rabbits,All types of active ingredients,All categories of use,All Organ Systems,2021,145478
Farm animals,Rabbits,All types of active ingredients,All categories of use,Mammary gland,2021,6
Farm animals,Rabbits,All types of active ingredients,All categories of use,Parasites,2021,1033
Farm animals,Rabbits,All types of active ingredients,All categories of use,"Metabolism, digestion",2021,141528
Farm animals,Rabbits,All types of active ingredients,All categories of use,"Animal husbandry, prophylaxis",2021,736
Farm animals,Rabbits,No,Rabbits,All Organ Systems,2021,134478
Pets,Equids,No,All categories of use,All Organ Systems,2022,21188
Pets,Equids,No,All categories of use,Skin diseases incl. ears,2022,1815
Pets,Equids,No,All categories of use,Oral infections incl. teeth and gastrointestinal tract,2022,1699
Pets,Equids,No,All categories of use,Specific infectious diseases,2022,1670
Pets,Equids,Yes,All categories of use,All Organ Systems,2022,1258
Pets,Equids,Yes,All categories of use,Skin diseases incl. ears,2022,69
Pets,Equids,Yes,All categories of use,Oral infections incl. teeth and gastrointestinal tract,2022,105
Pets,Equids,Yes,All categories of use,Specific infectious diseases,2022,215
Pets,Equids,All types of active ingredients,All categories of use,All Organ Systems,2022,22446
Pets,Equids,All types of active ingredients,All categories of use,Skin diseases incl. ears,2022,1884
Pets,Equids,All types of active ingredients,All categories of use,Oral infections incl. teeth and gastrointestinal tract,2022,1804
Pets,Equids,All types of active ingredients,All categories of use,Specific infectious diseases,2022,1885
Pets,Equids,No,Equids,All Organ Systems,2022,21188
Pets,Equids,No,Equids,Skin diseases incl. ears,2022,1815
Pets,Equids,No,Equids,Oral infections incl. teeth and gastrointestinal tract,2022,1699
Pets,Equids,No,Equids,Specific infectious diseases,2022,1670
Pets,Equids,Yes,Equids,All Organ Systems,2022,1258
Pets,Equids,Yes,Equids,Skin diseases incl. ears,2022,69
Pets,Equids,Yes,Equids,Oral infections incl. teeth and gastrointestinal tract,2022,105
Pets,Equids,Yes,Equids,Specific infectious diseases,2022,215
Pets,Equids,All types of active ingredients,Equids,All Organ Systems,2022,22446
Pets,Equids,All types of active ingredients,Equids,Skin diseases incl. ears,2022,1884
Pets,Equids,All types of active ingredients,Equids,Oral infections incl. teeth and gastrointestinal tract,2022,1804
Pets,Equids,All types of active ingredients,Equids,Specific infectious diseases,2022,1885
Pets,Dogs,No,All categories of use,All Organ Systems,2022,205954
Pets,Dogs,No,All categories of use,Skin diseases incl. ears,2022,50642
Pets,Dogs,No,All categories of use,Oral infections incl. teeth and gastrointestinal tract,2022,48968
Pets,Dogs,No,All categories of use,Specific infectious diseases,2022,14811
Pets,Dogs,Yes,All categories of use,All Organ Systems,2022,26526
Pets,Dogs,Yes,All categories of use,Skin diseases incl. ears,2022,4549
Pets,Dogs,Yes,All categories of use,Oral infections incl. teeth and gastrointestinal tract,2022,7581
Pets,Dogs,Yes,All categories of use,Specific infectious diseases,2022,2427
Pets,Dogs,All types of active ingredients,All categories of use,All Organ Systems,2022,232480
Pets,Dogs,All types of active ingredients,All categories of use,Skin diseases incl. ears,2022,55191
Pets,Dogs,All types of active ingredients,All categories of use,Oral infections incl. teeth and gastrointestinal tract,2022,56549
Pets,Dogs,All types of active ingredients,All categories of use,Specific infectious diseases,2022,17238
Pets,Dogs,No,Dogs,All Organ Systems,2022,205954
Pets,Dogs,No,Dogs,Skin diseases incl. ears,2022,50642
Pets,Dogs,No,Dogs,Oral infections incl. teeth and gastrointestinal tract,2022,48968
Pets,Dogs,No,Dogs,Specific infectious diseases,2022,14811
Pets,Dogs,Yes,Dogs,All Organ Systems,2022,26526
Pets,Dogs,Yes,Dogs,Skin diseases incl. ears,2022,4549
Pets,Dogs,Yes,Dogs,Oral infections incl. teeth and gastrointestinal tract,2022,7581
Pets,Dogs,Yes,Dogs,Specific infectious diseases,2022,2427
Pets,Dogs,All types of active ingredients,Dogs,All Organ Systems,2022,232480
Pets,Dogs,All types of active ingredients,Dogs,Skin diseases incl. ears,2022,55191
Pets,Dogs,All types of active ingredients,Dogs,Oral infections incl. teeth and gastrointestinal tract,2022,56549
Pets,Dogs,All types of active ingredients,Dogs,Specific infectious diseases,2022,17238
Pets,Cats,No,All categories of use,All Organ Systems,2022,212451
Pets,Cats,No,All categories of use,Skin diseases incl. ears,2022,59504
Pets,Cats,No,All categories of use,Oral infections incl. teeth and gastrointestinal tract,2022,30763
Pets,Cats,No,All categories of use,Specific infectious diseases,2022,20145
Pets,Cats,Yes,All categories of use,All Organ Systems,2022,98289
Pets,Cats,Yes,All categories of use,Skin diseases incl. ears,2022,25626
Pets,Cats,Yes,All categories of use,Oral infections incl. teeth and gastrointestinal tract,2022,19250
Pets,Cats,Yes,All categories of use,Specific infectious diseases,2022,9833
Pets,Cats,All types of active ingredients,All categories of use,All Organ Systems,2022,310740
Pets,Cats,All types of active ingredients,All categories of use,Skin diseases incl. ears,2022,85130
Pets,Cats,All types of active ingredients,All categories of use,Oral infections incl. teeth and gastrointestinal tract,2022,50013
Pets,Cats,All types of active ingredients,All categories of use,Specific infectious diseases,2022,29978
Pets,Cats,No,Cats,All Organ Systems,2022,212451
Pets,Cats,No,Cats,Skin diseases incl. ears,2022,59504
Pets,Cats,No,Cats,Oral infections incl. teeth and gastrointestinal tract,2022,30763
Pets,Cats,No,Cats,Specific infectious diseases,2022,20145
Pets,Cats,Yes,Cats,All Organ Systems,2022,98289
Pets,Cats,Yes,Cats,Skin diseases incl. ears,2022,25626
Pets,Cats,Yes,Cats,Oral infections incl. teeth and gastrointestinal tract,2022,19250
Pets,Cats,Yes,Cats,Specific infectious diseases,2022,9833
Pets,Cats,All types of active ingredients,Cats,All Organ Systems,2022,310740
Pets,Cats,All types of active ingredients,Cats,Skin diseases incl. ears,2022,85130
Pets,Cats,All types of active ingredients,Cats,Oral infections incl. teeth and gastrointestinal tract,2022,50013
Pets,Cats,All types of active ingredients,Cats,Specific infectious diseases,2022,29978
Farm animals,Fish,No,All categories of use,All Organ Systems,2022,5349460
Farm animals,Fish,All types of active ingredients,All categories of use,All Organ Systems,2022,5349460
Farm animals,Fish,No,Fish,All Organ Systems,2022,5349460
Farm animals,Fish,All types of active ingredients,Fish,All Organ Systems,2022,5349460
Farm animals,Poultry,No,All categories of use,All Organ Systems,2022,6285420
Farm animals,Poultry,No,All categories of use,Juvenile animal diseases,2022,4340459
Farm animals,Poultry,No,All categories of use,"Metabolism, digestion",2022,46285
Farm animals,Poultry,Yes,All categories of use,All Organ Systems,2022,2236714
Farm animals,Poultry,Yes,All categories of use,Juvenile animal diseases,2022,1834102
Farm animals,Poultry,Yes,All categories of use,Parasites,2022,2650
Farm animals,Poultry,Yes,All categories of use,"Metabolism, digestion",2022,5045
Farm animals,Poultry,All types of active ingredients,All categories of use,All Organ Systems,2022,8522134
Farm animals,Poultry,All types of active ingredients,All categories of use,Juvenile animal diseases,2022,6174561
Farm animals,Poultry,All types of active ingredients,All categories of use,Parasites,2022,2650
Farm animals,Poultry,All types of active ingredients,All categories of use,"Metabolism, digestion",2022,51330
Farm animals,Poultry,No,Rearing laying hens and parent birds,All Organ Systems,2022,286965
Farm animals,Poultry,No,Rearing laying hens and parent birds,Juvenile animal diseases,2022,18248
Farm animals,Poultry,No,Rearing laying hens and parent birds,"Metabolism, digestion",2022,25932
Farm animals,Poultry,Yes,Rearing laying hens and parent birds,All Organ Systems,2022,300545
Farm animals,Poultry,Yes,Rearing laying hens and parent birds,Juvenile animal diseases,2022,270407
Farm animals,Poultry,All types of active ingredients,Rearing laying hens and parent birds,All Organ Systems,2022,587510
Farm animals,Poultry,All types of active ingredients,Rearing laying hens and parent birds,Juvenile animal diseases,2022,288655
Farm animals,Poultry,All types of active ingredients,Rearing laying hens and parent birds,"Metabolism, digestion",2022,25932
Farm animals,Poultry,No,Poultry nCU,All Organ Systems,2022,90
Farm animals,Poultry,No,Poultry nCU,Juvenile animal diseases,2022,81
Farm animals,Poultry,No,Poultry nCU,"Metabolism, digestion",2022,2
Farm animals,Poultry,Yes,Poultry nCU,All Organ Systems,2022,2198
Farm animals,Poultry,Yes,Poultry nCU,Juvenile animal diseases,2022,2
Farm animals,Poultry,All types of active ingredients,Poultry nCU,All Organ Systems,2022,2288
Farm animals,Poultry,All types of active ingredients,Poultry nCU,Juvenile animal diseases,2022,83
Farm animals,Poultry,All types of active ingredients,Poultry nCU,"Metabolism, digestion",2022,2
Farm animals,Poultry,No,Laying and parent birds,All Organ Systems,2022,147356
Farm animals,Poultry,No,Laying and parent birds,Juvenile animal diseases,2022,1
Farm animals,Poultry,Yes,Laying and parent birds,All Organ Systems,2022,5047
Farm animals,Poultry,Yes,Laying and parent birds,"Metabolism, digestion",2022,5045
Farm animals,Poultry,All types of active ingredients,Laying and parent birds,All Organ Systems,2022,152403
Farm animals,Poultry,All types of active ingredients,Laying and parent birds,Juvenile animal diseases,2022,1
Farm animals,Poultry,All types of active ingredients,Laying and parent birds,"Metabolism, digestion",2022,5045
Farm animals,Poultry,No,Laying hens,All Organ Systems,2022,298405
Farm animals,Poultry,No,Laying hens,"Metabolism, digestion",2022,18350
Farm animals,Poultry,Yes,Laying hens,All Organ Systems,2022,13430
Farm animals,Poultry,All types of active ingredients,Laying hens,All Organ Systems,2022,311835
Farm animals,Poultry,All types of active ingredients,Laying hens,"Metabolism, digestion",2022,18350
Farm animals,Poultry,No,Fattening broilers,All Organ Systems,2022,5534953
Farm animals,Poultry,No,Fattening broilers,Juvenile animal diseases,2022,4320829
Farm animals,Poultry,No,Fattening broilers,"Metabolism, digestion",2022,2000
Farm animals,Poultry,Yes,Fattening broilers,All Organ Systems,2022,1914294
Farm animals,Poultry,Yes,Fattening broilers,Juvenile animal diseases,2022,1563693
Farm animals,Poultry,Yes,Fattening broilers,Parasites,2022,2650
Farm animals,Poultry,All types of active ingredients,Fattening broilers,All Organ Systems,2022,7449247
Farm animals,Poultry,All types of active ingredients,Fattening broilers,Juvenile animal diseases,2022,5884522
Farm animals,Poultry,All types of active ingredients,Fattening broilers,Parasites,2022,2650
Farm animals,Poultry,All types of active ingredients,Fattening broilers,"Metabolism, digestion",2022,2000
Farm animals,Poultry,No,Fattening turkeys,All Organ Systems,2022,17651
Farm animals,Poultry,No,Fattening turkeys,Juvenile animal diseases,2022,1300
Farm animals,Poultry,No,Fattening turkeys,"Metabolism, digestion",2022,1
Farm animals,Poultry,Yes,Fattening turkeys,All Organ Systems,2022,1200
Farm animals,Poultry,All types of active ingredients,Fattening turkeys,All Organ Systems,2022,18851
Farm animals,Poultry,All types of active ingredients,Fattening turkeys,Juvenile animal diseases,2022,1300
Farm animals,Poultry,All types of active ingredients,Fattening turkeys,"Metabolism, digestion",2022,1
Farm animals,Rabbits,No,All categories of use,All Organ Systems,2022,134377
Farm animals,Rabbits,No,All categories of use,Mammary gland,2022,4
Farm animals,Rabbits,No,All categories of use,Parasites,2022,160
Farm animals,Rabbits,No,All categories of use,"Metabolism, digestion",2022,134205
Farm animals,Rabbits,Yes,All categories of use,All Organ Systems,2022,2124
Farm animals,Rabbits,Yes,All categories of use,"Metabolism, digestion",2022,2003
Farm animals,Rabbits,All types of active ingredients,All categories of use,All Organ Systems,2022,136501
Farm animals,Rabbits,All types of active ingredients,All categories of use,Mammary gland,2022,4
Farm animals,Rabbits,All types of active ingredients,All categories of use,Parasites,2022,160
Farm animals,Rabbits,All types of active ingredients,All categories of use,"Metabolism, digestion",2022,136208
Farm animals,Rabbits,No,Rabbits,All Organ Systems,2022,134377
Farm animals,Rabbits,No,Rabbits,Mammary gland,2022,4
Farm animals,Rabbits,No,Rabbits,Parasites,2022,160
Farm animals,Rabbits,No,Rabbits,"Metabolism, digestion",2022,134205
Farm animals,Rabbits,Yes,Rabbits,All Organ Systems,2022,2124
Farm animals,Rabbits,Yes,Rabbits,"Metabolism, digestion",2022,2003
Farm animals,Rabbits,All types of active ingredients,Rabbits,All Organ Systems,2022,136501
Farm animals,Rabbits,All types of active ingredients,Rabbits,Mammary gland,2022,4
Farm animals,Rabbits,All types of active ingredients,Rabbits,Parasites,2022,160
Farm animals,Rabbits,All types of active ingredients,Rabbits,"Metabolism, digestion",2022,136208
Farm animals,Cattle,No,All categories of use,All Organ Systems,2022,874873
Farm animals,Cattle,No,All categories of use,Udder,2022,281225
Farm animals,Cattle,No,All categories of use,Calf diseases,2022,145620
Farm animals,Cattle,No,All categories of use,Parasites,2022,109
Farm animals,Cattle,No,All categories of use,"Metabolism, digestion",2022,30494
Farm animals,Cattle,No,All categories of use,"Animal husbandry, prophylaxis",2022,27694
Farm animals,Cattle,Yes,All categories of use,All Organ Systems,2022,131957
Farm animals,Cattle,Yes,All categories of use,Udder,2022,20575
Farm animals,Cattle,Yes,All categories of use,Calf diseases,2022,34773
Farm animals,Cattle,Yes,All categories of use,Parasites,2022,3
Farm animals,Cattle,Yes,All categories of use,"Metabolism, digestion",2022,3195
Farm animals,Cattle,Yes,All categories of use,"Animal husbandry, prophylaxis",2022,101
Farm animals,Cattle,All types of active ingredients,All categories of use,All Organ Systems,2022,1006830
Farm animals,Cattle,All types of active ingredients,All categories of use,Udder,2022,301800
Farm animals,Cattle,All types of active ingredients,All categories of use,Calf diseases,2022,180393
Farm animals,Cattle,All types of active ingredients,All categories of use,Parasites,2022,112
Farm animals,Cattle,All types of active ingredients,All categories of use,"Metabolism, digestion",2022,33689
Farm animals,Cattle,All types of active ingredients,All categories of use,"Animal husbandry, prophylaxis",2022,27795
Farm animals,Cattle,No,Rearing calves,All Organ Systems,2022,55107
Farm animals,Cattle,No,Rearing calves,Udder,2022,498
Farm animals,Cattle,No,Rearing calves,Calf diseases,2022,32192
Farm animals,Cattle,No,Rearing calves,Parasites,2022,34
Farm animals,Cattle,No,Rearing calves,"Metabolism, digestion",2022,2789
Farm animals,Cattle,No,Rearing calves,"Animal husbandry, prophylaxis",2022,235
Farm animals,Cattle,Yes,Rearing calves,All Organ Systems,2022,13645
Farm animals,Cattle,Yes,Rearing calves,Udder,2022,72
Farm animals,Cattle,Yes,Rearing calves,Calf diseases,2022,7655
Farm animals,Cattle,Yes,Rearing calves,"Metabolism, digestion",2022,553
Farm animals,Cattle,Yes,Rearing calves,"Animal husbandry, prophylaxis",2022,12
Farm animals,Cattle,All types of active ingredients,Rearing calves,All Organ Systems,2022,68752
Farm animals,Cattle,All types of active ingredients,Rearing calves,Udder,2022,570
Farm animals,Cattle,All types of active ingredients,Rearing calves,Calf diseases,2022,39847
Farm animals,Cattle,All types of active ingredients,Rearing calves,Parasites,2022,34
Farm animals,Cattle,All types of active ingredients,Rearing calves,"Metabolism, digestion",2022,3342
Farm animals,Cattle,All types of active ingredients,Rearing calves,"Animal husbandry, prophylaxis",2022,247
Farm animals,Cattle,No,Rearing cattle,All Organ Systems,2022,19652
Farm animals,Cattle,No,Rearing cattle,Udder,2022,2383
Farm animals,Cattle,No,Rearing cattle,Calf diseases,2022,2281
Farm animals,Cattle,No,Rearing cattle,Parasites,2022,22
Farm animals,Cattle,No,Rearing cattle,"Metabolism, digestion",2022,1591
Farm animals,Cattle,No,Rearing cattle,"Animal husbandry, prophylaxis",2022,125
Farm animals,Cattle,Yes,Rearing cattle,All Organ Systems,2022,3107
Farm animals,Cattle,Yes,Rearing cattle,Udder,2022,134
Farm animals,Cattle,Yes,Rearing cattle,Calf diseases,2022,348
Farm animals,Cattle,Yes,Rearing cattle,Parasites,2022,1
Farm animals,Cattle,Yes,Rearing cattle,"Metabolism, digestion",2022,82
Farm animals,Cattle,Yes,Rearing cattle,"Animal husbandry, prophylaxis",2022,2
Farm animals,Cattle,All types of active ingredients,Rearing cattle,All Organ Systems,2022,22759
Farm animals,Cattle,All types of active ingredients,Rearing cattle,Udder,2022,2517
Farm animals,Cattle,All types of active ingredients,Rearing cattle,Calf diseases,2022,2629
Farm animals,Cattle,All types of active ingredients,Rearing cattle,Parasites,2022,23
Farm animals,Cattle,All types of active ingredients,Rearing cattle,"Metabolism, digestion",2022,1673
Farm animals,Cattle,All types of active ingredients,Rearing cattle,"Animal husbandry, prophylaxis",2022,127
Farm animals,Cattle,No,Fattening calves and cattle,All Organ Systems,2022,268432
Farm animals,Cattle,No,Fattening calves and cattle,Udder,2022,527
Farm animals,Cattle,No,Fattening calves and cattle,Calf diseases,2022,84372
Farm animals,Cattle,No,Fattening calves and cattle,Parasites,2022,6
Farm animals,Cattle,No,Fattening calves and cattle,"Metabolism, digestion",2022,3465
Farm animals,Cattle,No,Fattening calves and cattle,"Animal husbandry, prophylaxis",2022,8027
Farm animals,Cattle,Yes,Fattening calves and cattle,All Organ Systems,2022,66588
Farm animals,Cattle,Yes,Fattening calves and cattle,Udder,2022,93
Farm animals,Cattle,Yes,Fattening calves and cattle,Calf diseases,2022,20086
Farm animals,Cattle,Yes,Fattening calves and cattle,"Metabolism, digestion",2022,1110
Farm animals,Cattle,Yes,Fattening calves and cattle,"Animal husbandry, prophylaxis",2022,36
Farm animals,Cattle,All types of active ingredients,Fattening calves and cattle,All Organ Systems,2022,335020
Farm animals,Cattle,All types of active ingredients,Fattening calves and cattle,Udder,2022,620
Farm animals,Cattle,All types of active ingredients,Fattening calves and cattle,Calf diseases,2022,104458
Farm animals,Cattle,All types of active ingredients,Fattening calves and cattle,Parasites,2022,6
Farm animals,Cattle,All types of active ingredients,Fattening calves and cattle,"Metabolism, digestion",2022,4575
Farm animals,Cattle,All types of active ingredients,Fattening calves and cattle,"Animal husbandry, prophylaxis",2022,8063
Farm animals,Cattle,No,Dairy cows,All Organ Systems,2022,377562
Farm animals,Cattle,No,Dairy cows,Udder,2022,215253
Farm animals,Cattle,No,Dairy cows,Calf diseases,2022,3464
Farm animals,Cattle,No,Dairy cows,Parasites,2022,31
Farm animals,Cattle,No,Dairy cows,"Metabolism, digestion",2022,15925
Farm animals,Cattle,No,Dairy cows,"Animal husbandry, prophylaxis",2022,16985
Farm animals,Cattle,Yes,Dairy cows,All Organ Systems,2022,29300
Farm animals,Cattle,Yes,Dairy cows,Udder,2022,15275
Farm animals,Cattle,Yes,Dairy cows,Calf diseases,2022,1025
Farm animals,Cattle,Yes,Dairy cows,"Metabolism, digestion",2022,792
Farm animals,Cattle,Yes,Dairy cows,"Animal husbandry, prophylaxis",2022,40
Farm animals,Cattle,All types of active ingredients,Dairy cows,All Organ Systems,2022,406862
Farm animals,Cattle,All types of active ingredients,Dairy cows,Udder,2022,230528
Farm animals,Cattle,All types of active ingredients,Dairy cows,Calf diseases,2022,4489
Farm animals,Cattle,All types of active ingredients,Dairy cows,Parasites,2022,31
Farm animals,Cattle,All types of active ingredients,Dairy cows,"Metabolism, digestion",2022,16717
Farm animals,Cattle,All types of active ingredients,Dairy cows,"Animal husbandry, prophylaxis",2022,17025
Farm animals,Cattle,No,Cow-calf calves,All Organ Systems,2022,16001
Farm animals,Cattle,No,Cow-calf calves,Udder,2022,101
Farm animals,Cattle,No,Cow-calf calves,Calf diseases,2022,9911
Farm animals,Cattle,No,Cow-calf calves,Parasites,2022,2
Farm animals,Cattle,No,Cow-calf calves,"Metabolism, digestion",2022,744
Farm animals,Cattle,No,Cow-calf calves,"Animal husbandry, prophylaxis",2022,269
Farm animals,Cattle,Yes,Cow-calf calves,All Organ Systems,2022,3496
Farm animals,Cattle,Yes,Cow-calf calves,Udder,2022,21
Farm animals,Cattle,Yes,Cow-calf calves,Calf diseases,2022,2114
Farm animals,Cattle,Yes,Cow-calf calves,Parasites,2022,1
Farm animals,Cattle,Yes,Cow-calf calves,"Metabolism, digestion",2022,139
Farm animals,Cattle,Yes,Cow-calf calves,"Animal husbandry, prophylaxis",2022,6
Farm animals,Cattle,All types of active ingredients,Cow-calf calves,All Organ Systems,2022,19497
Farm animals,Cattle,All types of active ingredients,Cow-calf calves,Udder,2022,122
Farm animals,Cattle,All types of active ingredients,Cow-calf calves,Calf diseases,2022,12025
Farm animals,Cattle,All types of active ingredients,Cow-calf calves,Parasites,2022,3
Farm animals,Cattle,All types of active ingredients,Cow-calf calves,"Metabolism, digestion",2022,883
Farm animals,Cattle,All types of active ingredients,Cow-calf calves,"Animal husbandry, prophylaxis",2022,275
Farm animals,Cattle,No,Suckler cows,All Organ Systems,2022,25312
Farm animals,Cattle,No,Suckler cows,Udder,2022,8763
Farm animals,Cattle,No,Suckler cows,Calf diseases,2022,535
Farm animals,Cattle,No,Suckler cows,Parasites,2022,1
Farm animals,Cattle,No,Suckler cows,"Metabolism, digestion",2022,1087
Farm animals,Cattle,No,Suckler cows,"Animal husbandry, prophylaxis",2022,295
Farm animals,Cattle,Yes,Suckler cows,All Organ Systems,2022,1631
Farm animals,Cattle,Yes,Suckler cows,Udder,2022,826
Farm animals,Cattle,Yes,Suckler cows,Calf diseases,2022,215
Farm animals,Cattle,Yes,Suckler cows,"Metabolism, digestion",2022,52
Farm animals,Cattle,Yes,Suckler cows,"Animal husbandry, prophylaxis",2022,1
Farm animals,Cattle,All types of active ingredients,Suckler cows,All Organ Systems,2022,26943
Farm animals,Cattle,All types of active ingredients,Suckler cows,Udder,2022,9589
Farm animals,Cattle,All types of active ingredients,Suckler cows,Calf diseases,2022,750
Farm animals,Cattle,All types of active ingredients,Suckler cows,Parasites,2022,1
Farm animals,Cattle,All types of active ingredients,Suckler cows,"Metabolism, digestion",2022,1139
Farm animals,Cattle,All types of active ingredients,Suckler cows,"Animal husbandry, prophylaxis",2022,296
Farm animals,Cattle,No,Cattle nCU,All Organ Systems,2022,112807
Farm animals,Cattle,No,Cattle nCU,Udder,2022,53700
Farm animals,Cattle,No,Cattle nCU,Calf diseases,2022,12865
Farm animals,Cattle,No,Cattle nCU,Parasites,2022,13
Farm animals,Cattle,No,Cattle nCU,"Metabolism, digestion",2022,4893
Farm animals,Cattle,No,Cattle nCU,"Animal husbandry, prophylaxis",2022,1758
Farm animals,Cattle,Yes,Cattle nCU,All Organ Systems,2022,14190
Farm animals,Cattle,Yes,Cattle nCU,Udder,2022,4154
Farm animals,Cattle,Yes,Cattle nCU,Calf diseases,2022,3330
Farm animals,Cattle,Yes,Cattle nCU,Parasites,2022,1
Farm animals,Cattle,Yes,Cattle nCU,"Metabolism, digestion",2022,467
Farm animals,Cattle,Yes,Cattle nCU,"Animal husbandry, prophylaxis",2022,4
Farm animals,Cattle,All types of active ingredients,Cattle nCU,All Organ Systems,2022,126997
Farm animals,Cattle,All types of active ingredients,Cattle nCU,Udder,2022,57854
Farm animals,Cattle,All types of active ingredients,Cattle nCU,Calf diseases,2022,16195
Farm animals,Cattle,All types of active ingredients,Cattle nCU,Parasites,2022,14
Farm animals,Cattle,All types of active ingredients,Cattle nCU,"Metabolism, digestion",2022,5360
Farm animals,Cattle,All types of active ingredients,Cattle nCU,"Animal husbandry, prophylaxis",2022,1762
Farm animals,Sheep,No,All categories of use,All Organ Systems,2022,14178
Farm animals,Sheep,No,All categories of use,Udder,2022,1945
Farm animals,Sheep,No,All categories of use,Lamb diseases,2022,1442
Farm animals,Sheep,No,All categories of use,Parasites,2022,65
Farm animals,Sheep,No,All categories of use,"Metabolism, digestion",2022,753
Farm animals,Sheep,No,All categories of use,"Animal husbandry, prophylaxis",2022,279
Farm animals,Sheep,Yes,All categories of use,All Organ Systems,2022,1355
Farm animals,Sheep,Yes,All categories of use,Udder,2022,379
Farm animals,Sheep,Yes,All categories of use,Lamb diseases,2022,216
Farm animals,Sheep,Yes,All categories of use,Parasites,2022,9
Farm animals,Sheep,Yes,All categories of use,"Metabolism, digestion",2022,83
Farm animals,Sheep,All types of active ingredients,All categories of use,All Organ Systems,2022,15533
Farm animals,Sheep,All types of active ingredients,All categories of use,Udder,2022,2324
Farm animals,Sheep,All types of active ingredients,All categories of use,Lamb diseases,2022,1658
Farm animals,Sheep,All types of active ingredients,All categories of use,Parasites,2022,74
Farm animals,Sheep,All types of active ingredients,All categories of use,"Metabolism, digestion",2022,836
Farm animals,Sheep,All types of active ingredients,All categories of use,"Animal husbandry, prophylaxis",2022,279
Farm animals,Sheep,No,Sheep,All Organ Systems,2022,14178
Farm animals,Sheep,No,Sheep,Udder,2022,1945
Farm animals,Sheep,No,Sheep,Lamb diseases,2022,1442
Farm animals,Sheep,No,Sheep,Parasites,2022,65
Farm animals,Sheep,No,Sheep,"Metabolism, digestion",2022,753
Farm animals,Sheep,No,Sheep,"Animal husbandry, prophylaxis",2022,279
Farm animals,Sheep,Yes,Sheep,All Organ Systems,2022,1355
Farm animals,Sheep,Yes,Sheep,Udder,2022,379
Farm animals,Sheep,Yes,Sheep,Lamb diseases,2022,216
Farm animals,Sheep,Yes,Sheep,Parasites,2022,9
Farm animals,Sheep,Yes,Sheep,"Metabolism, digestion",2022,83
Farm animals,Sheep,All types of active ingredients,Sheep,All Organ Systems,2022,15533
Farm animals,Sheep,All types of active ingredients,Sheep,Udder,2022,2324
Farm animals,Sheep,All types of active ingredients,Sheep,Lamb diseases,2022,1658
Farm animals,Sheep,All types of active ingredients,Sheep,Parasites,2022,74
Farm animals,Sheep,All types of active ingredients,Sheep,"Metabolism, digestion",2022,836
Farm animals,Sheep,All types of active ingredients,Sheep,"Animal husbandry, prophylaxis",2022,279
Farm animals,Pigs,No,All categories of use,All Organ Systems,2022,173681
Farm animals,Pigs,No,All categories of use,Parasites,2022,45
Farm animals,Pigs,No,All categories of use,"Symptoms, other disorders",2022,18923
Farm animals,Pigs,Yes,All categories of use,All Organ Systems,2022,25342
Farm animals,Pigs,Yes,All categories of use,"Symptoms, other disorders",2022,3279
Farm animals,Pigs,All types of active ingredients,All categories of use,All Organ Systems,2022,199023
Farm animals,Pigs,All types of active ingredients,All categories of use,Parasites,2022,45
Farm animals,Pigs,All types of active ingredients,All categories of use,"Symptoms, other disorders",2022,22202
Farm animals,Pigs,No,Young sows,All Organ Systems,2022,324
Farm animals,Pigs,No,Young sows,"Symptoms, other disorders",2022,3
Farm animals,Pigs,Yes,Young sows,All Organ Systems,2022,11
Farm animals,Pigs,Yes,Young sows,"Symptoms, other disorders",2022,3
Farm animals,Pigs,All types of active ingredients,Young sows,All Organ Systems,2022,335
Farm animals,Pigs,All types of active ingredients,Young sows,"Symptoms, other disorders",2022,6
Farm animals,Pigs,No,Fattening pigs,All Organ Systems,2022,61536
Farm animals,Pigs,No,Fattening pigs,"Symptoms, other disorders",2022,9947
Farm animals,Pigs,Yes,Fattening pigs,All Organ Systems,2022,4987
Farm animals,Pigs,Yes,Fattening pigs,"Symptoms, other disorders",2022,764
Farm animals,Pigs,All types of active ingredients,Fattening pigs,All Organ Systems,2022,66523
Farm animals,Pigs,All types of active ingredients,Fattening pigs,"Symptoms, other disorders",2022,10711
Farm animals,Pigs,No,Suckling and weaned piglets,All Organ Systems,2022,103358
Farm animals,Pigs,No,Suckling and weaned piglets,Parasites,2022,45
Farm animals,Pigs,No,Suckling and weaned piglets,"Symptoms, other disorders",2022,8044
Farm animals,Pigs,Yes,Suckling and weaned piglets,All Organ Systems,2022,16617
Farm animals,Pigs,Yes,Suckling and weaned piglets,"Symptoms, other disorders",2022,2021
Farm animals,Pigs,All types of active ingredients,Suckling and weaned piglets,All Organ Systems,2022,119975
Farm animals,Pigs,All types of active ingredients,Suckling and weaned piglets,Parasites,2022,45
Farm animals,Pigs,All types of active ingredients,Suckling and weaned piglets,"Symptoms, other disorders",2022,10065
Farm animals,Pigs,No,Pigs nCU,All Organ Systems,2022,6304
Farm animals,Pigs,No,Pigs nCU,"Symptoms, other disorders",2022,820
Farm animals,Pigs,Yes,Pigs nCU,All Organ Systems,2022,3136
Farm animals,Pigs,Yes,Pigs nCU,"Symptoms, other disorders",2022,447
Farm animals,Pigs,All types of active ingredients,Pigs nCU,All Organ Systems,2022,9440
Farm animals,Pigs,All types of active ingredients,Pigs nCU,"Symptoms, other disorders",2022,1267
Farm animals,Pigs,No,Breeding sows and boars,All Organ Systems,2022,2159
Farm animals,Pigs,No,Breeding sows and boars,"Symptoms, other disorders",2022,109
Farm animals,Pigs,Yes,Breeding sows and boars,All Organ Systems,2022,591
Farm animals,Pigs,Yes,Breeding sows and boars,"Symptoms, other disorders",2022,44
Farm animals,Pigs,All types of active ingredients,Breeding sows and boars,All Organ Systems,2022,2750
Farm animals,Pigs,All types of active ingredients,Breeding sows and boars,"Symptoms, other disorders",2022,153
Farm animals,Goats,No,All categories of use,All Organ Systems,2022,11752
Farm animals,Goats,No,All categories of use,Udder,2022,877
Farm animals,Goats,No,All categories of use,Diseases of the goat,2022,1242
Farm animals,Goats,No,All categories of use,Parasites,2022,36
Farm animals,Goats,No,All categories of use,"Metabolism, digestion",2022,1915
Farm animals,Goats,No,All categories of use,"Animal husbandry, prophylaxis",2022,195
Farm animals,Goats,Yes,All categories of use,All Organ Systems,2022,2472
Farm animals,Goats,Yes,All categories of use,Udder,2022,110
Farm animals,Goats,Yes,All categories of use,Diseases of the goat,2022,178
Farm animals,Goats,Yes,All categories of use,Parasites,2022,2
Farm animals,Goats,Yes,All categories of use,"Metabolism, digestion",2022,706
Farm animals,Goats,All types of active ingredients,All categories of use,All Organ Systems,2022,14224
Farm animals,Goats,All types of active ingredients,All categories of use,Udder,2022,987
Farm animals,Goats,All types of active ingredients,All categories of use,Diseases of the goat,2022,1420
Farm animals,Goats,All types of active ingredients,All categories of use,Parasites,2022,38
Farm animals,Goats,All types of active ingredients,All categories of use,"Metabolism, digestion",2022,2621
Farm animals,Goats,All types of active ingredients,All categories of use,"Animal husbandry, prophylaxis",2022,195
Farm animals,Goats,No,Goats,All Organ Systems,2022,11752
Farm animals,Goats,No,Goats,Udder,2022,877
Farm animals,Goats,No,Goats,Diseases of the goat,2022,1242
Farm animals,Goats,No,Goats,Parasites,2022,36
Farm animals,Goats,No,Goats,"Metabolism, digestion",2022,1915
Farm animals,Goats,No,Goats,"Animal husbandry, prophylaxis",2022,195
Farm animals,Goats,Yes,Goats,All Organ Systems,2022,2472
Farm animals,Goats,Yes,Goats,Udder,2022,110
Farm animals,Goats,Yes,Goats,Diseases of the goat,2022,178
Farm animals,Goats,Yes,Goats,Parasites,2022,2
Farm animals,Goats,Yes,Goats,"Metabolism, digestion",2022,706
Farm animals,Goats,All types of active ingredients,Goats,All Organ Systems,2022,14224
Farm animals,Goats,All types of active ingredients,Goats,Udder,2022,987
Farm animals,Goats,All types of active ingredients,Goats,Diseases of the goat,2022,1420
Farm animals,Goats,All types of active ingredients,Goats,Parasites,2022,38
Farm animals,Goats,All types of active ingredients,Goats,"Metabolism, digestion",2022,2621
Farm animals,Goats,All types of active ingredients,Goats,"Animal husbandry, prophylaxis",2022,195
Pets,Equids,No,All categories of use,All Organ Systems,2023,20844
Pets,Equids,No,All categories of use,Skin diseases incl. ears,2023,1837
Pets,Equids,No,All categories of use,Oral infections incl. teeth and gastrointestinal tract,2023,1749
Pets,Equids,No,All categories of use,Specific infectious diseases,2023,1589
Pets,Equids,Yes,All categories of use,All Organ Systems,2023,1014
Pets,Equids,Yes,All categories of use,Skin diseases incl. ears,2023,70
Pets,Equids,Yes,All categories of use,Oral infections incl. teeth and gastrointestinal tract,2023,75
Pets,Equids,Yes,All categories of use,Specific infectious diseases,2023,151
Pets,Equids,All types of active ingredients,All categories of use,All Organ Systems,2023,21858
Pets,Equids,All types of active ingredients,All categories of use,Skin diseases incl. ears,2023,1907
Pets,Equids,All types of active ingredients,All categories of use,Oral infections incl. teeth and gastrointestinal tract,2023,1824
Pets,Equids,All types of active ingredients,All categories of use,Specific infectious diseases,2023,1740
Pets,Equids,No,Equids,All Organ Systems,2023,20844
Pets,Equids,No,Equids,Skin diseases incl. ears,2023,1837
Pets,Equids,No,Equids,Oral infections incl. teeth and gastrointestinal tract,2023,1749
Pets,Equids,No,Equids,Specific infectious diseases,2023,1589
Pets,Equids,Yes,Equids,All Organ Systems,2023,1014
Pets,Equids,Yes,Equids,Skin diseases incl. ears,2023,70
Pets,Equids,Yes,Equids,Oral infections incl. teeth and gastrointestinal tract,2023,75
Pets,Equids,Yes,Equids,Specific infectious diseases,2023,151
Pets,Equids,All types of active ingredients,Equids,All Organ Systems,2023,21858
Pets,Equids,All types of active ingredients,Equids,Skin diseases incl. ears,2023,1907
Pets,Equids,All types of active ingredients,Equids,Oral infections incl. teeth and gastrointestinal tract,2023,1824
Pets,Equids,All types of active ingredients,Equids,Specific infectious diseases,2023,1740
Pets,Dogs,No,All categories of use,All Organ Systems,2023,199305
Pets,Dogs,No,All categories of use,Skin diseases incl. ears,2023,50698
Pets,Dogs,No,All categories of use,Oral infections incl. teeth and gastrointestinal tract,2023,45588
Pets,Dogs,No,All categories of use,Specific infectious diseases,2023,14534
Pets,Dogs,Yes,All categories of use,All Organ Systems,2023,22694
Pets,Dogs,Yes,All categories of use,Skin diseases incl. ears,2023,4059
Pets,Dogs,Yes,All categories of use,Oral infections incl. teeth and gastrointestinal tract,2023,6106
Pets,Dogs,Yes,All categories of use,Specific infectious diseases,2023,2059
Pets,Dogs,All types of active ingredients,All categories of use,All Organ Systems,2023,221999
Pets,Dogs,All types of active ingredients,All categories of use,Skin diseases incl. ears,2023,54757
Pets,Dogs,All types of active ingredients,All categories of use,Oral infections incl. teeth and gastrointestinal tract,2023,51694
Pets,Dogs,All types of active ingredients,All categories of use,Specific infectious diseases,2023,16593
Pets,Dogs,No,Dogs,All Organ Systems,2023,199305
Pets,Dogs,No,Dogs,Skin diseases incl. ears,2023,50698
Pets,Dogs,No,Dogs,Oral infections incl. teeth and gastrointestinal tract,2023,45588
Pets,Dogs,No,Dogs,Specific infectious diseases,2023,14534
Pets,Dogs,Yes,Dogs,All Organ Systems,2023,22694
Pets,Dogs,Yes,Dogs,Skin diseases incl. ears,2023,4059
Pets,Dogs,Yes,Dogs,Oral infections incl. teeth and gastrointestinal tract,2023,6106
Pets,Dogs,Yes,Dogs,Specific infectious diseases,2023,2059
Pets,Dogs,All types of active ingredients,Dogs,All Organ Systems,2023,221999
Pets,Dogs,All types of active ingredients,Dogs,Skin diseases incl. ears,2023,54757
Pets,Dogs,All types of active ingredients,Dogs,Oral infections incl. teeth and gastrointestinal tract,2023,51694
Pets,Dogs,All types of active ingredients,Dogs,Specific infectious diseases,2023,16593
Pets,Cats,No,All categories of use,All Organ Systems,2023,211494
Pets,Cats,No,All categories of use,Skin diseases incl. ears,2023,62645
Pets,Cats,No,All categories of use,Oral infections incl. teeth and gastrointestinal tract,2023,31610
Pets,Cats,No,All categories of use,Specific infectious diseases,2023,19618
Pets,Cats,Yes,All categories of use,All Organ Systems,2023,92919
Pets,Cats,Yes,All categories of use,Skin diseases incl. ears,2023,24796
Pets,Cats,Yes,All categories of use,Oral infections incl. teeth and gastrointestinal tract,2023,17634
Pets,Cats,Yes,All categories of use,Specific infectious diseases,2023,9181
Pets,Cats,All types of active ingredients,All categories of use,All Organ Systems,2023,304413
Pets,Cats,All types of active ingredients,All categories of use,Skin diseases incl. ears,2023,87441
Pets,Cats,All types of active ingredients,All categories of use,Oral infections incl. teeth and gastrointestinal tract,2023,49244
Pets,Cats,All types of active ingredients,All categories of use,Specific infectious diseases,2023,28799
Pets,Cats,No,Cats,All Organ Systems,2023,211494
Pets,Cats,No,Cats,Skin diseases incl. ears,2023,62645
Pets,Cats,No,Cats,Oral infections incl. teeth and gastrointestinal tract,2023,31610
Pets,Cats,No,Cats,Specific infectious diseases,2023,19618
Pets,Cats,Yes,Cats,All Organ Systems,2023,92919
Pets,Cats,Yes,Cats,Skin diseases incl. ears,2023,24796
Pets,Cats,Yes,Cats,Oral infections incl. teeth and gastrointestinal tract,2023,17634
Pets,Cats,Yes,Cats,Specific infectious diseases,2023,9181
Pets,Cats,All types of active ingredients,Cats,All Organ Systems,2023,304413
Pets,Cats,All types of active ingredients,Cats,Skin diseases incl. ears,2023,87441
Pets,Cats,All types of active ingredients,Cats,Oral infections incl. teeth and gastrointestinal tract,2023,49244
Pets,Cats,All types of active ingredients,Cats,Specific infectious diseases,2023,28799
Farm animals,Fish,No,All categories of use,All Organ Systems,2023,7923202
Farm animals,Fish,All types of active ingredients,All categories of use,All Organ Systems,2023,7923202
Farm animals,Fish,No,Fish,All Organ Systems,2023,7923202
Farm animals,Fish,All types of active ingredients,Fish,All Organ Systems,2023,7923202
Farm animals,Poultry,No,All categories of use,All Organ Systems,2023,5840010
Farm animals,Poultry,No,All categories of use,Juvenile animal diseases,2023,4967381
Farm animals,Poultry,No,All categories of use,"Metabolism, digestion",2023,12243
Farm animals,Poultry,Yes,All categories of use,All Organ Systems,2023,1264201
Farm animals,Poultry,Yes,All categories of use,Juvenile animal diseases,2023,1048165
Farm animals,Poultry,Yes,All categories of use,"Metabolism, digestion",2023,5337
Farm animals,Poultry,All types of active ingredients,All categories of use,All Organ Systems,2023,7104211
Farm animals,Poultry,All types of active ingredients,All categories of use,Juvenile animal diseases,2023,6015546
Farm animals,Poultry,All types of active ingredients,All categories of use,"Metabolism, digestion",2023,17580
Farm animals,Poultry,No,Rearing laying hens and parent birds,All Organ Systems,2023,99069
Farm animals,Poultry,No,Rearing laying hens and parent birds,Juvenile animal diseases,2023,3
Farm animals,Poultry,No,Rearing laying hens and parent birds,"Metabolism, digestion",2023,2
Farm animals,Poultry,Yes,Rearing laying hens and parent birds,All Organ Systems,2023,130322
Farm animals,Poultry,Yes,Rearing laying hens and parent birds,Juvenile animal diseases,2023,114439
Farm animals,Poultry,Yes,Rearing laying hens and parent birds,"Metabolism, digestion",2023,2
Farm animals,Poultry,All types of active ingredients,Rearing laying hens and parent birds,All Organ Systems,2023,229391
Farm animals,Poultry,All types of active ingredients,Rearing laying hens and parent birds,Juvenile animal diseases,2023,114442
Farm animals,Poultry,All types of active ingredients,Rearing laying hens and parent birds,"Metabolism, digestion",2023,4
Farm animals,Poultry,No,Poultry nCU,All Organ Systems,2023,4
Farm animals,Poultry,Yes,Poultry nCU,All Organ Systems,2023,19
Farm animals,Poultry,Yes,Poultry nCU,"Metabolism, digestion",2023,3
Farm animals,Poultry,All types of active ingredients,Poultry nCU,All Organ Systems,2023,23
Farm animals,Poultry,All types of active ingredients,Poultry nCU,"Metabolism, digestion",2023,3
Farm animals,Poultry,No,Laying and parent birds,All Organ Systems,2023,59971
Farm animals,Poultry,No,Laying and parent birds,"Metabolism, digestion",2023,2000
Farm animals,Poultry,Yes,Laying and parent birds,All Organ Systems,2023,15989
Farm animals,Poultry,Yes,Laying and parent birds,"Metabolism, digestion",2023,5330
Farm animals,Poultry,All types of active ingredients,Laying and parent birds,All Organ Systems,2023,75960
Farm animals,Poultry,All types of active ingredients,Laying and parent birds,"Metabolism, digestion",2023,7330
Farm animals,Poultry,No,Laying hens,All Organ Systems,2023,189433
Farm animals,Poultry,No,Laying hens,"Metabolism, digestion",2023,1
Farm animals,Poultry,Yes,Laying hens,All Organ Systems,2023,28944
Farm animals,Poultry,Yes,Laying hens,"Metabolism, digestion",2023,1
Farm animals,Poultry,All types of active ingredients,Laying hens,All Organ Systems,2023,218377
Farm animals,Poultry,All types of active ingredients,Laying hens,"Metabolism, digestion",2023,2
Farm animals,Poultry,No,Fattening broilers,All Organ Systems,2023,5475673
Farm animals,Poultry,No,Fattening broilers,Juvenile animal diseases,2023,4967378
Farm animals,Poultry,Yes,Fattening broilers,All Organ Systems,2023,1086526
Farm animals,Poultry,Yes,Fattening broilers,Juvenile animal diseases,2023,933726
Farm animals,Poultry,All types of active ingredients,Fattening broilers,All Organ Systems,2023,6562199
Farm animals,Poultry,All types of active ingredients,Fattening broilers,Juvenile animal diseases,2023,5901104
Farm animals,Poultry,No,Fattening turkeys,All Organ Systems,2023,15860
Farm animals,Poultry,No,Fattening turkeys,"Metabolism, digestion",2023,10240
Farm animals,Poultry,Yes,Fattening turkeys,All Organ Systems,2023,2401
Farm animals,Poultry,Yes,Fattening turkeys,"Metabolism, digestion",2023,1
Farm animals,Poultry,All types of active ingredients,Fattening turkeys,All Organ Systems,2023,18261
Farm animals,Poultry,All types of active ingredients,Fattening turkeys,"Metabolism, digestion",2023,10241
Farm animals,Rabbits,No,All categories of use,All Organ Systems,2023,47417
Farm animals,Rabbits,No,All categories of use,Mammary gland,2023,2
Farm animals,Rabbits,No,All categories of use,"Metabolism, digestion",2023,47402
Farm animals,Rabbits,No,All categories of use,"Animal husbandry, prophylaxis",2023,1
Farm animals,Rabbits,Yes,All categories of use,All Organ Systems,2023,2288
Farm animals,Rabbits,Yes,All categories of use,Mammary gland,2023,3
Farm animals,Rabbits,Yes,All categories of use,Parasites,2023,2
Farm animals,Rabbits,Yes,All categories of use,"Metabolism, digestion",2023,2005
Farm animals,Rabbits,Yes,All categories of use,"Animal husbandry, prophylaxis",2023,1
Farm animals,Rabbits,All types of active ingredients,All categories of use,All Organ Systems,2023,49705
Farm animals,Rabbits,All types of active ingredients,All categories of use,Mammary gland,2023,5
Farm animals,Rabbits,All types of active ingredients,All categories of use,Parasites,2023,2
Farm animals,Rabbits,All types of active ingredients,All categories of use,"Metabolism, digestion",2023,49407
Farm animals,Rabbits,All types of active ingredients,All categories of use,"Animal husbandry, prophylaxis",2023,2
Farm animals,Rabbits,No,Rabbits,All Organ Systems,2023,47417
Farm animals,Rabbits,No,Rabbits,Mammary gland,2023,2
Farm animals,Rabbits,No,Rabbits,"Metabolism, digestion",2023,47402
Farm animals,Rabbits,No,Rabbits,"Animal husbandry, prophylaxis",2023,1
Farm animals,Rabbits,Yes,Rabbits,All Organ Systems,2023,2288
Farm animals,Rabbits,Yes,Rabbits,Mammary gland,2023,3
Farm animals,Rabbits,Yes,Rabbits,Parasites,2023,2
Farm animals,Rabbits,Yes,Rabbits,"Metabolism, digestion",2023,2005
Farm animals,Rabbits,Yes,Rabbits,"Animal husbandry, prophylaxis",2023,1
Farm animals,Rabbits,All types of active ingredients,Rabbits,All Organ Systems,2023,49705
Farm animals,Rabbits,All types of active ingredients,Rabbits,Mammary gland,2023,5
Farm animals,Rabbits,All types of active ingredients,Rabbits,Parasites,2023,2
Farm animals,Rabbits,All types of active ingredients,Rabbits,"Metabolism, digestion",2023,49407
Farm animals,Rabbits,All types of active ingredients,Rabbits,"Animal husbandry, prophylaxis",2023,2
Farm animals,Cattle,No,All categories of use,All Organ Systems,2023,899025
Farm animals,Cattle,No,All categories of use,Udder,2023,293936
Farm animals,Cattle,No,All categories of use,Calf diseases,2023,152576
Farm animals,Cattle,No,All categories of use,Parasites,2023,165
Farm animals,Cattle,No,All categories of use,"Metabolism, digestion",2023,31651
Farm animals,Cattle,No,All categories of use,"Animal husbandry, prophylaxis",2023,24137
Farm animals,Cattle,Yes,All categories of use,All Organ Systems,2023,139980
Farm animals,Cattle,Yes,All categories of use,Udder,2023,20150
Farm animals,Cattle,Yes,All categories of use,Calf diseases,2023,38884
Farm animals,Cattle,Yes,All categories of use,Parasites,2023,1
Farm animals,Cattle,Yes,All categories of use,"Metabolism, digestion",2023,3970
Farm animals,Cattle,Yes,All categories of use,"Animal husbandry, prophylaxis",2023,89
Farm animals,Cattle,All types of active ingredients,All categories of use,All Organ Systems,2023,1039005
Farm animals,Cattle,All types of active ingredients,All categories of use,Udder,2023,314086
Farm animals,Cattle,All types of active ingredients,All categories of use,Calf diseases,2023,191460
Farm animals,Cattle,All types of active ingredients,All categories of use,Parasites,2023,166
Farm animals,Cattle,All types of active ingredients,All categories of use,"Metabolism, digestion",2023,35621
Farm animals,Cattle,All types of active ingredients,All categories of use,"Animal husbandry, prophylaxis",2023,24226
Farm animals,Cattle,No,Rearing calves,All Organ Systems,2023,64486
Farm animals,Cattle,No,Rearing calves,Udder,2023,638
Farm animals,Cattle,No,Rearing calves,Calf diseases,2023,39595
Farm animals,Cattle,No,Rearing calves,Parasites,2023,28
Farm animals,Cattle,No,Rearing calves,"Metabolism, digestion",2023,2941
Farm animals,Cattle,No,Rearing calves,"Animal husbandry, prophylaxis",2023,260
Farm animals,Cattle,Yes,Rearing calves,All Organ Systems,2023,16140
Farm animals,Cattle,Yes,Rearing calves,Udder,2023,95
Farm animals,Cattle,Yes,Rearing calves,Calf diseases,2023,8142
Farm animals,Cattle,Yes,Rearing calves,"Metabolism, digestion",2023,690
Farm animals,Cattle,Yes,Rearing calves,"Animal husbandry, prophylaxis",2023,11
Farm animals,Cattle,All types of active ingredients,Rearing calves,All Organ Systems,2023,80626
Farm animals,Cattle,All types of active ingredients,Rearing calves,Udder,2023,733
Farm animals,Cattle,All types of active ingredients,Rearing calves,Calf diseases,2023,47737
Farm animals,Cattle,All types of active ingredients,Rearing calves,Parasites,2023,28
Farm animals,Cattle,All types of active ingredients,Rearing calves,"Metabolism, digestion",2023,3631
Farm animals,Cattle,All types of active ingredients,Rearing calves,"Animal husbandry, prophylaxis",2023,271
Farm animals,Cattle,No,Rearing cattle,All Organ Systems,2023,23370
Farm animals,Cattle,No,Rearing cattle,Udder,2023,2946
Farm animals,Cattle,No,Rearing cattle,Calf diseases,2023,2586
Farm animals,Cattle,No,Rearing cattle,Parasites,2023,40
Farm animals,Cattle,No,Rearing cattle,"Metabolism, digestion",2023,1843
Farm animals,Cattle,No,Rearing cattle,"Animal husbandry, prophylaxis",2023,125
Farm animals,Cattle,Yes,Rearing cattle,All Organ Systems,2023,3086
Farm animals,Cattle,Yes,Rearing cattle,Udder,2023,160
Farm animals,Cattle,Yes,Rearing cattle,Calf diseases,2023,512
Farm animals,Cattle,Yes,Rearing cattle,Parasites,2023,1
Farm animals,Cattle,Yes,Rearing cattle,"Metabolism, digestion",2023,69
Farm animals,Cattle,Yes,Rearing cattle,"Animal husbandry, prophylaxis",2023,1
Farm animals,Cattle,All types of active ingredients,Rearing cattle,All Organ Systems,2023,26456
Farm animals,Cattle,All types of active ingredients,Rearing cattle,Udder,2023,3106
Farm animals,Cattle,All types of active ingredients,Rearing cattle,Calf diseases,2023,3098
Farm animals,Cattle,All types of active ingredients,Rearing cattle,Parasites,2023,41
Farm animals,Cattle,All types of active ingredients,Rearing cattle,"Metabolism, digestion",2023,1912
Farm animals,Cattle,All types of active ingredients,Rearing cattle,"Animal husbandry, prophylaxis",2023,126
Farm animals,Cattle,No,Fattening calves and cattle,All Organ Systems,2023,267726
Farm animals,Cattle,No,Fattening calves and cattle,Udder,2023,710
Farm animals,Cattle,No,Fattening calves and cattle,Calf diseases,2023,86162
Farm animals,Cattle,No,Fattening calves and cattle,Parasites,2023,27
Farm animals,Cattle,No,Fattening calves and cattle,"Metabolism, digestion",2023,4021
Farm animals,Cattle,No,Fattening calves and cattle,"Animal husbandry, prophylaxis",2023,2421
Farm animals,Cattle,Yes,Fattening calves and cattle,All Organ Systems,2023,76252
Farm animals,Cattle,Yes,Fattening calves and cattle,Udder,2023,337
Farm animals,Cattle,Yes,Fattening calves and cattle,Calf diseases,2023,24887
Farm animals,Cattle,Yes,Fattening calves and cattle,"Metabolism, digestion",2023,1718
Farm animals,Cattle,Yes,Fattening calves and cattle,"Animal husbandry, prophylaxis",2023,41
Farm animals,Cattle,All types of active ingredients,Fattening calves and cattle,All Organ Systems,2023,343978
Farm animals,Cattle,All types of active ingredients,Fattening calves and cattle,Udder,2023,1047
Farm animals,Cattle,All types of active ingredients,Fattening calves and cattle,Calf diseases,2023,111049
Farm animals,Cattle,All types of active ingredients,Fattening calves and cattle,Parasites,2023,27
Farm animals,Cattle,All types of active ingredients,Fattening calves and cattle,"Metabolism, digestion",2023,5739
Farm animals,Cattle,All types of active ingredients,Fattening calves and cattle,"Animal husbandry, prophylaxis",2023,2462
Farm animals,Cattle,No,Dairy cows,All Organ Systems,2023,474875
Farm animals,Cattle,No,Dairy cows,Udder,2023,271374
Farm animals,Cattle,No,Dairy cows,Calf diseases,2023,8143
Farm animals,Cattle,No,Dairy cows,Parasites,2023,59
Farm animals,Cattle,No,Dairy cows,"Metabolism, digestion",2023,19923
Farm animals,Cattle,No,Dairy cows,"Animal husbandry, prophylaxis",2023,20167
Farm animals,Cattle,Yes,Dairy cows,All Organ Systems,2023,36086
Farm animals,Cattle,Yes,Dairy cows,Udder,2023,18254
Farm animals,Cattle,Yes,Dairy cows,Calf diseases,2023,1841
Farm animals,Cattle,Yes,Dairy cows,"Metabolism, digestion",2023,1246
Farm animals,Cattle,Yes,Dairy cows,"Animal husbandry, prophylaxis",2023,25
Farm animals,Cattle,All types of active ingredients,Dairy cows,All Organ Systems,2023,510961
Farm animals,Cattle,All types of active ingredients,Dairy cows,Udder,2023,289628
Farm animals,Cattle,All types of active ingredients,Dairy cows,Calf diseases,2023,9984
Farm animals,Cattle,All types of active ingredients,Dairy cows,Parasites,2023,59
Farm animals,Cattle,All types of active ingredients,Dairy cows,"Metabolism, digestion",2023,21169
Farm animals,Cattle,All types of active ingredients,Dairy cows,"Animal husbandry, prophylaxis",2023,20192
Farm animals,Cattle,No,Cow-calf calves,All Organ Systems,2023,18311
Farm animals,Cattle,No,Cow-calf calves,Udder,2023,122
Farm animals,Cattle,No,Cow-calf calves,Calf diseases,2023,11767
Farm animals,Cattle,No,Cow-calf calves,Parasites,2023,8
Farm animals,Cattle,No,Cow-calf calves,"Metabolism, digestion",2023,683
Farm animals,Cattle,No,Cow-calf calves,"Animal husbandry, prophylaxis",2023,324
Farm animals,Cattle,Yes,Cow-calf calves,All Organ Systems,2023,3898
Farm animals,Cattle,Yes,Cow-calf calves,Udder,2023,22
Farm animals,Cattle,Yes,Cow-calf calves,Calf diseases,2023,2194
Farm animals,Cattle,Yes,Cow-calf calves,"Metabolism, digestion",2023,98
Farm animals,Cattle,Yes,Cow-calf calves,"Animal husbandry, prophylaxis",2023,10
Farm animals,Cattle,All types of active ingredients,Cow-calf calves,All Organ Systems,2023,22209
Farm animals,Cattle,All types of active ingredients,Cow-calf calves,Udder,2023,144
Farm animals,Cattle,All types of active ingredients,Cow-calf calves,Calf diseases,2023,13961
Farm animals,Cattle,All types of active ingredients,Cow-calf calves,Parasites,2023,8
Farm animals,Cattle,All types of active ingredients,Cow-calf calves,"Metabolism, digestion",2023,781
Farm animals,Cattle,All types of active ingredients,Cow-calf calves,"Animal husbandry, prophylaxis",2023,334
Farm animals,Cattle,No,Suckler cows,All Organ Systems,2023,30607
Farm animals,Cattle,No,Suckler cows,Udder,2023,10113
Farm animals,Cattle,No,Suckler cows,Calf diseases,2023,1084
Farm animals,Cattle,No,Suckler cows,Parasites,2023,3
Farm animals,Cattle,No,Suckler cows,"Metabolism, digestion",2023,1254
Farm animals,Cattle,No,Suckler cows,"Animal husbandry, prophylaxis",2023,581
Farm animals,Cattle,Yes,Suckler cows,All Organ Systems,2023,2136
Farm animals,Cattle,Yes,Suckler cows,Udder,2023,929
Farm animals,Cattle,Yes,Suckler cows,Calf diseases,2023,366
Farm animals,Cattle,Yes,Suckler cows,"Metabolism, digestion",2023,42
Farm animals,Cattle,All types of active ingredients,Suckler cows,All Organ Systems,2023,32743
Farm animals,Cattle,All types of active ingredients,Suckler cows,Udder,2023,11042
Farm animals,Cattle,All types of active ingredients,Suckler cows,Calf diseases,2023,1450
Farm animals,Cattle,All types of active ingredients,Suckler cows,Parasites,2023,3
Farm animals,Cattle,All types of active ingredients,Suckler cows,"Metabolism, digestion",2023,1296
Farm animals,Cattle,All types of active ingredients,Suckler cows,"Animal husbandry, prophylaxis",2023,581
Farm animals,Cattle,No,Cattle nCU,All Organ Systems,2023,19650
Farm animals,Cattle,No,Cattle nCU,Udder,2023,8033
Farm animals,Cattle,No,Cattle nCU,Calf diseases,2023,3239
Farm animals,Cattle,No,Cattle nCU,"Metabolism, digestion",2023,986
Farm animals,Cattle,No,Cattle nCU,"Animal husbandry, prophylaxis",2023,259
Farm animals,Cattle,Yes,Cattle nCU,All Organ Systems,2023,2382
Farm animals,Cattle,Yes,Cattle nCU,Udder,2023,353
Farm animals,Cattle,Yes,Cattle nCU,Calf diseases,2023,942
Farm animals,Cattle,Yes,Cattle nCU,"Metabolism, digestion",2023,107
Farm animals,Cattle,Yes,Cattle nCU,"Animal husbandry, prophylaxis",2023,1
Farm animals,Cattle,All types of active ingredients,Cattle nCU,All Organ Systems,2023,22032
Farm animals,Cattle,All types of active ingredients,Cattle nCU,Udder,2023,8386
Farm animals,Cattle,All types of active ingredients,Cattle nCU,Calf diseases,2023,4181
Farm animals,Cattle,All types of active ingredients,Cattle nCU,"Metabolism, digestion",2023,1093
Farm animals,Cattle,All types of active ingredients,Cattle nCU,"Animal husbandry, prophylaxis",2023,260
Farm animals,Sheep,No,All categories of use,All Organ Systems,2023,18781
Farm animals,Sheep,No,All categories of use,Udder,2023,2065
Farm animals,Sheep,No,All categories of use,Lamb diseases,2023,2166
Farm animals,Sheep,No,All categories of use,Parasites,2023,65
Farm animals,Sheep,No,All categories of use,"Metabolism, digestion",2023,820
Farm animals,Sheep,No,All categories of use,"Animal husbandry, prophylaxis",2023,299
Farm animals,Sheep,Yes,All categories of use,All Organ Systems,2023,2041
Farm animals,Sheep,Yes,All categories of use,Udder,2023,416
Farm animals,Sheep,Yes,All categories of use,Lamb diseases,2023,262
Farm animals,Sheep,Yes,All categories of use,Parasites,2023,3
Farm animals,Sheep,Yes,All categories of use,"Metabolism, digestion",2023,71
Farm animals,Sheep,Yes,All categories of use,"Animal husbandry, prophylaxis",2023,4
Farm animals,Sheep,All types of active ingredients,All categories of use,All Organ Systems,2023,20822
Farm animals,Sheep,All types of active ingredients,All categories of use,Udder,2023,2481
Farm animals,Sheep,All types of active ingredients,All categories of use,Lamb diseases,2023,2428
Farm animals,Sheep,All types of active ingredients,All categories of use,Parasites,2023,68
Farm animals,Sheep,All types of active ingredients,All categories of use,"Metabolism, digestion",2023,891
Farm animals,Sheep,All types of active ingredients,All categories of use,"Animal husbandry, prophylaxis",2023,303
Farm animals,Sheep,No,Sheep,All Organ Systems,2023,18781
Farm animals,Sheep,No,Sheep,Udder,2023,2065
Farm animals,Sheep,No,Sheep,Lamb diseases,2023,2166
Farm animals,Sheep,No,Sheep,Parasites,2023,65
Farm animals,Sheep,No,Sheep,"Metabolism, digestion",2023,820
Farm animals,Sheep,No,Sheep,"Animal husbandry, prophylaxis",2023,299
Farm animals,Sheep,Yes,Sheep,All Organ Systems,2023,2041
Farm animals,Sheep,Yes,Sheep,Udder,2023,416
Farm animals,Sheep,Yes,Sheep,Lamb diseases,2023,262
Farm animals,Sheep,Yes,Sheep,Parasites,2023,3
Farm animals,Sheep,Yes,Sheep,"Metabolism, digestion",2023,71
Farm animals,Sheep,Yes,Sheep,"Animal husbandry, prophylaxis",2023,4
Farm animals,Sheep,All types of active ingredients,Sheep,All Organ Systems,2023,20822
Farm animals,Sheep,All types of active ingredients,Sheep,Udder,2023,2481
Farm animals,Sheep,All types of active ingredients,Sheep,Lamb diseases,2023,2428
Farm animals,Sheep,All types of active ingredients,Sheep,Parasites,2023,68
Farm animals,Sheep,All types of active ingredients,Sheep,"Metabolism, digestion",2023,891
Farm animals,Sheep,All types of active ingredients,Sheep,"Animal husbandry, prophylaxis",2023,303
Farm animals,Pigs,No,All categories of use,All Organ Systems,2023,141912
Farm animals,Pigs,No,All categories of use,"Symptoms, other disorders",2023,18687
Farm animals,Pigs,Yes,All categories of use,All Organ Systems,2023,22918
Farm animals,Pigs,Yes,All categories of use,"Symptoms, other disorders",2023,2117
Farm animals,Pigs,All types of active ingredients,All categories of use,All Organ Systems,2023,164830
Farm animals,Pigs,All types of active ingredients,All categories of use,"Symptoms, other disorders",2023,20804
Farm animals,Pigs,No,Young sows,All Organ Systems,2023,533
Farm animals,Pigs,No,Young sows,"Symptoms, other disorders",2023,331
Farm animals,Pigs,Yes,Young sows,All Organ Systems,2023,332
Farm animals,Pigs,Yes,Young sows,"Symptoms, other disorders",2023,30
Farm animals,Pigs,All types of active ingredients,Young sows,All Organ Systems,2023,865
Farm animals,Pigs,All types of active ingredients,Young sows,"Symptoms, other disorders",2023,361
Farm animals,Pigs,No,Fattening pigs,All Organ Systems,2023,55796
Farm animals,Pigs,No,Fattening pigs,"Symptoms, other disorders",2023,9309
Farm animals,Pigs,Yes,Fattening pigs,All Organ Systems,2023,6980
Farm animals,Pigs,Yes,Fattening pigs,"Symptoms, other disorders",2023,933
Farm animals,Pigs,All types of active ingredients,Fattening pigs,All Organ Systems,2023,62776
Farm animals,Pigs,All types of active ingredients,Fattening pigs,"Symptoms, other disorders",2023,10242
Farm animals,Pigs,No,Suckling and weaned piglets,All Organ Systems,2023,81824
Farm animals,Pigs,No,Suckling and weaned piglets,"Symptoms, other disorders",2023,8337
Farm animals,Pigs,Yes,Suckling and weaned piglets,All Organ Systems,2023,14439
Farm animals,Pigs,Yes,Suckling and weaned piglets,"Symptoms, other disorders",2023,1065
Farm animals,Pigs,All types of active ingredients,Suckling and weaned piglets,All Organ Systems,2023,96263
Farm animals,Pigs,All types of active ingredients,Suckling and weaned piglets,"Symptoms, other disorders",2023,9402
Farm animals,Pigs,No,Pigs nCU,All Organ Systems,2023,1254
Farm animals,Pigs,No,Pigs nCU,"Symptoms, other disorders",2023,353
Farm animals,Pigs,Yes,Pigs nCU,All Organ Systems,2023,89
Farm animals,Pigs,Yes,Pigs nCU,"Symptoms, other disorders",2023,2
Farm animals,Pigs,All types of active ingredients,Pigs nCU,All Organ Systems,2023,1343
Farm animals,Pigs,All types of active ingredients,Pigs nCU,"Symptoms, other disorders",2023,355
Farm animals,Pigs,No,Breeding sows and boars,All Organ Systems,2023,2505
Farm animals,Pigs,No,Breeding sows and boars,"Symptoms, other disorders",2023,357
Farm animals,Pigs,Yes,Breeding sows and boars,All Organ Systems,2023,1078
Farm animals,Pigs,Yes,Breeding sows and boars,"Symptoms, other disorders",2023,87
Farm animals,Pigs,All types of active ingredients,Breeding sows and boars,All Organ Systems,2023,3583
Farm animals,Pigs,All types of active ingredients,Breeding sows and boars,"Symptoms, other disorders",2023,444
Farm animals,Goats,No,All categories of use,All Organ Systems,2023,10041
Farm animals,Goats,No,All categories of use,Udder,2023,927
Farm animals,Goats,No,All categories of use,Diseases of the goat,2023,1178
Farm animals,Goats,No,All categories of use,Parasites,2023,67
Farm animals,Goats,No,All categories of use,"Metabolism, digestion",2023,1026
Farm animals,Goats,No,All categories of use,"Animal husbandry, prophylaxis",2023,221
Farm animals,Goats,Yes,All categories of use,All Organ Systems,2023,2048
Farm animals,Goats,Yes,All categories of use,Udder,2023,140
Farm animals,Goats,Yes,All categories of use,Diseases of the goat,2023,315
Farm animals,Goats,Yes,All categories of use,Parasites,2023,1
Farm animals,Goats,Yes,All categories of use,"Metabolism, digestion",2023,425
Farm animals,Goats,Yes,All categories of use,"Animal husbandry, prophylaxis",2023,4
Farm animals,Goats,All types of active ingredients,All categories of use,All Organ Systems,2023,12089
Farm animals,Goats,All types of active ingredients,All categories of use,Udder,2023,1067
Farm animals,Goats,All types of active ingredients,All categories of use,Diseases of the goat,2023,1493
Farm animals,Goats,All types of active ingredients,All categories of use,Parasites,2023,68
Farm animals,Goats,All types of active ingredients,All categories of use,"Metabolism, digestion",2023,1451
Farm animals,Goats,All types of active ingredients,All categories of use,"Animal husbandry, prophylaxis",2023,225
Farm animals,Goats,No,Goats,All Organ Systems,2023,10041
Farm animals,Goats,No,Goats,Udder,2023,927
Farm animals,Goats,No,Goats,Diseases of the goat,2023,1178
Farm animals,Goats,No,Goats,Parasites,2023,67
Farm animals,Goats,No,Goats,"Metabolism, digestion",2023,1026
Farm animals,Goats,No,Goats,"Animal husbandry, prophylaxis",2023,221
Farm animals,Goats,Yes,Goats,All Organ Systems,2023,2048
Farm animals,Goats,Yes,Goats,Udder,2023,140
Farm animals,Goats,Yes,Goats,Diseases of the goat,2023,315
Farm animals,Goats,Yes,Goats,Parasites,2023,1
Farm animals,Goats,Yes,Goats,"Metabolism, digestion",2023,425
Farm animals,Goats,Yes,Goats,"Animal husbandry, prophylaxis",2023,4
Farm animals,Goats,All types of active ingredients,Goats,All Organ Systems,2023,12089
Farm animals,Goats,All types of active ingredients,Goats,Udder,2023,1067
Farm animals,Goats,All types of active ingredients,Goats,Diseases of the goat,2023,1493
Farm animals,Goats,All types of active ingredients,Goats,Parasites,2023,68
Farm animals,Goats,All types of active ingredients,Goats,"Metabolism, digestion",2023,1451
Farm animals,Goats,All types of active ingredients,Goats,"Animal husbandry, prophylaxis",2023,225
Farm animals,Cattle,No,Cow-calf calves,All Organ Systems,2024,19262
Farm animals,Cattle,No,Cow-calf calves,Udder,2024,201
Farm animals,Cattle,No,Cow-calf calves,Calf diseases,2024,11969
Farm animals,Cattle,No,Cow-calf calves,Parasites,2024,9
Farm animals,Cattle,No,Cow-calf calves,"Metabolism, digestion",2024,856
Farm animals,Cattle,No,Cow-calf calves,"Animal husbandry, prophylaxis",2024,326
Farm animals,Cattle,Yes,Cow-calf calves,All Organ Systems,2024,4165
Farm animals,Cattle,Yes,Cow-calf calves,Udder,2024,59
Farm animals,Cattle,Yes,Cow-calf calves,Calf diseases,2024,2420
Farm animals,Cattle,Yes,Cow-calf calves,Parasites,2024,2
Farm animals,Cattle,Yes,Cow-calf calves,"Metabolism, digestion",2024,125
Farm animals,Cattle,Yes,Cow-calf calves,"Animal husbandry, prophylaxis",2024,12
Farm animals,Cattle,All types of active ingredients,Cow-calf calves,All Organ Systems,2024,23427
Farm animals,Cattle,All types of active ingredients,Cow-calf calves,Udder,2024,260
Farm animals,Cattle,All types of active ingredients,Cow-calf calves,Calf diseases,2024,14389
Farm animals,Cattle,All types of active ingredients,Cow-calf calves,Parasites,2024,11
Farm animals,Cattle,All types of active ingredients,Cow-calf calves,"Metabolism, digestion",2024,981
Farm animals,Cattle,All types of active ingredients,Cow-calf calves,"Animal husbandry, prophylaxis",2024,338
Farm animals,Cattle,No,Suckler cows,All Organ Systems,2024,29890
Farm animals,Cattle,No,Suckler cows,Udder,2024,9395
Farm animals,Cattle,No,Suckler cows,Calf diseases,2024,1030
Farm animals,Cattle,No,Suckler cows,Parasites,2024,1
Farm animals,Cattle,No,Suckler cows,"Metabolism, digestion",2024,1267
Farm animals,Cattle,No,Suckler cows,"Animal husbandry, prophylaxis",2024,597
Farm animals,Cattle,Yes,Suckler cows,All Organ Systems,2024,2103
Farm animals,Cattle,Yes,Suckler cows,Udder,2024,899
Farm animals,Cattle,Yes,Suckler cows,Calf diseases,2024,307
Farm animals,Cattle,Yes,Suckler cows,"Metabolism, digestion",2024,69
Farm animals,Cattle,All types of active ingredients,Suckler cows,All Organ Systems,2024,31993
Farm animals,Cattle,All types of active ingredients,Suckler cows,Udder,2024,10294
Farm animals,Cattle,All types of active ingredients,Suckler cows,Calf diseases,2024,1337
Farm animals,Cattle,All types of active ingredients,Suckler cows,Parasites,2024,1
Farm animals,Cattle,All types of active ingredients,Suckler cows,"Metabolism, digestion",2024,1336
Farm animals,Cattle,All types of active ingredients,Suckler cows,"Animal husbandry, prophylaxis",2024,597
Farm animals,Cattle,No,Cattle nCU,All Organ Systems,2024,673
Farm animals,Cattle,No,Cattle nCU,Udder,2024,414
Farm animals,Cattle,No,Cattle nCU,"Metabolism, digestion",2024,24
Farm animals,Cattle,Yes,Cattle nCU,All Organ Systems,2024,20
Farm animals,Cattle,Yes,Cattle nCU,Udder,2024,15
Farm animals,Cattle,All types of active ingredients,Cattle nCU,All Organ Systems,2024,693
Farm animals,Cattle,All types of active ingredients,Cattle nCU,Udder,2024,429
Farm animals,Cattle,All types of active ingredients,Cattle nCU,"Metabolism, digestion",2024,24
Farm animals,Sheep,No,All categories of use,All Organ Systems,2024,19738
Farm animals,Sheep,No,All categories of use,Udder,2024,1975
Farm animals,Sheep,No,All categories of use,Lamb diseases,2024,2325
Farm animals,Sheep,No,All categories of use,Parasites,2024,74
Farm animals,Sheep,No,All categories of use,"Metabolism, digestion",2024,1038
Farm animals,Sheep,No,All categories of use,"Animal husbandry, prophylaxis",2024,341
Farm animals,Sheep,Yes,All categories of use,All Organ Systems,2024,1417
Farm animals,Sheep,Yes,All categories of use,Udder,2024,361
Farm animals,Sheep,Yes,All categories of use,Lamb diseases,2024,341
Farm animals,Sheep,Yes,All categories of use,"Metabolism, digestion",2024,57
Farm animals,Sheep,Yes,All categories of use,"Animal husbandry, prophylaxis",2024,2
Farm animals,Sheep,All types of active ingredients,All categories of use,All Organ Systems,2024,21155
Farm animals,Sheep,All types of active ingredients,All categories of use,Udder,2024,2336
Farm animals,Sheep,All types of active ingredients,All categories of use,Lamb diseases,2024,2666
Farm animals,Sheep,All types of active ingredients,All categories of use,Parasites,2024,74
Farm animals,Sheep,All types of active ingredients,All categories of use,"Metabolism, digestion",2024,1095
Farm animals,Sheep,All types of active ingredients,All categories of use,"Animal husbandry, prophylaxis",2024,343
Farm animals,Sheep,No,Sheep,All Organ Systems,2024,19738
Farm animals,Sheep,No,Sheep,Udder,2024,1975
Farm animals,Sheep,No,Sheep,Lamb diseases,2024,2325
Farm animals,Sheep,No,Sheep,Parasites,2024,74
Farm animals,Sheep,No,Sheep,"Metabolism, digestion",2024,1038
Farm animals,Sheep,No,Sheep,"Animal husbandry, prophylaxis",2024,341
Farm animals,Sheep,Yes,Sheep,All Organ Systems,2024,1417
Farm animals,Sheep,Yes,Sheep,Udder,2024,361
Farm animals,Sheep,Yes,Sheep,Lamb diseases,2024,341
Farm animals,Sheep,Yes,Sheep,"Metabolism, digestion",2024,57
Farm animals,Sheep,Yes,Sheep,"Animal husbandry, prophylaxis",2024,2
Farm animals,Sheep,All types of active ingredients,Sheep,All Organ Systems,2024,21155
Farm animals,Sheep,All types of active ingredients,Sheep,Udder,2024,2336
Farm animals,Sheep,All types of active ingredients,Sheep,Lamb diseases,2024,2666
Farm animals,Sheep,All types of active ingredients,Sheep,Parasites,2024,74
Farm animals,Sheep,All types of active ingredients,Sheep,"Metabolism, digestion",2024,1095
Farm animals,Sheep,All types of active ingredients,Sheep,"Animal husbandry, prophylaxis",2024,343
Farm animals,Pigs,No,All categories of use,All Organ Systems,2024,158664
Farm animals,Pigs,No,All categories of use,Parasites,2024,23
Farm animals,Pigs,No,All categories of use,"Symptoms, other disorders",2024,20956
Farm animals,Pigs,Yes,All categories of use,All Organ Systems,2024,23196
Farm animals,Pigs,Yes,All categories of use,"Symptoms, other disorders",2024,2496
Farm animals,Pigs,All types of active ingredients,All categories of use,All Organ Systems,2024,181860
Farm animals,Pigs,All types of active ingredients,All categories of use,Parasites,2024,23
Farm animals,Pigs,All types of active ingredients,All categories of use,"Symptoms, other disorders",2024,23452
Farm animals,Pigs,No,Young sows,All Organ Systems,2024,678
Farm animals,Pigs,No,Young sows,"Symptoms, other disorders",2024,128
Farm animals,Pigs,Yes,Young sows,All Organ Systems,2024,49
Farm animals,Pigs,Yes,Young sows,"Symptoms, other disorders",2024,1
Farm animals,Pigs,All types of active ingredients,Young sows,All Organ Systems,2024,727
Farm animals,Pigs,All types of active ingredients,Young sows,"Symptoms, other disorders",2024,129
Farm animals,Pigs,No,Fattening pigs,All Organ Systems,2024,70061
Farm animals,Pigs,No,Fattening pigs,Parasites,2024,8
Farm animals,Pigs,No,Fattening pigs,"Symptoms, other disorders",2024,12855
Farm animals,Pigs,Yes,Fattening pigs,All Organ Systems,2024,8479
Farm animals,Pigs,Yes,Fattening pigs,"Symptoms, other disorders",2024,1512
Farm animals,Pigs,All types of active ingredients,Fattening pigs,All Organ Systems,2024,78540
Farm animals,Pigs,All types of active ingredients,Fattening pigs,Parasites,2024,8
Farm animals,Pigs,All types of active ingredients,Fattening pigs,"Symptoms, other disorders",2024,14367
Farm animals,Pigs,No,Suckling and weaned piglets,All Organ Systems,2024,84184
Farm animals,Pigs,No,Suckling and weaned piglets,"Symptoms, other disorders",2024,7751
Farm animals,Pigs,Yes,Suckling and weaned piglets,All Organ Systems,2024,12409
Farm animals,Pigs,Yes,Suckling and weaned piglets,"Symptoms, other disorders",2024,925
Farm animals,Pigs,All types of active ingredients,Suckling and weaned piglets,All Organ Systems,2024,96593
Farm animals,Pigs,All types of active ingredients,Suckling and weaned piglets,"Symptoms, other disorders",2024,8676
Farm animals,Pigs,No,Pigs nCU,All Organ Systems,2024,42
Farm animals,Pigs,All types of active ingredients,Pigs nCU,All Organ Systems,2024,42
Farm animals,Pigs,No,Breeding sows and boars,All Organ Systems,2024,3699
Farm animals,Pigs,No,Breeding sows and boars,Parasites,2024,15
Farm animals,Pigs,No,Breeding sows and boars,"Symptoms, other disorders",2024,222
Farm animals,Pigs,Yes,Breeding sows and boars,All Organ Systems,2024,2259
Pets,Equids,No,All categories of use,All Organ Systems,2024,21734
Farm animals,Pigs,Yes,Breeding sows and boars,"Symptoms, other disorders",2024,58
Pets,Equids,No,All categories of use,Skin diseases incl. ears,2024,1811
Pets,Equids,No,All categories of use,Oral infections incl. teeth and gastrointestinal tract,2024,1754
Farm animals,Pigs,All types of active ingredients,Breeding sows and boars,All Organ Systems,2024,5958
Pets,Equids,No,All categories of use,Specific infectious diseases,2024,1691
Farm animals,Pigs,All types of active ingredients,Breeding sows and boars,Parasites,2024,15
Farm animals,Pigs,All types of active ingredients,Breeding sows and boars,"Symptoms, other disorders",2024,280
Pets,Equids,Yes,All categories of use,All Organ Systems,2024,1101
Farm animals,Goats,No,All categories of use,All Organ Systems,2024,9725
Farm animals,Goats,No,All categories of use,Udder,2024,836
Pets,Equids,Yes,All categories of use,Skin diseases incl. ears,2024,89
Farm animals,Goats,No,All categories of use,Diseases of the goat,2024,1407
Pets,Equids,Yes,All categories of use,Oral infections incl. teeth and gastrointestinal tract,2024,88
Farm animals,Goats,No,All categories of use,Parasites,2024,37
Farm animals,Goats,No,All categories of use,"Metabolism, digestion",2024,1584
Pets,Equids,Yes,All categories of use,Specific infectious diseases,2024,92
Farm animals,Goats,No,All categories of use,"Animal husbandry, prophylaxis",2024,254
Farm animals,Goats,Yes,All categories of use,All Organ Systems,2024,1312
Farm animals,Goats,Yes,All categories of use,Udder,2024,119
Pets,Equids,All types of active ingredients,All categories of use,All Organ Systems,2024,22835
Farm animals,Goats,Yes,All categories of use,Diseases of the goat,2024,231
Farm animals,Goats,Yes,All categories of use,Parasites,2024,2
Farm animals,Goats,Yes,All categories of use,"Metabolism, digestion",2024,602
Farm animals,Goats,Yes,All categories of use,"Animal husbandry, prophylaxis",2024,2
Pets,Equids,All types of active ingredients,All categories of use,Skin diseases incl. ears,2024,1900
Farm animals,Goats,All types of active ingredients,All categories of use,All Organ Systems,2024,11037
Pets,Equids,All types of active ingredients,All categories of use,Oral infections incl. teeth and gastrointestinal tract,2024,1842
Farm animals,Goats,All types of active ingredients,All categories of use,Udder,2024,955
Pets,Equids,All types of active ingredients,All categories of use,Specific infectious diseases,2024,1783
Farm animals,Goats,All types of active ingredients,All categories of use,Diseases of the goat,2024,1638
Farm animals,Goats,All types of active ingredients,All categories of use,Parasites,2024,39
Farm animals,Goats,All types of active ingredients,All categories of use,"Metabolism, digestion",2024,2186
Farm animals,Goats,All types of active ingredients,All categories of use,"Animal husbandry, prophylaxis",2024,256
Farm animals,Goats,No,Goats,All Organ Systems,2024,9725
Pets,Equids,No,Equids,All Organ Systems,2024,21734
Farm animals,Goats,No,Goats,Udder,2024,836
Pets,Equids,No,Equids,Skin diseases incl. ears,2024,1811
Farm animals,Goats,No,Goats,Diseases of the goat,2024,1407
Pets,Equids,No,Equids,Oral infections incl. teeth and gastrointestinal tract,2024,1754
Farm animals,Goats,No,Goats,Parasites,2024,37
Farm animals,Goats,No,Goats,"Metabolism, digestion",2024,1584
Pets,Equids,No,Equids,Specific infectious diseases,2024,1691
Farm animals,Goats,No,Goats,"Animal husbandry, prophylaxis",2024,254
Farm animals,Goats,Yes,Goats,All Organ Systems,2024,1312
Farm animals,Goats,Yes,Goats,Udder,2024,119
Pets,Equids,Yes,Equids,All Organ Systems,2024,1101
Farm animals,Goats,Yes,Goats,Diseases of the goat,2024,231
Farm animals,Goats,Yes,Goats,Parasites,2024,2
Farm animals,Goats,Yes,Goats,"Metabolism, digestion",2024,602
Pets,Equids,Yes,Equids,Skin diseases incl. ears,2024,89
Farm animals,Goats,Yes,Goats,"Animal husbandry, prophylaxis",2024,2
Farm animals,Goats,All types of active ingredients,Goats,All Organ Systems,2024,11037
Pets,Equids,Yes,Equids,Oral infections incl. teeth and gastrointestinal tract,2024,88
Farm animals,Goats,All types of active ingredients,Goats,Udder,2024,955
Pets,Equids,Yes,Equids,Specific infectious diseases,2024,92
Farm animals,Goats,All types of active ingredients,Goats,Diseases of the goat,2024,1638
Farm animals,Goats,All types of active ingredients,Goats,Parasites,2024,39
Farm animals,Goats,All types of active ingredients,Goats,"Metabolism, digestion",2024,2186
Farm animals,Goats,All types of active ingredients,Goats,"Animal husbandry, prophylaxis",2024,256
Pets,Equids,All types of active ingredients,Equids,All Organ Systems,2024,22835
Pets,Equids,All types of active ingredients,Equids,Skin diseases incl. ears,2024,1900
Pets,Equids,All types of active ingredients,Equids,Oral infections incl. teeth and gastrointestinal tract,2024,1842
Pets,Equids,All types of active ingredients,Equids,Specific infectious diseases,2024,1783
Pets,Dogs,No,All categories of use,All Organ Systems,2024,200531
Pets,Dogs,No,All categories of use,Skin diseases incl. ears,2024,52000
Pets,Dogs,No,All categories of use,Oral infections incl. teeth and gastrointestinal tract,2024,45907
Pets,Dogs,No,All categories of use,Specific infectious diseases,2024,14411
Pets,Dogs,Yes,All categories of use,All Organ Systems,2024,21606
Pets,Dogs,Yes,All categories of use,Skin diseases incl. ears,2024,3748
Pets,Dogs,Yes,All categories of use,Oral infections incl. teeth and gastrointestinal tract,2024,5799
Pets,Dogs,Yes,All categories of use,Specific infectious diseases,2024,2198
Pets,Dogs,All types of active ingredients,All categories of use,All Organ Systems,2024,222137
Pets,Dogs,All types of active ingredients,All categories of use,Skin diseases incl. ears,2024,55748
Pets,Dogs,All types of active ingredients,All categories of use,Oral infections incl. teeth and gastrointestinal tract,2024,51706
Pets,Dogs,All types of active ingredients,All categories of use,Specific infectious diseases,2024,16609
Pets,Dogs,No,Dogs,All Organ Systems,2024,200531
Pets,Dogs,No,Dogs,Skin diseases incl. ears,2024,52000
Pets,Dogs,No,Dogs,Oral infections incl. teeth and gastrointestinal tract,2024,45907
Pets,Dogs,No,Dogs,Specific infectious diseases,2024,14411
Pets,Dogs,Yes,Dogs,All Organ Systems,2024,21606
Pets,Dogs,Yes,Dogs,Skin diseases incl. ears,2024,3748
Pets,Dogs,Yes,Dogs,Oral infections incl. teeth and gastrointestinal tract,2024,5799
Pets,Dogs,Yes,Dogs,Specific infectious diseases,2024,2198
Pets,Dogs,All types of active ingredients,Dogs,All Organ Systems,2024,222137
Pets,Dogs,All types of active ingredients,Dogs,Skin diseases incl. ears,2024,55748
Pets,Dogs,All types of active ingredients,Dogs,Oral infections incl. teeth and gastrointestinal tract,2024,51706
Pets,Dogs,All types of active ingredients,Dogs,Specific infectious diseases,2024,16609
Pets,Cats,No,All categories of use,All Organ Systems,2024,223231
Pets,Cats,No,All categories of use,Skin diseases incl. ears,2024,67184
Pets,Cats,No,All categories of use,Oral infections incl. teeth and gastrointestinal tract,2024,33427
Pets,Cats,No,All categories of use,Specific infectious diseases,2024,19659
Pets,Cats,Yes,All categories of use,All Organ Systems,2024,85652
Pets,Cats,Yes,All categories of use,Skin diseases incl. ears,2024,22197
Pets,Cats,Yes,All categories of use,Oral infections incl. teeth and gastrointestinal tract,2024,16151
Pets,Cats,Yes,All categories of use,Specific infectious diseases,2024,9181
Pets,Cats,All types of active ingredients,All categories of use,All Organ Systems,2024,308883
Pets,Cats,All types of active ingredients,All categories of use,Skin diseases incl. ears,2024,89381
Pets,Cats,All types of active ingredients,All categories of use,Oral infections incl. teeth and gastrointestinal tract,2024,49578
Pets,Cats,All types of active ingredients,All categories of use,Specific infectious diseases,2024,28840
Pets,Cats,No,Cats,All Organ Systems,2024,223231
Pets,Cats,No,Cats,Skin diseases incl. ears,2024,67184
Pets,Cats,No,Cats,Oral infections incl. teeth and gastrointestinal tract,2024,33427
Pets,Cats,No,Cats,Specific infectious diseases,2024,19659
Pets,Cats,Yes,Cats,All Organ Systems,2024,85652
Pets,Cats,Yes,Cats,Skin diseases incl. ears,2024,22197
Pets,Cats,Yes,Cats,Oral infections incl. teeth and gastrointestinal tract,2024,16151
Pets,Cats,Yes,Cats,Specific infectious diseases,2024,9181
Pets,Cats,All types of active ingredients,Cats,All Organ Systems,2024,308883
Pets,Cats,All types of active ingredients,Cats,Skin diseases incl. ears,2024,89381
Pets,Cats,All types of active ingredients,Cats,Oral infections incl. teeth and gastrointestinal tract,2024,49578
Pets,Cats,All types of active ingredients,Cats,Specific infectious diseases,2024,28840
Farm animals,Fish,No,All categories of use,All Organ Systems,2024,5916760
Farm animals,Fish,All types of active ingredients,All categories of use,All Organ Systems,2024,5916760
Farm animals,Fish,No,Fish,All Organ Systems,2024,5916760
Farm animals,Fish,All types of active ingredients,Fish,All Organ Systems,2024,5916760
Farm animals,Poultry,No,All categories of use,All Organ Systems,2024,6475092
Farm animals,Poultry,No,All categories of use,Juvenile animal diseases,2024,5303811
Farm animals,Poultry,No,All categories of use,Parasites,2024,6000
Farm animals,Poultry,No,All categories of use,"Metabolism, digestion",2024,25398
Farm animals,Poultry,Yes,All categories of use,All Organ Systems,2024,1109721
Farm animals,Poultry,Yes,All categories of use,Juvenile animal diseases,2024,1036252
Farm animals,Poultry,Yes,All categories of use,Parasites,2024,1
Farm animals,Poultry,Yes,All categories of use,"Metabolism, digestion",2024,5
Farm animals,Poultry,All types of active ingredients,All categories of use,All Organ Systems,2024,7584813
Farm animals,Poultry,All types of active ingredients,All categories of use,Juvenile animal diseases,2024,6340063
Farm animals,Poultry,All types of active ingredients,All categories of use,Parasites,2024,6001
Farm animals,Poultry,All types of active ingredients,All categories of use,"Metabolism, digestion",2024,25403
Farm animals,Poultry,No,Rearing laying hens and parent birds,All Organ Systems,2024,84693
Farm animals,Poultry,No,Rearing laying hens and parent birds,Juvenile animal diseases,2024,15740
Farm animals,Poultry,No,Rearing laying hens and parent birds,Parasites,2024,6000
Farm animals,Poultry,No,Rearing laying hens and parent birds,"Metabolism, digestion",2024,14610
Farm animals,Poultry,Yes,Rearing laying hens and parent birds,All Organ Systems,2024,176433
Farm animals,Poultry,Yes,Rearing laying hens and parent birds,Juvenile animal diseases,2024,176429
Farm animals,Poultry,All types of active ingredients,Rearing laying hens and parent birds,All Organ Systems,2024,261126
Farm animals,Poultry,All types of active ingredients,Rearing laying hens and parent birds,Juvenile animal diseases,2024,192169
Farm animals,Poultry,All types of active ingredients,Rearing laying hens and parent birds,Parasites,2024,6000
Farm animals,Poultry,All types of active ingredients,Rearing laying hens and parent birds,"Metabolism, digestion",2024,14610
Farm animals,Poultry,No,Poultry nCU,All Organ Systems,2024,2011
Farm animals,Poultry,No,Poultry nCU,"Metabolism, digestion",2024,2003
Farm animals,Poultry,Yes,Poultry nCU,All Organ Systems,2024,29
Farm animals,Poultry,Yes,Poultry nCU,Juvenile animal diseases,2024,1
Farm animals,Poultry,Yes,Poultry nCU,Parasites,2024,1
Farm animals,Poultry,All types of active ingredients,Poultry nCU,All Organ Systems,2024,2040
Farm animals,Poultry,All types of active ingredients,Poultry nCU,Juvenile animal diseases,2024,1
Farm animals,Poultry,All types of active ingredients,Poultry nCU,Parasites,2024,1
Farm animals,Poultry,All types of active ingredients,Poultry nCU,"Metabolism, digestion",2024,2003
Farm animals,Poultry,No,Laying and parent birds,All Organ Systems,2024,83734
Farm animals,Poultry,Yes,Laying and parent birds,All Organ Systems,2024,2256
Farm animals,Poultry,Yes,Laying and parent birds,"Metabolism, digestion",2024,1
Farm animals,Poultry,All types of active ingredients,Laying and parent birds,All Organ Systems,2024,85990
Farm animals,Poultry,All types of active ingredients,Laying and parent birds,"Metabolism, digestion",2024,1
Farm animals,Poultry,No,Laying hens,All Organ Systems,2024,120612
Farm animals,Poultry,No,Laying hens,"Metabolism, digestion",2024,4184
Farm animals,Poultry,Yes,Laying hens,All Organ Systems,2024,19158
Farm animals,Poultry,Yes,Laying hens,"Metabolism, digestion",2024,3
Farm animals,Poultry,All types of active ingredients,Laying hens,All Organ Systems,2024,139770
Farm animals,Poultry,All types of active ingredients,Laying hens,"Metabolism, digestion",2024,4187
Farm animals,Poultry,No,Fattening broilers,All Organ Systems,2024,6163470
Farm animals,Poultry,No,Fattening broilers,Juvenile animal diseases,2024,5288071
Farm animals,Poultry,Yes,Fattening broilers,All Organ Systems,2024,911803
Farm animals,Poultry,Yes,Fattening broilers,Juvenile animal diseases,2024,859822
Farm animals,Poultry,All types of active ingredients,Fattening broilers,All Organ Systems,2024,7075273
Farm animals,Poultry,All types of active ingredients,Fattening broilers,Juvenile animal diseases,2024,6147893
Farm animals,Poultry,No,Fattening turkeys,All Organ Systems,2024,20572
Farm animals,Poultry,No,Fattening turkeys,"Metabolism, digestion",2024,4601
Farm animals,Poultry,Yes,Fattening turkeys,All Organ Systems,2024,42
Farm animals,Poultry,Yes,Fattening turkeys,"Metabolism, digestion",2024,1
Farm animals,Poultry,All types of active ingredients,Fattening turkeys,All Organ Systems,2024,20614
Farm animals,Poultry,All types of active ingredients,Fattening turkeys,"Metabolism, digestion",2024,4602
Farm animals,Rabbits,No,All categories of use,All Organ Systems,2024,2417
Farm animals,Rabbits,No,All categories of use,Mammary gland,2024,1
Farm animals,Rabbits,No,All categories of use,Parasites,2024,1
Farm animals,Rabbits,No,All categories of use,"Metabolism, digestion",2024,2401
Farm animals,Rabbits,Yes,All categories of use,All Organ Systems,2024,438
Farm animals,Rabbits,Yes,All categories of use,Mammary gland,2024,1
Farm animals,Rabbits,Yes,All categories of use,"Metabolism, digestion",2024,170
Farm animals,Rabbits,Yes,All categories of use,"Animal husbandry, prophylaxis",2024,3
Farm animals,Rabbits,All types of active ingredients,All categories of use,All Organ Systems,2024,2855
Farm animals,Rabbits,All types of active ingredients,All categories of use,Mammary gland,2024,2
Farm animals,Rabbits,All types of active ingredients,All categories of use,Parasites,2024,1
Farm animals,Rabbits,All types of active ingredients,All categories of use,"Metabolism, digestion",2024,2571
Farm animals,Rabbits,All types of active ingredients,All categories of use,"Animal husbandry, prophylaxis",2024,3
Farm animals,Rabbits,No,Rabbits,All Organ Systems,2024,2417
Farm animals,Rabbits,No,Rabbits,Mammary gland,2024,1
Farm animals,Rabbits,No,Rabbits,Parasites,2024,1
Farm animals,Rabbits,No,Rabbits,"Metabolism, digestion",2024,2401
Farm animals,Rabbits,Yes,Rabbits,All Organ Systems,2024,438
Farm animals,Rabbits,Yes,Rabbits,Mammary gland,2024,1
Farm animals,Rabbits,Yes,Rabbits,"Metabolism, digestion",2024,170
Farm animals,Rabbits,Yes,Rabbits,"Animal husbandry, prophylaxis",2024,3
Farm animals,Rabbits,All types of active ingredients,Rabbits,All Organ Systems,2024,2855
Farm animals,Rabbits,All types of active ingredients,Rabbits,Mammary gland,2024,2
Farm animals,Rabbits,All types of active ingredients,Rabbits,Parasites,2024,1
Farm animals,Rabbits,All types of active ingredients,Rabbits,"Metabolism, digestion",2024,2571
Farm animals,Rabbits,All types of active ingredients,Rabbits,"Animal husbandry, prophylaxis",2024,3
Farm animals,Cattle,No,All categories of use,All Organ Systems,2024,935790
Farm animals,Cattle,No,All categories of use,Udder,2024,308166
Farm animals,Cattle,No,All categories of use,Calf diseases,2024,168058
Farm animals,Cattle,No,All categories of use,Parasites,2024,190
Farm animals,Cattle,No,All categories of use,"Metabolism, digestion",2024,31068
Farm animals,Cattle,No,All categories of use,"Animal husbandry, prophylaxis",2024,23316
Farm animals,Cattle,Yes,All categories of use,All Organ Systems,2024,139478
Farm animals,Cattle,Yes,All categories of use,Udder,2024,21089
Farm animals,Cattle,Yes,All categories of use,Calf diseases,2024,41420
Farm animals,Cattle,Yes,All categories of use,Parasites,2024,4
Farm animals,Cattle,Yes,All categories of use,"Metabolism, digestion",2024,3665
Farm animals,Cattle,Yes,All categories of use,"Animal husbandry, prophylaxis",2024,88
Farm animals,Cattle,All types of active ingredients,All categories of use,All Organ Systems,2024,1075268
Farm animals,Cattle,All types of active ingredients,All categories of use,Udder,2024,329255
Farm animals,Cattle,All types of active ingredients,All categories of use,Calf diseases,2024,209478
Farm animals,Cattle,All types of active ingredients,All categories of use,Parasites,2024,194
Farm animals,Cattle,All types of active ingredients,All categories of use,"Metabolism, digestion",2024,34733
Farm animals,Cattle,All types of active ingredients,All categories of use,"Animal husbandry, prophylaxis",2024,23404
Farm animals,Cattle,No,Rearing calves,All Organ Systems,2024,63389
Farm animals,Cattle,No,Rearing calves,Udder,2024,751
Farm animals,Cattle,No,Rearing calves,Calf diseases,2024,37429
Farm animals,Cattle,No,Rearing calves,Parasites,2024,11
Farm animals,Cattle,No,Rearing calves,"Metabolism, digestion",2024,2891
Farm animals,Cattle,No,Rearing calves,"Animal husbandry, prophylaxis",2024,262
Farm animals,Cattle,Yes,Rearing calves,All Organ Systems,2024,16536
Farm animals,Cattle,Yes,Rearing calves,Udder,2024,110
Farm animals,Cattle,Yes,Rearing calves,Calf diseases,2024,8245
Farm animals,Cattle,Yes,Rearing calves,"Metabolism, digestion",2024,635
Farm animals,Cattle,Yes,Rearing calves,"Animal husbandry, prophylaxis",2024,8
Farm animals,Cattle,All types of active ingredients,Rearing calves,All Organ Systems,2024,79925
Farm animals,Cattle,All types of active ingredients,Rearing calves,Udder,2024,861
Farm animals,Cattle,All types of active ingredients,Rearing calves,Calf diseases,2024,45674
Farm animals,Cattle,All types of active ingredients,Rearing calves,Parasites,2024,11
Farm animals,Cattle,All types of active ingredients,Rearing calves,"Metabolism, digestion",2024,3526
Farm animals,Cattle,All types of active ingredients,Rearing calves,"Animal husbandry, prophylaxis",2024,270
Farm animals,Cattle,No,Rearing cattle,All Organ Systems,2024,23364
Farm animals,Cattle,No,Rearing cattle,Udder,2024,2511
Farm animals,Cattle,No,Rearing cattle,Calf diseases,2024,2458
Farm animals,Cattle,No,Rearing cattle,Parasites,2024,23
Farm animals,Cattle,No,Rearing cattle,"Metabolism, digestion",2024,1784
Farm animals,Cattle,No,Rearing cattle,"Animal husbandry, prophylaxis",2024,223
Farm animals,Cattle,Yes,Rearing cattle,All Organ Systems,2024,2354
Farm animals,Cattle,Yes,Rearing cattle,Udder,2024,119
Farm animals,Cattle,Yes,Rearing cattle,Calf diseases,2024,532
Farm animals,Cattle,Yes,Rearing cattle,"Metabolism, digestion",2024,58
Farm animals,Cattle,Yes,Rearing cattle,"Animal husbandry, prophylaxis",2024,2
Farm animals,Cattle,All types of active ingredients,Rearing cattle,All Organ Systems,2024,25718
Farm animals,Cattle,All types of active ingredients,Rearing cattle,Udder,2024,2630
Farm animals,Cattle,All types of active ingredients,Rearing cattle,Calf diseases,2024,2990
Farm animals,Cattle,All types of active ingredients,Rearing cattle,Parasites,2024,23
Farm animals,Cattle,All types of active ingredients,Rearing cattle,"Metabolism, digestion",2024,1842
Farm animals,Cattle,All types of active ingredients,Rearing cattle,"Animal husbandry, prophylaxis",2024,225
Farm animals,Cattle,No,Fattening calves and cattle,All Organ Systems,2024,288115
Farm animals,Cattle,No,Fattening calves and cattle,Udder,2024,649
Farm animals,Cattle,No,Fattening calves and cattle,Calf diseases,2024,103847
Farm animals,Cattle,No,Fattening calves and cattle,Parasites,2024,62
Farm animals,Cattle,No,Fattening calves and cattle,"Metabolism, digestion",2024,3804
Farm animals,Cattle,No,Fattening calves and cattle,"Animal husbandry, prophylaxis",2024,550
Farm animals,Cattle,Yes,Fattening calves and cattle,All Organ Systems,2024,74759
Farm animals,Cattle,Yes,Fattening calves and cattle,Udder,2024,157
Farm animals,Cattle,Yes,Fattening calves and cattle,Calf diseases,2024,26821
Farm animals,Cattle,Yes,Fattening calves and cattle,Parasites,2024,1
Farm animals,Cattle,Yes,Fattening calves and cattle,"Metabolism, digestion",2024,1395
Farm animals,Cattle,Yes,Fattening calves and cattle,"Animal husbandry, prophylaxis",2024,49
Farm animals,Cattle,All types of active ingredients,Fattening calves and cattle,All Organ Systems,2024,362874
Farm animals,Cattle,All types of active ingredients,Fattening calves and cattle,Udder,2024,806
Farm animals,Cattle,All types of active ingredients,Fattening calves and cattle,Calf diseases,2024,130668
Farm animals,Cattle,All types of active ingredients,Fattening calves and cattle,Parasites,2024,63
Farm animals,Cattle,All types of active ingredients,Fattening calves and cattle,"Metabolism, digestion",2024,5199
Farm animals,Cattle,All types of active ingredients,Fattening calves and cattle,"Animal husbandry, prophylaxis",2024,599
Farm animals,Cattle,No,Dairy cows,All Organ Systems,2024,511097
Farm animals,Cattle,No,Dairy cows,Udder,2024,294245
Farm animals,Cattle,No,Dairy cows,Calf diseases,2024,11325
Farm animals,Cattle,No,Dairy cows,Parasites,2024,84
Farm animals,Cattle,No,Dairy cows,"Metabolism, digestion",2024,20442
Farm animals,Cattle,No,Dairy cows,"Animal husbandry, prophylaxis",2024,21358
Farm animals,Cattle,Yes,Dairy cows,All Organ Systems,2024,39541
Farm animals,Cattle,Yes,Dairy cows,Udder,2024,19730
Farm animals,Cattle,Yes,Dairy cows,Calf diseases,2024,3095
Farm animals,Cattle,Yes,Dairy cows,Parasites,2024,1
Farm animals,Cattle,Yes,Dairy cows,"Metabolism, digestion",2024,1383
Farm animals,Cattle,Yes,Dairy cows,"Animal husbandry, prophylaxis",2024,17
Farm animals,Cattle,All types of active ingredients,Dairy cows,All Organ Systems,2024,550638
Farm animals,Cattle,All types of active ingredients,Dairy cows,Udder,2024,313975
Farm animals,Cattle,All types of active ingredients,Dairy cows,Calf diseases,2024,14420
Farm animals,Cattle,All types of active ingredients,Dairy cows,Parasites,2024,85
Farm animals,Cattle,All types of active ingredients,Dairy cows,"Metabolism, digestion",2024,21825
Farm animals,Cattle,All types of active ingredients,Dairy cows,"Animal husbandry, prophylaxis",2024,21375
Pets,Equids,No,All categories of use,Disease of the musculoskeletal system,2021,7058
Pets,Equids,No,All categories of use,"Diseases of the respiratory tract, cardiovascular system, skin, CNS and poisonings",2021,1551
Pets,Equids,No,All categories of use,Mammary gland diseases incl. mastitis,2021,189
Pets,Equids,No,All categories of use,Operation or other intervention,2021,4279
Pets,Equids,No,All categories of use,"Urogenital diseases / reproduction, birth",2021,1028
Pets,Equids,No,All categories of use,Central nervous diseases and sensory organs,2021,126
Pets,Equids,No,All categories of use,Symptomatic treatment (unspecific),2021,1540
Pets,Equids,Yes,All categories of use,Disease of the musculoskeletal system,2021,211
Pets,Equids,Yes,All categories of use,"Diseases of the respiratory tract, cardiovascular system, skin, CNS and poisonings",2021,126
Pets,Equids,Yes,All categories of use,Mammary gland diseases incl. mastitis,2021,19
Pets,Equids,Yes,All categories of use,Operation or other intervention,2021,194
Pets,Equids,Yes,All categories of use,"Urogenital diseases / reproduction, birth",2021,61
Pets,Equids,Yes,All categories of use,Central nervous diseases and sensory organs,2021,13
Pets,Equids,Yes,All categories of use,Symptomatic treatment (unspecific),2021,45
Pets,Equids,All types of active ingredients,All categories of use,Disease of the musculoskeletal system,2021,7269
Pets,Equids,All types of active ingredients,All categories of use,"Diseases of the respiratory tract, cardiovascular system, skin, CNS and poisonings",2021,1677
Pets,Equids,All types of active ingredients,All categories of use,Mammary gland diseases incl. mastitis,2021,208
Pets,Equids,All types of active ingredients,All categories of use,Operation or other intervention,2021,4473
Pets,Equids,No,Equids,"Diseases of the respiratory tract, cardiovascular system, skin, CNS and poisonings",2023,1551
Pets,Equids,All types of active ingredients,All categories of use,"Urogenital diseases / reproduction, birth",2021,1089
Pets,Equids,All types of active ingredients,All categories of use,Central nervous diseases and sensory organs,2021,139
Pets,Equids,No,Equids,Mammary gland diseases incl. mastitis,2023,147
Pets,Equids,All types of active ingredients,All categories of use,Symptomatic treatment (unspecific),2021,1585
Pets,Equids,No,Equids,Disease of the musculoskeletal system,2021,7058
Pets,Equids,No,Equids,"Diseases of the respiratory tract, cardiovascular system, skin, CNS and poisonings",2021,1551
Pets,Equids,No,Equids,Operation or other intervention,2023,4050
Pets,Equids,No,Equids,Mammary gland diseases incl. mastitis,2021,189
Pets,Equids,Yes,All categories of use,"Urogenital diseases / reproduction, birth",2022,43
Pets,Equids,Yes,All categories of use,Central nervous diseases and sensory organs,2022,13
Pets,Equids,Yes,All categories of use,Symptomatic treatment (unspecific),2022,62
Pets,Equids,No,Equids,Operation or other intervention,2021,4279
Pets,Equids,All types of active ingredients,All categories of use,Disease of the musculoskeletal system,2022,7794
Pets,Equids,All types of active ingredients,All categories of use,"Diseases of the respiratory tract, cardiovascular system, skin, CNS and poisonings",2022,1572
Pets,Equids,All types of active ingredients,All categories of use,Mammary gland diseases incl. mastitis,2022,216
Pets,Equids,No,Equids,"Urogenital diseases / reproduction, birth",2023,927
Pets,Equids,No,Equids,Central nervous diseases and sensory organs,2023,170
Pets,Equids,No,Equids,Symptomatic treatment (unspecific),2023,1627
Pets,Equids,All types of active ingredients,All categories of use,Operation or other intervention,2022,4552
Pets,Equids,No,Equids,"Urogenital diseases / reproduction, birth",2021,1028
Pets,Equids,No,Equids,Central nervous diseases and sensory organs,2021,126
Pets,Equids,No,Equids,Symptomatic treatment (unspecific),2021,1540
Pets,Equids,Yes,Equids,Disease of the musculoskeletal system,2021,211
Pets,Equids,Yes,Equids,"Diseases of the respiratory tract, cardiovascular system, skin, CNS and poisonings",2021,126
Pets,Equids,Yes,Equids,Mammary gland diseases incl. mastitis,2021,19
Pets,Equids,Yes,Equids,Disease of the musculoskeletal system,2023,310
Pets,Equids,Yes,Equids,"Diseases of the respiratory tract, cardiovascular system, skin, CNS and poisonings",2023,63
Pets,Equids,Yes,Equids,Mammary gland diseases incl. mastitis,2023,11
Pets,Equids,Yes,Equids,Operation or other intervention,2021,194
Pets,Equids,Yes,Equids,Operation or other intervention,2023,217
Pets,Equids,All types of active ingredients,All categories of use,"Urogenital diseases / reproduction, birth",2022,1031
Pets,Equids,All types of active ingredients,All categories of use,Central nervous diseases and sensory organs,2022,159
Pets,Equids,All types of active ingredients,All categories of use,Symptomatic treatment (unspecific),2022,1549
Pets,Equids,Yes,Equids,"Urogenital diseases / reproduction, birth",2021,61
Pets,Equids,Yes,Equids,Central nervous diseases and sensory organs,2021,13
Pets,Equids,Yes,Equids,Symptomatic treatment (unspecific),2021,45
Pets,Equids,Yes,Equids,"Urogenital diseases / reproduction, birth",2023,29
Pets,Equids,Yes,Equids,Central nervous diseases and sensory organs,2023,5
Pets,Equids,Yes,Equids,Symptomatic treatment (unspecific),2023,83
Pets,Equids,No,Equids,Disease of the musculoskeletal system,2022,7495
Pets,Equids,All types of active ingredients,Equids,Disease of the musculoskeletal system,2021,7269
Pets,Equids,All types of active ingredients,Equids,"Diseases of the respiratory tract, cardiovascular system, skin, CNS and poisonings",2021,1677
Pets,Equids,No,Equids,"Diseases of the respiratory tract, cardiovascular system, skin, CNS and poisonings",2022,1460
Pets,Equids,All types of active ingredients,Equids,Mammary gland diseases incl. mastitis,2021,208
Pets,Equids,No,Equids,Mammary gland diseases incl. mastitis,2022,204
Pets,Equids,All types of active ingredients,Equids,Disease of the musculoskeletal system,2023,7507
Pets,Equids,All types of active ingredients,Equids,"Diseases of the respiratory tract, cardiovascular system, skin, CNS and poisonings",2023,1614
Pets,Equids,All types of active ingredients,Equids,Mammary gland diseases incl. mastitis,2023,158
Pets,Equids,No,Equids,Operation or other intervention,2022,4224
Pets,Equids,All types of active ingredients,Equids,Operation or other intervention,2021,4473
Pets,Equids,All types of active ingredients,Equids,Operation or other intervention,2023,4267
Pets,Equids,No,Equids,"Urogenital diseases / reproduction, birth",2022,988
Pets,Equids,All types of active ingredients,Equids,"Urogenital diseases / reproduction, birth",2021,1089
Pets,Equids,No,Equids,Central nervous diseases and sensory organs,2022,146
Pets,Equids,All types of active ingredients,Equids,Central nervous diseases and sensory organs,2021,139
Pets,Equids,No,Equids,Symptomatic treatment (unspecific),2022,1487
Pets,Equids,All types of active ingredients,Equids,Symptomatic treatment (unspecific),2021,1585
Pets,Equids,Yes,Equids,Disease of the musculoskeletal system,2022,299
Pets,Equids,Yes,Equids,"Diseases of the respiratory tract, cardiovascular system, skin, CNS and poisonings",2022,112
Pets,Equids,Yes,Equids,Mammary gland diseases incl. mastitis,2022,12
Pets,Equids,All types of active ingredients,Equids,"Urogenital diseases / reproduction, birth",2023,956
Pets,Equids,All types of active ingredients,Equids,Central nervous diseases and sensory organs,2023,175
Pets,Equids,All types of active ingredients,Equids,Symptomatic treatment (unspecific),2023,1710
Pets,Equids,Yes,Equids,Operation or other intervention,2022,328
Pets,Dogs,No,All categories of use,Disease of the musculoskeletal system,2021,9499
Pets,Dogs,No,All categories of use,"Diseases of the respiratory tract, cardiovascular system, skin, CNS and poisonings",2021,13349
Pets,Dogs,No,All categories of use,Mammary gland diseases incl. mastitis,2021,556
Pets,Dogs,No,All categories of use,Disease of the musculoskeletal system,2023,10251
Pets,Dogs,No,All categories of use,"Diseases of the respiratory tract, cardiovascular system, skin, CNS and poisonings",2023,9290
Pets,Dogs,No,All categories of use,Mammary gland diseases incl. mastitis,2023,606
Pets,Dogs,No,All categories of use,Operation or other intervention,2021,39392
Pets,Dogs,No,All categories of use,Operation or other intervention,2023,35599
Pets,Equids,Yes,Equids,"Urogenital diseases / reproduction, birth",2022,43
Pets,Equids,Yes,Equids,Central nervous diseases and sensory organs,2022,13
Pets,Equids,Yes,Equids,Symptomatic treatment (unspecific),2022,62
Pets,Dogs,No,All categories of use,"Urogenital diseases / reproduction, birth",2021,15471
Pets,Dogs,No,All categories of use,Central nervous diseases and sensory organs,2021,2037
Pets,Dogs,No,All categories of use,Symptomatic treatment (unspecific),2021,15030
Pets,Equids,All types of active ingredients,Equids,Disease of the musculoskeletal system,2022,7794
Pets,Dogs,Yes,All categories of use,Disease of the musculoskeletal system,2021,723
Pets,Dogs,Yes,All categories of use,"Diseases of the respiratory tract, cardiovascular system, skin, CNS and poisonings",2021,2807
Pets,Dogs,Yes,All categories of use,Mammary gland diseases incl. mastitis,2021,59
Pets,Dogs,No,All categories of use,"Urogenital diseases / reproduction, birth",2023,15082
Pets,Dogs,No,All categories of use,Central nervous diseases and sensory organs,2023,1803
Pets,Dogs,No,All categories of use,Symptomatic treatment (unspecific),2023,15854
Pets,Equids,All types of active ingredients,Equids,"Diseases of the respiratory tract, cardiovascular system, skin, CNS and poisonings",2022,1572
Pets,Equids,All types of active ingredients,Equids,Mammary gland diseases incl. mastitis,2022,216
Pets,Dogs,Yes,All categories of use,Operation or other intervention,2021,2645
Pets,Dogs,Yes,All categories of use,Disease of the musculoskeletal system,2023,851
Pets,Dogs,Yes,All categories of use,"Diseases of the respiratory tract, cardiovascular system, skin, CNS and poisonings",2023,1674
Pets,Dogs,Yes,All categories of use,Mammary gland diseases incl. mastitis,2023,55
Pets,Equids,All types of active ingredients,Equids,Operation or other intervention,2022,4552
Pets,Dogs,Yes,All categories of use,"Urogenital diseases / reproduction, birth",2021,4352
Pets,Dogs,Yes,All categories of use,Central nervous diseases and sensory organs,2021,350
Pets,Dogs,Yes,All categories of use,Symptomatic treatment (unspecific),2021,2777
Pets,Dogs,Yes,All categories of use,Operation or other intervention,2023,2015
Pets,Dogs,All types of active ingredients,All categories of use,Disease of the musculoskeletal system,2021,10222
Pets,Dogs,All types of active ingredients,All categories of use,"Diseases of the respiratory tract, cardiovascular system, skin, CNS and poisonings",2021,16156
Pets,Equids,All types of active ingredients,Equids,"Urogenital diseases / reproduction, birth",2022,1031
Pets,Equids,All types of active ingredients,Equids,Central nervous diseases and sensory organs,2022,159
Pets,Equids,All types of active ingredients,Equids,Symptomatic treatment (unspecific),2022,1549
Pets,Dogs,No,All categories of use,Disease of the musculoskeletal system,2022,10320
Pets,Dogs,No,All categories of use,"Diseases of the respiratory tract, cardiovascular system, skin, CNS and poisonings",2022,10637
Pets,Dogs,No,All categories of use,Mammary gland diseases incl. mastitis,2022,600
Pets,Dogs,All types of active ingredients,All categories of use,Mammary gland diseases incl. mastitis,2021,615
Pets,Dogs,Yes,All categories of use,"Urogenital diseases / reproduction, birth",2023,3400
Pets,Dogs,Yes,All categories of use,Central nervous diseases and sensory organs,2023,285
Pets,Dogs,Yes,All categories of use,Symptomatic treatment (unspecific),2023,2190
Pets,Dogs,All types of active ingredients,All categories of use,Operation or other intervention,2021,42037
Pets,Dogs,All types of active ingredients,All categories of use,Disease of the musculoskeletal system,2023,11102
Pets,Dogs,All types of active ingredients,All categories of use,"Diseases of the respiratory tract, cardiovascular system, skin, CNS and poisonings",2023,10964
Pets,Dogs,All types of active ingredients,All categories of use,Mammary gland diseases incl. mastitis,2023,661
Pets,Dogs,All types of active ingredients,All categories of use,Operation or other intervention,2023,37614
Pets,Dogs,All types of active ingredients,All categories of use,"Urogenital diseases / reproduction, birth",2021,19823
Pets,Dogs,All types of active ingredients,All categories of use,Central nervous diseases and sensory organs,2021,2387
Pets,Dogs,All types of active ingredients,All categories of use,Symptomatic treatment (unspecific),2021,17807
Pets,Dogs,No,Dogs,Disease of the musculoskeletal system,2021,9499
Pets,Dogs,No,Dogs,"Diseases of the respiratory tract, cardiovascular system, skin, CNS and poisonings",2021,13349
Pets,Dogs,No,Dogs,Mammary gland diseases incl. mastitis,2021,556
Pets,Dogs,All types of active ingredients,All categories of use,"Urogenital diseases / reproduction, birth",2023,18482
Pets,Dogs,All types of active ingredients,All categories of use,Central nervous diseases and sensory organs,2023,2088
Pets,Dogs,All types of active ingredients,All categories of use,Symptomatic treatment (unspecific),2023,18044
Pets,Dogs,No,Dogs,Operation or other intervention,2021,39392
Pets,Dogs,No,Dogs,"Urogenital diseases / reproduction, birth",2021,15471
Pets,Dogs,No,Dogs,Central nervous diseases and sensory organs,2021,2037
Pets,Dogs,No,Dogs,Symptomatic treatment (unspecific),2021,15030
Pets,Dogs,No,Dogs,Disease of the musculoskeletal system,2023,10251
Pets,Dogs,No,All categories of use,Operation or other intervention,2022,38197
Pets,Dogs,No,Dogs,"Diseases of the respiratory tract, cardiovascular system, skin, CNS and poisonings",2023,9290
Pets,Dogs,No,Dogs,Mammary gland diseases incl. mastitis,2023,606
Pets,Dogs,Yes,Dogs,Disease of the musculoskeletal system,2021,723
Pets,Dogs,No,Dogs,Operation or other intervention,2023,35599
Pets,Dogs,Yes,Dogs,"Diseases of the respiratory tract, cardiovascular system, skin, CNS and poisonings",2021,2807
Pets,Dogs,Yes,Dogs,Mammary gland diseases incl. mastitis,2021,59
Pets,Dogs,No,All categories of use,"Urogenital diseases / reproduction, birth",2022,14761
Pets,Dogs,No,All categories of use,Central nervous diseases and sensory organs,2022,2027
Pets,Dogs,No,All categories of use,Symptomatic treatment (unspecific),2022,14991
Pets,Dogs,Yes,Dogs,Operation or other intervention,2021,2645
Pets,Dogs,Yes,All categories of use,Disease of the musculoskeletal system,2022,778
Pets,Dogs,Yes,All categories of use,"Diseases of the respiratory tract, cardiovascular system, skin, CNS and poisonings",2022,2230
Pets,Dogs,No,Dogs,"Urogenital diseases / reproduction, birth",2023,15082
Pets,Dogs,Yes,All categories of use,Mammary gland diseases incl. mastitis,2022,76
Pets,Dogs,No,Dogs,Central nervous diseases and sensory organs,2023,1803
Pets,Dogs,No,Dogs,Symptomatic treatment (unspecific),2023,15854
Pets,Dogs,Yes,All categories of use,Operation or other intervention,2022,2409
Pets,Dogs,Yes,Dogs,Disease of the musculoskeletal system,2023,851
Pets,Dogs,Yes,Dogs,"Diseases of the respiratory tract, cardiovascular system, skin, CNS and poisonings",2023,1674
Pets,Dogs,Yes,Dogs,Mammary gland diseases incl. mastitis,2023,55
Pets,Dogs,Yes,Dogs,"Urogenital diseases / reproduction, birth",2021,4352
Pets,Dogs,Yes,Dogs,Central nervous diseases and sensory organs,2021,350
Pets,Dogs,Yes,Dogs,Symptomatic treatment (unspecific),2021,2777
Pets,Dogs,All types of active ingredients,Dogs,Disease of the musculoskeletal system,2021,10222
Pets,Dogs,Yes,Dogs,Operation or other intervention,2023,2015
Pets,Dogs,All types of active ingredients,Dogs,"Diseases of the respiratory tract, cardiovascular system, skin, CNS and poisonings",2021,16156
Pets,Dogs,All types of active ingredients,Dogs,Mammary gland diseases incl. mastitis,2021,615
Pets,Dogs,Yes,All categories of use,"Urogenital diseases / reproduction, birth",2022,3716
Pets,Dogs,Yes,All categories of use,Central nervous diseases and sensory organs,2022,312
Pets,Dogs,Yes,All categories of use,Symptomatic treatment (unspecific),2022,2448
Pets,Dogs,All types of active ingredients,All categories of use,Disease of the musculoskeletal system,2022,11098
Pets,Dogs,All types of active ingredients,Dogs,Operation or other intervention,2021,42037
Pets,Dogs,Yes,Dogs,"Urogenital diseases / reproduction, birth",2023,3400
Pets,Dogs,Yes,Dogs,Central nervous diseases and sensory organs,2023,285
Pets,Dogs,Yes,Dogs,Symptomatic treatment (unspecific),2023,2190
Pets,Dogs,All types of active ingredients,All categories of use,"Diseases of the respiratory tract, cardiovascular system, skin, CNS and poisonings",2022,12867
Pets,Dogs,All types of active ingredients,All categories of use,Mammary gland diseases incl. mastitis,2022,676
Pets,Dogs,All types of active ingredients,Dogs,Disease of the musculoskeletal system,2023,11102
Pets,Dogs,All types of active ingredients,All categories of use,Operation or other intervention,2022,40606
Pets,Dogs,All types of active ingredients,Dogs,"Diseases of the respiratory tract, cardiovascular system, skin, CNS and poisonings",2023,10964
Pets,Dogs,All types of active ingredients,Dogs,Mammary gland diseases incl. mastitis,2023,661
Pets,Dogs,All types of active ingredients,Dogs,"Urogenital diseases / reproduction, birth",2021,19823
Pets,Dogs,All types of active ingredients,Dogs,Central nervous diseases and sensory organs,2021,2387
Pets,Dogs,All types of active ingredients,Dogs,Symptomatic treatment (unspecific),2021,17807
Pets,Dogs,All types of active ingredients,Dogs,Operation or other intervention,2023,37614
Pets,Dogs,All types of active ingredients,All categories of use,"Urogenital diseases / reproduction, birth",2022,18477
Pets,Dogs,All types of active ingredients,All categories of use,Central nervous diseases and sensory organs,2022,2339
Pets,Dogs,All types of active ingredients,All categories of use,Symptomatic treatment (unspecific),2022,17439
Pets,Dogs,All types of active ingredients,Dogs,"Urogenital diseases / reproduction, birth",2023,18482
Pets,Dogs,All types of active ingredients,Dogs,Central nervous diseases and sensory organs,2023,2088
Pets,Dogs,All types of active ingredients,Dogs,Symptomatic treatment (unspecific),2023,18044
Pets,Cats,No,All categories of use,Disease of the musculoskeletal system,2021,14040
Pets,Cats,No,All categories of use,"Diseases of the respiratory tract, cardiovascular system, skin, CNS and poisonings",2021,25125
Pets,Cats,No,All categories of use,Mammary gland diseases incl. mastitis,2021,461
Pets,Dogs,No,Dogs,Disease of the musculoskeletal system,2022,10320
Pets,Dogs,No,Dogs,"Diseases of the respiratory tract, cardiovascular system, skin, CNS and poisonings",2022,10637
Pets,Dogs,No,Dogs,Mammary gland diseases incl. mastitis,2022,600
Pets,Cats,No,All categories of use,Disease of the musculoskeletal system,2023,12804
Pets,Cats,No,All categories of use,"Diseases of the respiratory tract, cardiovascular system, skin, CNS and poisonings",2023,19231
Pets,Cats,No,All categories of use,Mammary gland diseases incl. mastitis,2023,458
Pets,Cats,No,All categories of use,Operation or other intervention,2021,30817
Pets,Cats,No,All categories of use,Operation or other intervention,2023,26856
Pets,Dogs,No,Dogs,Operation or other intervention,2022,38197
Pets,Cats,No,All categories of use,"Urogenital diseases / reproduction, birth",2021,16012
Pets,Cats,No,All categories of use,Central nervous diseases and sensory organs,2021,3019
Pets,Cats,No,All categories of use,Symptomatic treatment (unspecific),2021,19316
Pets,Cats,No,All categories of use,"Urogenital diseases / reproduction, birth",2023,16408
Pets,Cats,No,All categories of use,Central nervous diseases and sensory organs,2023,2719
Pets,Cats,No,All categories of use,Symptomatic treatment (unspecific),2023,19145
Pets,Cats,Yes,All categories of use,Disease of the musculoskeletal system,2021,4446
Pets,Cats,Yes,All categories of use,"Diseases of the respiratory tract, cardiovascular system, skin, CNS and poisonings",2021,15773
Pets,Cats,Yes,All categories of use,Disease of the musculoskeletal system,2023,4572
Pets,Cats,Yes,All categories of use,Mammary gland diseases incl. mastitis,2021,102
Pets,Cats,Yes,All categories of use,"Diseases of the respiratory tract, cardiovascular system, skin, CNS and poisonings",2023,11965
Pets,Cats,Yes,All categories of use,Mammary gland diseases incl. mastitis,2023,94
Pets,Dogs,No,Dogs,"Urogenital diseases / reproduction, birth",2022,14761
Pets,Dogs,No,Dogs,Central nervous diseases and sensory organs,2022,2027
Pets,Dogs,No,Dogs,Symptomatic treatment (unspecific),2022,14991
Pets,Cats,Yes,All categories of use,Operation or other intervention,2021,6049
Pets,Cats,Yes,All categories of use,Operation or other intervention,2023,5076
Pets,Dogs,Yes,Dogs,Disease of the musculoskeletal system,2022,778
Pets,Dogs,Yes,Dogs,"Diseases of the respiratory tract, cardiovascular system, skin, CNS and poisonings",2022,2230
Pets,Dogs,Yes,Dogs,Mammary gland diseases incl. mastitis,2022,76
Pets,Cats,Yes,All categories of use,"Urogenital diseases / reproduction, birth",2023,9535
Pets,Cats,Yes,All categories of use,Central nervous diseases and sensory organs,2023,1218
Pets,Dogs,Yes,Dogs,Operation or other intervention,2022,2409
Pets,Cats,Yes,All categories of use,"Urogenital diseases / reproduction, birth",2021,10757
Pets,Cats,Yes,All categories of use,Symptomatic treatment (unspecific),2023,8848
Pets,Cats,Yes,All categories of use,Central nervous diseases and sensory organs,2021,1517
Pets,Cats,Yes,All categories of use,Symptomatic treatment (unspecific),2021,10077
Pets,Cats,All types of active ingredients,All categories of use,Disease of the musculoskeletal system,2023,17376
Pets,Cats,All types of active ingredients,All categories of use,"Diseases of the respiratory tract, cardiovascular system, skin, CNS and poisonings",2023,31196
Pets,Cats,All types of active ingredients,All categories of use,Mammary gland diseases incl. mastitis,2023,552
Pets,Cats,All types of active ingredients,All categories of use,Disease of the musculoskeletal system,2021,18486
Pets,Cats,All types of active ingredients,All categories of use,"Diseases of the respiratory tract, cardiovascular system, skin, CNS and poisonings",2021,40898
Pets,Cats,All types of active ingredients,All categories of use,Operation or other intervention,2023,31932
Pets,Cats,All types of active ingredients,All categories of use,Mammary gland diseases incl. mastitis,2021,563
Pets,Dogs,Yes,Dogs,"Urogenital diseases / reproduction, birth",2022,3716
Pets,Dogs,Yes,Dogs,Central nervous diseases and sensory organs,2022,312
Pets,Dogs,Yes,Dogs,Symptomatic treatment (unspecific),2022,2448
Pets,Dogs,All types of active ingredients,Dogs,Disease of the musculoskeletal system,2022,11098
Pets,Dogs,All types of active ingredients,Dogs,"Diseases of the respiratory tract, cardiovascular system, skin, CNS and poisonings",2022,12867
Pets,Cats,All types of active ingredients,All categories of use,Operation or other intervention,2021,36866
Pets,Dogs,All types of active ingredients,Dogs,Mammary gland diseases incl. mastitis,2022,676
Pets,Cats,All types of active ingredients,All categories of use,"Urogenital diseases / reproduction, birth",2023,25943
Pets,Cats,All types of active ingredients,All categories of use,Central nervous diseases and sensory organs,2023,3937
Pets,Cats,All types of active ingredients,All categories of use,Symptomatic treatment (unspecific),2023,27993
Pets,Dogs,All types of active ingredients,Dogs,Operation or other intervention,2022,40606
Pets,Cats,All types of active ingredients,All categories of use,"Urogenital diseases / reproduction, birth",2021,26769
Pets,Cats,No,Cats,Disease of the musculoskeletal system,2023,12804
Pets,Cats,All types of active ingredients,All categories of use,Central nervous diseases and sensory organs,2021,4536
Pets,Cats,No,Cats,"Diseases of the respiratory tract, cardiovascular system, skin, CNS and poisonings",2023,19231
Pets,Cats,All types of active ingredients,All categories of use,Symptomatic treatment (unspecific),2021,29393
Pets,Cats,No,Cats,Mammary gland diseases incl. mastitis,2023,458
Pets,Dogs,All types of active ingredients,Dogs,"Urogenital diseases / reproduction, birth",2022,18477
Pets,Cats,No,Cats,Disease of the musculoskeletal system,2021,14040
Pets,Dogs,All types of active ingredients,Dogs,Central nervous diseases and sensory organs,2022,2339
Pets,Cats,No,Cats,Operation or other intervention,2023,26856
Pets,Cats,No,Cats,"Diseases of the respiratory tract, cardiovascular system, skin, CNS and poisonings",2021,25125
Pets,Dogs,All types of active ingredients,Dogs,Symptomatic treatment (unspecific),2022,17439
Pets,Cats,No,Cats,Mammary gland diseases incl. mastitis,2021,461
Pets,Cats,No,All categories of use,Disease of the musculoskeletal system,2022,13366
Pets,Cats,No,Cats,Operation or other intervention,2021,30817
Pets,Cats,No,All categories of use,"Diseases of the respiratory tract, cardiovascular system, skin, CNS and poisonings",2022,21384
Pets,Cats,No,All categories of use,Mammary gland diseases incl. mastitis,2022,477
Pets,Cats,No,Cats,"Urogenital diseases / reproduction, birth",2023,16408
Pets,Cats,No,Cats,Central nervous diseases and sensory organs,2023,2719
Pets,Cats,No,Cats,Symptomatic treatment (unspecific),2023,19145
Pets,Cats,No,All categories of use,Operation or other intervention,2022,29147
Pets,Cats,Yes,Cats,Disease of the musculoskeletal system,2023,4572
Pets,Cats,Yes,Cats,"Diseases of the respiratory tract, cardiovascular system, skin, CNS and poisonings",2023,11965
Pets,Cats,Yes,Cats,Mammary gland diseases incl. mastitis,2023,94
Pets,Cats,Yes,Cats,Operation or other intervention,2023,5076
Pets,Cats,No,All categories of use,"Urogenital diseases / reproduction, birth",2022,16128
Pets,Cats,No,All categories of use,Central nervous diseases and sensory organs,2022,2712
Pets,Cats,No,All categories of use,Symptomatic treatment (unspecific),2022,18825
Pets,Cats,Yes,All categories of use,Disease of the musculoskeletal system,2022,4323
Pets,Cats,Yes,All categories of use,"Diseases of the respiratory tract, cardiovascular system, skin, CNS and poisonings",2022,13331
Pets,Cats,Yes,All categories of use,Mammary gland diseases incl. mastitis,2022,104
Pets,Cats,Yes,Cats,"Urogenital diseases / reproduction, birth",2023,9535
Pets,Cats,Yes,Cats,Central nervous diseases and sensory organs,2023,1218
Pets,Cats,Yes,Cats,Symptomatic treatment (unspecific),2023,8848
Pets,Cats,Yes,All categories of use,Operation or other intervention,2022,5372
Pets,Cats,No,Cats,"Urogenital diseases / reproduction, birth",2021,16012
Pets,Cats,No,Cats,Central nervous diseases and sensory organs,2021,3019
Pets,Cats,No,Cats,Symptomatic treatment (unspecific),2021,19316
Pets,Cats,All types of active ingredients,Cats,Disease of the musculoskeletal system,2023,17376
Pets,Cats,All types of active ingredients,Cats,"Diseases of the respiratory tract, cardiovascular system, skin, CNS and poisonings",2023,31196
Pets,Cats,All types of active ingredients,Cats,Mammary gland diseases incl. mastitis,2023,552
Pets,Cats,Yes,All categories of use,"Urogenital diseases / reproduction, birth",2022,10022
Pets,Cats,Yes,All categories of use,Central nervous diseases and sensory organs,2022,1270
Pets,Cats,Yes,Cats,Disease of the musculoskeletal system,2021,4446
Pets,Cats,Yes,All categories of use,Symptomatic treatment (unspecific),2022,9158
Pets,Cats,All types of active ingredients,Cats,Operation or other intervention,2023,31932
Pets,Cats,Yes,Cats,"Diseases of the respiratory tract, cardiovascular system, skin, CNS and poisonings",2021,15773
Pets,Cats,Yes,Cats,Mammary gland diseases incl. mastitis,2021,102
Pets,Cats,Yes,Cats,Operation or other intervention,2021,6049
Pets,Cats,All types of active ingredients,All categories of use,Disease of the musculoskeletal system,2022,17689
Pets,Cats,All types of active ingredients,All categories of use,"Diseases of the respiratory tract, cardiovascular system, skin, CNS and poisonings",2022,34715
Pets,Cats,All types of active ingredients,All categories of use,Mammary gland diseases incl. mastitis,2022,581
Pets,Cats,All types of active ingredients,Cats,"Urogenital diseases / reproduction, birth",2023,25943
Pets,Cats,All types of active ingredients,Cats,Central nervous diseases and sensory organs,2023,3937
Pets,Cats,All types of active ingredients,Cats,Symptomatic treatment (unspecific),2023,27993
Pets,Cats,All types of active ingredients,All categories of use,Operation or other intervention,2022,34519
Pets,Cats,Yes,Cats,"Urogenital diseases / reproduction, birth",2021,10757
Pets,Cats,Yes,Cats,Central nervous diseases and sensory organs,2021,1517
Pets,Cats,Yes,Cats,Symptomatic treatment (unspecific),2021,10077
Pets,Cats,All types of active ingredients,Cats,Disease of the musculoskeletal system,2021,18486
Pets,Cats,All types of active ingredients,Cats,"Diseases of the respiratory tract, cardiovascular system, skin, CNS and poisonings",2021,40898
Pets,Cats,All types of active ingredients,Cats,Mammary gland diseases incl. mastitis,2021,563
Farm animals,Fish,No,All categories of use,Specific infectious diseases,2023,7923202
Pets,Cats,All types of active ingredients,Cats,Operation or other intervention,2021,36866
Pets,Cats,All types of active ingredients,All categories of use,"Urogenital diseases / reproduction, birth",2022,26150
Farm animals,Fish,All types of active ingredients,All categories of use,Specific infectious diseases,2023,7923202
Pets,Cats,All types of active ingredients,All categories of use,Central nervous diseases and sensory organs,2022,3982
Pets,Cats,All types of active ingredients,All categories of use,Symptomatic treatment (unspecific),2022,27983
Pets,Cats,All types of active ingredients,Cats,"Urogenital diseases / reproduction, birth",2021,26769
Farm animals,Fish,No,Fish,Specific infectious diseases,2023,7923202
Pets,Cats,No,Cats,Disease of the musculoskeletal system,2022,13366
Pets,Cats,All types of active ingredients,Cats,Central nervous diseases and sensory organs,2021,4536
Pets,Cats,No,Cats,"Diseases of the respiratory tract, cardiovascular system, skin, CNS and poisonings",2022,21384
Pets,Cats,All types of active ingredients,Cats,Symptomatic treatment (unspecific),2021,29393
Pets,Cats,No,Cats,Mammary gland diseases incl. mastitis,2022,477
Farm animals,Fish,All types of active ingredients,Fish,Specific infectious diseases,2023,7923202
Farm animals,Fish,No,All categories of use,Specific infectious diseases,2021,7574594
Farm animals,Fish,All types of active ingredients,All categories of use,Specific infectious diseases,2021,7574594
Pets,Cats,No,Cats,Operation or other intervention,2022,29147
Farm animals,Poultry,No,All categories of use,Disease of the musculoskeletal system,2023,94112
Farm animals,Poultry,No,All categories of use,"Diseases of the respiratory tract, cardiovascular system, skin, CNS and poisonings",2023,125
Farm animals,Fish,No,Fish,Specific infectious diseases,2021,7574594
Farm animals,Poultry,No,All categories of use,Specific infectious diseases,2023,764396
Pets,Cats,No,Cats,"Urogenital diseases / reproduction, birth",2022,16128
Farm animals,Fish,All types of active ingredients,Fish,Specific infectious diseases,2021,7574594
Pets,Cats,No,Cats,Central nervous diseases and sensory organs,2022,2712
Pets,Cats,No,Cats,Symptomatic treatment (unspecific),2022,18825
Farm animals,Poultry,No,All categories of use,"Urogenital diseases / reproduction, birth",2023,1752
Farm animals,Poultry,No,All categories of use,Symptomatic treatment (unspecific),2023,1
Farm animals,Poultry,No,All categories of use,Disease of the musculoskeletal system,2021,140993
Pets,Cats,Yes,Cats,Disease of the musculoskeletal system,2022,4323
Farm animals,Poultry,No,All categories of use,"Diseases of the respiratory tract, cardiovascular system, skin, CNS and poisonings",2021,4
Pets,Cats,Yes,Cats,"Diseases of the respiratory tract, cardiovascular system, skin, CNS and poisonings",2022,13331
Pets,Cats,Yes,Cats,Mammary gland diseases incl. mastitis,2022,104
Farm animals,Poultry,Yes,All categories of use,Disease of the musculoskeletal system,2023,8
Farm animals,Poultry,Yes,All categories of use,"Diseases of the respiratory tract, cardiovascular system, skin, CNS and poisonings",2023,2459
Pets,Cats,Yes,Cats,Operation or other intervention,2022,5372
Farm animals,Poultry,No,All categories of use,Specific infectious diseases,2021,2347187
Farm animals,Poultry,Yes,All categories of use,Specific infectious diseases,2023,208226
Farm animals,Poultry,No,All categories of use,"Urogenital diseases / reproduction, birth",2021,2001
Farm animals,Poultry,No,All categories of use,Symptomatic treatment (unspecific),2021,1
Farm animals,Poultry,Yes,All categories of use,"Urogenital diseases / reproduction, birth",2023,1
Farm animals,Poultry,Yes,All categories of use,Symptomatic treatment (unspecific),2023,5
Pets,Cats,Yes,Cats,"Urogenital diseases / reproduction, birth",2022,10022
Pets,Cats,Yes,Cats,Central nervous diseases and sensory organs,2022,1270
Pets,Cats,Yes,Cats,Symptomatic treatment (unspecific),2022,9158
Farm animals,Poultry,Yes,All categories of use,Disease of the musculoskeletal system,2021,1
Farm animals,Poultry,Yes,All categories of use,"Diseases of the respiratory tract, cardiovascular system, skin, CNS and poisonings",2021,1579
Farm animals,Poultry,All types of active ingredients,All categories of use,Disease of the musculoskeletal system,2023,94120
Farm animals,Poultry,All types of active ingredients,All categories of use,"Diseases of the respiratory tract, cardiovascular system, skin, CNS and poisonings",2023,2584
Farm animals,Poultry,Yes,All categories of use,Specific infectious diseases,2021,891648
Pets,Cats,All types of active ingredients,Cats,Disease of the musculoskeletal system,2022,17689
Farm animals,Poultry,All types of active ingredients,All categories of use,Specific infectious diseases,2023,972622
Pets,Cats,All types of active ingredients,Cats,"Diseases of the respiratory tract, cardiovascular system, skin, CNS and poisonings",2022,34715
Pets,Cats,All types of active ingredients,Cats,Mammary gland diseases incl. mastitis,2022,581
Farm animals,Poultry,All types of active ingredients,All categories of use,"Urogenital diseases / reproduction, birth",2023,1753
Farm animals,Poultry,All types of active ingredients,All categories of use,Symptomatic treatment (unspecific),2023,6
Farm animals,Poultry,Yes,All categories of use,Symptomatic treatment (unspecific),2021,7596
Farm animals,Poultry,No,Rearing laying hens and parent birds,Disease of the musculoskeletal system,2023,28677
Farm animals,Poultry,No,Rearing laying hens and parent birds,"Diseases of the respiratory tract, cardiovascular system, skin, CNS and poisonings",2023,2
Pets,Cats,All types of active ingredients,Cats,Operation or other intervention,2022,34519
Farm animals,Poultry,All types of active ingredients,All categories of use,Disease of the musculoskeletal system,2021,140994
Farm animals,Poultry,All types of active ingredients,All categories of use,"Diseases of the respiratory tract, cardiovascular system, skin, CNS and poisonings",2021,1583
Farm animals,Poultry,No,Rearing laying hens and parent birds,Specific infectious diseases,2023,70384
Farm animals,Poultry,No,Rearing laying hens and parent birds,"Urogenital diseases / reproduction, birth",2023,1
Farm animals,Poultry,All types of active ingredients,All categories of use,Specific infectious diseases,2021,3238835
Pets,Cats,All types of active ingredients,Cats,"Urogenital diseases / reproduction, birth",2022,26150
Pets,Cats,All types of active ingredients,Cats,Central nervous diseases and sensory organs,2022,3982
Farm animals,Poultry,Yes,Rearing laying hens and parent birds,Disease of the musculoskeletal system,2023,2
Pets,Cats,All types of active ingredients,Cats,Symptomatic treatment (unspecific),2022,27983
Farm animals,Poultry,Yes,Rearing laying hens and parent birds,"Diseases of the respiratory tract, cardiovascular system, skin, CNS and poisonings",2023,57
Farm animals,Poultry,All types of active ingredients,All categories of use,"Urogenital diseases / reproduction, birth",2021,2001
Farm animals,Poultry,All types of active ingredients,All categories of use,Symptomatic treatment (unspecific),2021,7597
Farm animals,Poultry,Yes,Rearing laying hens and parent birds,Specific infectious diseases,2023,15821
Farm animals,Fish,No,All categories of use,Specific infectious diseases,2022,5349460
Farm animals,Poultry,No,Rearing laying hens and parent birds,Disease of the musculoskeletal system,2021,62559
Farm animals,Poultry,No,Rearing laying hens and parent birds,"Diseases of the respiratory tract, cardiovascular system, skin, CNS and poisonings",2021,1
Farm animals,Fish,All types of active ingredients,All categories of use,Specific infectious diseases,2022,5349460
Farm animals,Poultry,Yes,Rearing laying hens and parent birds,Symptomatic treatment (unspecific),2023,1
Farm animals,Poultry,No,Rearing laying hens and parent birds,Specific infectious diseases,2021,133694
Farm animals,Poultry,All types of active ingredients,Rearing laying hens and parent birds,Disease of the musculoskeletal system,2023,28679
Farm animals,Poultry,All types of active ingredients,Rearing laying hens and parent birds,"Diseases of the respiratory tract, cardiovascular system, skin, CNS and poisonings",2023,59
Farm animals,Fish,No,Fish,Specific infectious diseases,2022,5349460
Farm animals,Poultry,Yes,Rearing laying hens and parent birds,"Diseases of the respiratory tract, cardiovascular system, skin, CNS and poisonings",2021,1
Farm animals,Poultry,All types of active ingredients,Rearing laying hens and parent birds,Specific infectious diseases,2023,86205
Farm animals,Fish,All types of active ingredients,Fish,Specific infectious diseases,2022,5349460
Farm animals,Poultry,All types of active ingredients,Rearing laying hens and parent birds,"Urogenital diseases / reproduction, birth",2023,1
Farm animals,Poultry,Yes,Rearing laying hens and parent birds,Specific infectious diseases,2021,42168
Farm animals,Poultry,All types of active ingredients,Rearing laying hens and parent birds,Symptomatic treatment (unspecific),2023,1
Farm animals,Poultry,No,All categories of use,Disease of the musculoskeletal system,2022,465342
Farm animals,Poultry,No,All categories of use,"Diseases of the respiratory tract, cardiovascular system, skin, CNS and poisonings",2022,22
Farm animals,Poultry,No,Poultry nCU,"Diseases of the respiratory tract, cardiovascular system, skin, CNS and poisonings",2023,2
Farm animals,Poultry,No,Poultry nCU,Specific infectious diseases,2023,1
Farm animals,Poultry,No,Poultry nCU,"Urogenital diseases / reproduction, birth",2023,1
Farm animals,Poultry,All types of active ingredients,Rearing laying hens and parent birds,Disease of the musculoskeletal system,2021,62559
Farm animals,Poultry,All types of active ingredients,Rearing laying hens and parent birds,"Diseases of the respiratory tract, cardiovascular system, skin, CNS and poisonings",2021,2
Farm animals,Poultry,No,All categories of use,Specific infectious diseases,2022,1433310
Farm animals,Poultry,Yes,Poultry nCU,Disease of the musculoskeletal system,2023,6
Farm animals,Poultry,Yes,Poultry nCU,"Diseases of the respiratory tract, cardiovascular system, skin, CNS and poisonings",2023,1
Farm animals,Poultry,Yes,Poultry nCU,Specific infectious diseases,2023,6
Farm animals,Poultry,No,All categories of use,Symptomatic treatment (unspecific),2022,2
Farm animals,Poultry,All types of active ingredients,Rearing laying hens and parent birds,Specific infectious diseases,2021,175862
Farm animals,Poultry,Yes,Poultry nCU,Symptomatic treatment (unspecific),2023,3
Farm animals,Poultry,Yes,All categories of use,Disease of the musculoskeletal system,2022,1
Farm animals,Poultry,Yes,All categories of use,"Diseases of the respiratory tract, cardiovascular system, skin, CNS and poisonings",2022,1420
Farm animals,Poultry,All types of active ingredients,Poultry nCU,Disease of the musculoskeletal system,2023,6
Farm animals,Poultry,All types of active ingredients,Poultry nCU,"Diseases of the respiratory tract, cardiovascular system, skin, CNS and poisonings",2023,3
Farm animals,Poultry,All types of active ingredients,Poultry nCU,Specific infectious diseases,2023,7
Farm animals,Poultry,No,Poultry nCU,Disease of the musculoskeletal system,2021,4
Farm animals,Poultry,No,Poultry nCU,"Diseases of the respiratory tract, cardiovascular system, skin, CNS and poisonings",2021,2
Farm animals,Poultry,Yes,All categories of use,Specific infectious diseases,2022,381695
Farm animals,Poultry,All types of active ingredients,Poultry nCU,"Urogenital diseases / reproduction, birth",2023,1
Farm animals,Poultry,All types of active ingredients,Poultry nCU,Symptomatic treatment (unspecific),2023,3
Farm animals,Poultry,Yes,All categories of use,Symptomatic treatment (unspecific),2022,11801
Farm animals,Poultry,No,Poultry nCU,"Urogenital diseases / reproduction, birth",2021,1
Farm animals,Poultry,No,Laying and parent birds,Disease of the musculoskeletal system,2023,17341
Farm animals,Poultry,No,Poultry nCU,Symptomatic treatment (unspecific),2021,1
Farm animals,Poultry,No,Laying and parent birds,Specific infectious diseases,2023,40630
Farm animals,Poultry,All types of active ingredients,All categories of use,Disease of the musculoskeletal system,2022,465343
Farm animals,Poultry,All types of active ingredients,All categories of use,"Diseases of the respiratory tract, cardiovascular system, skin, CNS and poisonings",2022,1442
Farm animals,Poultry,Yes,Poultry nCU,"Diseases of the respiratory tract, cardiovascular system, skin, CNS and poisonings",2021,314
Farm animals,Poultry,Yes,Poultry nCU,Specific infectious diseases,2021,2102
Farm animals,Poultry,Yes,Poultry nCU,Symptomatic treatment (unspecific),2021,5
Farm animals,Poultry,All types of active ingredients,Poultry nCU,Disease of the musculoskeletal system,2021,4
Farm animals,Poultry,All types of active ingredients,Poultry nCU,"Diseases of the respiratory tract, cardiovascular system, skin, CNS and poisonings",2021,316
Farm animals,Poultry,Yes,Laying and parent birds,Specific infectious diseases,2023,10659
Farm animals,Poultry,All types of active ingredients,All categories of use,Specific infectious diseases,2022,1815005
Farm animals,Poultry,All types of active ingredients,Poultry nCU,Specific infectious diseases,2021,2102
Farm animals,Poultry,All types of active ingredients,All categories of use,Symptomatic treatment (unspecific),2022,11803
Farm animals,Poultry,All types of active ingredients,Poultry nCU,"Urogenital diseases / reproduction, birth",2021,1
Farm animals,Poultry,All types of active ingredients,Laying and parent birds,Disease of the musculoskeletal system,2023,17341
Farm animals,Poultry,All types of active ingredients,Poultry nCU,Symptomatic treatment (unspecific),2021,6
Farm animals,Poultry,All types of active ingredients,Laying and parent birds,Specific infectious diseases,2023,51289
Farm animals,Poultry,No,Rearing laying hens and parent birds,Disease of the musculoskeletal system,2022,183969
Farm animals,Poultry,No,Laying and parent birds,Disease of the musculoskeletal system,2021,55259
Farm animals,Poultry,No,Rearing laying hens and parent birds,"Diseases of the respiratory tract, cardiovascular system, skin, CNS and poisonings",2022,2
Farm animals,Poultry,No,Laying and parent birds,Specific infectious diseases,2021,34588
Farm animals,Poultry,No,Laying and parent birds,"Urogenital diseases / reproduction, birth",2021,2000
Farm animals,Poultry,No,Rearing laying hens and parent birds,Specific infectious diseases,2022,58813
Farm animals,Poultry,Yes,Laying and parent birds,"Diseases of the respiratory tract, cardiovascular system, skin, CNS and poisonings",2021,1
Farm animals,Poultry,Yes,Laying and parent birds,Specific infectious diseases,2021,10420
Farm animals,Poultry,All types of active ingredients,Laying and parent birds,Disease of the musculoskeletal system,2021,55259
Farm animals,Poultry,No,Laying hens,"Diseases of the respiratory tract, cardiovascular system, skin, CNS and poisonings",2023,1
Farm animals,Poultry,All types of active ingredients,Laying and parent birds,"Diseases of the respiratory tract, cardiovascular system, skin, CNS and poisonings",2021,1
Farm animals,Poultry,No,Laying hens,Specific infectious diseases,2023,187681
Farm animals,Poultry,All types of active ingredients,Laying and parent birds,Specific infectious diseases,2021,45008
Farm animals,Poultry,All types of active ingredients,Laying and parent birds,"Urogenital diseases / reproduction, birth",2021,2000
Farm animals,Poultry,No,Rearing laying hens and parent birds,Symptomatic treatment (unspecific),2022,1
Farm animals,Poultry,No,Laying hens,"Urogenital diseases / reproduction, birth",2023,1750
Farm animals,Poultry,No,Laying hens,"Diseases of the respiratory tract, cardiovascular system, skin, CNS and poisonings",2021,1
Farm animals,Poultry,No,Laying hens,Specific infectious diseases,2021,229709
Farm animals,Poultry,Yes,Rearing laying hens and parent birds,"Diseases of the respiratory tract, cardiovascular system, skin, CNS and poisonings",2022,18
Farm animals,Poultry,Yes,Laying hens,Specific infectious diseases,2023,28941
Farm animals,Poultry,Yes,Rearing laying hens and parent birds,Specific infectious diseases,2022,30119
Farm animals,Poultry,Yes,Rearing laying hens and parent birds,Symptomatic treatment (unspecific),2022,1
Farm animals,Poultry,Yes,Laying hens,"Urogenital diseases / reproduction, birth",2023,1
Farm animals,Poultry,Yes,Laying hens,Symptomatic treatment (unspecific),2023,1
Farm animals,Poultry,Yes,Laying hens,Disease of the musculoskeletal system,2021,1
Farm animals,Poultry,Yes,Laying hens,"Diseases of the respiratory tract, cardiovascular system, skin, CNS and poisonings",2021,2
Farm animals,Poultry,Yes,Laying hens,Specific infectious diseases,2021,18295
Farm animals,Poultry,Yes,Laying hens,Symptomatic treatment (unspecific),2021,7591
Farm animals,Poultry,All types of active ingredients,Rearing laying hens and parent birds,Disease of the musculoskeletal system,2022,183969
Farm animals,Poultry,All types of active ingredients,Rearing laying hens and parent birds,"Diseases of the respiratory tract, cardiovascular system, skin, CNS and poisonings",2022,20
Farm animals,Poultry,All types of active ingredients,Laying hens,"Diseases of the respiratory tract, cardiovascular system, skin, CNS and poisonings",2023,1
Farm animals,Poultry,All types of active ingredients,Laying hens,Specific infectious diseases,2023,216622
Farm animals,Poultry,All types of active ingredients,Laying hens,Disease of the musculoskeletal system,2021,1
Farm animals,Poultry,All types of active ingredients,Laying hens,"Diseases of the respiratory tract, cardiovascular system, skin, CNS and poisonings",2021,3
Farm animals,Poultry,All types of active ingredients,Laying hens,Specific infectious diseases,2021,248004
Farm animals,Poultry,All types of active ingredients,Rearing laying hens and parent birds,Specific infectious diseases,2022,88932
Farm animals,Poultry,All types of active ingredients,Laying hens,"Urogenital diseases / reproduction, birth",2023,1751
Farm animals,Poultry,All types of active ingredients,Rearing laying hens and parent birds,Symptomatic treatment (unspecific),2022,2
Farm animals,Poultry,All types of active ingredients,Laying hens,Symptomatic treatment (unspecific),2023,1
Farm animals,Poultry,No,Fattening broilers,Disease of the musculoskeletal system,2023,48094
Farm animals,Poultry,No,Poultry nCU,Disease of the musculoskeletal system,2022,1
Farm animals,Poultry,All types of active ingredients,Laying hens,Symptomatic treatment (unspecific),2021,7591
Farm animals,Poultry,No,Poultry nCU,"Diseases of the respiratory tract, cardiovascular system, skin, CNS and poisonings",2022,6
Farm animals,Poultry,No,Fattening broilers,Disease of the musculoskeletal system,2021,23170
Farm animals,Poultry,No,Fattening broilers,Specific infectious diseases,2023,460200
Farm animals,Poultry,No,Fattening broilers,Symptomatic treatment (unspecific),2023,1
Farm animals,Poultry,Yes,Fattening broilers,"Diseases of the respiratory tract, cardiovascular system, skin, CNS and poisonings",2023,1
Farm animals,Poultry,No,Fattening broilers,Specific infectious diseases,2021,1942716
Farm animals,Poultry,Yes,Poultry nCU,Disease of the musculoskeletal system,2022,1
Farm animals,Poultry,Yes,Fattening broilers,Specific infectious diseases,2023,152799
Farm animals,Poultry,Yes,Poultry nCU,"Diseases of the respiratory tract, cardiovascular system, skin, CNS and poisonings",2022,193
Farm animals,Poultry,All types of active ingredients,Fattening broilers,Disease of the musculoskeletal system,2023,48094
Farm animals,Poultry,Yes,Poultry nCU,Specific infectious diseases,2022,2000
Farm animals,Poultry,All types of active ingredients,Fattening broilers,"Diseases of the respiratory tract, cardiovascular system, skin, CNS and poisonings",2023,1
Farm animals,Poultry,Yes,Poultry nCU,Symptomatic treatment (unspecific),2022,2
Farm animals,Poultry,All types of active ingredients,Poultry nCU,Disease of the musculoskeletal system,2022,2
Farm animals,Poultry,All types of active ingredients,Poultry nCU,"Diseases of the respiratory tract, cardiovascular system, skin, CNS and poisonings",2022,199
Farm animals,Poultry,All types of active ingredients,Poultry nCU,Specific infectious diseases,2022,2000
Farm animals,Poultry,All types of active ingredients,Fattening broilers,Specific infectious diseases,2023,612999
Farm animals,Poultry,All types of active ingredients,Fattening broilers,Symptomatic treatment (unspecific),2023,1
Farm animals,Poultry,Yes,Fattening broilers,Specific infectious diseases,2021,818615
Farm animals,Poultry,All types of active ingredients,Poultry nCU,Symptomatic treatment (unspecific),2022,2
Farm animals,Poultry,No,Fattening turkeys,"Diseases of the respiratory tract, cardiovascular system, skin, CNS and poisonings",2023,120
Farm animals,Poultry,No,Fattening turkeys,Specific infectious diseases,2023,5500
Farm animals,Poultry,All types of active ingredients,Fattening broilers,Disease of the musculoskeletal system,2021,23170
Farm animals,Poultry,No,Laying and parent birds,Disease of the musculoskeletal system,2022,67081
Farm animals,Poultry,Yes,Fattening turkeys,"Diseases of the respiratory tract, cardiovascular system, skin, CNS and poisonings",2023,2400
Farm animals,Poultry,All types of active ingredients,Fattening broilers,Specific infectious diseases,2021,2761331
Farm animals,Poultry,No,Laying and parent birds,Specific infectious diseases,2022,80274
Farm animals,Poultry,Yes,Laying and parent birds,Specific infectious diseases,2022,1
Farm animals,Poultry,No,Fattening turkeys,Disease of the musculoskeletal system,2021,1
Farm animals,Poultry,No,Fattening turkeys,Specific infectious diseases,2021,6480
Farm animals,Poultry,All types of active ingredients,Fattening turkeys,"Diseases of the respiratory tract, cardiovascular system, skin, CNS and poisonings",2023,2520
Farm animals,Poultry,Yes,Laying and parent birds,Symptomatic treatment (unspecific),2022,1
Farm animals,Poultry,All types of active ingredients,Fattening turkeys,Specific infectious diseases,2023,5500
Farm animals,Poultry,Yes,Fattening turkeys,"Diseases of the respiratory tract, cardiovascular system, skin, CNS and poisonings",2021,1261
Farm animals,Game animals,No,All categories of use,All Organ Systems,2023,13
Farm animals,Poultry,Yes,Fattening turkeys,Specific infectious diseases,2021,48
Farm animals,Game animals,No,All categories of use,Disease of the musculoskeletal system,2023,2
Farm animals,Game animals,No,All categories of use,"Diseases of the respiratory tract, cardiovascular system, skin, CNS and poisonings",2023,2
Farm animals,Poultry,All types of active ingredients,Laying and parent birds,Disease of the musculoskeletal system,2022,67081
Farm animals,Game animals,No,All categories of use,Juvenile animal diseases,2023,4
Farm animals,Game animals,No,All categories of use,"Urogenital diseases / reproduction, birth",2023,3
Farm animals,Game animals,No,All categories of use,Symptomatic treatment (unspecific),2023,2
Farm animals,Game animals,Yes,All categories of use,All Organ Systems,2023,71
Farm animals,Game animals,Yes,All categories of use,Disease of the musculoskeletal system,2023,1
Farm animals,Game animals,Yes,All categories of use,Juvenile animal diseases,2023,70
Farm animals,Game animals,All types of active ingredients,All categories of use,All Organ Systems,2023,84
Farm animals,Game animals,All types of active ingredients,All categories of use,Disease of the musculoskeletal system,2023,3
Farm animals,Game animals,All types of active ingredients,All categories of use,"Diseases of the respiratory tract, cardiovascular system, skin, CNS and poisonings",2023,2
Farm animals,Game animals,All types of active ingredients,All categories of use,Juvenile animal diseases,2023,74
Farm animals,Game animals,All types of active ingredients,All categories of use,"Urogenital diseases / reproduction, birth",2023,3
Farm animals,Game animals,All types of active ingredients,All categories of use,Symptomatic treatment (unspecific),2023,2
Farm animals,Poultry,All types of active ingredients,Laying and parent birds,Specific infectious diseases,2022,80275
Farm animals,Poultry,All types of active ingredients,Fattening turkeys,Disease of the musculoskeletal system,2021,1
Farm animals,Game animals,No,Game animals,All Organ Systems,2023,13
Farm animals,Poultry,All types of active ingredients,Fattening turkeys,"Diseases of the respiratory tract, cardiovascular system, skin, CNS and poisonings",2021,1261
Farm animals,Game animals,No,Game animals,Disease of the musculoskeletal system,2023,2
Farm animals,Game animals,No,Game animals,"Diseases of the respiratory tract, cardiovascular system, skin, CNS and poisonings",2023,2
Farm animals,Poultry,All types of active ingredients,Fattening turkeys,Specific infectious diseases,2021,6528
Farm animals,Game animals,No,Game animals,Juvenile animal diseases,2023,4
Farm animals,Game animals,No,Game animals,"Urogenital diseases / reproduction, birth",2023,3
Farm animals,Game animals,No,All categories of use,All Organ Systems,2021,1
Farm animals,Game animals,No,Game animals,Symptomatic treatment (unspecific),2023,2
Farm animals,Poultry,All types of active ingredients,Laying and parent birds,Symptomatic treatment (unspecific),2022,1
Farm animals,Game animals,Yes,Game animals,All Organ Systems,2023,71
Farm animals,Game animals,No,All categories of use,Juvenile animal diseases,2021,1
Farm animals,Game animals,Yes,Game animals,Disease of the musculoskeletal system,2023,1
Farm animals,Game animals,All types of active ingredients,All categories of use,All Organ Systems,2021,1
Farm animals,Game animals,Yes,Game animals,Juvenile animal diseases,2023,70
Farm animals,Game animals,All types of active ingredients,All categories of use,Juvenile animal diseases,2021,1
Farm animals,Game animals,All types of active ingredients,Game animals,All Organ Systems,2023,84
Farm animals,Game animals,No,Game animals,All Organ Systems,2021,1
Farm animals,Game animals,All types of active ingredients,Game animals,Disease of the musculoskeletal system,2023,3
Farm animals,Game animals,No,Game animals,Juvenile animal diseases,2021,1
Farm animals,Game animals,All types of active ingredients,Game animals,"Diseases of the respiratory tract, cardiovascular system, skin, CNS and poisonings",2023,2
Farm animals,Game animals,All types of active ingredients,Game animals,All Organ Systems,2021,1
Farm animals,Game animals,All types of active ingredients,Game animals,Juvenile animal diseases,2023,74
Farm animals,Game animals,All types of active ingredients,Game animals,Juvenile animal diseases,2021,1
Farm animals,Camelids,No,All categories of use,All Organ Systems,2021,98
Farm animals,Game animals,All types of active ingredients,Game animals,"Urogenital diseases / reproduction, birth",2023,3
Farm animals,Game animals,All types of active ingredients,Game animals,Symptomatic treatment (unspecific),2023,2
Farm animals,Camelids,No,All categories of use,Disease of the musculoskeletal system,2021,7
Farm animals,Camelids,No,All categories of use,All Organ Systems,2023,596
Farm animals,Camelids,No,All categories of use,"Diseases of the respiratory tract, cardiovascular system, skin, CNS and poisonings",2021,15
Farm animals,Camelids,No,All categories of use,Disease of the musculoskeletal system,2023,70
Farm animals,Camelids,No,All categories of use,Juvenile animal diseases,2021,6
Farm animals,Poultry,No,Laying hens,"Diseases of the respiratory tract, cardiovascular system, skin, CNS and poisonings",2022,14
Farm animals,Camelids,No,All categories of use,"Metabolism, digestion",2021,13
Farm animals,Camelids,No,All categories of use,"Diseases of the respiratory tract, cardiovascular system, skin, CNS and poisonings",2023,128
Farm animals,Poultry,No,Laying hens,Specific infectious diseases,2022,280040
Farm animals,Camelids,No,All categories of use,"Urogenital diseases / reproduction, birth",2021,10
Farm animals,Camelids,No,All categories of use,Udder,2023,7
Farm animals,Camelids,No,All categories of use,"Animal husbandry, prophylaxis",2021,43
Farm animals,Camelids,No,All categories of use,Juvenile animal diseases,2023,85
Farm animals,Camelids,No,All categories of use,Parasites,2023,8
Farm animals,Camelids,No,All categories of use,Symptomatic treatment (unspecific),2021,4
Farm animals,Camelids,No,All categories of use,"Metabolism, digestion",2023,72
Farm animals,Camelids,Yes,All categories of use,All Organ Systems,2021,17
Farm animals,Camelids,No,All categories of use,"Urogenital diseases / reproduction, birth",2023,57
Farm animals,Camelids,Yes,All categories of use,Disease of the musculoskeletal system,2021,3
Farm animals,Camelids,No,All categories of use,"Animal husbandry, prophylaxis",2023,123
Farm animals,Camelids,No,All categories of use,Symptomatic treatment (unspecific),2023,46
Farm animals,Camelids,Yes,All categories of use,"Diseases of the respiratory tract, cardiovascular system, skin, CNS and poisonings",2021,2
Farm animals,Camelids,Yes,All categories of use,All Organ Systems,2023,164
Farm animals,Camelids,Yes,All categories of use,Juvenile animal diseases,2021,1
Farm animals,Poultry,No,Laying hens,Symptomatic treatment (unspecific),2022,1
Farm animals,Camelids,Yes,All categories of use,Disease of the musculoskeletal system,2023,4
Farm animals,Camelids,Yes,All categories of use,"Metabolism, digestion",2021,4
Farm animals,Camelids,Yes,All categories of use,"Diseases of the respiratory tract, cardiovascular system, skin, CNS and poisonings",2023,36
Farm animals,Camelids,Yes,All categories of use,"Urogenital diseases / reproduction, birth",2021,6
Farm animals,Camelids,Yes,All categories of use,Udder,2023,1
Farm animals,Camelids,Yes,All categories of use,Symptomatic treatment (unspecific),2021,1
Farm animals,Camelids,Yes,All categories of use,Juvenile animal diseases,2023,52
Farm animals,Camelids,All types of active ingredients,All categories of use,All Organ Systems,2021,115
Farm animals,Camelids,Yes,All categories of use,"Metabolism, digestion",2023,55
Farm animals,Camelids,All types of active ingredients,All categories of use,Disease of the musculoskeletal system,2021,10
Farm animals,Camelids,Yes,All categories of use,"Urogenital diseases / reproduction, birth",2023,7
Farm animals,Camelids,Yes,All categories of use,Symptomatic treatment (unspecific),2023,9
Farm animals,Camelids,All types of active ingredients,All categories of use,"Diseases of the respiratory tract, cardiovascular system, skin, CNS and poisonings",2021,17
Farm animals,Camelids,All types of active ingredients,All categories of use,All Organ Systems,2023,760
Farm animals,Camelids,All types of active ingredients,All categories of use,Juvenile animal diseases,2021,7
Farm animals,Camelids,All types of active ingredients,All categories of use,Disease of the musculoskeletal system,2023,74
Farm animals,Camelids,All types of active ingredients,All categories of use,"Metabolism, digestion",2021,17
Farm animals,Camelids,All types of active ingredients,All categories of use,"Diseases of the respiratory tract, cardiovascular system, skin, CNS and poisonings",2023,164
Farm animals,Camelids,All types of active ingredients,All categories of use,Udder,2023,8
Farm animals,Camelids,All types of active ingredients,All categories of use,Juvenile animal diseases,2023,137
Farm animals,Camelids,All types of active ingredients,All categories of use,Parasites,2023,8
Farm animals,Camelids,All types of active ingredients,All categories of use,"Metabolism, digestion",2023,127
Farm animals,Camelids,All types of active ingredients,All categories of use,"Urogenital diseases / reproduction, birth",2023,64
Farm animals,Camelids,All types of active ingredients,All categories of use,"Animal husbandry, prophylaxis",2023,123
Farm animals,Camelids,All types of active ingredients,All categories of use,Symptomatic treatment (unspecific),2023,55
Farm animals,Poultry,Yes,Laying hens,"Diseases of the respiratory tract, cardiovascular system, skin, CNS and poisonings",2022,9
Farm animals,Camelids,No,Camelids,All Organ Systems,2023,596
Farm animals,Poultry,Yes,Laying hens,Specific infectious diseases,2022,13421
Farm animals,Camelids,No,Camelids,Disease of the musculoskeletal system,2023,70
Farm animals,Camelids,No,Camelids,"Diseases of the respiratory tract, cardiovascular system, skin, CNS and poisonings",2023,128
Farm animals,Camelids,No,Camelids,Udder,2023,7
Farm animals,Camelids,All types of active ingredients,All categories of use,"Urogenital diseases / reproduction, birth",2021,16
Farm animals,Camelids,No,Camelids,Juvenile animal diseases,2023,85
Farm animals,Camelids,All types of active ingredients,All categories of use,"Animal husbandry, prophylaxis",2021,43
Farm animals,Camelids,No,Camelids,Parasites,2023,8
Farm animals,Camelids,No,Camelids,"Metabolism, digestion",2023,72
Farm animals,Camelids,All types of active ingredients,All categories of use,Symptomatic treatment (unspecific),2021,5
Farm animals,Camelids,No,Camelids,"Urogenital diseases / reproduction, birth",2023,57
Farm animals,Camelids,No,Camelids,All Organ Systems,2021,98
Farm animals,Camelids,No,Camelids,Disease of the musculoskeletal system,2021,7
Farm animals,Camelids,No,Camelids,"Animal husbandry, prophylaxis",2023,123
Farm animals,Camelids,No,Camelids,"Diseases of the respiratory tract, cardiovascular system, skin, CNS and poisonings",2021,15
Farm animals,Camelids,No,Camelids,Symptomatic treatment (unspecific),2023,46
Farm animals,Camelids,No,Camelids,Juvenile animal diseases,2021,6
Farm animals,Camelids,Yes,Camelids,All Organ Systems,2023,164
Farm animals,Poultry,All types of active ingredients,Laying hens,"Diseases of the respiratory tract, cardiovascular system, skin, CNS and poisonings",2022,23
Farm animals,Camelids,Yes,Camelids,Disease of the musculoskeletal system,2023,4
Farm animals,Camelids,No,Camelids,"Metabolism, digestion",2021,13
Farm animals,Poultry,All types of active ingredients,Laying hens,Specific infectious diseases,2022,293461
Farm animals,Camelids,No,Camelids,"Urogenital diseases / reproduction, birth",2021,10
Farm animals,Camelids,Yes,Camelids,"Diseases of the respiratory tract, cardiovascular system, skin, CNS and poisonings",2023,36
Farm animals,Camelids,No,Camelids,"Animal husbandry, prophylaxis",2021,43
Farm animals,Camelids,Yes,Camelids,Udder,2023,1
Farm animals,Camelids,Yes,Camelids,Juvenile animal diseases,2023,52
Farm animals,Camelids,No,Camelids,Symptomatic treatment (unspecific),2021,4
Farm animals,Camelids,Yes,Camelids,"Metabolism, digestion",2023,55
Farm animals,Camelids,Yes,Camelids,All Organ Systems,2021,17
Farm animals,Camelids,Yes,Camelids,"Urogenital diseases / reproduction, birth",2023,7
Farm animals,Camelids,Yes,Camelids,Disease of the musculoskeletal system,2021,3
Farm animals,Camelids,Yes,Camelids,Symptomatic treatment (unspecific),2023,9
Farm animals,Camelids,Yes,Camelids,"Diseases of the respiratory tract, cardiovascular system, skin, CNS and poisonings",2021,2
Farm animals,Camelids,All types of active ingredients,Camelids,All Organ Systems,2023,760
Farm animals,Camelids,Yes,Camelids,Juvenile animal diseases,2021,1
Farm animals,Camelids,All types of active ingredients,Camelids,Disease of the musculoskeletal system,2023,74
Farm animals,Camelids,Yes,Camelids,"Metabolism, digestion",2021,4
Farm animals,Camelids,All types of active ingredients,Camelids,"Diseases of the respiratory tract, cardiovascular system, skin, CNS and poisonings",2023,164
Farm animals,Camelids,Yes,Camelids,"Urogenital diseases / reproduction, birth",2021,6
Farm animals,Camelids,All types of active ingredients,Camelids,Udder,2023,8
Farm animals,Camelids,Yes,Camelids,Symptomatic treatment (unspecific),2021,1
Farm animals,Camelids,All types of active ingredients,Camelids,Juvenile animal diseases,2023,137
Farm animals,Camelids,All types of active ingredients,Camelids,All Organ Systems,2021,115
Farm animals,Camelids,All types of active ingredients,Camelids,Parasites,2023,8
Farm animals,Camelids,All types of active ingredients,Camelids,Disease of the musculoskeletal system,2021,10
Farm animals,Camelids,All types of active ingredients,Camelids,"Metabolism, digestion",2023,127
Farm animals,Camelids,All types of active ingredients,Camelids,"Diseases of the respiratory tract, cardiovascular system, skin, CNS and poisonings",2021,17
Farm animals,Camelids,All types of active ingredients,Camelids,"Urogenital diseases / reproduction, birth",2023,64
Farm animals,Camelids,All types of active ingredients,Camelids,Juvenile animal diseases,2021,7
Farm animals,Camelids,All types of active ingredients,Camelids,"Animal husbandry, prophylaxis",2023,123
Farm animals,Camelids,All types of active ingredients,Camelids,"Metabolism, digestion",2021,17
Farm animals,Camelids,All types of active ingredients,Camelids,Symptomatic treatment (unspecific),2023,55
Farm animals,Camelids,All types of active ingredients,Camelids,"Urogenital diseases / reproduction, birth",2021,16
Farm animals,Camelids,All types of active ingredients,Camelids,"Animal husbandry, prophylaxis",2021,43
Farm animals,Camelids,All types of active ingredients,Camelids,Symptomatic treatment (unspecific),2021,5
Farm animals,Rabbits,No,All categories of use,Disease of the musculoskeletal system,2023,10
Farm animals,Poultry,All types of active ingredients,Laying hens,Symptomatic treatment (unspecific),2022,1
Farm animals,Rabbits,No,All categories of use,Disease of the musculoskeletal system,2021,3
Farm animals,Rabbits,No,All categories of use,"Diseases of the respiratory tract, cardiovascular system, skin, CNS and poisonings",2023,1
Farm animals,Rabbits,No,All categories of use,"Diseases of the respiratory tract, cardiovascular system, skin, CNS and poisonings",2021,1974
Farm animals,Poultry,No,Fattening broilers,Disease of the musculoskeletal system,2022,214291
Farm animals,Rabbits,No,All categories of use,"Urogenital diseases / reproduction, birth",2023,1
Farm animals,Poultry,No,Fattening broilers,Specific infectious diseases,2022,997833
Farm animals,Rabbits,No,All categories of use,"Urogenital diseases / reproduction, birth",2021,1
Farm animals,Rabbits,No,All categories of use,Symptomatic treatment (unspecific),2021,1
Farm animals,Rabbits,Yes,All categories of use,Disease of the musculoskeletal system,2023,6
Farm animals,Rabbits,Yes,All categories of use,"Diseases of the respiratory tract, cardiovascular system, skin, CNS and poisonings",2023,16
Farm animals,Rabbits,Yes,All categories of use,Disease of the musculoskeletal system,2021,4
Farm animals,Rabbits,Yes,All categories of use,"Diseases of the respiratory tract, cardiovascular system, skin, CNS and poisonings",2021,191
Farm animals,Rabbits,Yes,All categories of use,"Urogenital diseases / reproduction, birth",2023,250
Farm animals,Rabbits,Yes,All categories of use,"Urogenital diseases / reproduction, birth",2021,1
Farm animals,Rabbits,Yes,All categories of use,Symptomatic treatment (unspecific),2023,5
Farm animals,Poultry,Yes,Fattening broilers,Specific infectious diseases,2022,336154
Farm animals,Poultry,Yes,Fattening broilers,Symptomatic treatment (unspecific),2022,11797
Farm animals,Rabbits,All types of active ingredients,All categories of use,Disease of the musculoskeletal system,2023,16
Farm animals,Rabbits,All types of active ingredients,All categories of use,"Diseases of the respiratory tract, cardiovascular system, skin, CNS and poisonings",2023,17
Farm animals,Poultry,All types of active ingredients,Fattening broilers,Disease of the musculoskeletal system,2022,214291
Farm animals,Rabbits,All types of active ingredients,All categories of use,Disease of the musculoskeletal system,2021,7
Farm animals,Rabbits,All types of active ingredients,All categories of use,"Diseases of the respiratory tract, cardiovascular system, skin, CNS and poisonings",2021,2165
Farm animals,Poultry,All types of active ingredients,Fattening broilers,Specific infectious diseases,2022,1333987
Farm animals,Poultry,All types of active ingredients,Fattening broilers,Symptomatic treatment (unspecific),2022,11797
Farm animals,Rabbits,All types of active ingredients,All categories of use,"Urogenital diseases / reproduction, birth",2023,251
Farm animals,Rabbits,All types of active ingredients,All categories of use,Symptomatic treatment (unspecific),2023,5
Farm animals,Rabbits,All types of active ingredients,All categories of use,"Urogenital diseases / reproduction, birth",2021,2
Farm animals,Rabbits,All types of active ingredients,All categories of use,Symptomatic treatment (unspecific),2021,1
Farm animals,Poultry,No,Fattening turkeys,Specific infectious diseases,2022,16350
Farm animals,Rabbits,No,Rabbits,Disease of the musculoskeletal system,2023,10
Farm animals,Rabbits,No,Rabbits,"Diseases of the respiratory tract, cardiovascular system, skin, CNS and poisonings",2023,1
Farm animals,Rabbits,No,Rabbits,Disease of the musculoskeletal system,2021,3
Farm animals,Rabbits,No,Rabbits,"Diseases of the respiratory tract, cardiovascular system, skin, CNS and poisonings",2021,1974
Farm animals,Rabbits,No,Rabbits,"Urogenital diseases / reproduction, birth",2023,1
Farm animals,Poultry,Yes,Fattening turkeys,"Diseases of the respiratory tract, cardiovascular system, skin, CNS and poisonings",2022,1200
Farm animals,Rabbits,No,Rabbits,"Urogenital diseases / reproduction, birth",2021,1
Farm animals,Rabbits,No,Rabbits,Symptomatic treatment (unspecific),2021,1
Farm animals,Poultry,All types of active ingredients,Fattening turkeys,"Diseases of the respiratory tract, cardiovascular system, skin, CNS and poisonings",2022,1200
Farm animals,Rabbits,Yes,Rabbits,Disease of the musculoskeletal system,2021,4
Farm animals,Rabbits,Yes,Rabbits,"Diseases of the respiratory tract, cardiovascular system, skin, CNS and poisonings",2021,191
Farm animals,Poultry,All types of active ingredients,Fattening turkeys,Specific infectious diseases,2022,16350
Farm animals,Rabbits,Yes,Rabbits,Disease of the musculoskeletal system,2023,6
Farm animals,Rabbits,Yes,Rabbits,"Diseases of the respiratory tract, cardiovascular system, skin, CNS and poisonings",2023,16
Farm animals,Rabbits,Yes,Rabbits,"Urogenital diseases / reproduction, birth",2021,1
Farm animals,Game animals,No,All categories of use,All Organ Systems,2022,6
Farm animals,Game animals,No,All categories of use,"Diseases of the respiratory tract, cardiovascular system, skin, CNS and poisonings",2022,1
Farm animals,Game animals,No,All categories of use,Juvenile animal diseases,2022,4
Farm animals,Game animals,No,All categories of use,"Metabolism, digestion",2022,1
Farm animals,Game animals,All types of active ingredients,All categories of use,All Organ Systems,2022,6
Farm animals,Game animals,All types of active ingredients,All categories of use,"Diseases of the respiratory tract, cardiovascular system, skin, CNS and poisonings",2022,1
Farm animals,Game animals,All types of active ingredients,All categories of use,Juvenile animal diseases,2022,4
Farm animals,Game animals,All types of active ingredients,All categories of use,"Metabolism, digestion",2022,1
Farm animals,Rabbits,All types of active ingredients,Rabbits,Disease of the musculoskeletal system,2021,7
Farm animals,Rabbits,All types of active ingredients,Rabbits,"Diseases of the respiratory tract, cardiovascular system, skin, CNS and poisonings",2021,2165
Farm animals,Game animals,No,Game animals,All Organ Systems,2022,6
Farm animals,Game animals,No,Game animals,"Diseases of the respiratory tract, cardiovascular system, skin, CNS and poisonings",2022,1
Farm animals,Game animals,No,Game animals,Juvenile animal diseases,2022,4
Farm animals,Game animals,No,Game animals,"Metabolism, digestion",2022,1
Farm animals,Game animals,All types of active ingredients,Game animals,All Organ Systems,2022,6
Farm animals,Game animals,All types of active ingredients,Game animals,"Diseases of the respiratory tract, cardiovascular system, skin, CNS and poisonings",2022,1
Farm animals,Rabbits,Yes,Rabbits,"Urogenital diseases / reproduction, birth",2023,250
Farm animals,Game animals,All types of active ingredients,Game animals,Juvenile animal diseases,2022,4
Farm animals,Game animals,All types of active ingredients,Game animals,"Metabolism, digestion",2022,1
Farm animals,Camelids,No,All categories of use,All Organ Systems,2022,196
Farm animals,Camelids,No,All categories of use,Disease of the musculoskeletal system,2022,28
Farm animals,Camelids,No,All categories of use,"Diseases of the respiratory tract, cardiovascular system, skin, CNS and poisonings",2022,61
Farm animals,Camelids,No,All categories of use,Udder,2022,1
Farm animals,Camelids,No,All categories of use,Juvenile animal diseases,2022,18
Farm animals,Rabbits,Yes,Rabbits,Symptomatic treatment (unspecific),2023,5
Farm animals,Camelids,No,All categories of use,"Metabolism, digestion",2022,30
Farm animals,Camelids,No,All categories of use,"Urogenital diseases / reproduction, birth",2022,13
Farm animals,Camelids,No,All categories of use,"Animal husbandry, prophylaxis",2022,32
Farm animals,Camelids,No,All categories of use,Symptomatic treatment (unspecific),2022,13
Farm animals,Camelids,Yes,All categories of use,All Organ Systems,2022,54
Farm animals,Rabbits,All types of active ingredients,Rabbits,"Urogenital diseases / reproduction, birth",2021,2
Farm animals,Camelids,Yes,All categories of use,Disease of the musculoskeletal system,2022,2
Farm animals,Camelids,Yes,All categories of use,"Diseases of the respiratory tract, cardiovascular system, skin, CNS and poisonings",2022,19
Farm animals,Camelids,Yes,All categories of use,Juvenile animal diseases,2022,7
Farm animals,Camelids,Yes,All categories of use,"Metabolism, digestion",2022,23
Farm animals,Camelids,Yes,All categories of use,"Urogenital diseases / reproduction, birth",2022,2
Farm animals,Camelids,Yes,All categories of use,Symptomatic treatment (unspecific),2022,1
Farm animals,Camelids,All types of active ingredients,All categories of use,All Organ Systems,2022,250
Farm animals,Rabbits,All types of active ingredients,Rabbits,Symptomatic treatment (unspecific),2021,1
Farm animals,Camelids,All types of active ingredients,All categories of use,Disease of the musculoskeletal system,2022,30
Farm animals,Rabbits,All types of active ingredients,Rabbits,Disease of the musculoskeletal system,2023,16
Farm animals,Camelids,All types of active ingredients,All categories of use,"Diseases of the respiratory tract, cardiovascular system, skin, CNS and poisonings",2022,80
Farm animals,Rabbits,All types of active ingredients,Rabbits,"Diseases of the respiratory tract, cardiovascular system, skin, CNS and poisonings",2023,17
Farm animals,Camelids,All types of active ingredients,All categories of use,Udder,2022,1
Farm animals,Camelids,All types of active ingredients,All categories of use,Juvenile animal diseases,2022,25
Farm animals,Camelids,All types of active ingredients,All categories of use,"Metabolism, digestion",2022,53
Farm animals,Camelids,All types of active ingredients,All categories of use,"Urogenital diseases / reproduction, birth",2022,15
Farm animals,Camelids,All types of active ingredients,All categories of use,"Animal husbandry, prophylaxis",2022,32
Farm animals,Camelids,All types of active ingredients,All categories of use,Symptomatic treatment (unspecific),2022,14
Farm animals,Camelids,No,Camelids,All Organ Systems,2022,196
Farm animals,Camelids,No,Camelids,Disease of the musculoskeletal system,2022,28
Farm animals,Camelids,No,Camelids,"Diseases of the respiratory tract, cardiovascular system, skin, CNS and poisonings",2022,61
Farm animals,Camelids,No,Camelids,Udder,2022,1
Farm animals,Camelids,No,Camelids,Juvenile animal diseases,2022,18
Farm animals,Camelids,No,Camelids,"Metabolism, digestion",2022,30
Farm animals,Camelids,No,Camelids,"Urogenital diseases / reproduction, birth",2022,13
Farm animals,Camelids,No,Camelids,"Animal husbandry, prophylaxis",2022,32
Farm animals,Camelids,No,Camelids,Symptomatic treatment (unspecific),2022,13
Farm animals,Camelids,Yes,Camelids,All Organ Systems,2022,54
Farm animals,Camelids,Yes,Camelids,Disease of the musculoskeletal system,2022,2
Farm animals,Camelids,Yes,Camelids,"Diseases of the respiratory tract, cardiovascular system, skin, CNS and poisonings",2022,19
Farm animals,Camelids,Yes,Camelids,Juvenile animal diseases,2022,7
Farm animals,Camelids,Yes,Camelids,"Metabolism, digestion",2022,23
Farm animals,Camelids,Yes,Camelids,"Urogenital diseases / reproduction, birth",2022,2
Farm animals,Camelids,Yes,Camelids,Symptomatic treatment (unspecific),2022,1
Farm animals,Camelids,All types of active ingredients,Camelids,All Organ Systems,2022,250
Farm animals,Cattle,No,All categories of use,Disease of the musculoskeletal system,2021,38256
Farm animals,Camelids,All types of active ingredients,Camelids,Disease of the musculoskeletal system,2022,30
Farm animals,Cattle,No,All categories of use,"Diseases of the respiratory tract, cardiovascular system, skin, CNS and poisonings",2021,210424
Farm animals,Camelids,All types of active ingredients,Camelids,"Diseases of the respiratory tract, cardiovascular system, skin, CNS and poisonings",2022,80
Farm animals,Camelids,All types of active ingredients,Camelids,Udder,2022,1
Farm animals,Camelids,All types of active ingredients,Camelids,Juvenile animal diseases,2022,25
Farm animals,Camelids,All types of active ingredients,Camelids,"Metabolism, digestion",2022,53
Farm animals,Camelids,All types of active ingredients,Camelids,"Urogenital diseases / reproduction, birth",2022,15
Farm animals,Camelids,All types of active ingredients,Camelids,"Animal husbandry, prophylaxis",2022,32
Farm animals,Camelids,All types of active ingredients,Camelids,Symptomatic treatment (unspecific),2022,14
Farm animals,Rabbits,All types of active ingredients,Rabbits,"Urogenital diseases / reproduction, birth",2023,251
Farm animals,Rabbits,No,All categories of use,Disease of the musculoskeletal system,2022,2
Farm animals,Rabbits,No,All categories of use,"Diseases of the respiratory tract, cardiovascular system, skin, CNS and poisonings",2022,3
Farm animals,Rabbits,All types of active ingredients,Rabbits,Symptomatic treatment (unspecific),2023,5
Farm animals,Cattle,No,All categories of use,Disease of the musculoskeletal system,2023,42061
Farm animals,Cattle,No,All categories of use,"Diseases of the respiratory tract, cardiovascular system, skin, CNS and poisonings",2023,228479
Farm animals,Cattle,No,All categories of use,"Urogenital diseases / reproduction, birth",2021,118797
Farm animals,Cattle,No,All categories of use,Other reasons for treatment,2021,4484
Farm animals,Cattle,No,All categories of use,Symptomatic treatment (unspecific),2021,10495
Farm animals,Rabbits,No,All categories of use,"Urogenital diseases / reproduction, birth",2022,1
Farm animals,Rabbits,No,All categories of use,Symptomatic treatment (unspecific),2022,2
Farm animals,Cattle,Yes,All categories of use,Disease of the musculoskeletal system,2021,8137
Farm animals,Cattle,Yes,All categories of use,"Diseases of the respiratory tract, cardiovascular system, skin, CNS and poisonings",2021,78813
Farm animals,Rabbits,Yes,All categories of use,Disease of the musculoskeletal system,2022,2
Farm animals,Rabbits,Yes,All categories of use,"Diseases of the respiratory tract, cardiovascular system, skin, CNS and poisonings",2022,107
Farm animals,Cattle,No,All categories of use,"Urogenital diseases / reproduction, birth",2023,111910
Farm animals,Cattle,No,All categories of use,Other reasons for treatment,2023,3697
Farm animals,Cattle,No,All categories of use,Symptomatic treatment (unspecific),2023,10413
Farm animals,Rabbits,Yes,All categories of use,Symptomatic treatment (unspecific),2022,12
Farm animals,Rabbits,All types of active ingredients,All categories of use,Disease of the musculoskeletal system,2022,4
Farm animals,Cattle,Yes,All categories of use,Disease of the musculoskeletal system,2023,7135
Farm animals,Rabbits,All types of active ingredients,All categories of use,"Diseases of the respiratory tract, cardiovascular system, skin, CNS and poisonings",2022,110
Farm animals,Cattle,Yes,All categories of use,"Diseases of the respiratory tract, cardiovascular system, skin, CNS and poisonings",2023,65899
Farm animals,Cattle,Yes,All categories of use,"Urogenital diseases / reproduction, birth",2021,1748
Farm animals,Cattle,Yes,All categories of use,Other reasons for treatment,2021,569
Farm animals,Cattle,Yes,All categories of use,Symptomatic treatment (unspecific),2021,2053
Farm animals,Rabbits,All types of active ingredients,All categories of use,"Urogenital diseases / reproduction, birth",2022,1
Farm animals,Rabbits,All types of active ingredients,All categories of use,Symptomatic treatment (unspecific),2022,14
Farm animals,Cattle,Yes,All categories of use,"Urogenital diseases / reproduction, birth",2023,1758
Farm animals,Cattle,All types of active ingredients,All categories of use,Disease of the musculoskeletal system,2021,46393
Farm animals,Cattle,All types of active ingredients,All categories of use,"Diseases of the respiratory tract, cardiovascular system, skin, CNS and poisonings",2021,289237
Farm animals,Rabbits,No,Rabbits,Disease of the musculoskeletal system,2022,2
Farm animals,Rabbits,No,Rabbits,"Diseases of the respiratory tract, cardiovascular system, skin, CNS and poisonings",2022,3
Farm animals,Cattle,Yes,All categories of use,Other reasons for treatment,2023,561
Farm animals,Cattle,Yes,All categories of use,Symptomatic treatment (unspecific),2023,1533
Farm animals,Cattle,All types of active ingredients,All categories of use,Disease of the musculoskeletal system,2023,49196
Farm animals,Cattle,All types of active ingredients,All categories of use,"Diseases of the respiratory tract, cardiovascular system, skin, CNS and poisonings",2023,294378
Farm animals,Rabbits,No,Rabbits,"Urogenital diseases / reproduction, birth",2022,1
Farm animals,Rabbits,No,Rabbits,Symptomatic treatment (unspecific),2022,2
Farm animals,Cattle,All types of active ingredients,All categories of use,"Urogenital diseases / reproduction, birth",2021,120545
Farm animals,Cattle,All types of active ingredients,All categories of use,Other reasons for treatment,2021,5053
Farm animals,Cattle,All types of active ingredients,All categories of use,Symptomatic treatment (unspecific),2021,12548
Farm animals,Rabbits,Yes,Rabbits,Disease of the musculoskeletal system,2022,2
Farm animals,Rabbits,Yes,Rabbits,"Diseases of the respiratory tract, cardiovascular system, skin, CNS and poisonings",2022,107
Farm animals,Cattle,No,Rearing calves,Disease of the musculoskeletal system,2021,1634
Farm animals,Cattle,No,Rearing calves,"Diseases of the respiratory tract, cardiovascular system, skin, CNS and poisonings",2021,14138
Farm animals,Cattle,All types of active ingredients,All categories of use,"Urogenital diseases / reproduction, birth",2023,113668
Farm animals,Rabbits,Yes,Rabbits,Symptomatic treatment (unspecific),2022,12
Farm animals,Cattle,All types of active ingredients,All categories of use,Other reasons for treatment,2023,4258
Farm animals,Rabbits,All types of active ingredients,Rabbits,Disease of the musculoskeletal system,2022,4
Farm animals,Cattle,All types of active ingredients,All categories of use,Symptomatic treatment (unspecific),2023,11946
Farm animals,Rabbits,All types of active ingredients,Rabbits,"Diseases of the respiratory tract, cardiovascular system, skin, CNS and poisonings",2022,110
Farm animals,Cattle,No,Rearing calves,Disease of the musculoskeletal system,2023,1822
Farm animals,Cattle,No,Rearing calves,"Diseases of the respiratory tract, cardiovascular system, skin, CNS and poisonings",2023,17752
Farm animals,Cattle,No,Rearing calves,"Urogenital diseases / reproduction, birth",2021,253
Farm animals,Rabbits,All types of active ingredients,Rabbits,"Urogenital diseases / reproduction, birth",2022,1
Farm animals,Rabbits,All types of active ingredients,Rabbits,Symptomatic treatment (unspecific),2022,14
Farm animals,Cattle,No,Rearing calves,Other reasons for treatment,2021,298
Farm animals,Cattle,No,Rearing calves,Symptomatic treatment (unspecific),2021,691
Farm animals,Cattle,Yes,Rearing calves,Disease of the musculoskeletal system,2021,213
Farm animals,Cattle,No,All categories of use,Disease of the musculoskeletal system,2022,37078
Farm animals,Cattle,Yes,Rearing calves,"Diseases of the respiratory tract, cardiovascular system, skin, CNS and poisonings",2021,4606
Farm animals,Cattle,No,All categories of use,"Diseases of the respiratory tract, cardiovascular system, skin, CNS and poisonings",2022,223377
Farm animals,Cattle,No,Rearing calves,"Urogenital diseases / reproduction, birth",2023,342
Farm animals,Cattle,No,Rearing calves,Other reasons for treatment,2023,209
Farm animals,Cattle,No,Rearing calves,Symptomatic treatment (unspecific),2023,899
Farm animals,Cattle,Yes,Rearing calves,Disease of the musculoskeletal system,2023,167
Farm animals,Cattle,Yes,Rearing calves,"Diseases of the respiratory tract, cardiovascular system, skin, CNS and poisonings",2023,6713
Farm animals,Cattle,Yes,Rearing calves,"Urogenital diseases / reproduction, birth",2021,15
Farm animals,Cattle,Yes,Rearing calves,Other reasons for treatment,2021,71
Farm animals,Cattle,No,All categories of use,"Urogenital diseases / reproduction, birth",2022,114835
Farm animals,Cattle,Yes,Rearing calves,Symptomatic treatment (unspecific),2021,237
Farm animals,Cattle,Yes,Rearing calves,"Urogenital diseases / reproduction, birth",2023,15
Farm animals,Cattle,Yes,Rearing calves,Other reasons for treatment,2023,43
Farm animals,Cattle,Yes,Rearing calves,Symptomatic treatment (unspecific),2023,264
Farm animals,Cattle,No,All categories of use,Other reasons for treatment,2022,3983
Farm animals,Cattle,No,All categories of use,Symptomatic treatment (unspecific),2022,10458
Farm animals,Cattle,All types of active ingredients,Rearing calves,Disease of the musculoskeletal system,2021,1847
Farm animals,Cattle,All types of active ingredients,Rearing calves,"Diseases of the respiratory tract, cardiovascular system, skin, CNS and poisonings",2021,18744
Farm animals,Cattle,Yes,All categories of use,Disease of the musculoskeletal system,2022,7552
Farm animals,Cattle,Yes,All categories of use,"Diseases of the respiratory tract, cardiovascular system, skin, CNS and poisonings",2022,61327
Farm animals,Cattle,All types of active ingredients,Rearing calves,Disease of the musculoskeletal system,2023,1989
Farm animals,Cattle,All types of active ingredients,Rearing calves,"Diseases of the respiratory tract, cardiovascular system, skin, CNS and poisonings",2023,24465
Farm animals,Cattle,All types of active ingredients,Rearing calves,"Urogenital diseases / reproduction, birth",2021,268
Farm animals,Cattle,All types of active ingredients,Rearing calves,"Urogenital diseases / reproduction, birth",2023,357
Farm animals,Cattle,All types of active ingredients,Rearing calves,Other reasons for treatment,2021,369
Farm animals,Cattle,All types of active ingredients,Rearing calves,Symptomatic treatment (unspecific),2021,928
Farm animals,Cattle,All types of active ingredients,Rearing calves,Other reasons for treatment,2023,252
Farm animals,Cattle,All types of active ingredients,Rearing calves,Symptomatic treatment (unspecific),2023,1163
Farm animals,Cattle,Yes,All categories of use,"Urogenital diseases / reproduction, birth",2022,1728
Farm animals,Cattle,No,Rearing cattle,Disease of the musculoskeletal system,2021,3559
Farm animals,Cattle,No,Rearing cattle,Disease of the musculoskeletal system,2023,4425
Farm animals,Cattle,No,Rearing cattle,"Diseases of the respiratory tract, cardiovascular system, skin, CNS and poisonings",2021,6348
Farm animals,Cattle,No,Rearing cattle,"Diseases of the respiratory tract, cardiovascular system, skin, CNS and poisonings",2023,8481
Farm animals,Cattle,Yes,All categories of use,Other reasons for treatment,2022,514
Farm animals,Cattle,Yes,All categories of use,Symptomatic treatment (unspecific),2022,2189
Farm animals,Cattle,All types of active ingredients,All categories of use,Disease of the musculoskeletal system,2022,44630
Farm animals,Cattle,All types of active ingredients,All categories of use,"Diseases of the respiratory tract, cardiovascular system, skin, CNS and poisonings",2022,284704
Farm animals,Cattle,No,Rearing cattle,"Urogenital diseases / reproduction, birth",2021,1367
Farm animals,Cattle,No,Rearing cattle,Other reasons for treatment,2021,165
Farm animals,Cattle,No,Rearing cattle,"Urogenital diseases / reproduction, birth",2023,1629
Farm animals,Cattle,No,Rearing cattle,Symptomatic treatment (unspecific),2021,593
Farm animals,Cattle,All types of active ingredients,All categories of use,"Urogenital diseases / reproduction, birth",2022,116563
Farm animals,Cattle,Yes,Rearing cattle,Disease of the musculoskeletal system,2021,161
Farm animals,Cattle,Yes,Rearing cattle,"Diseases of the respiratory tract, cardiovascular system, skin, CNS and poisonings",2021,1809
Farm animals,Cattle,No,Rearing cattle,Other reasons for treatment,2023,215
Farm animals,Cattle,No,Rearing cattle,Symptomatic treatment (unspecific),2023,1080
Farm animals,Cattle,All types of active ingredients,All categories of use,Other reasons for treatment,2022,4497
Farm animals,Cattle,All types of active ingredients,All categories of use,Symptomatic treatment (unspecific),2022,12647
Farm animals,Cattle,Yes,Rearing cattle,Disease of the musculoskeletal system,2023,162
Farm animals,Cattle,Yes,Rearing cattle,"Diseases of the respiratory tract, cardiovascular system, skin, CNS and poisonings",2023,2078
Farm animals,Cattle,No,Rearing calves,Disease of the musculoskeletal system,2022,1717
Farm animals,Cattle,No,Rearing calves,"Diseases of the respiratory tract, cardiovascular system, skin, CNS and poisonings",2022,16359
Farm animals,Cattle,Yes,Rearing cattle,"Urogenital diseases / reproduction, birth",2021,5
Farm animals,Cattle,Yes,Rearing cattle,Other reasons for treatment,2021,29
Farm animals,Cattle,Yes,Rearing cattle,Symptomatic treatment (unspecific),2021,35
Farm animals,Cattle,Yes,Rearing cattle,"Urogenital diseases / reproduction, birth",2023,11
Farm animals,Cattle,All types of active ingredients,Rearing cattle,Disease of the musculoskeletal system,2021,3720
Farm animals,Cattle,Yes,Rearing cattle,Other reasons for treatment,2023,8
Farm animals,Cattle,All types of active ingredients,Rearing cattle,"Diseases of the respiratory tract, cardiovascular system, skin, CNS and poisonings",2021,8157
Farm animals,Cattle,Yes,Rearing cattle,Symptomatic treatment (unspecific),2023,84
Farm animals,Cattle,No,Rearing calves,"Urogenital diseases / reproduction, birth",2022,333
Farm animals,Cattle,No,Rearing calves,Other reasons for treatment,2022,230
Farm animals,Cattle,No,Rearing calves,Symptomatic treatment (unspecific),2022,720
Farm animals,Cattle,All types of active ingredients,Rearing cattle,Disease of the musculoskeletal system,2023,4587
Farm animals,Cattle,All types of active ingredients,Rearing cattle,"Diseases of the respiratory tract, cardiovascular system, skin, CNS and poisonings",2023,10559
Farm animals,Cattle,Yes,Rearing calves,Disease of the musculoskeletal system,2022,191
Farm animals,Cattle,Yes,Rearing calves,"Diseases of the respiratory tract, cardiovascular system, skin, CNS and poisonings",2022,4768
Farm animals,Cattle,All types of active ingredients,Rearing cattle,"Urogenital diseases / reproduction, birth",2021,1372
Farm animals,Cattle,All types of active ingredients,Rearing cattle,Other reasons for treatment,2021,194
Farm animals,Cattle,All types of active ingredients,Rearing cattle,Symptomatic treatment (unspecific),2021,628
Farm animals,Cattle,All types of active ingredients,Rearing cattle,"Urogenital diseases / reproduction, birth",2023,1640
Farm animals,Cattle,Yes,Rearing calves,"Urogenital diseases / reproduction, birth",2022,14
Farm animals,Cattle,All types of active ingredients,Rearing cattle,Other reasons for treatment,2023,223
Farm animals,Cattle,No,Fattening calves and cattle,Disease of the musculoskeletal system,2021,1751
Farm animals,Cattle,All types of active ingredients,Rearing cattle,Symptomatic treatment (unspecific),2023,1164
Farm animals,Cattle,No,Fattening calves and cattle,"Diseases of the respiratory tract, cardiovascular system, skin, CNS and poisonings",2021,161415
Farm animals,Cattle,Yes,Rearing calves,Other reasons for treatment,2022,59
Farm animals,Cattle,Yes,Rearing calves,Symptomatic treatment (unspecific),2022,321
Farm animals,Cattle,No,Fattening calves and cattle,Disease of the musculoskeletal system,2023,2289
Farm animals,Cattle,No,Fattening calves and cattle,"Diseases of the respiratory tract, cardiovascular system, skin, CNS and poisonings",2023,170699
Farm animals,Cattle,All types of active ingredients,Rearing calves,Disease of the musculoskeletal system,2022,1908
Farm animals,Cattle,All types of active ingredients,Rearing calves,"Diseases of the respiratory tract, cardiovascular system, skin, CNS and poisonings",2022,21127
Farm animals,Cattle,No,Fattening calves and cattle,"Urogenital diseases / reproduction, birth",2023,428
Farm animals,Cattle,No,Fattening calves and cattle,Other reasons for treatment,2023,223
Farm animals,Cattle,No,Fattening calves and cattle,Symptomatic treatment (unspecific),2023,746
Farm animals,Cattle,No,Fattening calves and cattle,"Urogenital diseases / reproduction, birth",2021,562
Farm animals,Cattle,Yes,Fattening calves and cattle,Disease of the musculoskeletal system,2023,246
Farm animals,Cattle,Yes,Fattening calves and cattle,"Diseases of the respiratory tract, cardiovascular system, skin, CNS and poisonings",2023,48823
Farm animals,Cattle,No,Fattening calves and cattle,Other reasons for treatment,2021,211
Farm animals,Cattle,No,Fattening calves and cattle,Symptomatic treatment (unspecific),2021,582
Farm animals,Cattle,Yes,Fattening calves and cattle,Disease of the musculoskeletal system,2021,283
Farm animals,Cattle,Yes,Fattening calves and cattle,"Diseases of the respiratory tract, cardiovascular system, skin, CNS and poisonings",2021,63056
Farm animals,Cattle,All types of active ingredients,Rearing calves,"Urogenital diseases / reproduction, birth",2022,347
Farm animals,Cattle,All types of active ingredients,Rearing calves,Other reasons for treatment,2022,289
Farm animals,Cattle,Yes,Fattening calves and cattle,"Urogenital diseases / reproduction, birth",2023,10
Farm animals,Cattle,All types of active ingredients,Rearing calves,Symptomatic treatment (unspecific),2022,1041
Farm animals,Cattle,Yes,Fattening calves and cattle,Other reasons for treatment,2023,19
Farm animals,Cattle,Yes,Fattening calves and cattle,Symptomatic treatment (unspecific),2023,171
Farm animals,Cattle,No,Rearing cattle,Disease of the musculoskeletal system,2022,3548
Farm animals,Cattle,Yes,Fattening calves and cattle,"Urogenital diseases / reproduction, birth",2021,6
Farm animals,Cattle,No,Rearing cattle,"Diseases of the respiratory tract, cardiovascular system, skin, CNS and poisonings",2022,7301
Farm animals,Cattle,All types of active ingredients,Fattening calves and cattle,Disease of the musculoskeletal system,2023,2535
Farm animals,Cattle,All types of active ingredients,Fattening calves and cattle,"Diseases of the respiratory tract, cardiovascular system, skin, CNS and poisonings",2023,219522
Farm animals,Cattle,Yes,Fattening calves and cattle,Other reasons for treatment,2021,53
Farm animals,Cattle,Yes,Fattening calves and cattle,Symptomatic treatment (unspecific),2021,138
Farm animals,Cattle,All types of active ingredients,Fattening calves and cattle,Disease of the musculoskeletal system,2021,2034
Farm animals,Cattle,All types of active ingredients,Fattening calves and cattle,"Diseases of the respiratory tract, cardiovascular system, skin, CNS and poisonings",2021,224471
Farm animals,Cattle,No,Rearing cattle,"Urogenital diseases / reproduction, birth",2022,1424
Farm animals,Cattle,All types of active ingredients,Fattening calves and cattle,"Urogenital diseases / reproduction, birth",2023,438
Farm animals,Cattle,No,Rearing cattle,Other reasons for treatment,2022,176
Farm animals,Cattle,No,Rearing cattle,Symptomatic treatment (unspecific),2022,801
Farm animals,Cattle,All types of active ingredients,Fattening calves and cattle,Other reasons for treatment,2023,242
Farm animals,Cattle,All types of active ingredients,Fattening calves and cattle,Symptomatic treatment (unspecific),2023,917
Farm animals,Cattle,Yes,Rearing cattle,Disease of the musculoskeletal system,2022,157
Farm animals,Cattle,No,Dairy cows,Disease of the musculoskeletal system,2023,27119
Farm animals,Cattle,Yes,Rearing cattle,"Diseases of the respiratory tract, cardiovascular system, skin, CNS and poisonings",2022,2299
Farm animals,Cattle,No,Dairy cows,"Diseases of the respiratory tract, cardiovascular system, skin, CNS and poisonings",2023,24301
Farm animals,Cattle,All types of active ingredients,Fattening calves and cattle,"Urogenital diseases / reproduction, birth",2021,568
Farm animals,Cattle,All types of active ingredients,Fattening calves and cattle,Other reasons for treatment,2021,264
Farm animals,Cattle,All types of active ingredients,Fattening calves and cattle,Symptomatic treatment (unspecific),2021,720
Farm animals,Cattle,No,Dairy cows,Disease of the musculoskeletal system,2021,18728
Farm animals,Cattle,No,Dairy cows,"Diseases of the respiratory tract, cardiovascular system, skin, CNS and poisonings",2021,16147
Farm animals,Cattle,No,Dairy cows,"Urogenital diseases / reproduction, birth",2023,95436
Farm animals,Cattle,Yes,Rearing cattle,"Urogenital diseases / reproduction, birth",2022,16
Farm animals,Cattle,No,Dairy cows,Other reasons for treatment,2023,2536
Farm animals,Cattle,Yes,Rearing cattle,Other reasons for treatment,2022,5
Farm animals,Cattle,No,Dairy cows,Symptomatic treatment (unspecific),2023,5817
Farm animals,Cattle,Yes,Rearing cattle,Symptomatic treatment (unspecific),2022,63
Farm animals,Cattle,No,Dairy cows,"Urogenital diseases / reproduction, birth",2021,86661
Farm animals,Cattle,All types of active ingredients,Rearing cattle,Disease of the musculoskeletal system,2022,3705
Farm animals,Cattle,All types of active ingredients,Rearing cattle,"Diseases of the respiratory tract, cardiovascular system, skin, CNS and poisonings",2022,9600
Farm animals,Cattle,Yes,Dairy cows,Disease of the musculoskeletal system,2023,6186
Farm animals,Cattle,Yes,Dairy cows,"Diseases of the respiratory tract, cardiovascular system, skin, CNS and poisonings",2023,5833
Farm animals,Cattle,No,Dairy cows,Other reasons for treatment,2021,3142
Farm animals,Cattle,No,Dairy cows,Symptomatic treatment (unspecific),2021,3338
Farm animals,Cattle,Yes,Dairy cows,Disease of the musculoskeletal system,2021,6039
Farm animals,Cattle,Yes,Dairy cows,"Diseases of the respiratory tract, cardiovascular system, skin, CNS and poisonings",2021,4619
Farm animals,Cattle,All types of active ingredients,Rearing cattle,"Urogenital diseases / reproduction, birth",2022,1440
Farm animals,Cattle,Yes,Dairy cows,"Urogenital diseases / reproduction, birth",2021,1297
Farm animals,Cattle,All types of active ingredients,Rearing cattle,Other reasons for treatment,2022,181
Farm animals,Cattle,All types of active ingredients,Rearing cattle,Symptomatic treatment (unspecific),2022,864
Farm animals,Cattle,Yes,Dairy cows,"Urogenital diseases / reproduction, birth",2023,1559
Farm animals,Cattle,No,Fattening calves and cattle,Disease of the musculoskeletal system,2022,1848
Farm animals,Cattle,No,Fattening calves and cattle,"Diseases of the respiratory tract, cardiovascular system, skin, CNS and poisonings",2022,169022
Farm animals,Cattle,Yes,Dairy cows,Other reasons for treatment,2023,432
Farm animals,Cattle,Yes,Dairy cows,Other reasons for treatment,2021,305
Farm animals,Cattle,Yes,Dairy cows,Symptomatic treatment (unspecific),2021,376
Farm animals,Cattle,Yes,Dairy cows,Symptomatic treatment (unspecific),2023,710
Farm animals,Cattle,All types of active ingredients,Dairy cows,Disease of the musculoskeletal system,2023,33305
Farm animals,Cattle,All types of active ingredients,Dairy cows,Disease of the musculoskeletal system,2021,24767
Farm animals,Cattle,All types of active ingredients,Dairy cows,"Diseases of the respiratory tract, cardiovascular system, skin, CNS and poisonings",2023,30134
Farm animals,Cattle,All types of active ingredients,Dairy cows,"Diseases of the respiratory tract, cardiovascular system, skin, CNS and poisonings",2021,20766
Farm animals,Cattle,No,Fattening calves and cattle,"Urogenital diseases / reproduction, birth",2022,462
Farm animals,Cattle,No,Fattening calves and cattle,Other reasons for treatment,2022,187
Farm animals,Cattle,No,Fattening calves and cattle,Symptomatic treatment (unspecific),2022,516
Farm animals,Cattle,Yes,Fattening calves and cattle,Disease of the musculoskeletal system,2022,218
Farm animals,Cattle,Yes,Fattening calves and cattle,"Diseases of the respiratory tract, cardiovascular system, skin, CNS and poisonings",2022,44852
Farm animals,Cattle,All types of active ingredients,Dairy cows,"Urogenital diseases / reproduction, birth",2023,96995
Farm animals,Cattle,All types of active ingredients,Dairy cows,"Urogenital diseases / reproduction, birth",2021,87958
Farm animals,Cattle,All types of active ingredients,Dairy cows,Other reasons for treatment,2023,2968
Farm animals,Cattle,All types of active ingredients,Dairy cows,Symptomatic treatment (unspecific),2023,6527
Farm animals,Cattle,All types of active ingredients,Dairy cows,Other reasons for treatment,2021,3447
Farm animals,Cattle,All types of active ingredients,Dairy cows,Symptomatic treatment (unspecific),2021,3714
Farm animals,Cattle,Yes,Fattening calves and cattle,"Urogenital diseases / reproduction, birth",2022,12
Farm animals,Cattle,No,Cow-calf calves,Disease of the musculoskeletal system,2023,1321
Farm animals,Cattle,No,Cow-calf calves,"Diseases of the respiratory tract, cardiovascular system, skin, CNS and poisonings",2023,3414
Farm animals,Cattle,No,Cow-calf calves,Disease of the musculoskeletal system,2021,1152
Farm animals,Cattle,No,Cow-calf calves,"Diseases of the respiratory tract, cardiovascular system, skin, CNS and poisonings",2021,3036
Farm animals,Cattle,Yes,Fattening calves and cattle,Other reasons for treatment,2022,36
Farm animals,Cattle,Yes,Fattening calves and cattle,Symptomatic treatment (unspecific),2022,145
Farm animals,Cattle,No,Cow-calf calves,"Urogenital diseases / reproduction, birth",2021,95
Farm animals,Cattle,No,Cow-calf calves,"Urogenital diseases / reproduction, birth",2023,155
Farm animals,Cattle,No,Cow-calf calves,Other reasons for treatment,2021,92
Farm animals,Cattle,All types of active ingredients,Fattening calves and cattle,Disease of the musculoskeletal system,2022,2066
Farm animals,Cattle,All types of active ingredients,Fattening calves and cattle,"Diseases of the respiratory tract, cardiovascular system, skin, CNS and poisonings",2022,213874
Farm animals,Cattle,No,Cow-calf calves,Other reasons for treatment,2023,90
Farm animals,Cattle,No,Cow-calf calves,Symptomatic treatment (unspecific),2021,372
Farm animals,Cattle,No,Cow-calf calves,Symptomatic treatment (unspecific),2023,427
Farm animals,Cattle,Yes,Cow-calf calves,Disease of the musculoskeletal system,2021,116
Farm animals,Cattle,Yes,Cow-calf calves,Disease of the musculoskeletal system,2023,96
Farm animals,Cattle,Yes,Cow-calf calves,"Diseases of the respiratory tract, cardiovascular system, skin, CNS and poisonings",2021,823
Farm animals,Cattle,Yes,Cow-calf calves,"Diseases of the respiratory tract, cardiovascular system, skin, CNS and poisonings",2023,1311
Farm animals,Cattle,All types of active ingredients,Fattening calves and cattle,"Urogenital diseases / reproduction, birth",2022,474
Farm animals,Cattle,Yes,Cow-calf calves,"Urogenital diseases / reproduction, birth",2023,11
Farm animals,Cattle,Yes,Cow-calf calves,"Urogenital diseases / reproduction, birth",2021,4
Farm animals,Cattle,All types of active ingredients,Fattening calves and cattle,Other reasons for treatment,2022,223
Farm animals,Cattle,Yes,Cow-calf calves,Other reasons for treatment,2023,16
Farm animals,Cattle,All types of active ingredients,Fattening calves and cattle,Symptomatic treatment (unspecific),2022,661
Farm animals,Cattle,Yes,Cow-calf calves,Symptomatic treatment (unspecific),2023,140
Farm animals,Cattle,Yes,Cow-calf calves,Other reasons for treatment,2021,20
Farm animals,Cattle,Yes,Cow-calf calves,Symptomatic treatment (unspecific),2021,101
Farm animals,Cattle,All types of active ingredients,Cow-calf calves,Disease of the musculoskeletal system,2023,1417
Farm animals,Cattle,No,Dairy cows,Disease of the musculoskeletal system,2022,18071
Farm animals,Cattle,All types of active ingredients,Cow-calf calves,"Diseases of the respiratory tract, cardiovascular system, skin, CNS and poisonings",2023,4725
Farm animals,Cattle,No,Dairy cows,"Diseases of the respiratory tract, cardiovascular system, skin, CNS and poisonings",2022,17190
Farm animals,Cattle,All types of active ingredients,Cow-calf calves,Disease of the musculoskeletal system,2021,1268
Farm animals,Cattle,All types of active ingredients,Cow-calf calves,"Diseases of the respiratory tract, cardiovascular system, skin, CNS and poisonings",2021,3859
Farm animals,Cattle,All types of active ingredients,Cow-calf calves,"Urogenital diseases / reproduction, birth",2023,166
Farm animals,Cattle,All types of active ingredients,Cow-calf calves,"Urogenital diseases / reproduction, birth",2021,99
Farm animals,Cattle,No,Dairy cows,"Urogenital diseases / reproduction, birth",2022,84548
Farm animals,Cattle,All types of active ingredients,Cow-calf calves,Other reasons for treatment,2023,106
Farm animals,Cattle,All types of active ingredients,Cow-calf calves,Symptomatic treatment (unspecific),2023,567
Farm animals,Cattle,All types of active ingredients,Cow-calf calves,Other reasons for treatment,2021,112
Farm animals,Cattle,All types of active ingredients,Cow-calf calves,Symptomatic treatment (unspecific),2021,473
Farm animals,Cattle,No,Dairy cows,Other reasons for treatment,2022,2665
Farm animals,Cattle,No,Dairy cows,Symptomatic treatment (unspecific),2022,3430
Farm animals,Cattle,No,Suckler cows,Disease of the musculoskeletal system,2021,2815
Farm animals,Cattle,No,Suckler cows,"Diseases of the respiratory tract, cardiovascular system, skin, CNS and poisonings",2021,1119
Farm animals,Cattle,No,Suckler cows,Disease of the musculoskeletal system,2023,3629
Farm animals,Cattle,No,Suckler cows,"Diseases of the respiratory tract, cardiovascular system, skin, CNS and poisonings",2023,1599
Farm animals,Cattle,Yes,Dairy cows,Disease of the musculoskeletal system,2022,5853
Farm animals,Cattle,Yes,Dairy cows,"Diseases of the respiratory tract, cardiovascular system, skin, CNS and poisonings",2022,4316
Farm animals,Cattle,No,Suckler cows,"Urogenital diseases / reproduction, birth",2021,9051
Farm animals,Cattle,Yes,Dairy cows,"Urogenital diseases / reproduction, birth",2022,1325
Farm animals,Cattle,No,Suckler cows,"Urogenital diseases / reproduction, birth",2023,11154
Farm animals,Cattle,No,Suckler cows,Other reasons for treatment,2023,354
Farm animals,Cattle,No,Suckler cows,Symptomatic treatment (unspecific),2023,836
Farm animals,Cattle,No,Suckler cows,Other reasons for treatment,2021,363
Farm animals,Cattle,No,Suckler cows,Symptomatic treatment (unspecific),2021,418
Farm animals,Cattle,Yes,Dairy cows,Other reasons for treatment,2022,291
Farm animals,Cattle,Yes,Dairy cows,Symptomatic treatment (unspecific),2022,383
Farm animals,Cattle,Yes,Suckler cows,Disease of the musculoskeletal system,2023,165
Farm animals,Cattle,Yes,Suckler cows,"Diseases of the respiratory tract, cardiovascular system, skin, CNS and poisonings",2023,402
Farm animals,Cattle,Yes,Suckler cows,Disease of the musculoskeletal system,2021,153
Farm animals,Cattle,Yes,Suckler cows,"Diseases of the respiratory tract, cardiovascular system, skin, CNS and poisonings",2021,188
Farm animals,Cattle,All types of active ingredients,Dairy cows,Disease of the musculoskeletal system,2022,23924
Farm animals,Cattle,All types of active ingredients,Dairy cows,"Diseases of the respiratory tract, cardiovascular system, skin, CNS and poisonings",2022,21506
Farm animals,Cattle,Yes,Suckler cows,"Urogenital diseases / reproduction, birth",2021,67
Farm animals,Cattle,Yes,Suckler cows,"Urogenital diseases / reproduction, birth",2023,120
Farm animals,Cattle,Yes,Suckler cows,Other reasons for treatment,2023,29
Farm animals,Cattle,Yes,Suckler cows,Symptomatic treatment (unspecific),2023,83
Farm animals,Cattle,Yes,Suckler cows,Other reasons for treatment,2021,21
Farm animals,Cattle,Yes,Suckler cows,Symptomatic treatment (unspecific),2021,27
Farm animals,Cattle,All types of active ingredients,Suckler cows,Disease of the musculoskeletal system,2023,3794
Farm animals,Cattle,All types of active ingredients,Suckler cows,"Diseases of the respiratory tract, cardiovascular system, skin, CNS and poisonings",2023,2001
Farm animals,Cattle,All types of active ingredients,Suckler cows,Disease of the musculoskeletal system,2021,2968
Farm animals,Cattle,All types of active ingredients,Suckler cows,"Diseases of the respiratory tract, cardiovascular system, skin, CNS and poisonings",2021,1307
Farm animals,Cattle,All types of active ingredients,Dairy cows,"Urogenital diseases / reproduction, birth",2022,85873
Farm animals,Cattle,All types of active ingredients,Dairy cows,Other reasons for treatment,2022,2956
Farm animals,Cattle,All types of active ingredients,Dairy cows,Symptomatic treatment (unspecific),2022,3813
Farm animals,Cattle,All types of active ingredients,Suckler cows,"Urogenital diseases / reproduction, birth",2021,9118
Farm animals,Cattle,No,Cow-calf calves,Disease of the musculoskeletal system,2022,1107
Farm animals,Cattle,No,Cow-calf calves,"Diseases of the respiratory tract, cardiovascular system, skin, CNS and poisonings",2022,3187
Farm animals,Cattle,All types of active ingredients,Suckler cows,"Urogenital diseases / reproduction, birth",2023,11274
Farm animals,Cattle,All types of active ingredients,Suckler cows,Other reasons for treatment,2021,384
Farm animals,Cattle,All types of active ingredients,Suckler cows,Symptomatic treatment (unspecific),2021,445
Farm animals,Cattle,All types of active ingredients,Suckler cows,Other reasons for treatment,2023,383
Farm animals,Cattle,All types of active ingredients,Suckler cows,Symptomatic treatment (unspecific),2023,919
Farm animals,Cattle,No,Cattle nCU,Disease of the musculoskeletal system,2021,8617
Farm animals,Cattle,No,Cattle nCU,"Diseases of the respiratory tract, cardiovascular system, skin, CNS and poisonings",2021,8221
Farm animals,Cattle,No,Cattle nCU,Disease of the musculoskeletal system,2023,1456
Farm animals,Cattle,No,Cattle nCU,"Diseases of the respiratory tract, cardiovascular system, skin, CNS and poisonings",2023,2233
Farm animals,Cattle,No,Cow-calf calves,"Urogenital diseases / reproduction, birth",2022,113
Farm animals,Cattle,No,Cattle nCU,"Urogenital diseases / reproduction, birth",2021,20808
Farm animals,Cattle,No,Cattle nCU,"Urogenital diseases / reproduction, birth",2023,2766
Farm animals,Cattle,No,Cow-calf calves,Other reasons for treatment,2022,116
Farm animals,Cattle,No,Cow-calf calves,Symptomatic treatment (unspecific),2022,451
Farm animals,Cattle,No,Cattle nCU,Other reasons for treatment,2021,213
Farm animals,Cattle,No,Cattle nCU,Symptomatic treatment (unspecific),2021,4501
Farm animals,Cattle,Yes,Cow-calf calves,Disease of the musculoskeletal system,2022,86
Farm animals,Cattle,Yes,Cow-calf calves,"Diseases of the respiratory tract, cardiovascular system, skin, CNS and poisonings",2022,985
Farm animals,Cattle,No,Cattle nCU,Other reasons for treatment,2023,70
Farm animals,Cattle,No,Cattle nCU,Symptomatic treatment (unspecific),2023,608
Farm animals,Cattle,Yes,Cattle nCU,Disease of the musculoskeletal system,2021,1172
Farm animals,Cattle,Yes,Cattle nCU,"Diseases of the respiratory tract, cardiovascular system, skin, CNS and poisonings",2021,3712
Farm animals,Cattle,Yes,Cattle nCU,Disease of the musculoskeletal system,2023,113
Farm animals,Cattle,Yes,Cattle nCU,"Diseases of the respiratory tract, cardiovascular system, skin, CNS and poisonings",2023,739
Farm animals,Cattle,Yes,Cattle nCU,"Urogenital diseases / reproduction, birth",2023,32
Farm animals,Cattle,Yes,Cow-calf calves,"Urogenital diseases / reproduction, birth",2022,8
Farm animals,Cattle,Yes,Cattle nCU,Other reasons for treatment,2023,14
Farm animals,Cattle,Yes,Cattle nCU,Symptomatic treatment (unspecific),2023,81
Farm animals,Cattle,All types of active ingredients,Cattle nCU,Disease of the musculoskeletal system,2023,1569
Farm animals,Cattle,Yes,Cow-calf calves,Other reasons for treatment,2022,17
Farm animals,Cattle,All types of active ingredients,Cattle nCU,"Diseases of the respiratory tract, cardiovascular system, skin, CNS and poisonings",2023,2972
Farm animals,Cattle,Yes,Cow-calf calves,Symptomatic treatment (unspecific),2022,119
Farm animals,Cattle,Yes,Cattle nCU,"Urogenital diseases / reproduction, birth",2021,354
Farm animals,Cattle,Yes,Cattle nCU,Other reasons for treatment,2021,70
Farm animals,Cattle,All types of active ingredients,Cow-calf calves,Disease of the musculoskeletal system,2022,1193
Farm animals,Cattle,Yes,Cattle nCU,Symptomatic treatment (unspecific),2021,1139
Farm animals,Cattle,All types of active ingredients,Cow-calf calves,"Diseases of the respiratory tract, cardiovascular system, skin, CNS and poisonings",2022,4172
Farm animals,Cattle,All types of active ingredients,Cattle nCU,Disease of the musculoskeletal system,2021,9789
Farm animals,Cattle,All types of active ingredients,Cattle nCU,"Diseases of the respiratory tract, cardiovascular system, skin, CNS and poisonings",2021,11933
Farm animals,Cattle,All types of active ingredients,Cattle nCU,"Urogenital diseases / reproduction, birth",2023,2798
Farm animals,Cattle,All types of active ingredients,Cattle nCU,Other reasons for treatment,2023,84
Farm animals,Cattle,All types of active ingredients,Cattle nCU,Symptomatic treatment (unspecific),2023,689
Farm animals,Sheep,No,All categories of use,Disease of the musculoskeletal system,2023,2491
Farm animals,Cattle,All types of active ingredients,Cow-calf calves,"Urogenital diseases / reproduction, birth",2022,121
Farm animals,Sheep,No,All categories of use,"Diseases of the respiratory tract, cardiovascular system, skin, CNS and poisonings",2023,5423
Farm animals,Cattle,All types of active ingredients,Cattle nCU,"Urogenital diseases / reproduction, birth",2021,21162
Farm animals,Cattle,All types of active ingredients,Cattle nCU,Other reasons for treatment,2021,283
Farm animals,Cattle,All types of active ingredients,Cattle nCU,Symptomatic treatment (unspecific),2021,5640
Farm animals,Sheep,No,All categories of use,Disease of the musculoskeletal system,2021,1822
Farm animals,Sheep,No,All categories of use,"Diseases of the respiratory tract, cardiovascular system, skin, CNS and poisonings",2021,2317
Farm animals,Cattle,All types of active ingredients,Cow-calf calves,Other reasons for treatment,2022,133
Farm animals,Cattle,All types of active ingredients,Cow-calf calves,Symptomatic treatment (unspecific),2022,570
Farm animals,Sheep,No,All categories of use,"Urogenital diseases / reproduction, birth",2023,4410
Farm animals,Cattle,No,Suckler cows,Disease of the musculoskeletal system,2022,2978
Farm animals,Cattle,No,Suckler cows,"Diseases of the respiratory tract, cardiovascular system, skin, CNS and poisonings",2022,1197
Farm animals,Sheep,No,All categories of use,Symptomatic treatment (unspecific),2023,1042
Farm animals,Sheep,No,All categories of use,"Urogenital diseases / reproduction, birth",2021,4183
Farm animals,Sheep,Yes,All categories of use,Disease of the musculoskeletal system,2023,74
Farm animals,Sheep,Yes,All categories of use,"Diseases of the respiratory tract, cardiovascular system, skin, CNS and poisonings",2023,1014
Farm animals,Sheep,No,All categories of use,Symptomatic treatment (unspecific),2021,1060
Farm animals,Sheep,Yes,All categories of use,Disease of the musculoskeletal system,2021,92
Farm animals,Sheep,Yes,All categories of use,"Diseases of the respiratory tract, cardiovascular system, skin, CNS and poisonings",2021,351
Farm animals,Cattle,No,Suckler cows,"Urogenital diseases / reproduction, birth",2022,9592
Farm animals,Cattle,No,Suckler cows,Other reasons for treatment,2022,302
Farm animals,Cattle,No,Suckler cows,Symptomatic treatment (unspecific),2022,562
Farm animals,Sheep,Yes,All categories of use,"Urogenital diseases / reproduction, birth",2023,112
Farm animals,Cattle,Yes,Suckler cows,Disease of the musculoskeletal system,2022,153
Farm animals,Cattle,Yes,Suckler cows,"Diseases of the respiratory tract, cardiovascular system, skin, CNS and poisonings",2022,229
Farm animals,Sheep,Yes,All categories of use,Symptomatic treatment (unspecific),2023,85
Farm animals,Sheep,Yes,All categories of use,"Urogenital diseases / reproduction, birth",2021,104
Farm animals,Sheep,All types of active ingredients,All categories of use,Disease of the musculoskeletal system,2023,2565
Farm animals,Sheep,All types of active ingredients,All categories of use,"Diseases of the respiratory tract, cardiovascular system, skin, CNS and poisonings",2023,6437
Farm animals,Cattle,Yes,Suckler cows,"Urogenital diseases / reproduction, birth",2022,93
Farm animals,Sheep,Yes,All categories of use,Symptomatic treatment (unspecific),2021,110
Farm animals,Cattle,Yes,Suckler cows,Other reasons for treatment,2022,16
Farm animals,Sheep,All types of active ingredients,All categories of use,Disease of the musculoskeletal system,2021,1914
Farm animals,Cattle,Yes,Suckler cows,Symptomatic treatment (unspecific),2022,46
Farm animals,Sheep,All types of active ingredients,All categories of use,"Diseases of the respiratory tract, cardiovascular system, skin, CNS and poisonings",2021,2668
Farm animals,Cattle,All types of active ingredients,Suckler cows,Disease of the musculoskeletal system,2022,3131
Farm animals,Cattle,All types of active ingredients,Suckler cows,"Diseases of the respiratory tract, cardiovascular system, skin, CNS and poisonings",2022,1426
Farm animals,Sheep,All types of active ingredients,All categories of use,"Urogenital diseases / reproduction, birth",2023,4522
Farm animals,Sheep,All types of active ingredients,All categories of use,"Urogenital diseases / reproduction, birth",2021,4287
Farm animals,Sheep,All types of active ingredients,All categories of use,Symptomatic treatment (unspecific),2023,1127
Farm animals,Sheep,All types of active ingredients,All categories of use,Symptomatic treatment (unspecific),2021,1170
Farm animals,Sheep,No,Sheep,Disease of the musculoskeletal system,2023,2491
Farm animals,Cattle,All types of active ingredients,Suckler cows,"Urogenital diseases / reproduction, birth",2022,9685
Farm animals,Sheep,No,Sheep,"Diseases of the respiratory tract, cardiovascular system, skin, CNS and poisonings",2023,5423
Farm animals,Sheep,No,Sheep,Disease of the musculoskeletal system,2021,1822
Farm animals,Sheep,No,Sheep,"Diseases of the respiratory tract, cardiovascular system, skin, CNS and poisonings",2021,2317
Farm animals,Cattle,All types of active ingredients,Suckler cows,Other reasons for treatment,2022,318
Farm animals,Cattle,All types of active ingredients,Suckler cows,Symptomatic treatment (unspecific),2022,608
Farm animals,Cattle,No,Cattle nCU,Disease of the musculoskeletal system,2022,7809
Farm animals,Cattle,No,Cattle nCU,"Diseases of the respiratory tract, cardiovascular system, skin, CNS and poisonings",2022,9121
Farm animals,Sheep,No,Sheep,"Urogenital diseases / reproduction, birth",2023,4410
Farm animals,Sheep,No,Sheep,"Urogenital diseases / reproduction, birth",2021,4183
Farm animals,Sheep,No,Sheep,Symptomatic treatment (unspecific),2023,1042
Farm animals,Sheep,No,Sheep,Symptomatic treatment (unspecific),2021,1060
Farm animals,Sheep,Yes,Sheep,Disease of the musculoskeletal system,2023,74
Farm animals,Sheep,Yes,Sheep,"Diseases of the respiratory tract, cardiovascular system, skin, CNS and poisonings",2023,1014
Farm animals,Sheep,Yes,Sheep,Disease of the musculoskeletal system,2021,92
Farm animals,Sheep,Yes,Sheep,"Diseases of the respiratory tract, cardiovascular system, skin, CNS and poisonings",2021,351
Farm animals,Cattle,No,Cattle nCU,"Urogenital diseases / reproduction, birth",2022,18363
Farm animals,Cattle,No,Cattle nCU,Other reasons for treatment,2022,307
Farm animals,Cattle,No,Cattle nCU,Symptomatic treatment (unspecific),2022,3978
Farm animals,Sheep,Yes,Sheep,"Urogenital diseases / reproduction, birth",2023,112
Farm animals,Cattle,Yes,Cattle nCU,Disease of the musculoskeletal system,2022,894
Farm animals,Cattle,Yes,Cattle nCU,"Diseases of the respiratory tract, cardiovascular system, skin, CNS and poisonings",2022,3878
Farm animals,Sheep,Yes,Sheep,Symptomatic treatment (unspecific),2023,85
Farm animals,Sheep,Yes,Sheep,"Urogenital diseases / reproduction, birth",2021,104
Farm animals,Sheep,All types of active ingredients,Sheep,Disease of the musculoskeletal system,2023,2565
Farm animals,Sheep,All types of active ingredients,Sheep,"Diseases of the respiratory tract, cardiovascular system, skin, CNS and poisonings",2023,6437
Farm animals,Sheep,Yes,Sheep,Symptomatic treatment (unspecific),2021,110
Farm animals,Sheep,All types of active ingredients,Sheep,Disease of the musculoskeletal system,2021,1914
Farm animals,Sheep,All types of active ingredients,Sheep,"Diseases of the respiratory tract, cardiovascular system, skin, CNS and poisonings",2021,2668
Farm animals,Cattle,Yes,Cattle nCU,"Urogenital diseases / reproduction, birth",2022,260
Farm animals,Cattle,Yes,Cattle nCU,Other reasons for treatment,2022,90
Farm animals,Cattle,Yes,Cattle nCU,Symptomatic treatment (unspecific),2022,1112
Farm animals,Sheep,All types of active ingredients,Sheep,"Urogenital diseases / reproduction, birth",2023,4522
Farm animals,Sheep,All types of active ingredients,Sheep,"Urogenital diseases / reproduction, birth",2021,4287
Farm animals,Cattle,All types of active ingredients,Cattle nCU,Disease of the musculoskeletal system,2022,8703
Farm animals,Cattle,All types of active ingredients,Cattle nCU,"Diseases of the respiratory tract, cardiovascular system, skin, CNS and poisonings",2022,12999
Farm animals,Sheep,All types of active ingredients,Sheep,Symptomatic treatment (unspecific),2023,1127
Farm animals,Sheep,All types of active ingredients,Sheep,Symptomatic treatment (unspecific),2021,1170
Farm animals,Pigs,No,All categories of use,Disease of the musculoskeletal system,2023,8969
Farm animals,Pigs,No,All categories of use,Disease of the musculoskeletal system,2021,13486
Farm animals,Pigs,No,All categories of use,"Diseases of the respiratory tract, cardiovascular system, skin, CNS and poisonings",2023,24592
Farm animals,Pigs,No,All categories of use,"Diseases of the respiratory tract, cardiovascular system, skin, CNS and poisonings",2021,28129
Farm animals,Pigs,No,All categories of use,Mammary gland diseases incl. mastitis,2023,139
Farm animals,Pigs,No,All categories of use,Mammary gland diseases incl. mastitis,2021,411
Farm animals,Pigs,No,All categories of use,Specific infectious diseases,2023,12006
Farm animals,Pigs,No,All categories of use,Specific infectious diseases,2021,22309
Farm animals,Pigs,No,All categories of use,"Urogenital diseases / reproduction, birth",2023,347
Farm animals,Pigs,No,All categories of use,"Digestion, diarrhea",2023,74642
Farm animals,Pigs,No,All categories of use,"Animal husbandry, prophylaxis",2023,1553
Farm animals,Pigs,No,All categories of use,Other reasons for treatment,2023,977
Farm animals,Cattle,All types of active ingredients,Cattle nCU,"Urogenital diseases / reproduction, birth",2022,18623
Farm animals,Pigs,No,All categories of use,"Urogenital diseases / reproduction, birth",2021,373
Farm animals,Pigs,Yes,All categories of use,Disease of the musculoskeletal system,2023,348
Farm animals,Pigs,No,All categories of use,"Digestion, diarrhea",2021,160326
Farm animals,Pigs,Yes,All categories of use,"Diseases of the respiratory tract, cardiovascular system, skin, CNS and poisonings",2023,2118
Farm animals,Pigs,No,All categories of use,"Animal husbandry, prophylaxis",2021,2796
Farm animals,Pigs,Yes,All categories of use,Mammary gland diseases incl. mastitis,2023,483
Farm animals,Pigs,No,All categories of use,Other reasons for treatment,2021,1300
Farm animals,Pigs,Yes,All categories of use,Specific infectious diseases,2023,1539
Farm animals,Cattle,All types of active ingredients,Cattle nCU,Other reasons for treatment,2022,397
Farm animals,Cattle,All types of active ingredients,Cattle nCU,Symptomatic treatment (unspecific),2022,5090
Farm animals,Pigs,Yes,All categories of use,"Urogenital diseases / reproduction, birth",2023,207
Farm animals,Pigs,Yes,All categories of use,"Digestion, diarrhea",2023,14786
Farm animals,Pigs,Yes,All categories of use,"Animal husbandry, prophylaxis",2023,2
Farm animals,Pigs,Yes,All categories of use,Other reasons for treatment,2023,1318
Farm animals,Pigs,Yes,All categories of use,Disease of the musculoskeletal system,2021,1233
Farm animals,Pigs,Yes,All categories of use,"Diseases of the respiratory tract, cardiovascular system, skin, CNS and poisonings",2021,3744
Farm animals,Pigs,Yes,All categories of use,Mammary gland diseases incl. mastitis,2021,322
Farm animals,Pigs,Yes,All categories of use,Specific infectious diseases,2021,3743
Farm animals,Sheep,No,All categories of use,Disease of the musculoskeletal system,2022,1671
Farm animals,Sheep,No,All categories of use,"Diseases of the respiratory tract, cardiovascular system, skin, CNS and poisonings",2022,2591
Farm animals,Pigs,All types of active ingredients,All categories of use,Disease of the musculoskeletal system,2023,9317
Farm animals,Pigs,All types of active ingredients,All categories of use,"Diseases of the respiratory tract, cardiovascular system, skin, CNS and poisonings",2023,26710
Farm animals,Pigs,All types of active ingredients,All categories of use,Mammary gland diseases incl. mastitis,2023,622
Farm animals,Pigs,All types of active ingredients,All categories of use,Specific infectious diseases,2023,13545
Farm animals,Pigs,Yes,All categories of use,"Urogenital diseases / reproduction, birth",2021,299
Farm animals,Pigs,Yes,All categories of use,"Digestion, diarrhea",2021,24256
Farm animals,Pigs,Yes,All categories of use,"Animal husbandry, prophylaxis",2021,5
Farm animals,Pigs,Yes,All categories of use,Other reasons for treatment,2021,126
Farm animals,Pigs,All types of active ingredients,All categories of use,"Urogenital diseases / reproduction, birth",2023,554
Farm animals,Pigs,All types of active ingredients,All categories of use,"Digestion, diarrhea",2023,89428
Farm animals,Pigs,All types of active ingredients,All categories of use,"Animal husbandry, prophylaxis",2023,1555
Farm animals,Pigs,All types of active ingredients,All categories of use,Other reasons for treatment,2023,2295
Farm animals,Pigs,All types of active ingredients,All categories of use,Disease of the musculoskeletal system,2021,14719
Farm animals,Pigs,All types of active ingredients,All categories of use,"Diseases of the respiratory tract, cardiovascular system, skin, CNS and poisonings",2021,31873
Farm animals,Pigs,All types of active ingredients,All categories of use,Mammary gland diseases incl. mastitis,2021,733
Farm animals,Pigs,No,Young sows,Disease of the musculoskeletal system,2023,80
Farm animals,Pigs,No,Young sows,"Diseases of the respiratory tract, cardiovascular system, skin, CNS and poisonings",2023,10
Farm animals,Pigs,No,Young sows,Mammary gland diseases incl. mastitis,2023,1
Farm animals,Pigs,No,Young sows,Specific infectious diseases,2023,20
Farm animals,Pigs,All types of active ingredients,All categories of use,Specific infectious diseases,2021,26052
Farm animals,Sheep,No,All categories of use,"Urogenital diseases / reproduction, birth",2022,4394
Farm animals,Pigs,No,Young sows,"Urogenital diseases / reproduction, birth",2023,2
Farm animals,Pigs,No,Young sows,"Digestion, diarrhea",2023,51
Farm animals,Pigs,No,Young sows,"Animal husbandry, prophylaxis",2023,34
Farm animals,Pigs,No,Young sows,Other reasons for treatment,2023,4
Farm animals,Sheep,No,All categories of use,Symptomatic treatment (unspecific),2022,1038
Farm animals,Pigs,All types of active ingredients,All categories of use,"Urogenital diseases / reproduction, birth",2021,672
Farm animals,Pigs,All types of active ingredients,All categories of use,"Digestion, diarrhea",2021,184582
Farm animals,Pigs,All types of active ingredients,All categories of use,"Animal husbandry, prophylaxis",2021,2801
Farm animals,Pigs,All types of active ingredients,All categories of use,Other reasons for treatment,2021,1426
Farm animals,Pigs,Yes,Young sows,Disease of the musculoskeletal system,2023,3
Farm animals,Pigs,Yes,Young sows,"Diseases of the respiratory tract, cardiovascular system, skin, CNS and poisonings",2023,166
Farm animals,Pigs,Yes,Young sows,Mammary gland diseases incl. mastitis,2023,5
Farm animals,Pigs,No,Young sows,Disease of the musculoskeletal system,2021,62
Farm animals,Sheep,Yes,All categories of use,Disease of the musculoskeletal system,2022,103
Farm animals,Pigs,No,Young sows,"Diseases of the respiratory tract, cardiovascular system, skin, CNS and poisonings",2021,97
Farm animals,Sheep,Yes,All categories of use,"Diseases of the respiratory tract, cardiovascular system, skin, CNS and poisonings",2022,382
Farm animals,Pigs,No,Young sows,Mammary gland diseases incl. mastitis,2021,10
Farm animals,Pigs,No,Young sows,Specific infectious diseases,2021,12
Farm animals,Pigs,Yes,Young sows,"Urogenital diseases / reproduction, birth",2023,1
Farm animals,Pigs,Yes,Young sows,"Digestion, diarrhea",2023,123
Farm animals,Pigs,Yes,Young sows,Other reasons for treatment,2023,4
Farm animals,Pigs,No,Young sows,"Urogenital diseases / reproduction, birth",2021,2
Farm animals,Pigs,No,Young sows,"Digestion, diarrhea",2021,762
Farm animals,Pigs,No,Young sows,"Animal husbandry, prophylaxis",2021,6
Farm animals,Pigs,No,Young sows,Other reasons for treatment,2021,2
Farm animals,Pigs,All types of active ingredients,Young sows,Disease of the musculoskeletal system,2023,83
Farm animals,Pigs,All types of active ingredients,Young sows,"Diseases of the respiratory tract, cardiovascular system, skin, CNS and poisonings",2023,176
Farm animals,Pigs,All types of active ingredients,Young sows,Mammary gland diseases incl. mastitis,2023,6
Farm animals,Pigs,All types of active ingredients,Young sows,Specific infectious diseases,2023,20
Farm animals,Pigs,Yes,Young sows,Disease of the musculoskeletal system,2021,2
Farm animals,Pigs,Yes,Young sows,"Diseases of the respiratory tract, cardiovascular system, skin, CNS and poisonings",2021,7
Farm animals,Pigs,Yes,Young sows,Specific infectious diseases,2021,1
Farm animals,Pigs,Yes,Young sows,"Urogenital diseases / reproduction, birth",2021,4
Farm animals,Pigs,Yes,Young sows,"Digestion, diarrhea",2021,63
Farm animals,Pigs,Yes,Young sows,Other reasons for treatment,2021,2
Farm animals,Pigs,All types of active ingredients,Young sows,"Urogenital diseases / reproduction, birth",2023,3
Farm animals,Pigs,All types of active ingredients,Young sows,"Digestion, diarrhea",2023,174
Farm animals,Pigs,All types of active ingredients,Young sows,"Animal husbandry, prophylaxis",2023,34
Farm animals,Pigs,All types of active ingredients,Young sows,Disease of the musculoskeletal system,2021,64
Farm animals,Pigs,All types of active ingredients,Young sows,Other reasons for treatment,2023,8
Farm animals,Pigs,All types of active ingredients,Young sows,"Diseases of the respiratory tract, cardiovascular system, skin, CNS and poisonings",2021,104
Farm animals,Pigs,All types of active ingredients,Young sows,Mammary gland diseases incl. mastitis,2021,10
Farm animals,Pigs,All types of active ingredients,Young sows,Specific infectious diseases,2021,13
Farm animals,Pigs,No,Fattening pigs,Disease of the musculoskeletal system,2023,5460
Farm animals,Pigs,No,Fattening pigs,"Diseases of the respiratory tract, cardiovascular system, skin, CNS and poisonings",2023,12280
Farm animals,Pigs,No,Fattening pigs,Mammary gland diseases incl. mastitis,2023,32
Farm animals,Pigs,No,Fattening pigs,Specific infectious diseases,2023,7096
Farm animals,Sheep,Yes,All categories of use,"Urogenital diseases / reproduction, birth",2022,91
Farm animals,Pigs,All types of active ingredients,Young sows,"Urogenital diseases / reproduction, birth",2021,6
Farm animals,Sheep,Yes,All categories of use,Symptomatic treatment (unspecific),2022,92
Farm animals,Pigs,All types of active ingredients,Young sows,"Digestion, diarrhea",2021,825
Farm animals,Pigs,All types of active ingredients,Young sows,"Animal husbandry, prophylaxis",2021,6
Farm animals,Pigs,All types of active ingredients,Young sows,Other reasons for treatment,2021,4
Farm animals,Pigs,No,Fattening pigs,"Urogenital diseases / reproduction, birth",2023,29
Farm animals,Pigs,No,Fattening pigs,"Digestion, diarrhea",2023,20416
Farm animals,Sheep,All types of active ingredients,All categories of use,Disease of the musculoskeletal system,2022,1774
Farm animals,Pigs,No,Fattening pigs,"Animal husbandry, prophylaxis",2023,803
Farm animals,Pigs,No,Fattening pigs,Other reasons for treatment,2023,371
Farm animals,Sheep,All types of active ingredients,All categories of use,"Diseases of the respiratory tract, cardiovascular system, skin, CNS and poisonings",2022,2973
Farm animals,Pigs,No,Fattening pigs,Disease of the musculoskeletal system,2021,7541
Farm animals,Pigs,No,Fattening pigs,"Diseases of the respiratory tract, cardiovascular system, skin, CNS and poisonings",2021,14769
Farm animals,Pigs,No,Fattening pigs,Mammary gland diseases incl. mastitis,2021,8
Farm animals,Pigs,No,Fattening pigs,Specific infectious diseases,2021,12085
Farm animals,Pigs,Yes,Fattening pigs,Disease of the musculoskeletal system,2023,103
Farm animals,Pigs,Yes,Fattening pigs,"Diseases of the respiratory tract, cardiovascular system, skin, CNS and poisonings",2023,1400
Farm animals,Pigs,Yes,Fattening pigs,Mammary gland diseases incl. mastitis,2023,186
Farm animals,Pigs,Yes,Fattening pigs,Specific infectious diseases,2023,1092
Farm animals,Pigs,No,Fattening pigs,"Urogenital diseases / reproduction, birth",2021,9
Farm animals,Pigs,No,Fattening pigs,"Digestion, diarrhea",2021,38432
Farm animals,Pigs,No,Fattening pigs,"Animal husbandry, prophylaxis",2021,2152
Farm animals,Pigs,No,Fattening pigs,Other reasons for treatment,2021,403
Farm animals,Pigs,Yes,Fattening pigs,"Urogenital diseases / reproduction, birth",2023,10
Farm animals,Pigs,Yes,Fattening pigs,"Digestion, diarrhea",2023,3182
Farm animals,Pigs,Yes,Fattening pigs,"Animal husbandry, prophylaxis",2023,1
Farm animals,Pigs,Yes,Fattening pigs,Other reasons for treatment,2023,73
Farm animals,Pigs,Yes,Fattening pigs,Disease of the musculoskeletal system,2021,871
Farm animals,Pigs,Yes,Fattening pigs,"Diseases of the respiratory tract, cardiovascular system, skin, CNS and poisonings",2021,2485
Farm animals,Pigs,Yes,Fattening pigs,Mammary gland diseases incl. mastitis,2021,12
Farm animals,Pigs,Yes,Fattening pigs,Specific infectious diseases,2021,1648
Farm animals,Sheep,All types of active ingredients,All categories of use,"Urogenital diseases / reproduction, birth",2022,4485
Farm animals,Pigs,All types of active ingredients,Fattening pigs,Disease of the musculoskeletal system,2023,5563
Farm animals,Pigs,All types of active ingredients,Fattening pigs,"Diseases of the respiratory tract, cardiovascular system, skin, CNS and poisonings",2023,13680
Farm animals,Pigs,All types of active ingredients,Fattening pigs,Mammary gland diseases incl. mastitis,2023,218
Farm animals,Pigs,Yes,Fattening pigs,"Urogenital diseases / reproduction, birth",2021,5
Farm animals,Pigs,All types of active ingredients,Fattening pigs,Specific infectious diseases,2023,8188
Farm animals,Pigs,Yes,Fattening pigs,"Digestion, diarrhea",2021,5351
Farm animals,Pigs,Yes,Fattening pigs,Other reasons for treatment,2021,11
Farm animals,Pigs,All types of active ingredients,Fattening pigs,Disease of the musculoskeletal system,2021,8412
Farm animals,Pigs,All types of active ingredients,Fattening pigs,"Diseases of the respiratory tract, cardiovascular system, skin, CNS and poisonings",2021,17254
Farm animals,Pigs,All types of active ingredients,Fattening pigs,Mammary gland diseases incl. mastitis,2021,20
Farm animals,Pigs,All types of active ingredients,Fattening pigs,Specific infectious diseases,2021,13733
Farm animals,Sheep,All types of active ingredients,All categories of use,Symptomatic treatment (unspecific),2022,1130
Farm animals,Pigs,All types of active ingredients,Fattening pigs,"Urogenital diseases / reproduction, birth",2023,39
Farm animals,Pigs,All types of active ingredients,Fattening pigs,"Urogenital diseases / reproduction, birth",2021,14
Farm animals,Pigs,All types of active ingredients,Fattening pigs,"Digestion, diarrhea",2023,23598
Farm animals,Pigs,All types of active ingredients,Fattening pigs,"Digestion, diarrhea",2021,43783
Farm animals,Pigs,All types of active ingredients,Fattening pigs,"Animal husbandry, prophylaxis",2023,804
Farm animals,Pigs,All types of active ingredients,Fattening pigs,"Animal husbandry, prophylaxis",2021,2152
Farm animals,Pigs,All types of active ingredients,Fattening pigs,Other reasons for treatment,2021,414
Farm animals,Pigs,All types of active ingredients,Fattening pigs,Other reasons for treatment,2023,444
Farm animals,Sheep,No,Sheep,Disease of the musculoskeletal system,2022,1671
Farm animals,Sheep,No,Sheep,"Diseases of the respiratory tract, cardiovascular system, skin, CNS and poisonings",2022,2591
Farm animals,Pigs,No,Suckling and weaned piglets,Disease of the musculoskeletal system,2021,3438
Farm animals,Pigs,No,Suckling and weaned piglets,"Diseases of the respiratory tract, cardiovascular system, skin, CNS and poisonings",2021,12550
Farm animals,Pigs,No,Suckling and weaned piglets,Disease of the musculoskeletal system,2023,2081
Farm animals,Pigs,No,Suckling and weaned piglets,Mammary gland diseases incl. mastitis,2021,4
Farm animals,Pigs,No,Suckling and weaned piglets,"Diseases of the respiratory tract, cardiovascular system, skin, CNS and poisonings",2023,11783
Farm animals,Pigs,No,Suckling and weaned piglets,Specific infectious diseases,2021,9879
Farm animals,Pigs,No,Suckling and weaned piglets,Mammary gland diseases incl. mastitis,2023,2
Farm animals,Pigs,No,Suckling and weaned piglets,Specific infectious diseases,2023,4768
Farm animals,Pigs,No,Suckling and weaned piglets,"Urogenital diseases / reproduction, birth",2021,4
Farm animals,Pigs,No,Suckling and weaned piglets,"Digestion, diarrhea",2021,115839
Farm animals,Pigs,No,Suckling and weaned piglets,"Animal husbandry, prophylaxis",2021,436
Farm animals,Pigs,No,Suckling and weaned piglets,Other reasons for treatment,2021,822
Farm animals,Pigs,No,Suckling and weaned piglets,"Urogenital diseases / reproduction, birth",2023,6
Farm animals,Pigs,No,Suckling and weaned piglets,"Digestion, diarrhea",2023,53774
Farm animals,Pigs,No,Suckling and weaned piglets,"Animal husbandry, prophylaxis",2023,582
Farm animals,Pigs,No,Suckling and weaned piglets,Other reasons for treatment,2023,491
Farm animals,Pigs,Yes,Suckling and weaned piglets,Disease of the musculoskeletal system,2021,272
Farm animals,Pigs,Yes,Suckling and weaned piglets,"Diseases of the respiratory tract, cardiovascular system, skin, CNS and poisonings",2021,1182
Farm animals,Pigs,Yes,Suckling and weaned piglets,Mammary gland diseases incl. mastitis,2021,2
Farm animals,Pigs,Yes,Suckling and weaned piglets,Specific infectious diseases,2021,2034
Farm animals,Sheep,No,Sheep,"Urogenital diseases / reproduction, birth",2022,4394
Farm animals,Pigs,Yes,Suckling and weaned piglets,Disease of the musculoskeletal system,2023,163
Farm animals,Pigs,Yes,Suckling and weaned piglets,"Diseases of the respiratory tract, cardiovascular system, skin, CNS and poisonings",2023,498
Farm animals,Pigs,Yes,Suckling and weaned piglets,Mammary gland diseases incl. mastitis,2023,8
Farm animals,Pigs,Yes,Suckling and weaned piglets,Specific infectious diseases,2023,442
Farm animals,Sheep,No,Sheep,Symptomatic treatment (unspecific),2022,1038
Farm animals,Pigs,Yes,Suckling and weaned piglets,"Urogenital diseases / reproduction, birth",2021,1
Farm animals,Pigs,Yes,Suckling and weaned piglets,"Digestion, diarrhea",2021,17010
Farm animals,Pigs,Yes,Suckling and weaned piglets,"Animal husbandry, prophylaxis",2021,2
Farm animals,Pigs,Yes,Suckling and weaned piglets,Other reasons for treatment,2021,8
Farm animals,Pigs,Yes,Suckling and weaned piglets,"Urogenital diseases / reproduction, birth",2023,9
Farm animals,Pigs,Yes,Suckling and weaned piglets,"Digestion, diarrhea",2023,11215
Farm animals,Pigs,Yes,Suckling and weaned piglets,Other reasons for treatment,2023,1039
Farm animals,Sheep,Yes,Sheep,Disease of the musculoskeletal system,2022,103
Farm animals,Sheep,Yes,Sheep,"Diseases of the respiratory tract, cardiovascular system, skin, CNS and poisonings",2022,382
Farm animals,Pigs,All types of active ingredients,Suckling and weaned piglets,Disease of the musculoskeletal system,2023,2244
Farm animals,Pigs,All types of active ingredients,Suckling and weaned piglets,"Diseases of the respiratory tract, cardiovascular system, skin, CNS and poisonings",2023,12281
Farm animals,Pigs,All types of active ingredients,Suckling and weaned piglets,Mammary gland diseases incl. mastitis,2023,10
Farm animals,Pigs,All types of active ingredients,Suckling and weaned piglets,Specific infectious diseases,2023,5210
Farm animals,Pigs,All types of active ingredients,Suckling and weaned piglets,Disease of the musculoskeletal system,2021,3710
Farm animals,Pigs,All types of active ingredients,Suckling and weaned piglets,"Diseases of the respiratory tract, cardiovascular system, skin, CNS and poisonings",2021,13732
Farm animals,Pigs,All types of active ingredients,Suckling and weaned piglets,Mammary gland diseases incl. mastitis,2021,6
Farm animals,Pigs,All types of active ingredients,Suckling and weaned piglets,Specific infectious diseases,2021,11913
Farm animals,Pigs,All types of active ingredients,Suckling and weaned piglets,"Urogenital diseases / reproduction, birth",2023,15
Farm animals,Pigs,All types of active ingredients,Suckling and weaned piglets,"Digestion, diarrhea",2023,64989
Farm animals,Pigs,All types of active ingredients,Suckling and weaned piglets,"Animal husbandry, prophylaxis",2023,582
Farm animals,Pigs,All types of active ingredients,Suckling and weaned piglets,Other reasons for treatment,2023,1530
Farm animals,Pigs,All types of active ingredients,Suckling and weaned piglets,"Urogenital diseases / reproduction, birth",2021,5
Farm animals,Pigs,All types of active ingredients,Suckling and weaned piglets,"Digestion, diarrhea",2021,132849
Farm animals,Pigs,All types of active ingredients,Suckling and weaned piglets,"Animal husbandry, prophylaxis",2021,438
Farm animals,Pigs,All types of active ingredients,Suckling and weaned piglets,Other reasons for treatment,2021,830
Farm animals,Sheep,Yes,Sheep,"Urogenital diseases / reproduction, birth",2022,91
Farm animals,Pigs,No,Pigs nCU,Disease of the musculoskeletal system,2023,139
Farm animals,Sheep,Yes,Sheep,Symptomatic treatment (unspecific),2022,92
Farm animals,Pigs,No,Pigs nCU,"Diseases of the respiratory tract, cardiovascular system, skin, CNS and poisonings",2023,465
Farm animals,Pigs,No,Pigs nCU,Mammary gland diseases incl. mastitis,2023,4
Farm animals,Pigs,No,Pigs nCU,Disease of the musculoskeletal system,2021,1498
Farm animals,Pigs,No,Pigs nCU,"Diseases of the respiratory tract, cardiovascular system, skin, CNS and poisonings",2021,633
Farm animals,Sheep,All types of active ingredients,Sheep,Disease of the musculoskeletal system,2022,1774
Farm animals,Pigs,No,Pigs nCU,"Urogenital diseases / reproduction, birth",2023,27
Farm animals,Pigs,No,Pigs nCU,Mammary gland diseases incl. mastitis,2021,177
Farm animals,Sheep,All types of active ingredients,Sheep,"Diseases of the respiratory tract, cardiovascular system, skin, CNS and poisonings",2022,2973
Farm animals,Pigs,No,Pigs nCU,"Digestion, diarrhea",2023,157
Farm animals,Pigs,No,Pigs nCU,"Animal husbandry, prophylaxis",2023,42
Farm animals,Pigs,No,Pigs nCU,Other reasons for treatment,2023,67
Farm animals,Pigs,No,Pigs nCU,Specific infectious diseases,2021,304
Farm animals,Pigs,Yes,Pigs nCU,Disease of the musculoskeletal system,2023,6
Farm animals,Pigs,Yes,Pigs nCU,"Diseases of the respiratory tract, cardiovascular system, skin, CNS and poisonings",2023,7
Farm animals,Pigs,Yes,Pigs nCU,Mammary gland diseases incl. mastitis,2023,17
Farm animals,Pigs,Yes,Pigs nCU,Specific infectious diseases,2023,1
Farm animals,Pigs,No,Pigs nCU,"Urogenital diseases / reproduction, birth",2021,107
Farm animals,Pigs,No,Pigs nCU,"Digestion, diarrhea",2021,5237
Farm animals,Pigs,No,Pigs nCU,"Animal husbandry, prophylaxis",2021,147
Farm animals,Pigs,No,Pigs nCU,Other reasons for treatment,2021,32
Farm animals,Pigs,Yes,Pigs nCU,Disease of the musculoskeletal system,2021,44
Farm animals,Pigs,Yes,Pigs nCU,"Diseases of the respiratory tract, cardiovascular system, skin, CNS and poisonings",2021,48
Farm animals,Pigs,Yes,Pigs nCU,"Urogenital diseases / reproduction, birth",2023,1
Farm animals,Pigs,Yes,Pigs nCU,Mammary gland diseases incl. mastitis,2021,85
Farm animals,Pigs,Yes,Pigs nCU,Specific infectious diseases,2021,49
Farm animals,Pigs,Yes,Pigs nCU,"Digestion, diarrhea",2023,52
Farm animals,Pigs,Yes,Pigs nCU,Other reasons for treatment,2023,3
Farm animals,Sheep,All types of active ingredients,Sheep,"Urogenital diseases / reproduction, birth",2022,4485
Farm animals,Pigs,Yes,Pigs nCU,"Urogenital diseases / reproduction, birth",2021,29
Farm animals,Pigs,Yes,Pigs nCU,"Digestion, diarrhea",2021,1774
Farm animals,Pigs,Yes,Pigs nCU,"Animal husbandry, prophylaxis",2021,1
Farm animals,Pigs,Yes,Pigs nCU,Other reasons for treatment,2021,56
Farm animals,Pigs,All types of active ingredients,Pigs nCU,Disease of the musculoskeletal system,2023,145
Farm animals,Sheep,All types of active ingredients,Sheep,Symptomatic treatment (unspecific),2022,1130
Farm animals,Pigs,All types of active ingredients,Pigs nCU,"Diseases of the respiratory tract, cardiovascular system, skin, CNS and poisonings",2023,472
Farm animals,Pigs,All types of active ingredients,Pigs nCU,Mammary gland diseases incl. mastitis,2023,21
Farm animals,Pigs,All types of active ingredients,Pigs nCU,Specific infectious diseases,2023,1
Farm animals,Pigs,All types of active ingredients,Pigs nCU,Disease of the musculoskeletal system,2021,1542
Farm animals,Pigs,All types of active ingredients,Pigs nCU,"Urogenital diseases / reproduction, birth",2023,28
Farm animals,Pigs,All types of active ingredients,Pigs nCU,"Digestion, diarrhea",2023,209
Farm animals,Pigs,All types of active ingredients,Pigs nCU,"Animal husbandry, prophylaxis",2023,42
Farm animals,Pigs,All types of active ingredients,Pigs nCU,Other reasons for treatment,2023,70
Farm animals,Pigs,All types of active ingredients,Pigs nCU,"Diseases of the respiratory tract, cardiovascular system, skin, CNS and poisonings",2021,681
Farm animals,Pigs,No,All categories of use,Disease of the musculoskeletal system,2022,8932
Farm animals,Pigs,All types of active ingredients,Pigs nCU,Mammary gland diseases incl. mastitis,2021,262
Farm animals,Pigs,No,All categories of use,"Diseases of the respiratory tract, cardiovascular system, skin, CNS and poisonings",2022,17610
Farm animals,Pigs,No,All categories of use,Mammary gland diseases incl. mastitis,2022,458
Farm animals,Pigs,No,Breeding sows and boars,Disease of the musculoskeletal system,2023,1209
Farm animals,Pigs,No,Breeding sows and boars,"Diseases of the respiratory tract, cardiovascular system, skin, CNS and poisonings",2023,54
Farm animals,Pigs,No,Breeding sows and boars,Mammary gland diseases incl. mastitis,2023,100
Farm animals,Pigs,No,All categories of use,Specific infectious diseases,2022,14919
Farm animals,Pigs,No,Breeding sows and boars,Specific infectious diseases,2023,122
Farm animals,Pigs,All types of active ingredients,Pigs nCU,Specific infectious diseases,2021,353
Farm animals,Pigs,No,Breeding sows and boars,"Urogenital diseases / reproduction, birth",2023,283
Farm animals,Pigs,No,All categories of use,"Urogenital diseases / reproduction, birth",2022,468
Farm animals,Pigs,No,Breeding sows and boars,"Digestion, diarrhea",2023,244
Farm animals,Pigs,No,All categories of use,"Digestion, diarrhea",2022,107640
Farm animals,Pigs,No,Breeding sows and boars,"Animal husbandry, prophylaxis",2023,92
Farm animals,Pigs,No,All categories of use,"Animal husbandry, prophylaxis",2022,3400
Farm animals,Pigs,No,Breeding sows and boars,Other reasons for treatment,2023,44
Farm animals,Pigs,No,All categories of use,Other reasons for treatment,2022,1286
Farm animals,Pigs,Yes,Breeding sows and boars,Disease of the musculoskeletal system,2023,73
Farm animals,Pigs,Yes,Breeding sows and boars,"Diseases of the respiratory tract, cardiovascular system, skin, CNS and poisonings",2023,47
Farm animals,Pigs,Yes,Breeding sows and boars,Mammary gland diseases incl. mastitis,2023,267
Farm animals,Pigs,Yes,Breeding sows and boars,Specific infectious diseases,2023,4
Farm animals,Pigs,All types of active ingredients,Pigs nCU,"Urogenital diseases / reproduction, birth",2021,136
Farm animals,Pigs,All types of active ingredients,Pigs nCU,"Digestion, diarrhea",2021,7011
Farm animals,Pigs,All types of active ingredients,Pigs nCU,"Animal husbandry, prophylaxis",2021,148
Farm animals,Pigs,All types of active ingredients,Pigs nCU,Other reasons for treatment,2021,88
Farm animals,Pigs,Yes,All categories of use,Disease of the musculoskeletal system,2022,766
Farm animals,Pigs,Yes,All categories of use,"Diseases of the respiratory tract, cardiovascular system, skin, CNS and poisonings",2022,1922
Farm animals,Pigs,Yes,All categories of use,Mammary gland diseases incl. mastitis,2022,245
Farm animals,Pigs,Yes,All categories of use,Specific infectious diseases,2022,2046
Farm animals,Pigs,Yes,Breeding sows and boars,"Urogenital diseases / reproduction, birth",2023,186
Farm animals,Pigs,Yes,Breeding sows and boars,"Digestion, diarrhea",2023,214
Farm animals,Pigs,Yes,Breeding sows and boars,"Animal husbandry, prophylaxis",2023,1
Farm animals,Pigs,Yes,Breeding sows and boars,Other reasons for treatment,2023,199
Farm animals,Pigs,No,Breeding sows and boars,Disease of the musculoskeletal system,2021,947
Farm animals,Pigs,No,Breeding sows and boars,"Diseases of the respiratory tract, cardiovascular system, skin, CNS and poisonings",2021,80
Farm animals,Pigs,Yes,All categories of use,"Urogenital diseases / reproduction, birth",2022,250
Farm animals,Pigs,Yes,All categories of use,"Digestion, diarrhea",2022,16719
Farm animals,Pigs,Yes,All categories of use,"Animal husbandry, prophylaxis",2022,5
Farm animals,Pigs,Yes,All categories of use,Other reasons for treatment,2022,110
Farm animals,Pigs,No,Breeding sows and boars,Mammary gland diseases incl. mastitis,2021,212
Farm animals,Pigs,All types of active ingredients,Breeding sows and boars,Disease of the musculoskeletal system,2023,1282
Farm animals,Pigs,No,Breeding sows and boars,Specific infectious diseases,2021,29
Farm animals,Pigs,All types of active ingredients,Breeding sows and boars,"Diseases of the respiratory tract, cardiovascular system, skin, CNS and poisonings",2023,101
Farm animals,Pigs,All types of active ingredients,Breeding sows and boars,Mammary gland diseases incl. mastitis,2023,367
Farm animals,Pigs,All types of active ingredients,Breeding sows and boars,Specific infectious diseases,2023,126
Farm animals,Pigs,No,Breeding sows and boars,"Urogenital diseases / reproduction, birth",2021,251
Farm animals,Pigs,No,Breeding sows and boars,"Digestion, diarrhea",2021,56
Farm animals,Pigs,No,Breeding sows and boars,"Animal husbandry, prophylaxis",2021,55
Farm animals,Pigs,All types of active ingredients,All categories of use,Disease of the musculoskeletal system,2022,9698
Farm animals,Pigs,All types of active ingredients,Breeding sows and boars,"Urogenital diseases / reproduction, birth",2023,469
Farm animals,Pigs,No,Breeding sows and boars,Other reasons for treatment,2021,41
Farm animals,Pigs,All types of active ingredients,Breeding sows and boars,"Digestion, diarrhea",2023,458
Farm animals,Pigs,All types of active ingredients,All categories of use,"Diseases of the respiratory tract, cardiovascular system, skin, CNS and poisonings",2022,19532
Farm animals,Pigs,All types of active ingredients,All categories of use,Mammary gland diseases incl. mastitis,2022,703
Farm animals,Pigs,All types of active ingredients,Breeding sows and boars,"Animal husbandry, prophylaxis",2023,93
Farm animals,Pigs,All types of active ingredients,Breeding sows and boars,Other reasons for treatment,2023,243
Farm animals,Pigs,Yes,Breeding sows and boars,Disease of the musculoskeletal system,2021,44
Farm animals,Pigs,Yes,Breeding sows and boars,"Diseases of the respiratory tract, cardiovascular system, skin, CNS and poisonings",2021,22
Farm animals,Pigs,Yes,Breeding sows and boars,Mammary gland diseases incl. mastitis,2021,223
Farm animals,Pigs,Yes,Breeding sows and boars,Specific infectious diseases,2021,11
Farm animals,Pigs,All types of active ingredients,All categories of use,Specific infectious diseases,2022,16965
Farm animals,Goats,No,All categories of use,Disease of the musculoskeletal system,2023,901
Farm animals,Goats,No,All categories of use,"Diseases of the respiratory tract, cardiovascular system, skin, CNS and poisonings",2023,3064
Farm animals,Pigs,All types of active ingredients,All categories of use,"Urogenital diseases / reproduction, birth",2022,718
Farm animals,Pigs,All types of active ingredients,All categories of use,"Digestion, diarrhea",2022,124359
Farm animals,Pigs,Yes,Breeding sows and boars,"Urogenital diseases / reproduction, birth",2021,260
Farm animals,Pigs,All types of active ingredients,All categories of use,"Animal husbandry, prophylaxis",2022,3405
Farm animals,Pigs,Yes,Breeding sows and boars,"Digestion, diarrhea",2021,58
Farm animals,Pigs,All types of active ingredients,All categories of use,Other reasons for treatment,2022,1396
Farm animals,Pigs,Yes,Breeding sows and boars,"Animal husbandry, prophylaxis",2021,2
Farm animals,Pigs,Yes,Breeding sows and boars,Other reasons for treatment,2021,49
Farm animals,Pigs,No,Young sows,Disease of the musculoskeletal system,2022,44
Farm animals,Pigs,No,Young sows,"Diseases of the respiratory tract, cardiovascular system, skin, CNS and poisonings",2022,9
Farm animals,Pigs,No,Young sows,Mammary gland diseases incl. mastitis,2022,1
Farm animals,Pigs,No,Young sows,Specific infectious diseases,2022,1
Farm animals,Pigs,All types of active ingredients,Breeding sows and boars,Disease of the musculoskeletal system,2021,991
Farm animals,Pigs,No,Young sows,"Urogenital diseases / reproduction, birth",2022,6
Farm animals,Pigs,All types of active ingredients,Breeding sows and boars,"Diseases of the respiratory tract, cardiovascular system, skin, CNS and poisonings",2021,102
Farm animals,Pigs,No,Young sows,"Digestion, diarrhea",2022,202
Farm animals,Pigs,No,Young sows,"Animal husbandry, prophylaxis",2022,2
Farm animals,Pigs,All types of active ingredients,Breeding sows and boars,Mammary gland diseases incl. mastitis,2021,435
Farm animals,Pigs,No,Young sows,Other reasons for treatment,2022,56
Farm animals,Pigs,All types of active ingredients,Breeding sows and boars,Specific infectious diseases,2021,40
Farm animals,Pigs,All types of active ingredients,Breeding sows and boars,"Urogenital diseases / reproduction, birth",2021,511
Farm animals,Pigs,Yes,Young sows,Disease of the musculoskeletal system,2022,2
Farm animals,Pigs,Yes,Young sows,Mammary gland diseases incl. mastitis,2022,1
Farm animals,Pigs,All types of active ingredients,Breeding sows and boars,"Digestion, diarrhea",2021,114
Farm animals,Pigs,Yes,Young sows,Specific infectious diseases,2022,2
Farm animals,Pigs,All types of active ingredients,Breeding sows and boars,"Animal husbandry, prophylaxis",2021,57
Farm animals,Pigs,All types of active ingredients,Breeding sows and boars,Other reasons for treatment,2021,90
Farm animals,Goats,No,All categories of use,"Urogenital diseases / reproduction, birth",2023,2116
Farm animals,Goats,No,All categories of use,Disease of the musculoskeletal system,2021,799
Farm animals,Pigs,Yes,Young sows,"Digestion, diarrhea",2022,2
Farm animals,Goats,No,All categories of use,"Diseases of the respiratory tract, cardiovascular system, skin, CNS and poisonings",2021,3454
Farm animals,Pigs,Yes,Young sows,Other reasons for treatment,2022,1
Farm animals,Goats,No,All categories of use,Symptomatic treatment (unspecific),2023,541
Farm animals,Pigs,All types of active ingredients,Young sows,Disease of the musculoskeletal system,2022,46
Farm animals,Pigs,All types of active ingredients,Young sows,"Diseases of the respiratory tract, cardiovascular system, skin, CNS and poisonings",2022,9
Farm animals,Pigs,All types of active ingredients,Young sows,Mammary gland diseases incl. mastitis,2022,2
Farm animals,Pigs,All types of active ingredients,Young sows,Specific infectious diseases,2022,3
Farm animals,Goats,Yes,All categories of use,Disease of the musculoskeletal system,2023,50
Farm animals,Goats,Yes,All categories of use,"Diseases of the respiratory tract, cardiovascular system, skin, CNS and poisonings",2023,1002
Farm animals,Pigs,All types of active ingredients,Young sows,"Urogenital diseases / reproduction, birth",2022,6
Farm animals,Pigs,All types of active ingredients,Young sows,"Digestion, diarrhea",2022,204
Farm animals,Pigs,All types of active ingredients,Young sows,"Animal husbandry, prophylaxis",2022,2
Farm animals,Pigs,All types of active ingredients,Young sows,Other reasons for treatment,2022,57
Farm animals,Goats,No,All categories of use,"Urogenital diseases / reproduction, birth",2021,1901
Farm animals,Pigs,No,Fattening pigs,Disease of the musculoskeletal system,2022,5084
Farm animals,Pigs,No,Fattening pigs,"Diseases of the respiratory tract, cardiovascular system, skin, CNS and poisonings",2022,11198
Farm animals,Pigs,No,Fattening pigs,Mammary gland diseases incl. mastitis,2022,10
Farm animals,Pigs,No,Fattening pigs,Specific infectious diseases,2022,9032
Farm animals,Goats,No,All categories of use,Symptomatic treatment (unspecific),2021,557
Farm animals,Pigs,No,Fattening pigs,"Urogenital diseases / reproduction, birth",2022,11
Farm animals,Goats,Yes,All categories of use,"Urogenital diseases / reproduction, birth",2023,65
Farm animals,Pigs,No,Fattening pigs,"Digestion, diarrhea",2022,23258
Farm animals,Pigs,No,Fattening pigs,"Animal husbandry, prophylaxis",2022,2743
Farm animals,Pigs,No,Fattening pigs,Other reasons for treatment,2022,253
Farm animals,Goats,Yes,All categories of use,Disease of the musculoskeletal system,2021,42
Farm animals,Goats,Yes,All categories of use,"Diseases of the respiratory tract, cardiovascular system, skin, CNS and poisonings",2021,915
Farm animals,Goats,Yes,All categories of use,Symptomatic treatment (unspecific),2023,46
Farm animals,Pigs,Yes,Fattening pigs,Disease of the musculoskeletal system,2022,521
Farm animals,Pigs,Yes,Fattening pigs,"Diseases of the respiratory tract, cardiovascular system, skin, CNS and poisonings",2022,1045
Farm animals,Pigs,Yes,Fattening pigs,Mammary gland diseases incl. mastitis,2022,5
Farm animals,Pigs,Yes,Fattening pigs,Specific infectious diseases,2022,535
Farm animals,Goats,All types of active ingredients,All categories of use,Disease of the musculoskeletal system,2023,951
Farm animals,Goats,All types of active ingredients,All categories of use,"Diseases of the respiratory tract, cardiovascular system, skin, CNS and poisonings",2023,4066
Farm animals,Pigs,Yes,Fattening pigs,"Digestion, diarrhea",2022,2108
Farm animals,Pigs,Yes,Fattening pigs,Other reasons for treatment,2022,9
Farm animals,Goats,Yes,All categories of use,"Urogenital diseases / reproduction, birth",2021,47
Farm animals,Goats,Yes,All categories of use,Symptomatic treatment (unspecific),2021,50
Farm animals,Pigs,All types of active ingredients,Fattening pigs,Disease of the musculoskeletal system,2022,5605
Farm animals,Pigs,All types of active ingredients,Fattening pigs,"Diseases of the respiratory tract, cardiovascular system, skin, CNS and poisonings",2022,12243
Farm animals,Pigs,All types of active ingredients,Fattening pigs,Mammary gland diseases incl. mastitis,2022,15
Farm animals,Pigs,All types of active ingredients,Fattening pigs,Specific infectious diseases,2022,9567
Farm animals,Goats,All types of active ingredients,All categories of use,"Urogenital diseases / reproduction, birth",2023,2181
Farm animals,Goats,All types of active ingredients,All categories of use,Disease of the musculoskeletal system,2021,841
Farm animals,Goats,All types of active ingredients,All categories of use,"Diseases of the respiratory tract, cardiovascular system, skin, CNS and poisonings",2021,4369
Farm animals,Pigs,All types of active ingredients,Fattening pigs,"Urogenital diseases / reproduction, birth",2022,11
Farm animals,Pigs,All types of active ingredients,Fattening pigs,"Digestion, diarrhea",2022,25366
Farm animals,Pigs,All types of active ingredients,Fattening pigs,"Animal husbandry, prophylaxis",2022,2743
Farm animals,Pigs,All types of active ingredients,Fattening pigs,Other reasons for treatment,2022,262
Farm animals,Pigs,No,Suckling and weaned piglets,Disease of the musculoskeletal system,2022,1945
Farm animals,Pigs,No,Suckling and weaned piglets,"Diseases of the respiratory tract, cardiovascular system, skin, CNS and poisonings",2022,5458
Farm animals,Pigs,No,Suckling and weaned piglets,Mammary gland diseases incl. mastitis,2022,3
Farm animals,Goats,All types of active ingredients,All categories of use,Symptomatic treatment (unspecific),2023,587
Farm animals,Pigs,No,Suckling and weaned piglets,Specific infectious diseases,2022,5339
Farm animals,Goats,No,Goats,Disease of the musculoskeletal system,2023,901
Farm animals,Goats,No,Goats,"Diseases of the respiratory tract, cardiovascular system, skin, CNS and poisonings",2023,3064
Farm animals,Goats,All types of active ingredients,All categories of use,"Urogenital diseases / reproduction, birth",2021,1948
Farm animals,Pigs,No,Suckling and weaned piglets,"Urogenital diseases / reproduction, birth",2022,1
Farm animals,Pigs,No,Suckling and weaned piglets,"Digestion, diarrhea",2022,81215
Farm animals,Goats,All types of active ingredients,All categories of use,Symptomatic treatment (unspecific),2021,607
Farm animals,Pigs,No,Suckling and weaned piglets,"Animal husbandry, prophylaxis",2022,416
Farm animals,Pigs,No,Suckling and weaned piglets,Other reasons for treatment,2022,892
Farm animals,Goats,No,Goats,Disease of the musculoskeletal system,2021,799
Farm animals,Pigs,Yes,Suckling and weaned piglets,Disease of the musculoskeletal system,2022,106
Farm animals,Goats,No,Goats,"Diseases of the respiratory tract, cardiovascular system, skin, CNS and poisonings",2021,3454
Farm animals,Pigs,Yes,Suckling and weaned piglets,"Diseases of the respiratory tract, cardiovascular system, skin, CNS and poisonings",2022,582
Farm animals,Pigs,Yes,Suckling and weaned piglets,Mammary gland diseases incl. mastitis,2022,11
Farm animals,Pigs,Yes,Suckling and weaned piglets,Specific infectious diseases,2022,1464
Farm animals,Pigs,Yes,Suckling and weaned piglets,"Urogenital diseases / reproduction, birth",2022,1
Farm animals,Pigs,Yes,Suckling and weaned piglets,"Digestion, diarrhea",2022,12420
Farm animals,Pigs,Yes,Suckling and weaned piglets,Other reasons for treatment,2022,12
Farm animals,Goats,No,Goats,"Urogenital diseases / reproduction, birth",2023,2116
Farm animals,Pigs,All types of active ingredients,Suckling and weaned piglets,Disease of the musculoskeletal system,2022,2051
Farm animals,Pigs,All types of active ingredients,Suckling and weaned piglets,"Diseases of the respiratory tract, cardiovascular system, skin, CNS and poisonings",2022,6040
Farm animals,Pigs,All types of active ingredients,Suckling and weaned piglets,Mammary gland diseases incl. mastitis,2022,14
Farm animals,Goats,No,Goats,Symptomatic treatment (unspecific),2023,541
Farm animals,Goats,No,Goats,"Urogenital diseases / reproduction, birth",2021,1901
Farm animals,Pigs,All types of active ingredients,Suckling and weaned piglets,Specific infectious diseases,2022,6803
Farm animals,Goats,Yes,Goats,Disease of the musculoskeletal system,2023,50
Farm animals,Pigs,All types of active ingredients,Suckling and weaned piglets,"Urogenital diseases / reproduction, birth",2022,2
Farm animals,Goats,No,Goats,Symptomatic treatment (unspecific),2021,557
Farm animals,Goats,Yes,Goats,"Diseases of the respiratory tract, cardiovascular system, skin, CNS and poisonings",2023,1002
Farm animals,Pigs,All types of active ingredients,Suckling and weaned piglets,"Digestion, diarrhea",2022,93635
Farm animals,Pigs,All types of active ingredients,Suckling and weaned piglets,"Animal husbandry, prophylaxis",2022,416
Farm animals,Pigs,All types of active ingredients,Suckling and weaned piglets,Other reasons for treatment,2022,904
Farm animals,Goats,Yes,Goats,Disease of the musculoskeletal system,2021,42
Farm animals,Goats,Yes,Goats,"Diseases of the respiratory tract, cardiovascular system, skin, CNS and poisonings",2021,915
Farm animals,Pigs,No,Pigs nCU,Disease of the musculoskeletal system,2022,917
Farm animals,Pigs,No,Pigs nCU,"Diseases of the respiratory tract, cardiovascular system, skin, CNS and poisonings",2022,906
Farm animals,Pigs,No,Pigs nCU,Mammary gland diseases incl. mastitis,2022,152
Farm animals,Pigs,No,Pigs nCU,Specific infectious diseases,2022,218
Farm animals,Pigs,No,Pigs nCU,"Urogenital diseases / reproduction, birth",2022,196
Farm animals,Pigs,No,Pigs nCU,"Digestion, diarrhea",2022,2874
Farm animals,Pigs,No,Pigs nCU,"Animal husbandry, prophylaxis",2022,173
Farm animals,Pigs,No,Pigs nCU,Other reasons for treatment,2022,48
Farm animals,Goats,Yes,Goats,"Urogenital diseases / reproduction, birth",2023,65
Farm animals,Goats,Yes,Goats,Symptomatic treatment (unspecific),2023,46
Farm animals,Pigs,Yes,Pigs nCU,Disease of the musculoskeletal system,2022,87
Farm animals,Pigs,Yes,Pigs nCU,"Diseases of the respiratory tract, cardiovascular system, skin, CNS and poisonings",2022,266
Farm animals,Goats,Yes,Goats,"Urogenital diseases / reproduction, birth",2021,47
Farm animals,Pigs,Yes,Pigs nCU,Mammary gland diseases incl. mastitis,2022,76
Farm animals,Pigs,Yes,Pigs nCU,Specific infectious diseases,2022,37
Farm animals,Goats,All types of active ingredients,Goats,Disease of the musculoskeletal system,2023,951
Farm animals,Goats,All types of active ingredients,Goats,"Diseases of the respiratory tract, cardiovascular system, skin, CNS and poisonings",2023,4066
Farm animals,Goats,Yes,Goats,Symptomatic treatment (unspecific),2021,50
Farm animals,Pigs,Yes,Pigs nCU,"Urogenital diseases / reproduction, birth",2022,23
Farm animals,Pigs,Yes,Pigs nCU,"Digestion, diarrhea",2022,2159
Farm animals,Pigs,Yes,Pigs nCU,"Animal husbandry, prophylaxis",2022,1
Farm animals,Pigs,Yes,Pigs nCU,Other reasons for treatment,2022,40
Farm animals,Goats,All types of active ingredients,Goats,Disease of the musculoskeletal system,2021,841
Farm animals,Goats,All types of active ingredients,Goats,"Diseases of the respiratory tract, cardiovascular system, skin, CNS and poisonings",2021,4369
Farm animals,Pigs,All types of active ingredients,Pigs nCU,Disease of the musculoskeletal system,2022,1004
Farm animals,Pigs,All types of active ingredients,Pigs nCU,"Diseases of the respiratory tract, cardiovascular system, skin, CNS and poisonings",2022,1172
Farm animals,Pigs,All types of active ingredients,Pigs nCU,Mammary gland diseases incl. mastitis,2022,228
Farm animals,Goats,All types of active ingredients,Goats,"Urogenital diseases / reproduction, birth",2023,2181
Farm animals,Pigs,All types of active ingredients,Pigs nCU,Specific infectious diseases,2022,255
Farm animals,Goats,All types of active ingredients,Goats,Symptomatic treatment (unspecific),2023,587
Farm animals,Pigs,All types of active ingredients,Pigs nCU,"Urogenital diseases / reproduction, birth",2022,219
Farm animals,Pigs,All types of active ingredients,Pigs nCU,"Digestion, diarrhea",2022,5033
Farm animals,Pigs,All types of active ingredients,Pigs nCU,"Animal husbandry, prophylaxis",2022,174
Farm animals,Pigs,All types of active ingredients,Pigs nCU,Other reasons for treatment,2022,88
Farm animals,Goats,All types of active ingredients,Goats,"Urogenital diseases / reproduction, birth",2021,1948
Farm animals,Goats,All types of active ingredients,Goats,Symptomatic treatment (unspecific),2021,607
Pets,Equids,No,All categories of use,Disease of the musculoskeletal system,2024,8455
Pets,Equids,No,All categories of use,"Diseases of the respiratory tract, cardiovascular system, skin, CNS and poisonings",2024,1535
Pets,Equids,No,All categories of use,Mammary gland diseases incl. mastitis,2024,186
Farm animals,Pigs,No,Breeding sows and boars,Disease of the musculoskeletal system,2022,942
Farm animals,Pigs,No,Breeding sows and boars,"Diseases of the respiratory tract, cardiovascular system, skin, CNS and poisonings",2022,39
Farm animals,Pigs,No,Breeding sows and boars,Mammary gland diseases incl. mastitis,2022,292
Farm animals,Pigs,No,Breeding sows and boars,Specific infectious diseases,2022,329
Pets,Equids,No,All categories of use,Operation or other intervention,2024,3658
Farm animals,Pigs,No,Breeding sows and boars,"Urogenital diseases / reproduction, birth",2022,254
Farm animals,Pigs,No,Breeding sows and boars,"Digestion, diarrhea",2022,91
Farm animals,Pigs,No,Breeding sows and boars,"Animal husbandry, prophylaxis",2022,66
Pets,Equids,No,All categories of use,Disease of the musculoskeletal system,2022,7495
Farm animals,Pigs,No,Breeding sows and boars,Other reasons for treatment,2022,37
Pets,Equids,No,All categories of use,"Diseases of the respiratory tract, cardiovascular system, skin, CNS and poisonings",2022,1460
Pets,Equids,No,All categories of use,Mammary gland diseases incl. mastitis,2022,204
Farm animals,Pigs,Yes,Breeding sows and boars,Disease of the musculoskeletal system,2022,50
Farm animals,Pigs,Yes,Breeding sows and boars,"Diseases of the respiratory tract, cardiovascular system, skin, CNS and poisonings",2022,29
Farm animals,Pigs,Yes,Breeding sows and boars,Mammary gland diseases incl. mastitis,2022,152
Pets,Equids,No,All categories of use,"Urogenital diseases / reproduction, birth",2024,1008
Farm animals,Pigs,Yes,Breeding sows and boars,Specific infectious diseases,2022,8
Pets,Equids,No,All categories of use,Central nervous diseases and sensory organs,2024,150
Pets,Equids,No,All categories of use,Symptomatic treatment (unspecific),2024,1486
Pets,Equids,No,All categories of use,Operation or other intervention,2022,4224
Pets,Equids,Yes,All categories of use,Disease of the musculoskeletal system,2024,317
Pets,Equids,Yes,All categories of use,"Diseases of the respiratory tract, cardiovascular system, skin, CNS and poisonings",2024,108
Farm animals,Pigs,Yes,Breeding sows and boars,"Urogenital diseases / reproduction, birth",2022,226
Pets,Equids,Yes,All categories of use,Mammary gland diseases incl. mastitis,2024,13
Farm animals,Pigs,Yes,Breeding sows and boars,"Digestion, diarrhea",2022,30
Farm animals,Pigs,Yes,Breeding sows and boars,"Animal husbandry, prophylaxis",2022,4
Farm animals,Pigs,Yes,Breeding sows and boars,Other reasons for treatment,2022,48
Pets,Equids,Yes,All categories of use,Operation or other intervention,2024,257
Pets,Equids,No,All categories of use,"Urogenital diseases / reproduction, birth",2022,988
Pets,Equids,No,All categories of use,Central nervous diseases and sensory organs,2022,146
Pets,Equids,No,All categories of use,Symptomatic treatment (unspecific),2022,1487
Farm animals,Pigs,All types of active ingredients,Breeding sows and boars,Disease of the musculoskeletal system,2022,992
Farm animals,Pigs,All types of active ingredients,Breeding sows and boars,"Diseases of the respiratory tract, cardiovascular system, skin, CNS and poisonings",2022,68
Farm animals,Pigs,All types of active ingredients,Breeding sows and boars,Mammary gland diseases incl. mastitis,2022,444
Farm animals,Pigs,All types of active ingredients,Breeding sows and boars,Specific infectious diseases,2022,337
Pets,Equids,Yes,All categories of use,Disease of the musculoskeletal system,2022,299
Pets,Equids,Yes,All categories of use,"Diseases of the respiratory tract, cardiovascular system, skin, CNS and poisonings",2022,112
Pets,Equids,Yes,All categories of use,Mammary gland diseases incl. mastitis,2022,12
Farm animals,Pigs,All types of active ingredients,Breeding sows and boars,"Urogenital diseases / reproduction, birth",2022,480
Farm animals,Pigs,All types of active ingredients,Breeding sows and boars,"Digestion, diarrhea",2022,121
Pets,Equids,Yes,All categories of use,"Urogenital diseases / reproduction, birth",2024,41
Farm animals,Pigs,All types of active ingredients,Breeding sows and boars,"Animal husbandry, prophylaxis",2022,70
Pets,Equids,Yes,All categories of use,Central nervous diseases and sensory organs,2024,8
Pets,Equids,Yes,All categories of use,Symptomatic treatment (unspecific),2024,88
Farm animals,Pigs,All types of active ingredients,Breeding sows and boars,Other reasons for treatment,2022,85
Pets,Equids,Yes,All categories of use,Operation or other intervention,2022,328
Farm animals,Goats,No,All categories of use,Disease of the musculoskeletal system,2022,818
Farm animals,Goats,No,All categories of use,"Diseases of the respiratory tract, cardiovascular system, skin, CNS and poisonings",2022,4022
Pets,Equids,All types of active ingredients,All categories of use,Disease of the musculoskeletal system,2024,8772
Pets,Equids,All types of active ingredients,All categories of use,"Diseases of the respiratory tract, cardiovascular system, skin, CNS and poisonings",2024,1643
Pets,Equids,All types of active ingredients,All categories of use,Mammary gland diseases incl. mastitis,2024,199
Pets,Equids,All types of active ingredients,All categories of use,Operation or other intervention,2024,3915
Farm animals,Goats,No,All categories of use,"Urogenital diseases / reproduction, birth",2022,2174
Farm animals,Goats,No,All categories of use,Symptomatic treatment (unspecific),2022,473
Farm animals,Goats,Yes,All categories of use,Disease of the musculoskeletal system,2022,32
Farm animals,Goats,Yes,All categories of use,"Diseases of the respiratory tract, cardiovascular system, skin, CNS and poisonings",2022,1336
Farm animals,Goats,Yes,All categories of use,"Urogenital diseases / reproduction, birth",2022,53
Farm animals,Goats,Yes,All categories of use,Symptomatic treatment (unspecific),2022,55
Farm animals,Goats,All types of active ingredients,All categories of use,Disease of the musculoskeletal system,2022,850
Farm animals,Goats,All types of active ingredients,All categories of use,"Diseases of the respiratory tract, cardiovascular system, skin, CNS and poisonings",2022,5358
Farm animals,Goats,All types of active ingredients,All categories of use,"Urogenital diseases / reproduction, birth",2022,2227
Farm animals,Goats,All types of active ingredients,All categories of use,Symptomatic treatment (unspecific),2022,528
Farm animals,Goats,No,Goats,Disease of the musculoskeletal system,2022,818
Farm animals,Goats,No,Goats,"Diseases of the respiratory tract, cardiovascular system, skin, CNS and poisonings",2022,4022
Farm animals,Goats,No,Goats,"Urogenital diseases / reproduction, birth",2022,2174
Farm animals,Goats,No,Goats,Symptomatic treatment (unspecific),2022,473
Farm animals,Goats,Yes,Goats,Disease of the musculoskeletal system,2022,32
Farm animals,Goats,Yes,Goats,"Diseases of the respiratory tract, cardiovascular system, skin, CNS and poisonings",2022,1336
Farm animals,Goats,Yes,Goats,"Urogenital diseases / reproduction, birth",2022,53
Farm animals,Goats,Yes,Goats,Symptomatic treatment (unspecific),2022,55
Farm animals,Goats,All types of active ingredients,Goats,Disease of the musculoskeletal system,2022,850
Farm animals,Goats,All types of active ingredients,Goats,"Diseases of the respiratory tract, cardiovascular system, skin, CNS and poisonings",2022,5358
Farm animals,Goats,All types of active ingredients,Goats,"Urogenital diseases / reproduction, birth",2022,2227
Farm animals,Goats,All types of active ingredients,Goats,Symptomatic treatment (unspecific),2022,528
Pets,Equids,No,All categories of use,Disease of the musculoskeletal system,2023,7197
Pets,Equids,No,All categories of use,"Diseases of the respiratory tract, cardiovascular system, skin, CNS and poisonings",2023,1551
Pets,Equids,No,All categories of use,Mammary gland diseases incl. mastitis,2023,147
Pets,Equids,No,All categories of use,Operation or other intervention,2023,4050
Pets,Equids,No,All categories of use,"Urogenital diseases / reproduction, birth",2023,927
Pets,Equids,No,All categories of use,Central nervous diseases and sensory organs,2023,170
Pets,Equids,No,All categories of use,Symptomatic treatment (unspecific),2023,1627
Pets,Equids,Yes,All categories of use,Disease of the musculoskeletal system,2023,310
Pets,Equids,Yes,All categories of use,"Diseases of the respiratory tract, cardiovascular system, skin, CNS and poisonings",2023,63
Pets,Equids,Yes,All categories of use,Mammary gland diseases incl. mastitis,2023,11
Pets,Equids,Yes,All categories of use,Operation or other intervention,2023,217
Pets,Equids,Yes,All categories of use,"Urogenital diseases / reproduction, birth",2023,29
Pets,Equids,Yes,All categories of use,Central nervous diseases and sensory organs,2023,5
Pets,Equids,Yes,All categories of use,Symptomatic treatment (unspecific),2023,83
Pets,Equids,All types of active ingredients,All categories of use,Disease of the musculoskeletal system,2023,7507
Pets,Equids,All types of active ingredients,All categories of use,"Diseases of the respiratory tract, cardiovascular system, skin, CNS and poisonings",2023,1614
Pets,Equids,All types of active ingredients,All categories of use,Mammary gland diseases incl. mastitis,2023,158
Pets,Equids,All types of active ingredients,All categories of use,Operation or other intervention,2023,4267
Pets,Equids,All types of active ingredients,All categories of use,"Urogenital diseases / reproduction, birth",2023,956
Pets,Equids,All types of active ingredients,All categories of use,Central nervous diseases and sensory organs,2023,175
Pets,Equids,All types of active ingredients,All categories of use,Symptomatic treatment (unspecific),2023,1710
Pets,Equids,No,Equids,Disease of the musculoskeletal system,2023,7197
Pets,Equids,All types of active ingredients,All categories of use,"Urogenital diseases / reproduction, birth",2024,1049
Pets,Equids,All types of active ingredients,All categories of use,Central nervous diseases and sensory organs,2024,158
Pets,Equids,All types of active ingredients,All categories of use,Symptomatic treatment (unspecific),2024,1574
Pets,Equids,No,Equids,Disease of the musculoskeletal system,2024,8455
Pets,Equids,No,Equids,"Diseases of the respiratory tract, cardiovascular system, skin, CNS and poisonings",2024,1535
Pets,Equids,No,Equids,Mammary gland diseases incl. mastitis,2024,186
Pets,Equids,No,Equids,Operation or other intervention,2024,3658
Pets,Equids,No,Equids,"Urogenital diseases / reproduction, birth",2024,1008
Pets,Equids,No,Equids,Central nervous diseases and sensory organs,2024,150
Pets,Equids,No,Equids,Symptomatic treatment (unspecific),2024,1486
Pets,Equids,Yes,Equids,Disease of the musculoskeletal system,2024,317
Pets,Equids,Yes,Equids,"Diseases of the respiratory tract, cardiovascular system, skin, CNS and poisonings",2024,108
Pets,Equids,Yes,Equids,Mammary gland diseases incl. mastitis,2024,13
Pets,Equids,Yes,Equids,Operation or other intervention,2024,257
Pets,Equids,Yes,Equids,"Urogenital diseases / reproduction, birth",2024,41
Pets,Equids,Yes,Equids,Central nervous diseases and sensory organs,2024,8
Pets,Equids,Yes,Equids,Symptomatic treatment (unspecific),2024,88
Pets,Equids,All types of active ingredients,Equids,Disease of the musculoskeletal system,2024,8772
Pets,Equids,All types of active ingredients,Equids,"Diseases of the respiratory tract, cardiovascular system, skin, CNS and poisonings",2024,1643
Pets,Equids,All types of active ingredients,Equids,Mammary gland diseases incl. mastitis,2024,199
Pets,Equids,All types of active ingredients,Equids,Operation or other intervention,2024,3915
Pets,Equids,All types of active ingredients,Equids,"Urogenital diseases / reproduction, birth",2024,1049
Pets,Equids,All types of active ingredients,Equids,Central nervous diseases and sensory organs,2024,158
Pets,Equids,All types of active ingredients,Equids,Symptomatic treatment (unspecific),2024,1574
Pets,Dogs,No,All categories of use,Disease of the musculoskeletal system,2024,11165
Pets,Dogs,No,All categories of use,"Diseases of the respiratory tract, cardiovascular system, skin, CNS and poisonings",2024,8209
Pets,Dogs,No,All categories of use,Mammary gland diseases incl. mastitis,2024,552
Pets,Dogs,No,All categories of use,Operation or other intervention,2024,34628
Pets,Dogs,No,All categories of use,"Urogenital diseases / reproduction, birth",2024,15494
Pets,Dogs,No,All categories of use,Central nervous diseases and sensory organs,2024,1860
Pets,Dogs,No,All categories of use,Symptomatic treatment (unspecific),2024,16305
Pets,Dogs,Yes,All categories of use,Disease of the musculoskeletal system,2024,791
Pets,Dogs,Yes,All categories of use,"Diseases of the respiratory tract, cardiovascular system, skin, CNS and poisonings",2024,1416
Pets,Dogs,Yes,All categories of use,Mammary gland diseases incl. mastitis,2024,59
Pets,Dogs,Yes,All categories of use,Operation or other intervention,2024,1878
Pets,Dogs,Yes,All categories of use,"Urogenital diseases / reproduction, birth",2024,3270
Pets,Dogs,Yes,All categories of use,Central nervous diseases and sensory organs,2024,221
Pets,Dogs,Yes,All categories of use,Symptomatic treatment (unspecific),2024,2226
Pets,Dogs,All types of active ingredients,All categories of use,Disease of the musculoskeletal system,2024,11956
Pets,Dogs,All types of active ingredients,All categories of use,"Diseases of the respiratory tract, cardiovascular system, skin, CNS and poisonings",2024,9625
Pets,Dogs,All types of active ingredients,All categories of use,Mammary gland diseases incl. mastitis,2024,611
Pets,Dogs,All types of active ingredients,All categories of use,Operation or other intervention,2024,36506
Pets,Dogs,All types of active ingredients,All categories of use,"Urogenital diseases / reproduction, birth",2024,18764
Pets,Dogs,All types of active ingredients,All categories of use,Central nervous diseases and sensory organs,2024,2081
Pets,Dogs,All types of active ingredients,All categories of use,Symptomatic treatment (unspecific),2024,18531
Pets,Dogs,No,Dogs,Disease of the musculoskeletal system,2024,11165
Pets,Dogs,No,Dogs,"Diseases of the respiratory tract, cardiovascular system, skin, CNS and poisonings",2024,8209
Pets,Dogs,No,Dogs,Mammary gland diseases incl. mastitis,2024,552
Pets,Dogs,No,Dogs,Operation or other intervention,2024,34628
Pets,Dogs,No,Dogs,"Urogenital diseases / reproduction, birth",2024,15494
Pets,Dogs,No,Dogs,Central nervous diseases and sensory organs,2024,1860
Pets,Dogs,No,Dogs,Symptomatic treatment (unspecific),2024,16305
Pets,Dogs,Yes,Dogs,Disease of the musculoskeletal system,2024,791
Pets,Dogs,Yes,Dogs,"Diseases of the respiratory tract, cardiovascular system, skin, CNS and poisonings",2024,1416
Pets,Dogs,Yes,Dogs,Mammary gland diseases incl. mastitis,2024,59
Pets,Dogs,Yes,Dogs,Operation or other intervention,2024,1878
Pets,Dogs,Yes,Dogs,"Urogenital diseases / reproduction, birth",2024,3270
Pets,Dogs,Yes,Dogs,Central nervous diseases and sensory organs,2024,221
Pets,Dogs,Yes,Dogs,Symptomatic treatment (unspecific),2024,2226
Pets,Dogs,All types of active ingredients,Dogs,Disease of the musculoskeletal system,2024,11956
Pets,Dogs,All types of active ingredients,Dogs,"Diseases of the respiratory tract, cardiovascular system, skin, CNS and poisonings",2024,9625
Pets,Dogs,All types of active ingredients,Dogs,Mammary gland diseases incl. mastitis,2024,611
Pets,Dogs,All types of active ingredients,Dogs,Operation or other intervention,2024,36506
Pets,Dogs,All types of active ingredients,Dogs,"Urogenital diseases / reproduction, birth",2024,18764
Pets,Dogs,All types of active ingredients,Dogs,Central nervous diseases and sensory organs,2024,2081
Pets,Dogs,All types of active ingredients,Dogs,Symptomatic treatment (unspecific),2024,18531
Pets,Cats,No,All categories of use,Disease of the musculoskeletal system,2024,14066
Pets,Cats,No,All categories of use,"Diseases of the respiratory tract, cardiovascular system, skin, CNS and poisonings",2024,20143
Pets,Cats,No,All categories of use,Mammary gland diseases incl. mastitis,2024,471
Pets,Cats,No,All categories of use,Operation or other intervention,2024,27439
Pets,Cats,No,All categories of use,"Urogenital diseases / reproduction, birth",2024,16835
Pets,Cats,No,All categories of use,Central nervous diseases and sensory organs,2024,2627
Pets,Cats,No,All categories of use,Symptomatic treatment (unspecific),2024,21380
Pets,Cats,Yes,All categories of use,Disease of the musculoskeletal system,2024,4502
Pets,Cats,Yes,All categories of use,"Diseases of the respiratory tract, cardiovascular system, skin, CNS and poisonings",2024,10924
Pets,Cats,Yes,All categories of use,Mammary gland diseases incl. mastitis,2024,76
Pets,Cats,Yes,All categories of use,Operation or other intervention,2024,4627
Pets,Cats,Yes,All categories of use,"Urogenital diseases / reproduction, birth",2024,8503
Pets,Cats,Yes,All categories of use,Central nervous diseases and sensory organs,2024,1042
Pets,Cats,Yes,All categories of use,Symptomatic treatment (unspecific),2024,8449
Pets,Cats,All types of active ingredients,All categories of use,Disease of the musculoskeletal system,2024,18568
Pets,Cats,All types of active ingredients,All categories of use,"Diseases of the respiratory tract, cardiovascular system, skin, CNS and poisonings",2024,31067
Pets,Cats,All types of active ingredients,All categories of use,Mammary gland diseases incl. mastitis,2024,547
Pets,Cats,All types of active ingredients,All categories of use,Operation or other intervention,2024,32066
Pets,Cats,All types of active ingredients,All categories of use,"Urogenital diseases / reproduction, birth",2024,25338
Pets,Cats,All types of active ingredients,All categories of use,Central nervous diseases and sensory organs,2024,3669
Pets,Cats,All types of active ingredients,All categories of use,Symptomatic treatment (unspecific),2024,29829
Pets,Cats,No,Cats,Disease of the musculoskeletal system,2024,14066
Pets,Cats,No,Cats,"Diseases of the respiratory tract, cardiovascular system, skin, CNS and poisonings",2024,20143
Pets,Cats,No,Cats,Mammary gland diseases incl. mastitis,2024,471
Pets,Cats,No,Cats,Operation or other intervention,2024,27439
Pets,Cats,No,Cats,"Urogenital diseases / reproduction, birth",2024,16835
Pets,Cats,No,Cats,Central nervous diseases and sensory organs,2024,2627
Pets,Cats,No,Cats,Symptomatic treatment (unspecific),2024,21380
Pets,Cats,Yes,Cats,Disease of the musculoskeletal system,2024,4502
Pets,Cats,Yes,Cats,"Diseases of the respiratory tract, cardiovascular system, skin, CNS and poisonings",2024,10924
Pets,Cats,Yes,Cats,Mammary gland diseases incl. mastitis,2024,76
Pets,Cats,Yes,Cats,Operation or other intervention,2024,4627
Pets,Cats,Yes,Cats,"Urogenital diseases / reproduction, birth",2024,8503
Pets,Cats,Yes,Cats,Central nervous diseases and sensory organs,2024,1042
Pets,Cats,Yes,Cats,Symptomatic treatment (unspecific),2024,8449
Pets,Cats,All types of active ingredients,Cats,Disease of the musculoskeletal system,2024,18568
Pets,Cats,All types of active ingredients,Cats,"Diseases of the respiratory tract, cardiovascular system, skin, CNS and poisonings",2024,31067
Pets,Cats,All types of active ingredients,Cats,Mammary gland diseases incl. mastitis,2024,547
Pets,Cats,All types of active ingredients,Cats,Operation or other intervention,2024,32066
Pets,Cats,All types of active ingredients,Cats,"Urogenital diseases / reproduction, birth",2024,25338
Pets,Cats,All types of active ingredients,Cats,Central nervous diseases and sensory organs,2024,3669
Pets,Cats,All types of active ingredients,Cats,Symptomatic treatment (unspecific),2024,29829
Farm animals,Fish,No,All categories of use,Specific infectious diseases,2024,5916760
Farm animals,Fish,All types of active ingredients,All categories of use,Specific infectious diseases,2024,5916760
Farm animals,Fish,No,Fish,Specific infectious diseases,2024,5916760
Farm animals,Fish,All types of active ingredients,Fish,Specific infectious diseases,2024,5916760
Farm animals,Poultry,No,All categories of use,Disease of the musculoskeletal system,2024,220754
Farm animals,Poultry,No,All categories of use,"Diseases of the respiratory tract, cardiovascular system, skin, CNS and poisonings",2024,210
Farm animals,Poultry,No,All categories of use,Specific infectious diseases,2024,888545
Farm animals,Poultry,No,All categories of use,"Urogenital diseases / reproduction, birth",2024,741
Farm animals,Poultry,No,All categories of use,Symptomatic treatment (unspecific),2024,29633
Farm animals,Poultry,Yes,All categories of use,Disease of the musculoskeletal system,2024,10
Farm animals,Poultry,Yes,All categories of use,"Diseases of the respiratory tract, cardiovascular system, skin, CNS and poisonings",2024,22503
Farm animals,Poultry,Yes,All categories of use,Specific infectious diseases,2024,50948
Farm animals,Poultry,Yes,All categories of use,Symptomatic treatment (unspecific),2024,2
Farm animals,Poultry,All types of active ingredients,All categories of use,Disease of the musculoskeletal system,2024,220764
Farm animals,Poultry,All types of active ingredients,All categories of use,"Diseases of the respiratory tract, cardiovascular system, skin, CNS and poisonings",2024,22713
Farm animals,Poultry,All types of active ingredients,All categories of use,Specific infectious diseases,2024,939493
Farm animals,Poultry,All types of active ingredients,All categories of use,"Urogenital diseases / reproduction, birth",2024,741
Farm animals,Poultry,All types of active ingredients,All categories of use,Symptomatic treatment (unspecific),2024,29635
Farm animals,Poultry,No,Rearing laying hens and parent birds,Disease of the musculoskeletal system,2024,40987
Farm animals,Poultry,No,Rearing laying hens and parent birds,Specific infectious diseases,2024,7356
Farm animals,Poultry,Yes,Rearing laying hens and parent birds,"Diseases of the respiratory tract, cardiovascular system, skin, CNS and poisonings",2024,2
Farm animals,Poultry,Yes,Rearing laying hens and parent birds,Specific infectious diseases,2024,1
Farm animals,Poultry,Yes,Rearing laying hens and parent birds,Symptomatic treatment (unspecific),2024,1
Farm animals,Poultry,All types of active ingredients,Rearing laying hens and parent birds,Disease of the musculoskeletal system,2024,40987
Farm animals,Poultry,All types of active ingredients,Rearing laying hens and parent birds,"Diseases of the respiratory tract, cardiovascular system, skin, CNS and poisonings",2024,2
Farm animals,Poultry,All types of active ingredients,Rearing laying hens and parent birds,Specific infectious diseases,2024,7357
Farm animals,Poultry,All types of active ingredients,Rearing laying hens and parent birds,Symptomatic treatment (unspecific),2024,1
Farm animals,Poultry,No,Poultry nCU,Disease of the musculoskeletal system,2024,3
Farm animals,Poultry,No,Poultry nCU,"Diseases of the respiratory tract, cardiovascular system, skin, CNS and poisonings",2024,3
Farm animals,Poultry,No,Poultry nCU,Symptomatic treatment (unspecific),2024,2
Farm animals,Poultry,Yes,Poultry nCU,Disease of the musculoskeletal system,2024,6
Farm animals,Poultry,Yes,Poultry nCU,"Diseases of the respiratory tract, cardiovascular system, skin, CNS and poisonings",2024,21
Farm animals,Poultry,All types of active ingredients,Poultry nCU,Disease of the musculoskeletal system,2024,9
Farm animals,Poultry,All types of active ingredients,Poultry nCU,"Diseases of the respiratory tract, cardiovascular system, skin, CNS and poisonings",2024,24
Farm animals,Poultry,All types of active ingredients,Poultry nCU,Symptomatic treatment (unspecific),2024,2
Farm animals,Poultry,No,Laying and parent birds,Disease of the musculoskeletal system,2024,18486
Farm animals,Poultry,No,Laying and parent birds,Specific infectious diseases,2024,65248
Farm animals,Poultry,Yes,Laying and parent birds,Disease of the musculoskeletal system,2024,1
Farm animals,Poultry,Yes,Laying and parent birds,Specific infectious diseases,2024,2254
Farm animals,Poultry,All types of active ingredients,Laying and parent birds,Disease of the musculoskeletal system,2024,18487
Farm animals,Poultry,All types of active ingredients,Laying and parent birds,Specific infectious diseases,2024,67502
Farm animals,Poultry,No,Laying hens,Disease of the musculoskeletal system,2024,2
Farm animals,Poultry,No,Laying hens,"Diseases of the respiratory tract, cardiovascular system, skin, CNS and poisonings",2024,206
Farm animals,Poultry,No,Laying hens,Specific infectious diseases,2024,115480
Farm animals,Poultry,No,Laying hens,"Urogenital diseases / reproduction, birth",2024,740
Farm animals,Poultry,Yes,Laying hens,Disease of the musculoskeletal system,2024,1
Farm animals,Poultry,Yes,Laying hens,"Diseases of the respiratory tract, cardiovascular system, skin, CNS and poisonings",2024,2
Farm animals,Poultry,Yes,Laying hens,Specific infectious diseases,2024,19151
Farm animals,Poultry,Yes,Laying hens,Symptomatic treatment (unspecific),2024,1
Farm animals,Poultry,All types of active ingredients,Laying hens,Disease of the musculoskeletal system,2024,3
Farm animals,Poultry,All types of active ingredients,Laying hens,"Diseases of the respiratory tract, cardiovascular system, skin, CNS and poisonings",2024,208
Farm animals,Poultry,All types of active ingredients,Laying hens,Specific infectious diseases,2024,134631
Farm animals,Poultry,All types of active ingredients,Laying hens,"Urogenital diseases / reproduction, birth",2024,740
Farm animals,Poultry,All types of active ingredients,Laying hens,Symptomatic treatment (unspecific),2024,1
Farm animals,Poultry,No,Fattening broilers,Disease of the musculoskeletal system,2024,161276
Farm animals,Poultry,No,Fattening broilers,Specific infectious diseases,2024,684491
Farm animals,Poultry,No,Fattening broilers,"Urogenital diseases / reproduction, birth",2024,1
Farm animals,Poultry,No,Fattening broilers,Symptomatic treatment (unspecific),2024,29631
Farm animals,Poultry,Yes,Fattening broilers,Disease of the musculoskeletal system,2024,1
Farm animals,Poultry,Yes,Fattening broilers,"Diseases of the respiratory tract, cardiovascular system, skin, CNS and poisonings",2024,22438
Farm animals,Poultry,Yes,Fattening broilers,Specific infectious diseases,2024,29542
Farm animals,Poultry,All types of active ingredients,Fattening broilers,Disease of the musculoskeletal system,2024,161277
Farm animals,Poultry,All types of active ingredients,Fattening broilers,"Diseases of the respiratory tract, cardiovascular system, skin, CNS and poisonings",2024,22438
Farm animals,Poultry,All types of active ingredients,Fattening broilers,Specific infectious diseases,2024,714033
Farm animals,Poultry,All types of active ingredients,Fattening broilers,"Urogenital diseases / reproduction, birth",2024,1
Farm animals,Poultry,All types of active ingredients,Fattening broilers,Symptomatic treatment (unspecific),2024,29631
Farm animals,Poultry,No,Fattening turkeys,"Diseases of the respiratory tract, cardiovascular system, skin, CNS and poisonings",2024,1
Farm animals,Poultry,No,Fattening turkeys,Specific infectious diseases,2024,15970
Farm animals,Poultry,Yes,Fattening turkeys,Disease of the musculoskeletal system,2024,1
Farm animals,Poultry,Yes,Fattening turkeys,"Diseases of the respiratory tract, cardiovascular system, skin, CNS and poisonings",2024,40
Farm animals,Poultry,All types of active ingredients,Fattening turkeys,Disease of the musculoskeletal system,2024,1
Farm animals,Poultry,All types of active ingredients,Fattening turkeys,"Diseases of the respiratory tract, cardiovascular system, skin, CNS and poisonings",2024,41
Farm animals,Poultry,All types of active ingredients,Fattening turkeys,Specific infectious diseases,2024,15970
Farm animals,Game animals,No,All categories of use,All Organ Systems,2024,20
Farm animals,Game animals,No,All categories of use,Disease of the musculoskeletal system,2024,7
Farm animals,Game animals,No,All categories of use,"Diseases of the respiratory tract, cardiovascular system, skin, CNS and poisonings",2024,1
Farm animals,Game animals,No,All categories of use,Juvenile animal diseases,2024,3
Farm animals,Game animals,No,All categories of use,"Metabolism, digestion",2024,1
Farm animals,Game animals,No,All categories of use,"Urogenital diseases / reproduction, birth",2024,3
Farm animals,Game animals,No,All categories of use,"Animal husbandry, prophylaxis",2024,3
Farm animals,Game animals,No,All categories of use,Symptomatic treatment (unspecific),2024,2
Farm animals,Game animals,Yes,All categories of use,All Organ Systems,2024,1
Farm animals,Game animals,Yes,All categories of use,"Urogenital diseases / reproduction, birth",2024,1
Farm animals,Game animals,All types of active ingredients,All categories of use,All Organ Systems,2024,21
Farm animals,Game animals,All types of active ingredients,All categories of use,Disease of the musculoskeletal system,2024,7
Farm animals,Game animals,All types of active ingredients,All categories of use,"Diseases of the respiratory tract, cardiovascular system, skin, CNS and poisonings",2024,1
Farm animals,Game animals,All types of active ingredients,All categories of use,Juvenile animal diseases,2024,3
Farm animals,Game animals,All types of active ingredients,All categories of use,"Metabolism, digestion",2024,1
Farm animals,Game animals,All types of active ingredients,All categories of use,"Urogenital diseases / reproduction, birth",2024,4
Farm animals,Game animals,All types of active ingredients,All categories of use,"Animal husbandry, prophylaxis",2024,3
Farm animals,Game animals,All types of active ingredients,All categories of use,Symptomatic treatment (unspecific),2024,2
Farm animals,Game animals,No,Game animals,All Organ Systems,2024,20
Farm animals,Game animals,No,Game animals,Disease of the musculoskeletal system,2024,7
Farm animals,Game animals,No,Game animals,"Diseases of the respiratory tract, cardiovascular system, skin, CNS and poisonings",2024,1
Farm animals,Game animals,No,Game animals,Juvenile animal diseases,2024,3
Farm animals,Game animals,No,Game animals,"Metabolism, digestion",2024,1
Farm animals,Game animals,No,Game animals,"Urogenital diseases / reproduction, birth",2024,3
Farm animals,Game animals,No,Game animals,"Animal husbandry, prophylaxis",2024,3
Farm animals,Game animals,No,Game animals,Symptomatic treatment (unspecific),2024,2
Farm animals,Game animals,Yes,Game animals,All Organ Systems,2024,1
Farm animals,Game animals,Yes,Game animals,"Urogenital diseases / reproduction, birth",2024,1
Farm animals,Game animals,All types of active ingredients,Game animals,All Organ Systems,2024,21
Farm animals,Game animals,All types of active ingredients,Game animals,Disease of the musculoskeletal system,2024,7
Farm animals,Game animals,All types of active ingredients,Game animals,"Diseases of the respiratory tract, cardiovascular system, skin, CNS and poisonings",2024,1
Farm animals,Game animals,All types of active ingredients,Game animals,Juvenile animal diseases,2024,3
Farm animals,Game animals,All types of active ingredients,Game animals,"Metabolism, digestion",2024,1
Farm animals,Game animals,All types of active ingredients,Game animals,"Urogenital diseases / reproduction, birth",2024,4
Farm animals,Game animals,All types of active ingredients,Game animals,"Animal husbandry, prophylaxis",2024,3
Farm animals,Game animals,All types of active ingredients,Game animals,Symptomatic treatment (unspecific),2024,2
Farm animals,Camelids,No,All categories of use,All Organ Systems,2024,783
Farm animals,Camelids,No,All categories of use,Disease of the musculoskeletal system,2024,74
Farm animals,Camelids,No,All categories of use,"Diseases of the respiratory tract, cardiovascular system, skin, CNS and poisonings",2024,223
Farm animals,Camelids,No,All categories of use,Udder,2024,7
Farm animals,Camelids,No,All categories of use,Juvenile animal diseases,2024,103
Farm animals,Camelids,No,All categories of use,Parasites,2024,6
Farm animals,Camelids,No,All categories of use,"Metabolism, digestion",2024,91
Farm animals,Camelids,No,All categories of use,"Urogenital diseases / reproduction, birth",2024,79
Farm animals,Camelids,No,All categories of use,"Animal husbandry, prophylaxis",2024,139
Farm animals,Camelids,No,All categories of use,Symptomatic treatment (unspecific),2024,61
Farm animals,Camelids,Yes,All categories of use,All Organ Systems,2024,119
Farm animals,Camelids,Yes,All categories of use,Disease of the musculoskeletal system,2024,11
Farm animals,Camelids,Yes,All categories of use,"Diseases of the respiratory tract, cardiovascular system, skin, CNS and poisonings",2024,37
Farm animals,Camelids,Yes,All categories of use,Udder,2024,1
Farm animals,Camelids,Yes,All categories of use,Juvenile animal diseases,2024,33
Farm animals,Camelids,Yes,All categories of use,"Metabolism, digestion",2024,23
Farm animals,Camelids,Yes,All categories of use,"Urogenital diseases / reproduction, birth",2024,3
Farm animals,Camelids,Yes,All categories of use,"Animal husbandry, prophylaxis",2024,1
Farm animals,Camelids,Yes,All categories of use,Symptomatic treatment (unspecific),2024,10
Farm animals,Camelids,All types of active ingredients,All categories of use,All Organ Systems,2024,902
Farm animals,Camelids,All types of active ingredients,All categories of use,Disease of the musculoskeletal system,2024,85
Farm animals,Camelids,All types of active ingredients,All categories of use,"Diseases of the respiratory tract, cardiovascular system, skin, CNS and poisonings",2024,260
Farm animals,Camelids,All types of active ingredients,All categories of use,Udder,2024,8
Farm animals,Camelids,All types of active ingredients,All categories of use,Juvenile animal diseases,2024,136
Farm animals,Camelids,All types of active ingredients,All categories of use,Parasites,2024,6
Farm animals,Camelids,All types of active ingredients,All categories of use,"Metabolism, digestion",2024,114
Farm animals,Camelids,All types of active ingredients,All categories of use,"Urogenital diseases / reproduction, birth",2024,82
Farm animals,Camelids,All types of active ingredients,All categories of use,"Animal husbandry, prophylaxis",2024,140
Farm animals,Camelids,All types of active ingredients,All categories of use,Symptomatic treatment (unspecific),2024,71
Farm animals,Camelids,No,Camelids,All Organ Systems,2024,783
Farm animals,Camelids,No,Camelids,Disease of the musculoskeletal system,2024,74
Farm animals,Camelids,No,Camelids,"Diseases of the respiratory tract, cardiovascular system, skin, CNS and poisonings",2024,223
Farm animals,Camelids,No,Camelids,Udder,2024,7
Farm animals,Camelids,No,Camelids,Juvenile animal diseases,2024,103
Farm animals,Camelids,No,Camelids,Parasites,2024,6
Farm animals,Camelids,No,Camelids,"Metabolism, digestion",2024,91
Farm animals,Camelids,No,Camelids,"Urogenital diseases / reproduction, birth",2024,79
Farm animals,Camelids,No,Camelids,"Animal husbandry, prophylaxis",2024,139
Farm animals,Camelids,No,Camelids,Symptomatic treatment (unspecific),2024,61
Farm animals,Camelids,Yes,Camelids,All Organ Systems,2024,119
Farm animals,Camelids,Yes,Camelids,Disease of the musculoskeletal system,2024,11
Farm animals,Camelids,Yes,Camelids,"Diseases of the respiratory tract, cardiovascular system, skin, CNS and poisonings",2024,37
Farm animals,Camelids,Yes,Camelids,Udder,2024,1
Farm animals,Camelids,Yes,Camelids,Juvenile animal diseases,2024,33
Farm animals,Camelids,Yes,Camelids,"Metabolism, digestion",2024,23
Farm animals,Camelids,Yes,Camelids,"Urogenital diseases / reproduction, birth",2024,3
Farm animals,Camelids,Yes,Camelids,"Animal husbandry, prophylaxis",2024,1
Farm animals,Camelids,Yes,Camelids,Symptomatic treatment (unspecific),2024,10
Farm animals,Camelids,All types of active ingredients,Camelids,All Organ Systems,2024,902
Farm animals,Camelids,All types of active ingredients,Camelids,Disease of the musculoskeletal system,2024,85
Farm animals,Camelids,All types of active ingredients,Camelids,"Diseases of the respiratory tract, cardiovascular system, skin, CNS and poisonings",2024,260
Farm animals,Camelids,All types of active ingredients,Camelids,Udder,2024,8
Farm animals,Camelids,All types of active ingredients,Camelids,Juvenile animal diseases,2024,136
Farm animals,Camelids,All types of active ingredients,Camelids,Parasites,2024,6
Farm animals,Camelids,All types of active ingredients,Camelids,"Metabolism, digestion",2024,114
Farm animals,Camelids,All types of active ingredients,Camelids,"Urogenital diseases / reproduction, birth",2024,82
Farm animals,Camelids,All types of active ingredients,Camelids,"Animal husbandry, prophylaxis",2024,140
Farm animals,Camelids,All types of active ingredients,Camelids,Symptomatic treatment (unspecific),2024,71
Farm animals,Rabbits,No,All categories of use,Disease of the musculoskeletal system,2024,4
Farm animals,Rabbits,No,All categories of use,"Diseases of the respiratory tract, cardiovascular system, skin, CNS and poisonings",2024,8
Farm animals,Rabbits,No,All categories of use,Symptomatic treatment (unspecific),2024,2
Farm animals,Rabbits,Yes,All categories of use,Disease of the musculoskeletal system,2024,1
Farm animals,Rabbits,Yes,All categories of use,"Diseases of the respiratory tract, cardiovascular system, skin, CNS and poisonings",2024,6
Farm animals,Rabbits,Yes,All categories of use,"Urogenital diseases / reproduction, birth",2024,253
Farm animals,Rabbits,Yes,All categories of use,Symptomatic treatment (unspecific),2024,4
Farm animals,Rabbits,All types of active ingredients,All categories of use,Disease of the musculoskeletal system,2024,5
Farm animals,Rabbits,All types of active ingredients,All categories of use,"Diseases of the respiratory tract, cardiovascular system, skin, CNS and poisonings",2024,14
Farm animals,Rabbits,All types of active ingredients,All categories of use,"Urogenital diseases / reproduction, birth",2024,253
Farm animals,Rabbits,All types of active ingredients,All categories of use,Symptomatic treatment (unspecific),2024,6
Farm animals,Rabbits,No,Rabbits,Disease of the musculoskeletal system,2024,4
Farm animals,Rabbits,No,Rabbits,"Diseases of the respiratory tract, cardiovascular system, skin, CNS and poisonings",2024,8
Farm animals,Rabbits,No,Rabbits,Symptomatic treatment (unspecific),2024,2
Farm animals,Rabbits,Yes,Rabbits,Disease of the musculoskeletal system,2024,1
Farm animals,Rabbits,Yes,Rabbits,"Diseases of the respiratory tract, cardiovascular system, skin, CNS and poisonings",2024,6
Farm animals,Rabbits,Yes,Rabbits,"Urogenital diseases / reproduction, birth",2024,253
Farm animals,Rabbits,Yes,Rabbits,Symptomatic treatment (unspecific),2024,4
Farm animals,Rabbits,All types of active ingredients,Rabbits,Disease of the musculoskeletal system,2024,5
Farm animals,Rabbits,All types of active ingredients,Rabbits,"Diseases of the respiratory tract, cardiovascular system, skin, CNS and poisonings",2024,14
Farm animals,Rabbits,All types of active ingredients,Rabbits,"Urogenital diseases / reproduction, birth",2024,253
Farm animals,Rabbits,All types of active ingredients,Rabbits,Symptomatic treatment (unspecific),2024,6
Farm animals,Cattle,No,All categories of use,Disease of the musculoskeletal system,2024,46726
Farm animals,Cattle,No,All categories of use,"Diseases of the respiratory tract, cardiovascular system, skin, CNS and poisonings",2024,236558
Farm animals,Cattle,No,All categories of use,"Urogenital diseases / reproduction, birth",2024,107094
Farm animals,Cattle,No,All categories of use,Other reasons for treatment,2024,3613
Farm animals,Cattle,No,All categories of use,Symptomatic treatment (unspecific),2024,11001
Farm animals,Cattle,Yes,All categories of use,Disease of the musculoskeletal system,2024,6979
Farm animals,Cattle,Yes,All categories of use,"Diseases of the respiratory tract, cardiovascular system, skin, CNS and poisonings",2024,62036
Farm animals,Cattle,Yes,All categories of use,"Urogenital diseases / reproduction, birth",2024,1697
Farm animals,Cattle,Yes,All categories of use,Other reasons for treatment,2024,757
Farm animals,Cattle,Yes,All categories of use,Symptomatic treatment (unspecific),2024,1743
Farm animals,Cattle,All types of active ingredients,All categories of use,Disease of the musculoskeletal system,2024,53705
Farm animals,Cattle,All types of active ingredients,All categories of use,"Diseases of the respiratory tract, cardiovascular system, skin, CNS and poisonings",2024,298594
Farm animals,Cattle,All types of active ingredients,All categories of use,"Urogenital diseases / reproduction, birth",2024,108791
Farm animals,Cattle,All types of active ingredients,All categories of use,Other reasons for treatment,2024,4370
Farm animals,Cattle,All types of active ingredients,All categories of use,Symptomatic treatment (unspecific),2024,12744
Farm animals,Cattle,No,Rearing calves,Disease of the musculoskeletal system,2024,1956
Farm animals,Cattle,No,Rearing calves,"Diseases of the respiratory tract, cardiovascular system, skin, CNS and poisonings",2024,18599
Farm animals,Cattle,No,Rearing calves,"Urogenital diseases / reproduction, birth",2024,358
Farm animals,Cattle,No,Rearing calves,Other reasons for treatment,2024,210
Farm animals,Cattle,No,Rearing calves,Symptomatic treatment (unspecific),2024,922
Farm animals,Cattle,Yes,Rearing calves,Disease of the musculoskeletal system,2024,280
Farm animals,Cattle,Yes,Rearing calves,"Diseases of the respiratory tract, cardiovascular system, skin, CNS and poisonings",2024,6954
Farm animals,Cattle,Yes,Rearing calves,"Urogenital diseases / reproduction, birth",2024,20
Farm animals,Cattle,Yes,Rearing calves,Other reasons for treatment,2024,50
Farm animals,Cattle,Yes,Rearing calves,Symptomatic treatment (unspecific),2024,234
Farm animals,Cattle,All types of active ingredients,Rearing calves,Disease of the musculoskeletal system,2024,2236
Farm animals,Cattle,All types of active ingredients,Rearing calves,"Diseases of the respiratory tract, cardiovascular system, skin, CNS and poisonings",2024,25553
Farm animals,Cattle,All types of active ingredients,Rearing calves,"Urogenital diseases / reproduction, birth",2024,378
Farm animals,Cattle,All types of active ingredients,Rearing calves,Other reasons for treatment,2024,260
Farm animals,Cattle,All types of active ingredients,Rearing calves,Symptomatic treatment (unspecific),2024,1156
Farm animals,Cattle,No,Rearing cattle,Disease of the musculoskeletal system,2024,4999
Farm animals,Cattle,No,Rearing cattle,"Diseases of the respiratory tract, cardiovascular system, skin, CNS and poisonings",2024,8470
Farm animals,Cattle,No,Rearing cattle,"Urogenital diseases / reproduction, birth",2024,1751
Farm animals,Cattle,No,Rearing cattle,Other reasons for treatment,2024,205
Farm animals,Cattle,No,Rearing cattle,Symptomatic treatment (unspecific),2024,940
Farm animals,Cattle,Yes,Rearing cattle,Disease of the musculoskeletal system,2024,143
Farm animals,Cattle,Yes,Rearing cattle,"Diseases of the respiratory tract, cardiovascular system, skin, CNS and poisonings",2024,1405
Farm animals,Cattle,Yes,Rearing cattle,"Urogenital diseases / reproduction, birth",2024,19
Farm animals,Cattle,Yes,Rearing cattle,Other reasons for treatment,2024,10
Farm animals,Cattle,Yes,Rearing cattle,Symptomatic treatment (unspecific),2024,66
Farm animals,Cattle,All types of active ingredients,Rearing cattle,Disease of the musculoskeletal system,2024,5142
Farm animals,Cattle,All types of active ingredients,Rearing cattle,"Diseases of the respiratory tract, cardiovascular system, skin, CNS and poisonings",2024,9875
Farm animals,Cattle,All types of active ingredients,Rearing cattle,"Urogenital diseases / reproduction, birth",2024,1770
Farm animals,Cattle,All types of active ingredients,Rearing cattle,Other reasons for treatment,2024,215
Farm animals,Cattle,All types of active ingredients,Rearing cattle,Symptomatic treatment (unspecific),2024,1006
Farm animals,Cattle,No,Fattening calves and cattle,Disease of the musculoskeletal system,2024,2293
Farm animals,Cattle,No,Fattening calves and cattle,"Diseases of the respiratory tract, cardiovascular system, skin, CNS and poisonings",2024,175560
Farm animals,Cattle,No,Fattening calves and cattle,"Urogenital diseases / reproduction, birth",2024,426
Farm animals,Cattle,No,Fattening calves and cattle,Other reasons for treatment,2024,234
Farm animals,Cattle,No,Fattening calves and cattle,Symptomatic treatment (unspecific),2024,690
Farm animals,Cattle,Yes,Fattening calves and cattle,Disease of the musculoskeletal system,2024,207
Farm animals,Cattle,Yes,Fattening calves and cattle,"Diseases of the respiratory tract, cardiovascular system, skin, CNS and poisonings",2024,45721
Farm animals,Cattle,Yes,Fattening calves and cattle,"Urogenital diseases / reproduction, birth",2024,7
Farm animals,Cattle,Yes,Fattening calves and cattle,Other reasons for treatment,2024,159
Farm animals,Cattle,Yes,Fattening calves and cattle,Symptomatic treatment (unspecific),2024,242
Farm animals,Cattle,All types of active ingredients,Fattening calves and cattle,Disease of the musculoskeletal system,2024,2500
Farm animals,Cattle,All types of active ingredients,Fattening calves and cattle,"Diseases of the respiratory tract, cardiovascular system, skin, CNS and poisonings",2024,221281
Farm animals,Cattle,All types of active ingredients,Fattening calves and cattle,"Urogenital diseases / reproduction, birth",2024,433
Farm animals,Cattle,All types of active ingredients,Fattening calves and cattle,Other reasons for treatment,2024,393
Farm animals,Cattle,All types of active ingredients,Fattening calves and cattle,Symptomatic treatment (unspecific),2024,932
Farm animals,Cattle,No,Dairy cows,Disease of the musculoskeletal system,2024,31786
Farm animals,Cattle,No,Dairy cows,"Diseases of the respiratory tract, cardiovascular system, skin, CNS and poisonings",2024,28700
Farm animals,Cattle,No,Dairy cows,"Urogenital diseases / reproduction, birth",2024,93645
Farm animals,Cattle,No,Dairy cows,Other reasons for treatment,2024,2530
Farm animals,Cattle,No,Dairy cows,Symptomatic treatment (unspecific),2024,6982
Farm animals,Cattle,Yes,Dairy cows,Disease of the musculoskeletal system,2024,6069
Farm animals,Cattle,Yes,Dairy cows,"Diseases of the respiratory tract, cardiovascular system, skin, CNS and poisonings",2024,6312
Farm animals,Cattle,Yes,Dairy cows,"Urogenital diseases / reproduction, birth",2024,1543
Farm animals,Cattle,Yes,Dairy cows,Other reasons for treatment,2024,496
Farm animals,Cattle,Yes,Dairy cows,Symptomatic treatment (unspecific),2024,895
Farm animals,Cattle,All types of active ingredients,Dairy cows,Disease of the musculoskeletal system,2024,37855
Farm animals,Cattle,All types of active ingredients,Dairy cows,"Diseases of the respiratory tract, cardiovascular system, skin, CNS and poisonings",2024,35012
Farm animals,Cattle,All types of active ingredients,Dairy cows,"Urogenital diseases / reproduction, birth",2024,95188
Farm animals,Cattle,All types of active ingredients,Dairy cows,Other reasons for treatment,2024,3026
Farm animals,Cattle,All types of active ingredients,Dairy cows,Symptomatic treatment (unspecific),2024,7877
Farm animals,Cattle,No,Cow-calf calves,Disease of the musculoskeletal system,2024,1382
Farm animals,Cattle,No,Cow-calf calves,"Diseases of the respiratory tract, cardiovascular system, skin, CNS and poisonings",2024,3684
Farm animals,Cattle,No,Cow-calf calves,"Urogenital diseases / reproduction, birth",2024,143
Farm animals,Cattle,No,Cow-calf calves,Other reasons for treatment,2024,88
Farm animals,Cattle,No,Cow-calf calves,Symptomatic treatment (unspecific),2024,604
Farm animals,Cattle,Yes,Cow-calf calves,Disease of the musculoskeletal system,2024,139
Farm animals,Cattle,Yes,Cow-calf calves,"Diseases of the respiratory tract, cardiovascular system, skin, CNS and poisonings",2024,1202
Farm animals,Cattle,Yes,Cow-calf calves,"Urogenital diseases / reproduction, birth",2024,2
Farm animals,Cattle,Yes,Cow-calf calves,Other reasons for treatment,2024,19
Farm animals,Cattle,Yes,Cow-calf calves,Symptomatic treatment (unspecific),2024,185
Farm animals,Cattle,All types of active ingredients,Cow-calf calves,Disease of the musculoskeletal system,2024,1521
Farm animals,Cattle,All types of active ingredients,Cow-calf calves,"Diseases of the respiratory tract, cardiovascular system, skin, CNS and poisonings",2024,4886
Farm animals,Cattle,All types of active ingredients,Cow-calf calves,"Urogenital diseases / reproduction, birth",2024,145
Farm animals,Cattle,All types of active ingredients,Cow-calf calves,Other reasons for treatment,2024,107
Farm animals,Cattle,All types of active ingredients,Cow-calf calves,Symptomatic treatment (unspecific),2024,789
Farm animals,Cattle,No,Suckler cows,Disease of the musculoskeletal system,2024,4261
Farm animals,Cattle,No,Suckler cows,"Diseases of the respiratory tract, cardiovascular system, skin, CNS and poisonings",2024,1545
Farm animals,Cattle,No,Suckler cows,"Urogenital diseases / reproduction, birth",2024,10625
Farm animals,Cattle,No,Suckler cows,Other reasons for treatment,2024,346
Farm animals,Cattle,No,Suckler cows,Symptomatic treatment (unspecific),2024,823
Farm animals,Cattle,Yes,Suckler cows,Disease of the musculoskeletal system,2024,139
Farm animals,Cattle,Yes,Suckler cows,"Diseases of the respiratory tract, cardiovascular system, skin, CNS and poisonings",2024,442
Farm animals,Cattle,Yes,Suckler cows,"Urogenital diseases / reproduction, birth",2024,106
Farm animals,Cattle,Yes,Suckler cows,Other reasons for treatment,2024,23
Farm animals,Cattle,Yes,Suckler cows,Symptomatic treatment (unspecific),2024,118
Farm animals,Cattle,All types of active ingredients,Suckler cows,Disease of the musculoskeletal system,2024,4400
Farm animals,Cattle,All types of active ingredients,Suckler cows,"Diseases of the respiratory tract, cardiovascular system, skin, CNS and poisonings",2024,1987
Farm animals,Cattle,All types of active ingredients,Suckler cows,"Urogenital diseases / reproduction, birth",2024,10731
Farm animals,Cattle,All types of active ingredients,Suckler cows,Other reasons for treatment,2024,369
Farm animals,Cattle,All types of active ingredients,Suckler cows,Symptomatic treatment (unspecific),2024,941
Farm animals,Cattle,No,Cattle nCU,Disease of the musculoskeletal system,2024,49
Farm animals,Cattle,No,Cattle nCU,"Urogenital diseases / reproduction, birth",2024,146
Farm animals,Cattle,No,Cattle nCU,Symptomatic treatment (unspecific),2024,40
Farm animals,Cattle,Yes,Cattle nCU,Disease of the musculoskeletal system,2024,2
Farm animals,Cattle,Yes,Cattle nCU,Symptomatic treatment (unspecific),2024,3
Farm animals,Cattle,All types of active ingredients,Cattle nCU,Disease of the musculoskeletal system,2024,51
Farm animals,Cattle,All types of active ingredients,Cattle nCU,"Urogenital diseases / reproduction, birth",2024,146
Farm animals,Cattle,All types of active ingredients,Cattle nCU,Symptomatic treatment (unspecific),2024,43
Farm animals,Sheep,No,All categories of use,Disease of the musculoskeletal system,2024,3837
Farm animals,Sheep,No,All categories of use,"Diseases of the respiratory tract, cardiovascular system, skin, CNS and poisonings",2024,3864
Farm animals,Sheep,No,All categories of use,"Urogenital diseases / reproduction, birth",2024,4837
Farm animals,Sheep,No,All categories of use,Symptomatic treatment (unspecific),2024,1447
Farm animals,Sheep,Yes,All categories of use,Disease of the musculoskeletal system,2024,96
Farm animals,Sheep,Yes,All categories of use,"Diseases of the respiratory tract, cardiovascular system, skin, CNS and poisonings",2024,397
Farm animals,Sheep,Yes,All categories of use,"Urogenital diseases / reproduction, birth",2024,80
Farm animals,Sheep,Yes,All categories of use,Symptomatic treatment (unspecific),2024,83
Farm animals,Sheep,All types of active ingredients,All categories of use,Disease of the musculoskeletal system,2024,3933
Farm animals,Sheep,All types of active ingredients,All categories of use,"Diseases of the respiratory tract, cardiovascular system, skin, CNS and poisonings",2024,4261
Farm animals,Sheep,All types of active ingredients,All categories of use,"Urogenital diseases / reproduction, birth",2024,4917
Farm animals,Sheep,All types of active ingredients,All categories of use,Symptomatic treatment (unspecific),2024,1530
Farm animals,Sheep,No,Sheep,Disease of the musculoskeletal system,2024,3837
Farm animals,Sheep,No,Sheep,"Diseases of the respiratory tract, cardiovascular system, skin, CNS and poisonings",2024,3864
Farm animals,Sheep,No,Sheep,"Urogenital diseases / reproduction, birth",2024,4837
Farm animals,Sheep,No,Sheep,Symptomatic treatment (unspecific),2024,1447
Farm animals,Sheep,Yes,Sheep,Disease of the musculoskeletal system,2024,96
Farm animals,Sheep,Yes,Sheep,"Diseases of the respiratory tract, cardiovascular system, skin, CNS and poisonings",2024,397
Farm animals,Sheep,Yes,Sheep,"Urogenital diseases / reproduction, birth",2024,80
Farm animals,Sheep,Yes,Sheep,Symptomatic treatment (unspecific),2024,83
Farm animals,Sheep,All types of active ingredients,Sheep,Disease of the musculoskeletal system,2024,3933
Farm animals,Sheep,All types of active ingredients,Sheep,"Diseases of the respiratory tract, cardiovascular system, skin, CNS and poisonings",2024,4261
Farm animals,Sheep,All types of active ingredients,Sheep,"Urogenital diseases / reproduction, birth",2024,4917
Farm animals,Sheep,All types of active ingredients,Sheep,Symptomatic treatment (unspecific),2024,1530
Farm animals,Pigs,No,All categories of use,Disease of the musculoskeletal system,2024,13071
Farm animals,Pigs,No,All categories of use,"Diseases of the respiratory tract, cardiovascular system, skin, CNS and poisonings",2024,20884
Farm animals,Pigs,No,All categories of use,Mammary gland diseases incl. mastitis,2024,166
Farm animals,Pigs,No,All categories of use,Specific infectious diseases,2024,14875
Farm animals,Pigs,No,All categories of use,"Urogenital diseases / reproduction, birth",2024,472
Farm animals,Pigs,No,All categories of use,"Digestion, diarrhea",2024,86270
Farm animals,Pigs,No,All categories of use,"Animal husbandry, prophylaxis",2024,1207
Farm animals,Pigs,No,All categories of use,Other reasons for treatment,2024,740
Farm animals,Pigs,Yes,All categories of use,Disease of the musculoskeletal system,2024,1112
Farm animals,Pigs,Yes,All categories of use,"Diseases of the respiratory tract, cardiovascular system, skin, CNS and poisonings",2024,3462
Farm animals,Pigs,Yes,All categories of use,Mammary gland diseases incl. mastitis,2024,307
Farm animals,Pigs,Yes,All categories of use,Specific infectious diseases,2024,578
Farm animals,Pigs,Yes,All categories of use,"Urogenital diseases / reproduction, birth",2024,197
Farm animals,Pigs,Yes,All categories of use,"Digestion, diarrhea",2024,13286
Farm animals,Pigs,Yes,All categories of use,"Animal husbandry, prophylaxis",2024,1
Farm animals,Pigs,Yes,All categories of use,Other reasons for treatment,2024,1757
Farm animals,Pigs,All types of active ingredients,All categories of use,Disease of the musculoskeletal system,2024,14183
Farm animals,Pigs,All types of active ingredients,All categories of use,"Diseases of the respiratory tract, cardiovascular system, skin, CNS and poisonings",2024,24346
Farm animals,Pigs,All types of active ingredients,All categories of use,Mammary gland diseases incl. mastitis,2024,473
Farm animals,Pigs,All types of active ingredients,All categories of use,Specific infectious diseases,2024,15453
Farm animals,Pigs,All types of active ingredients,All categories of use,"Urogenital diseases / reproduction, birth",2024,669
Farm animals,Pigs,All types of active ingredients,All categories of use,"Digestion, diarrhea",2024,99556
Farm animals,Pigs,All types of active ingredients,All categories of use,"Animal husbandry, prophylaxis",2024,1208
Farm animals,Pigs,All types of active ingredients,All categories of use,Other reasons for treatment,2024,2497
Farm animals,Pigs,No,Young sows,Disease of the musculoskeletal system,2024,285
Farm animals,Pigs,No,Young sows,"Diseases of the respiratory tract, cardiovascular system, skin, CNS and poisonings",2024,57
Farm animals,Pigs,No,Young sows,Mammary gland diseases incl. mastitis,2024,7
Farm animals,Pigs,No,Young sows,Specific infectious diseases,2024,6
Farm animals,Pigs,No,Young sows,"Urogenital diseases / reproduction, birth",2024,2
Farm animals,Pigs,No,Young sows,"Digestion, diarrhea",2024,188
Farm animals,Pigs,No,Young sows,"Animal husbandry, prophylaxis",2024,2
Farm animals,Pigs,No,Young sows,Other reasons for treatment,2024,3
Farm animals,Pigs,Yes,Young sows,Disease of the musculoskeletal system,2024,4
Farm animals,Pigs,Yes,Young sows,"Diseases of the respiratory tract, cardiovascular system, skin, CNS and poisonings",2024,9
Farm animals,Pigs,Yes,Young sows,Mammary gland diseases incl. mastitis,2024,2
Farm animals,Pigs,Yes,Young sows,Specific infectious diseases,2024,2
Farm animals,Pigs,Yes,Young sows,"Urogenital diseases / reproduction, birth",2024,4
Farm animals,Pigs,Yes,Young sows,"Digestion, diarrhea",2024,22
Farm animals,Pigs,Yes,Young sows,Other reasons for treatment,2024,5
Farm animals,Pigs,All types of active ingredients,Young sows,Disease of the musculoskeletal system,2024,289
Farm animals,Pigs,All types of active ingredients,Young sows,"Diseases of the respiratory tract, cardiovascular system, skin, CNS and poisonings",2024,66
Farm animals,Pigs,All types of active ingredients,Young sows,Mammary gland diseases incl. mastitis,2024,9
Farm animals,Pigs,All types of active ingredients,Young sows,Specific infectious diseases,2024,8
Farm animals,Pigs,All types of active ingredients,Young sows,"Urogenital diseases / reproduction, birth",2024,6
Farm animals,Pigs,All types of active ingredients,Young sows,"Digestion, diarrhea",2024,210
Farm animals,Pigs,All types of active ingredients,Young sows,"Animal husbandry, prophylaxis",2024,2
Farm animals,Pigs,All types of active ingredients,Young sows,Other reasons for treatment,2024,8
Farm animals,Pigs,No,Fattening pigs,Disease of the musculoskeletal system,2024,7882
Farm animals,Pigs,No,Fattening pigs,"Diseases of the respiratory tract, cardiovascular system, skin, CNS and poisonings",2024,12030
Farm animals,Pigs,No,Fattening pigs,Mammary gland diseases incl. mastitis,2024,38
Farm animals,Pigs,No,Fattening pigs,Specific infectious diseases,2024,9303
Farm animals,Pigs,No,Fattening pigs,"Urogenital diseases / reproduction, birth",2024,77
Farm animals,Pigs,No,Fattening pigs,"Digestion, diarrhea",2024,27070
Farm animals,Pigs,No,Fattening pigs,"Animal husbandry, prophylaxis",2024,481
Farm animals,Pigs,No,Fattening pigs,Other reasons for treatment,2024,317
Farm animals,Pigs,Yes,Fattening pigs,Disease of the musculoskeletal system,2024,275
Farm animals,Pigs,Yes,Fattening pigs,"Diseases of the respiratory tract, cardiovascular system, skin, CNS and poisonings",2024,1909
Farm animals,Pigs,Yes,Fattening pigs,Mammary gland diseases incl. mastitis,2024,65
Farm animals,Pigs,Yes,Fattening pigs,Specific infectious diseases,2024,382
Farm animals,Pigs,Yes,Fattening pigs,"Urogenital diseases / reproduction, birth",2024,18
Farm animals,Pigs,Yes,Fattening pigs,"Digestion, diarrhea",2024,4136
Farm animals,Pigs,Yes,Fattening pigs,"Animal husbandry, prophylaxis",2024,1
Farm animals,Pigs,Yes,Fattening pigs,Other reasons for treatment,2024,181
Farm animals,Pigs,All types of active ingredients,Fattening pigs,Disease of the musculoskeletal system,2024,8157
Farm animals,Pigs,All types of active ingredients,Fattening pigs,"Diseases of the respiratory tract, cardiovascular system, skin, CNS and poisonings",2024,13939
Farm animals,Pigs,All types of active ingredients,Fattening pigs,Mammary gland diseases incl. mastitis,2024,103
Farm animals,Pigs,All types of active ingredients,Fattening pigs,Specific infectious diseases,2024,9685
Farm animals,Pigs,All types of active ingredients,Fattening pigs,"Urogenital diseases / reproduction, birth",2024,95
Farm animals,Pigs,All types of active ingredients,Fattening pigs,"Digestion, diarrhea",2024,31206
Farm animals,Pigs,All types of active ingredients,Fattening pigs,"Animal husbandry, prophylaxis",2024,482
Farm animals,Pigs,All types of active ingredients,Fattening pigs,Other reasons for treatment,2024,498
Farm animals,Pigs,No,Suckling and weaned piglets,Disease of the musculoskeletal system,2024,3287
Farm animals,Pigs,No,Suckling and weaned piglets,"Diseases of the respiratory tract, cardiovascular system, skin, CNS and poisonings",2024,8135
Farm animals,Pigs,No,Suckling and weaned piglets,Mammary gland diseases incl. mastitis,2024,18
Farm animals,Pigs,No,Suckling and weaned piglets,Specific infectious diseases,2024,5542
Farm animals,Pigs,No,Suckling and weaned piglets,"Urogenital diseases / reproduction, birth",2024,7
Farm animals,Pigs,No,Suckling and weaned piglets,"Digestion, diarrhea",2024,58476
Farm animals,Pigs,No,Suckling and weaned piglets,"Animal husbandry, prophylaxis",2024,591
Farm animals,Pigs,No,Suckling and weaned piglets,Other reasons for treatment,2024,377
Farm animals,Pigs,Yes,Suckling and weaned piglets,Disease of the musculoskeletal system,2024,558
Farm animals,Pigs,Yes,Suckling and weaned piglets,"Diseases of the respiratory tract, cardiovascular system, skin, CNS and poisonings",2024,1447
Farm animals,Pigs,Yes,Suckling and weaned piglets,Mammary gland diseases incl. mastitis,2024,20
Farm animals,Pigs,Yes,Suckling and weaned piglets,Specific infectious diseases,2024,187
Farm animals,Pigs,Yes,Suckling and weaned piglets,"Urogenital diseases / reproduction, birth",2024,1
Farm animals,Pigs,Yes,Suckling and weaned piglets,"Digestion, diarrhea",2024,7903
Farm animals,Pigs,Yes,Suckling and weaned piglets,Other reasons for treatment,2024,1368
Farm animals,Pigs,All types of active ingredients,Suckling and weaned piglets,Disease of the musculoskeletal system,2024,3845
Farm animals,Pigs,All types of active ingredients,Suckling and weaned piglets,"Diseases of the respiratory tract, cardiovascular system, skin, CNS and poisonings",2024,9582
Farm animals,Pigs,All types of active ingredients,Suckling and weaned piglets,Mammary gland diseases incl. mastitis,2024,38
Farm animals,Pigs,All types of active ingredients,Suckling and weaned piglets,Specific infectious diseases,2024,5729
Farm animals,Pigs,All types of active ingredients,Suckling and weaned piglets,"Urogenital diseases / reproduction, birth",2024,8
Farm animals,Pigs,All types of active ingredients,Suckling and weaned piglets,"Digestion, diarrhea",2024,66379
Farm animals,Pigs,All types of active ingredients,Suckling and weaned piglets,"Animal husbandry, prophylaxis",2024,591
Farm animals,Pigs,All types of active ingredients,Suckling and weaned piglets,Other reasons for treatment,2024,1745
Farm animals,Pigs,No,Pigs nCU,Disease of the musculoskeletal system,2024,14
Farm animals,Pigs,No,Pigs nCU,"Urogenital diseases / reproduction, birth",2024,28
Farm animals,Pigs,All types of active ingredients,Pigs nCU,Disease of the musculoskeletal system,2024,14
Farm animals,Pigs,All types of active ingredients,Pigs nCU,"Urogenital diseases / reproduction, birth",2024,28
Farm animals,Pigs,No,Breeding sows and boars,Disease of the musculoskeletal system,2024,1603
Farm animals,Pigs,No,Breeding sows and boars,"Diseases of the respiratory tract, cardiovascular system, skin, CNS and poisonings",2024,662
Farm animals,Pigs,No,Breeding sows and boars,Mammary gland diseases incl. mastitis,2024,103
Farm animals,Pigs,No,Breeding sows and boars,Specific infectious diseases,2024,24
Farm animals,Pigs,No,Breeding sows and boars,"Urogenital diseases / reproduction, birth",2024,358
Farm animals,Pigs,No,Breeding sows and boars,"Digestion, diarrhea",2024,536
Farm animals,Pigs,No,Breeding sows and boars,"Animal husbandry, prophylaxis",2024,133
Farm animals,Pigs,No,Breeding sows and boars,Other reasons for treatment,2024,43
Farm animals,Pigs,Yes,Breeding sows and boars,Disease of the musculoskeletal system,2024,275
Farm animals,Pigs,Yes,Breeding sows and boars,"Diseases of the respiratory tract, cardiovascular system, skin, CNS and poisonings",2024,97
Farm animals,Pigs,Yes,Breeding sows and boars,Mammary gland diseases incl. mastitis,2024,220
Farm animals,Pigs,Yes,Breeding sows and boars,Specific infectious diseases,2024,7
Farm animals,Pigs,Yes,Breeding sows and boars,"Urogenital diseases / reproduction, birth",2024,174
Farm animals,Pigs,Yes,Breeding sows and boars,"Digestion, diarrhea",2024,1225
Farm animals,Pigs,Yes,Breeding sows and boars,Other reasons for treatment,2024,203
Farm animals,Pigs,All types of active ingredients,Breeding sows and boars,Disease of the musculoskeletal system,2024,1878
Farm animals,Pigs,All types of active ingredients,Breeding sows and boars,"Diseases of the respiratory tract, cardiovascular system, skin, CNS and poisonings",2024,759
Farm animals,Pigs,All types of active ingredients,Breeding sows and boars,Mammary gland diseases incl. mastitis,2024,323
Farm animals,Pigs,All types of active ingredients,Breeding sows and boars,Specific infectious diseases,2024,31
Farm animals,Pigs,All types of active ingredients,Breeding sows and boars,"Urogenital diseases / reproduction, birth",2024,532
Farm animals,Pigs,All types of active ingredients,Breeding sows and boars,"Digestion, diarrhea",2024,1761
Farm animals,Pigs,All types of active ingredients,Breeding sows and boars,"Animal husbandry, prophylaxis",2024,133
Farm animals,Pigs,All types of active ingredients,Breeding sows and boars,Other reasons for treatment,2024,246
Farm animals,Goats,No,All categories of use,Disease of the musculoskeletal system,2024,1100
Farm animals,Goats,No,All categories of use,"Diseases of the respiratory tract, cardiovascular system, skin, CNS and poisonings",2024,1875
Farm animals,Goats,No,All categories of use,"Urogenital diseases / reproduction, birth",2024,2044
Farm animals,Goats,No,All categories of use,Symptomatic treatment (unspecific),2024,588
Farm animals,Goats,Yes,All categories of use,Disease of the musculoskeletal system,2024,69
Farm animals,Goats,Yes,All categories of use,"Diseases of the respiratory tract, cardiovascular system, skin, CNS and poisonings",2024,202
Farm animals,Goats,Yes,All categories of use,"Urogenital diseases / reproduction, birth",2024,54
Farm animals,Goats,Yes,All categories of use,Symptomatic treatment (unspecific),2024,31
Farm animals,Goats,All types of active ingredients,All categories of use,Disease of the musculoskeletal system,2024,1169
Farm animals,Goats,All types of active ingredients,All categories of use,"Diseases of the respiratory tract, cardiovascular system, skin, CNS and poisonings",2024,2077
Farm animals,Goats,All types of active ingredients,All categories of use,"Urogenital diseases / reproduction, birth",2024,2098
Farm animals,Goats,All types of active ingredients,All categories of use,Symptomatic treatment (unspecific),2024,619
Farm animals,Goats,No,Goats,Disease of the musculoskeletal system,2024,1100
Farm animals,Goats,No,Goats,"Diseases of the respiratory tract, cardiovascular system, skin, CNS and poisonings",2024,1875
Farm animals,Goats,No,Goats,"Urogenital diseases / reproduction, birth",2024,2044
Farm animals,Goats,No,Goats,Symptomatic treatment (unspecific),2024,588
Farm animals,Goats,Yes,Goats,Disease of the musculoskeletal system,2024,69
Farm animals,Goats,Yes,Goats,"Diseases of the respiratory tract, cardiovascular system, skin, CNS and poisonings",2024,202
Farm animals,Goats,Yes,Goats,"Urogenital diseases / reproduction, birth",2024,54
Farm animals,Goats,Yes,Goats,Symptomatic treatment (unspecific),2024,31
Farm animals,Goats,All types of active ingredients,Goats,Disease of the musculoskeletal system,2024,1169
Farm animals,Goats,All types of active ingredients,Goats,"Diseases of the respiratory tract, cardiovascular system, skin, CNS and poisonings",2024,2077
Farm animals,Goats,All types of active ingredients,Goats,"Urogenital diseases / reproduction, birth",2024,2098
Farm animals,Goats,All types of active ingredients,Goats,Symptomatic treatment (unspecific),2024,619
Pets,Equids,No,All categories of use,All Organ Systems,2025,20090
Pets,Equids,No,All categories of use,Disease of the musculoskeletal system,2025,7460
Pets,Equids,No,All categories of use,"Diseases of the respiratory tract, cardiovascular system, skin, CNS and poisonings",2025,1504
Pets,Equids,No,All categories of use,Mammary gland diseases incl. mastitis,2025,158
Pets,Equids,No,All categories of use,Skin diseases incl. ears,2025,1658
Pets,Equids,No,All categories of use,Operation or other intervention,2025,3761
Pets,Equids,No,All categories of use,Oral infections incl. teeth and gastrointestinal tract,2025,1724
Pets,Equids,No,All categories of use,Specific infectious diseases,2025,1412
Pets,Equids,No,All categories of use,"Urogenital diseases / reproduction, birth",2025,908
Pets,Equids,No,All categories of use,Central nervous diseases and sensory organs,2025,191
Pets,Equids,No,All categories of use,Symptomatic treatment (unspecific),2025,1314
Pets,Equids,Yes,All categories of use,All Organ Systems,2025,693
Pets,Equids,Yes,All categories of use,Disease of the musculoskeletal system,2025,218
Pets,Equids,Yes,All categories of use,"Diseases of the respiratory tract, cardiovascular system, skin, CNS and poisonings",2025,91
Pets,Equids,Yes,All categories of use,Mammary gland diseases incl. mastitis,2025,15
Pets,Equids,Yes,All categories of use,Skin diseases incl. ears,2025,38
Pets,Equids,Yes,All categories of use,Operation or other intervention,2025,150
Pets,Equids,Yes,All categories of use,Oral infections incl. teeth and gastrointestinal tract,2025,64
Pets,Equids,Yes,All categories of use,Specific infectious diseases,2025,44
Pets,Equids,Yes,All categories of use,"Urogenital diseases / reproduction, birth",2025,16
Pets,Equids,Yes,All categories of use,Central nervous diseases and sensory organs,2025,5
Pets,Equids,Yes,All categories of use,Symptomatic treatment (unspecific),2025,52
Pets,Equids,All types of active ingredients,All categories of use,All Organ Systems,2025,20783
Pets,Equids,All types of active ingredients,All categories of use,Disease of the musculoskeletal system,2025,7678
Pets,Equids,All types of active ingredients,All categories of use,"Diseases of the respiratory tract, cardiovascular system, skin, CNS and poisonings",2025,1595
Pets,Equids,All types of active ingredients,All categories of use,Mammary gland diseases incl. mastitis,2025,173
Pets,Equids,All types of active ingredients,All categories of use,Skin diseases incl. ears,2025,1696
Pets,Equids,All types of active ingredients,All categories of use,Operation or other intervention,2025,3911
Pets,Equids,All types of active ingredients,All categories of use,Oral infections incl. teeth and gastrointestinal tract,2025,1788
Pets,Equids,All types of active ingredients,All categories of use,Specific infectious diseases,2025,1456
Pets,Equids,All types of active ingredients,All categories of use,"Urogenital diseases / reproduction, birth",2025,924
Pets,Equids,All types of active ingredients,All categories of use,Central nervous diseases and sensory organs,2025,196
Pets,Equids,All types of active ingredients,All categories of use,Symptomatic treatment (unspecific),2025,1366
Pets,Equids,No,Equids,All Organ Systems,2025,20090
Pets,Equids,No,Equids,Disease of the musculoskeletal system,2025,7460
Pets,Equids,No,Equids,"Diseases of the respiratory tract, cardiovascular system, skin, CNS and poisonings",2025,1504
Pets,Equids,No,Equids,Mammary gland diseases incl. mastitis,2025,158
Pets,Equids,No,Equids,Skin diseases incl. ears,2025,1658
Pets,Equids,No,Equids,Operation or other intervention,2025,3761
Pets,Equids,No,Equids,Oral infections incl. teeth and gastrointestinal tract,2025,1724
Pets,Equids,No,Equids,Specific infectious diseases,2025,1412
Pets,Equids,No,Equids,"Urogenital diseases / reproduction, birth",2025,908
Pets,Equids,No,Equids,Central nervous diseases and sensory organs,2025,191
Pets,Equids,No,Equids,Symptomatic treatment (unspecific),2025,1314
Pets,Equids,Yes,Equids,All Organ Systems,2025,693
Pets,Equids,Yes,Equids,Disease of the musculoskeletal system,2025,218
Pets,Equids,Yes,Equids,"Diseases of the respiratory tract, cardiovascular system, skin, CNS and poisonings",2025,91
Pets,Equids,Yes,Equids,Mammary gland diseases incl. mastitis,2025,15
Pets,Equids,Yes,Equids,Skin diseases incl. ears,2025,38
Pets,Equids,Yes,Equids,Operation or other intervention,2025,150
Pets,Equids,Yes,Equids,Oral infections incl. teeth and gastrointestinal tract,2025,64
Pets,Equids,Yes,Equids,Specific infectious diseases,2025,44
Pets,Equids,Yes,Equids,"Urogenital diseases / reproduction, birth",2025,16
Pets,Equids,Yes,Equids,Central nervous diseases and sensory organs,2025,5
Pets,Equids,Yes,Equids,Symptomatic treatment (unspecific),2025,52
Pets,Equids,All types of active ingredients,Equids,All Organ Systems,2025,20783
Pets,Equids,All types of active ingredients,Equids,Disease of the musculoskeletal system,2025,7678
Pets,Equids,All types of active ingredients,Equids,"Diseases of the respiratory tract, cardiovascular system, skin, CNS and poisonings",2025,1595
Pets,Equids,All types of active ingredients,Equids,Mammary gland diseases incl. mastitis,2025,173
Pets,Equids,All types of active ingredients,Equids,Skin diseases incl. ears,2025,1696
Pets,Equids,All types of active ingredients,Equids,Operation or other intervention,2025,3911
Pets,Equids,All types of active ingredients,Equids,Oral infections incl. teeth and gastrointestinal tract,2025,1788
Pets,Equids,All types of active ingredients,Equids,Specific infectious diseases,2025,1456
Pets,Equids,All types of active ingredients,Equids,"Urogenital diseases / reproduction, birth",2025,924
Pets,Equids,All types of active ingredients,Equids,Central nervous diseases and sensory organs,2025,196
Pets,Equids,All types of active ingredients,Equids,Symptomatic treatment (unspecific),2025,1366
Pets,Dogs,No,All categories of use,All Organ Systems,2025,189352
Pets,Dogs,No,All categories of use,Disease of the musculoskeletal system,2025,10246
Pets,Dogs,No,All categories of use,"Diseases of the respiratory tract, cardiovascular system, skin, CNS and poisonings",2025,7739
Pets,Dogs,No,All categories of use,Mammary gland diseases incl. mastitis,2025,524
Pets,Dogs,No,All categories of use,Skin diseases incl. ears,2025,48716
Pets,Dogs,No,All categories of use,Operation or other intervention,2025,31980
Pets,Dogs,No,All categories of use,Oral infections incl. teeth and gastrointestinal tract,2025,44132
Pets,Dogs,No,All categories of use,Specific infectious diseases,2025,11887
Pets,Dogs,No,All categories of use,"Urogenital diseases / reproduction, birth",2025,15060
Pets,Dogs,No,All categories of use,Central nervous diseases and sensory organs,2025,1778
Pets,Dogs,No,All categories of use,Symptomatic treatment (unspecific),2025,17290
Pets,Dogs,Yes,All categories of use,All Organ Systems,2025,19333
Pets,Dogs,Yes,All categories of use,Disease of the musculoskeletal system,2025,726
Pets,Dogs,Yes,All categories of use,"Diseases of the respiratory tract, cardiovascular system, skin, CNS and poisonings",2025,1268
Pets,Dogs,Yes,All categories of use,Mammary gland diseases incl. mastitis,2025,45
Pets,Dogs,Yes,All categories of use,Skin diseases incl. ears,2025,3151
Pets,Dogs,Yes,All categories of use,Operation or other intervention,2025,1387
Pets,Dogs,Yes,All categories of use,Oral infections incl. teeth and gastrointestinal tract,2025,5413
Pets,Dogs,Yes,All categories of use,Specific infectious diseases,2025,2020
Pets,Dogs,Yes,All categories of use,"Urogenital diseases / reproduction, birth",2025,3064
Pets,Dogs,Yes,All categories of use,Central nervous diseases and sensory organs,2025,177
Pets,Dogs,Yes,All categories of use,Symptomatic treatment (unspecific),2025,2082
Pets,Dogs,All types of active ingredients,All categories of use,All Organ Systems,2025,208685
Pets,Dogs,All types of active ingredients,All categories of use,Disease of the musculoskeletal system,2025,10972
Pets,Dogs,All types of active ingredients,All categories of use,"Diseases of the respiratory tract, cardiovascular system, skin, CNS and poisonings",2025,9007
Pets,Dogs,All types of active ingredients,All categories of use,Mammary gland diseases incl. mastitis,2025,569
Pets,Dogs,All types of active ingredients,All categories of use,Skin diseases incl. ears,2025,51867
Pets,Dogs,All types of active ingredients,All categories of use,Operation or other intervention,2025,33367
Pets,Dogs,All types of active ingredients,All categories of use,Oral infections incl. teeth and gastrointestinal tract,2025,49545
Pets,Dogs,All types of active ingredients,All categories of use,Specific infectious diseases,2025,13907
Pets,Dogs,All types of active ingredients,All categories of use,"Urogenital diseases / reproduction, birth",2025,18124
Pets,Dogs,All types of active ingredients,All categories of use,Central nervous diseases and sensory organs,2025,1955
Pets,Dogs,All types of active ingredients,All categories of use,Symptomatic treatment (unspecific),2025,19372
Pets,Dogs,No,Dogs,All Organ Systems,2025,189352
Pets,Dogs,No,Dogs,Disease of the musculoskeletal system,2025,10246
Pets,Dogs,No,Dogs,"Diseases of the respiratory tract, cardiovascular system, skin, CNS and poisonings",2025,7739
Pets,Dogs,No,Dogs,Mammary gland diseases incl. mastitis,2025,524
Pets,Dogs,No,Dogs,Skin diseases incl. ears,2025,48716
Pets,Dogs,No,Dogs,Operation or other intervention,2025,31980
Pets,Dogs,No,Dogs,Oral infections incl. teeth and gastrointestinal tract,2025,44132
Pets,Dogs,No,Dogs,Specific infectious diseases,2025,11887
Pets,Dogs,No,Dogs,"Urogenital diseases / reproduction, birth",2025,15060
Pets,Dogs,No,Dogs,Central nervous diseases and sensory organs,2025,1778
Pets,Dogs,No,Dogs,Symptomatic treatment (unspecific),2025,17290
Pets,Dogs,Yes,Dogs,All Organ Systems,2025,19333
Pets,Dogs,Yes,Dogs,Disease of the musculoskeletal system,2025,726
Pets,Dogs,Yes,Dogs,"Diseases of the respiratory tract, cardiovascular system, skin, CNS and poisonings",2025,1268
Pets,Dogs,Yes,Dogs,Mammary gland diseases incl. mastitis,2025,45
Pets,Dogs,Yes,Dogs,Skin diseases incl. ears,2025,3151
Pets,Dogs,Yes,Dogs,Operation or other intervention,2025,1387
Pets,Dogs,Yes,Dogs,Oral infections incl. teeth and gastrointestinal tract,2025,5413
Pets,Dogs,Yes,Dogs,Specific infectious diseases,2025,2020
Pets,Dogs,Yes,Dogs,"Urogenital diseases / reproduction, birth",2025,3064
Pets,Dogs,Yes,Dogs,Central nervous diseases and sensory organs,2025,177
Pets,Dogs,Yes,Dogs,Symptomatic treatment (unspecific),2025,2082
Pets,Dogs,All types of active ingredients,Dogs,All Organ Systems,2025,208685
Pets,Dogs,All types of active ingredients,Dogs,Disease of the musculoskeletal system,2025,10972
Pets,Dogs,All types of active ingredients,Dogs,"Diseases of the respiratory tract, cardiovascular system, skin, CNS and poisonings",2025,9007
Pets,Dogs,All types of active ingredients,Dogs,Mammary gland diseases incl. mastitis,2025,569
Pets,Dogs,All types of active ingredients,Dogs,Skin diseases incl. ears,2025,51867
Pets,Dogs,All types of active ingredients,Dogs,Operation or other intervention,2025,33367
Pets,Dogs,All types of active ingredients,Dogs,Oral infections incl. teeth and gastrointestinal tract,2025,49545
Pets,Dogs,All types of active ingredients,Dogs,Specific infectious diseases,2025,13907
Pets,Dogs,All types of active ingredients,Dogs,"Urogenital diseases / reproduction, birth",2025,18124
Pets,Dogs,All types of active ingredients,Dogs,Central nervous diseases and sensory organs,2025,1955
Pets,Dogs,All types of active ingredients,Dogs,Symptomatic treatment (unspecific),2025,19372
Pets,Cats,No,All categories of use,All Organ Systems,2025,218011
Pets,Cats,No,All categories of use,Disease of the musculoskeletal system,2025,12871
Pets,Cats,No,All categories of use,"Diseases of the respiratory tract, cardiovascular system, skin, CNS and poisonings",2025,18998
Pets,Cats,No,All categories of use,Mammary gland diseases incl. mastitis,2025,257
Pets,Cats,No,All categories of use,Skin diseases incl. ears,2025,69450
Pets,Cats,No,All categories of use,Operation or other intervention,2025,25135
Pets,Cats,No,All categories of use,Oral infections incl. teeth and gastrointestinal tract,2025,32055
Pets,Cats,No,All categories of use,Specific infectious diseases,2025,17044
Pets,Cats,No,All categories of use,"Urogenital diseases / reproduction, birth",2025,16451
Pets,Cats,No,All categories of use,Central nervous diseases and sensory organs,2025,2618
Pets,Cats,No,All categories of use,Symptomatic treatment (unspecific),2025,23132
Pets,Cats,Yes,All categories of use,All Organ Systems,2025,77358
Pets,Cats,Yes,All categories of use,Disease of the musculoskeletal system,2025,3636
Pets,Cats,Yes,All categories of use,"Diseases of the respiratory tract, cardiovascular system, skin, CNS and poisonings",2025,9825
Pets,Cats,Yes,All categories of use,Mammary gland diseases incl. mastitis,2025,48
Pets,Cats,Yes,All categories of use,Skin diseases incl. ears,2025,20648
Pets,Cats,Yes,All categories of use,Operation or other intervention,2025,3812
Pets,Cats,Yes,All categories of use,Oral infections incl. teeth and gastrointestinal tract,2025,15103
Pets,Cats,Yes,All categories of use,Specific infectious diseases,2025,7787
Pets,Cats,Yes,All categories of use,"Urogenital diseases / reproduction, birth",2025,7394
Pets,Cats,Yes,All categories of use,Central nervous diseases and sensory organs,2025,924
Pets,Cats,Yes,All categories of use,Symptomatic treatment (unspecific),2025,8181
Pets,Cats,All types of active ingredients,All categories of use,All Organ Systems,2025,295369
Pets,Cats,All types of active ingredients,All categories of use,Disease of the musculoskeletal system,2025,16507
Pets,Cats,All types of active ingredients,All categories of use,"Diseases of the respiratory tract, cardiovascular system, skin, CNS and poisonings",2025,28823
Pets,Cats,All types of active ingredients,All categories of use,Mammary gland diseases incl. mastitis,2025,305
Pets,Cats,All types of active ingredients,All categories of use,Skin diseases incl. ears,2025,90098
Pets,Cats,All types of active ingredients,All categories of use,Operation or other intervention,2025,28947
Pets,Cats,All types of active ingredients,All categories of use,Oral infections incl. teeth and gastrointestinal tract,2025,47158
Pets,Cats,All types of active ingredients,All categories of use,Specific infectious diseases,2025,24831
Pets,Cats,All types of active ingredients,All categories of use,"Urogenital diseases / reproduction, birth",2025,23845
Pets,Cats,All types of active ingredients,All categories of use,Central nervous diseases and sensory organs,2025,3542
Pets,Cats,All types of active ingredients,All categories of use,Symptomatic treatment (unspecific),2025,31313
Pets,Cats,No,Cats,All Organ Systems,2025,218011
Pets,Cats,No,Cats,Disease of the musculoskeletal system,2025,12871
Pets,Cats,No,Cats,"Diseases of the respiratory tract, cardiovascular system, skin, CNS and poisonings",2025,18998
Pets,Cats,No,Cats,Mammary gland diseases incl. mastitis,2025,257
Pets,Cats,No,Cats,Skin diseases incl. ears,2025,69450
Pets,Cats,No,Cats,Operation or other intervention,2025,25135
Pets,Cats,No,Cats,Oral infections incl. teeth and gastrointestinal tract,2025,32055
Pets,Cats,No,Cats,Specific infectious diseases,2025,17044
Pets,Cats,No,Cats,"Urogenital diseases / reproduction, birth",2025,16451
Pets,Cats,No,Cats,Central nervous diseases and sensory organs,2025,2618
Pets,Cats,No,Cats,Symptomatic treatment (unspecific),2025,23132
Pets,Cats,Yes,Cats,All Organ Systems,2025,77358
Pets,Cats,Yes,Cats,Disease of the musculoskeletal system,2025,3636
Pets,Cats,Yes,Cats,"Diseases of the respiratory tract, cardiovascular system, skin, CNS and poisonings",2025,9825
Pets,Cats,Yes,Cats,Mammary gland diseases incl. mastitis,2025,48
Pets,Cats,Yes,Cats,Skin diseases incl. ears,2025,20648
Pets,Cats,Yes,Cats,Operation or other intervention,2025,3812
Pets,Cats,Yes,Cats,Oral infections incl. teeth and gastrointestinal tract,2025,15103
Pets,Cats,Yes,Cats,Specific infectious diseases,2025,7787
Pets,Cats,Yes,Cats,"Urogenital diseases / reproduction, birth",2025,7394
Pets,Cats,Yes,Cats,Central nervous diseases and sensory organs,2025,924
Pets,Cats,Yes,Cats,Symptomatic treatment (unspecific),2025,8181
Pets,Cats,All types of active ingredients,Cats,All Organ Systems,2025,295369
Pets,Cats,All types of active ingredients,Cats,Disease of the musculoskeletal system,2025,16507
Pets,Cats,All types of active ingredients,Cats,"Diseases of the respiratory tract, cardiovascular system, skin, CNS and poisonings",2025,28823
Pets,Cats,All types of active ingredients,Cats,Mammary gland diseases incl. mastitis,2025,305
Pets,Cats,All types of active ingredients,Cats,Skin diseases incl. ears,2025,90098
Pets,Cats,All types of active ingredients,Cats,Operation or other intervention,2025,28947
Pets,Cats,All types of active ingredients,Cats,Oral infections incl. teeth and gastrointestinal tract,2025,47158
Pets,Cats,All types of active ingredients,Cats,Specific infectious diseases,2025,24831
Pets,Cats,All types of active ingredients,Cats,"Urogenital diseases / reproduction, birth",2025,23845
Pets,Cats,All types of active ingredients,Cats,Central nervous diseases and sensory organs,2025,3542
Pets,Cats,All types of active ingredients,Cats,Symptomatic treatment (unspecific),2025,31313
Farm animals,Fish,No,All categories of use,All Organ Systems,2025,8356905
Farm animals,Fish,No,All categories of use,Specific infectious diseases,2025,8356905
Farm animals,Fish,All types of active ingredients,All categories of use,All Organ Systems,2025,8356905
Farm animals,Fish,All types of active ingredients,All categories of use,Specific infectious diseases,2025,8356905
Farm animals,Fish,No,Fish,All Organ Systems,2025,8356905
Farm animals,Fish,No,Fish,Specific infectious diseases,2025,8356905
Farm animals,Fish,All types of active ingredients,Fish,All Organ Systems,2025,8356905
Farm animals,Fish,All types of active ingredients,Fish,Specific infectious diseases,2025,8356905
Farm animals,Poultry,No,All categories of use,All Organ Systems,2025,8916287
Farm animals,Poultry,No,All categories of use,Disease of the musculoskeletal system,2025,129224
Farm animals,Poultry,No,All categories of use,"Diseases of the respiratory tract, cardiovascular system, skin, CNS and poisonings",2025,1643
Farm animals,Poultry,No,All categories of use,Juvenile animal diseases,2025,7798700
Farm animals,Poultry,No,All categories of use,Specific infectious diseases,2025,945061
Farm animals,Poultry,No,All categories of use,"Metabolism, digestion",2025,19907
Farm animals,Poultry,No,All categories of use,"Urogenital diseases / reproduction, birth",2025,9001
Farm animals,Poultry,No,All categories of use,Symptomatic treatment (unspecific),2025,12751
Farm animals,Poultry,Yes,All categories of use,All Organ Systems,2025,1389764
Farm animals,Poultry,Yes,All categories of use,Disease of the musculoskeletal system,2025,10
Farm animals,Poultry,Yes,All categories of use,"Diseases of the respiratory tract, cardiovascular system, skin, CNS and poisonings",2025,12166
Farm animals,Poultry,Yes,All categories of use,Juvenile animal diseases,2025,1026520
Farm animals,Poultry,Yes,All categories of use,Parasites,2025,1972
Farm animals,Poultry,Yes,All categories of use,Specific infectious diseases,2025,344074
Farm animals,Poultry,Yes,All categories of use,"Metabolism, digestion",2025,2
Farm animals,Poultry,Yes,All categories of use,Symptomatic treatment (unspecific),2025,5020
Farm animals,Poultry,All types of active ingredients,All categories of use,All Organ Systems,2025,10306051
Farm animals,Poultry,All types of active ingredients,All categories of use,Disease of the musculoskeletal system,2025,129234
Farm animals,Poultry,All types of active ingredients,All categories of use,"Diseases of the respiratory tract, cardiovascular system, skin, CNS and poisonings",2025,13809
Farm animals,Poultry,All types of active ingredients,All categories of use,Juvenile animal diseases,2025,8825220
Farm animals,Poultry,All types of active ingredients,All categories of use,Parasites,2025,1972
Farm animals,Poultry,All types of active ingredients,All categories of use,Specific infectious diseases,2025,1289135
Farm animals,Poultry,All types of active ingredients,All categories of use,"Metabolism, digestion",2025,19909
Farm animals,Poultry,All types of active ingredients,All categories of use,"Urogenital diseases / reproduction, birth",2025,9001
Farm animals,Poultry,All types of active ingredients,All categories of use,Symptomatic treatment (unspecific),2025,17771
Farm animals,Poultry,No,Rearing laying hens and parent birds,All Organ Systems,2025,75670
Farm animals,Poultry,No,Rearing laying hens and parent birds,Disease of the musculoskeletal system,2025,34597
Farm animals,Poultry,No,Rearing laying hens and parent birds,"Diseases of the respiratory tract, cardiovascular system, skin, CNS and poisonings",2025,1
Farm animals,Poultry,No,Rearing laying hens and parent birds,Juvenile animal diseases,2025,12469
Farm animals,Poultry,No,Rearing laying hens and parent birds,Specific infectious diseases,2025,28600
Farm animals,Poultry,No,Rearing laying hens and parent birds,"Metabolism, digestion",2025,3
Farm animals,Poultry,Yes,Rearing laying hens and parent birds,All Organ Systems,2025,86794
Farm animals,Poultry,Yes,Rearing laying hens and parent birds,Disease of the musculoskeletal system,2025,2
Farm animals,Poultry,Yes,Rearing laying hens and parent birds,"Diseases of the respiratory tract, cardiovascular system, skin, CNS and poisonings",2025,4
Farm animals,Poultry,Yes,Rearing laying hens and parent birds,Juvenile animal diseases,2025,86785
Farm animals,Poultry,Yes,Rearing laying hens and parent birds,Parasites,2025,1
Farm animals,Poultry,Yes,Rearing laying hens and parent birds,"Metabolism, digestion",2025,1
Farm animals,Poultry,Yes,Rearing laying hens and parent birds,Symptomatic treatment (unspecific),2025,1
Farm animals,Poultry,All types of active ingredients,Rearing laying hens and parent birds,All Organ Systems,2025,162464
Farm animals,Poultry,All types of active ingredients,Rearing laying hens and parent birds,Disease of the musculoskeletal system,2025,34599
Farm animals,Poultry,All types of active ingredients,Rearing laying hens and parent birds,"Diseases of the respiratory tract, cardiovascular system, skin, CNS and poisonings",2025,5
Farm animals,Poultry,All types of active ingredients,Rearing laying hens and parent birds,Juvenile animal diseases,2025,99254
Farm animals,Poultry,All types of active ingredients,Rearing laying hens and parent birds,Parasites,2025,1
Farm animals,Poultry,All types of active ingredients,Rearing laying hens and parent birds,Specific infectious diseases,2025,28600
Farm animals,Poultry,All types of active ingredients,Rearing laying hens and parent birds,"Metabolism, digestion",2025,4
Farm animals,Poultry,All types of active ingredients,Rearing laying hens and parent birds,Symptomatic treatment (unspecific),2025,1
Farm animals,Poultry,No,Poultry nCU,All Organ Systems,2025,8
Farm animals,Poultry,No,Poultry nCU,Disease of the musculoskeletal system,2025,1
Farm animals,Poultry,No,Poultry nCU,"Diseases of the respiratory tract, cardiovascular system, skin, CNS and poisonings",2025,2
Farm animals,Poultry,No,Poultry nCU,Juvenile animal diseases,2025,1
Farm animals,Poultry,No,Poultry nCU,"Metabolism, digestion",2025,3
Farm animals,Poultry,No,Poultry nCU,Symptomatic treatment (unspecific),2025,1
Farm animals,Poultry,Yes,Poultry nCU,All Organ Systems,2025,26
Farm animals,Poultry,Yes,Poultry nCU,Disease of the musculoskeletal system,2025,3
Farm animals,Poultry,Yes,Poultry nCU,"Diseases of the respiratory tract, cardiovascular system, skin, CNS and poisonings",2025,5
Farm animals,Poultry,Yes,Poultry nCU,Specific infectious diseases,2025,2
Farm animals,Poultry,Yes,Poultry nCU,Symptomatic treatment (unspecific),2025,16
Farm animals,Poultry,All types of active ingredients,Poultry nCU,All Organ Systems,2025,34
Farm animals,Poultry,All types of active ingredients,Poultry nCU,Disease of the musculoskeletal system,2025,4
Farm animals,Poultry,All types of active ingredients,Poultry nCU,"Diseases of the respiratory tract, cardiovascular system, skin, CNS and poisonings",2025,7
Farm animals,Poultry,All types of active ingredients,Poultry nCU,Juvenile animal diseases,2025,1
Farm animals,Poultry,All types of active ingredients,Poultry nCU,Specific infectious diseases,2025,2
Farm animals,Poultry,All types of active ingredients,Poultry nCU,"Metabolism, digestion",2025,3
Farm animals,Poultry,All types of active ingredients,Poultry nCU,Symptomatic treatment (unspecific),2025,17
Farm animals,Poultry,No,Laying and parent birds,All Organ Systems,2025,81986
Farm animals,Poultry,No,Laying and parent birds,Disease of the musculoskeletal system,2025,29511
Farm animals,Poultry,No,Laying and parent birds,Specific infectious diseases,2025,52474
Farm animals,Poultry,No,Laying and parent birds,"Urogenital diseases / reproduction, birth",2025,1
Farm animals,Poultry,Yes,Laying and parent birds,All Organ Systems,2025,32285
Farm animals,Poultry,Yes,Laying and parent birds,Disease of the musculoskeletal system,2025,2
Farm animals,Poultry,Yes,Laying and parent birds,Specific infectious diseases,2025,32282
Farm animals,Poultry,Yes,Laying and parent birds,Symptomatic treatment (unspecific),2025,1
Farm animals,Poultry,All types of active ingredients,Laying and parent birds,All Organ Systems,2025,114271
Farm animals,Poultry,All types of active ingredients,Laying and parent birds,Disease of the musculoskeletal system,2025,29513
Farm animals,Poultry,All types of active ingredients,Laying and parent birds,Specific infectious diseases,2025,84756
Farm animals,Poultry,All types of active ingredients,Laying and parent birds,"Urogenital diseases / reproduction, birth",2025,1
Farm animals,Poultry,All types of active ingredients,Laying and parent birds,Symptomatic treatment (unspecific),2025,1
Farm animals,Poultry,No,Laying hens,All Organ Systems,2025,200699
Farm animals,Poultry,No,Laying hens,Disease of the musculoskeletal system,2025,5
Farm animals,Poultry,No,Laying hens,"Diseases of the respiratory tract, cardiovascular system, skin, CNS and poisonings",2025,40
Farm animals,Poultry,No,Laying hens,Specific infectious diseases,2025,174654
Farm animals,Poultry,No,Laying hens,"Metabolism, digestion",2025,17000
Farm animals,Poultry,No,Laying hens,"Urogenital diseases / reproduction, birth",2025,9000
Farm animals,Poultry,Yes,Laying hens,All Organ Systems,2025,12290
Farm animals,Poultry,Yes,Laying hens,Disease of the musculoskeletal system,2025,2
Farm animals,Poultry,Yes,Laying hens,"Diseases of the respiratory tract, cardiovascular system, skin, CNS and poisonings",2025,10506
Farm animals,Poultry,Yes,Laying hens,Parasites,2025,3
Farm animals,Poultry,Yes,Laying hens,Specific infectious diseases,2025,1776
Farm animals,Poultry,Yes,Laying hens,"Metabolism, digestion",2025,1
Farm animals,Poultry,Yes,Laying hens,Symptomatic treatment (unspecific),2025,2
Farm animals,Poultry,All types of active ingredients,Laying hens,All Organ Systems,2025,212989
Farm animals,Poultry,All types of active ingredients,Laying hens,Disease of the musculoskeletal system,2025,7
Farm animals,Poultry,All types of active ingredients,Laying hens,"Diseases of the respiratory tract, cardiovascular system, skin, CNS and poisonings",2025,10546
Farm animals,Poultry,All types of active ingredients,Laying hens,Parasites,2025,3
Farm animals,Poultry,All types of active ingredients,Laying hens,Specific infectious diseases,2025,176430
Farm animals,Poultry,All types of active ingredients,Laying hens,"Metabolism, digestion",2025,17001
Farm animals,Poultry,All types of active ingredients,Laying hens,"Urogenital diseases / reproduction, birth",2025,9000
Farm animals,Poultry,All types of active ingredients,Laying hens,Symptomatic treatment (unspecific),2025,2
Farm animals,Poultry,No,Fattening broilers,All Organ Systems,2025,8550964
Farm animals,Poultry,No,Fattening broilers,Disease of the musculoskeletal system,2025,65110
Farm animals,Poultry,No,Fattening broilers,Juvenile animal diseases,2025,7786230
Farm animals,Poultry,No,Fattening broilers,Specific infectious diseases,2025,686873
Farm animals,Poultry,No,Fattening broilers,"Metabolism, digestion",2025,1
Farm animals,Poultry,No,Fattening broilers,Symptomatic treatment (unspecific),2025,12750
Farm animals,Poultry,Yes,Fattening broilers,All Organ Systems,2025,1256717
Farm animals,Poultry,Yes,Fattening broilers,Juvenile animal diseases,2025,939735
Farm animals,Poultry,Yes,Fattening broilers,Parasites,2025,1968
Farm animals,Poultry,Yes,Fattening broilers,Specific infectious diseases,2025,310014
Farm animals,Poultry,Yes,Fattening broilers,Symptomatic treatment (unspecific),2025,5000
Farm animals,Poultry,All types of active ingredients,Fattening broilers,All Organ Systems,2025,9807681
Farm animals,Poultry,All types of active ingredients,Fattening broilers,Disease of the musculoskeletal system,2025,65110
Farm animals,Poultry,All types of active ingredients,Fattening broilers,Juvenile animal diseases,2025,8725965
Farm animals,Poultry,All types of active ingredients,Fattening broilers,Parasites,2025,1968
Farm animals,Poultry,All types of active ingredients,Fattening broilers,Specific infectious diseases,2025,996887
Farm animals,Poultry,All types of active ingredients,Fattening broilers,"Metabolism, digestion",2025,1
Farm animals,Poultry,All types of active ingredients,Fattening broilers,Symptomatic treatment (unspecific),2025,17750
Farm animals,Poultry,No,Fattening turkeys,All Organ Systems,2025,6960
Farm animals,Poultry,No,Fattening turkeys,"Diseases of the respiratory tract, cardiovascular system, skin, CNS and poisonings",2025,1600
Farm animals,Poultry,No,Fattening turkeys,Specific infectious diseases,2025,2460
Farm animals,Poultry,No,Fattening turkeys,"Metabolism, digestion",2025,2900
Farm animals,Poultry,Yes,Fattening turkeys,All Organ Systems,2025,1652
Farm animals,Poultry,Yes,Fattening turkeys,Disease of the musculoskeletal system,2025,1
Farm animals,Poultry,Yes,Fattening turkeys,"Diseases of the respiratory tract, cardiovascular system, skin, CNS and poisonings",2025,1651
Farm animals,Poultry,All types of active ingredients,Fattening turkeys,All Organ Systems,2025,8612
Farm animals,Poultry,All types of active ingredients,Fattening turkeys,Disease of the musculoskeletal system,2025,1
Farm animals,Poultry,All types of active ingredients,Fattening turkeys,"Diseases of the respiratory tract, cardiovascular system, skin, CNS and poisonings",2025,3251
Farm animals,Poultry,All types of active ingredients,Fattening turkeys,Specific infectious diseases,2025,2460
Farm animals,Poultry,All types of active ingredients,Fattening turkeys,"Metabolism, digestion",2025,2900
Farm animals,Game animals,No,All categories of use,All Organ Systems,2025,24
Farm animals,Game animals,No,All categories of use,Disease of the musculoskeletal system,2025,6
Farm animals,Game animals,No,All categories of use,"Diseases of the respiratory tract, cardiovascular system, skin, CNS and poisonings",2025,3
Farm animals,Game animals,No,All categories of use,Juvenile animal diseases,2025,5
Farm animals,Game animals,No,All categories of use,"Metabolism, digestion",2025,2
Farm animals,Game animals,No,All categories of use,"Urogenital diseases / reproduction, birth",2025,4
Farm animals,Game animals,No,All categories of use,Symptomatic treatment (unspecific),2025,4
Farm animals,Game animals,Yes,All categories of use,All Organ Systems,2025,5
Farm animals,Game animals,Yes,All categories of use,Juvenile animal diseases,2025,2
Farm animals,Game animals,Yes,All categories of use,"Metabolism, digestion",2025,3
Farm animals,Game animals,All types of active ingredients,All categories of use,All Organ Systems,2025,29
Farm animals,Game animals,All types of active ingredients,All categories of use,Disease of the musculoskeletal system,2025,6
Farm animals,Game animals,All types of active ingredients,All categories of use,"Diseases of the respiratory tract, cardiovascular system, skin, CNS and poisonings",2025,3
Farm animals,Game animals,All types of active ingredients,All categories of use,Juvenile animal diseases,2025,7
Farm animals,Game animals,All types of active ingredients,All categories of use,"Metabolism, digestion",2025,5
Farm animals,Game animals,All types of active ingredients,All categories of use,"Urogenital diseases / reproduction, birth",2025,4
Farm animals,Game animals,All types of active ingredients,All categories of use,Symptomatic treatment (unspecific),2025,4
Farm animals,Game animals,No,Game animals,All Organ Systems,2025,24
Farm animals,Game animals,No,Game animals,Disease of the musculoskeletal system,2025,6
Farm animals,Game animals,No,Game animals,"Diseases of the respiratory tract, cardiovascular system, skin, CNS and poisonings",2025,3
Farm animals,Game animals,No,Game animals,Juvenile animal diseases,2025,5
Farm animals,Game animals,No,Game animals,"Metabolism, digestion",2025,2
Farm animals,Game animals,No,Game animals,"Urogenital diseases / reproduction, birth",2025,4
Farm animals,Game animals,No,Game animals,Symptomatic treatment (unspecific),2025,4
Farm animals,Game animals,Yes,Game animals,All Organ Systems,2025,5
Farm animals,Game animals,Yes,Game animals,Juvenile animal diseases,2025,2
Farm animals,Game animals,Yes,Game animals,"Metabolism, digestion",2025,3
Farm animals,Game animals,All types of active ingredients,Game animals,All Organ Systems,2025,29
Farm animals,Game animals,All types of active ingredients,Game animals,Disease of the musculoskeletal system,2025,6
Farm animals,Game animals,All types of active ingredients,Game animals,"Diseases of the respiratory tract, cardiovascular system, skin, CNS and poisonings",2025,3
Farm animals,Game animals,All types of active ingredients,Game animals,Juvenile animal diseases,2025,7
Farm animals,Game animals,All types of active ingredients,Game animals,"Metabolism, digestion",2025,5
Farm animals,Game animals,All types of active ingredients,Game animals,"Urogenital diseases / reproduction, birth",2025,4
Farm animals,Game animals,All types of active ingredients,Game animals,Symptomatic treatment (unspecific),2025,4
Farm animals,Camelids,No,All categories of use,All Organ Systems,2025,768
Farm animals,Camelids,No,All categories of use,Disease of the musculoskeletal system,2025,79
Farm animals,Camelids,No,All categories of use,"Diseases of the respiratory tract, cardiovascular system, skin, CNS and poisonings",2025,224
Farm animals,Camelids,No,All categories of use,Udder,2025,7
Farm animals,Camelids,No,All categories of use,Juvenile animal diseases,2025,104
Farm animals,Camelids,No,All categories of use,Parasites,2025,5
Farm animals,Camelids,No,All categories of use,"Metabolism, digestion",2025,71
Farm animals,Camelids,No,All categories of use,"Urogenital diseases / reproduction, birth",2025,64
Farm animals,Camelids,No,All categories of use,"Animal husbandry, prophylaxis",2025,147
Farm animals,Camelids,No,All categories of use,Symptomatic treatment (unspecific),2025,67
Farm animals,Camelids,Yes,All categories of use,All Organ Systems,2025,92
Farm animals,Camelids,Yes,All categories of use,Disease of the musculoskeletal system,2025,7
Farm animals,Camelids,Yes,All categories of use,"Diseases of the respiratory tract, cardiovascular system, skin, CNS and poisonings",2025,40
Farm animals,Camelids,Yes,All categories of use,Udder,2025,8
Farm animals,Camelids,Yes,All categories of use,Juvenile animal diseases,2025,15
Farm animals,Camelids,Yes,All categories of use,Parasites,2025,1
Farm animals,Camelids,Yes,All categories of use,"Metabolism, digestion",2025,9
Farm animals,Camelids,Yes,All categories of use,"Urogenital diseases / reproduction, birth",2025,2
Farm animals,Camelids,Yes,All categories of use,Symptomatic treatment (unspecific),2025,10
Farm animals,Camelids,All types of active ingredients,All categories of use,All Organ Systems,2025,860
Farm animals,Camelids,All types of active ingredients,All categories of use,Disease of the musculoskeletal system,2025,86
Farm animals,Camelids,All types of active ingredients,All categories of use,"Diseases of the respiratory tract, cardiovascular system, skin, CNS and poisonings",2025,264
Farm animals,Camelids,All types of active ingredients,All categories of use,Udder,2025,15
Farm animals,Camelids,All types of active ingredients,All categories of use,Juvenile animal diseases,2025,119
Farm animals,Camelids,All types of active ingredients,All categories of use,Parasites,2025,6
Farm animals,Camelids,All types of active ingredients,All categories of use,"Metabolism, digestion",2025,80
Farm animals,Camelids,All types of active ingredients,All categories of use,"Urogenital diseases / reproduction, birth",2025,66
Farm animals,Camelids,All types of active ingredients,All categories of use,"Animal husbandry, prophylaxis",2025,147
Farm animals,Camelids,All types of active ingredients,All categories of use,Symptomatic treatment (unspecific),2025,77
Farm animals,Camelids,No,Camelids,All Organ Systems,2025,768
Farm animals,Camelids,No,Camelids,Disease of the musculoskeletal system,2025,79
Farm animals,Camelids,No,Camelids,"Diseases of the respiratory tract, cardiovascular system, skin, CNS and poisonings",2025,224
Farm animals,Camelids,No,Camelids,Udder,2025,7
Farm animals,Camelids,No,Camelids,Juvenile animal diseases,2025,104
Farm animals,Camelids,No,Camelids,Parasites,2025,5
Farm animals,Camelids,No,Camelids,"Metabolism, digestion",2025,71
Farm animals,Camelids,No,Camelids,"Urogenital diseases / reproduction, birth",2025,64
Farm animals,Camelids,No,Camelids,"Animal husbandry, prophylaxis",2025,147
Farm animals,Camelids,No,Camelids,Symptomatic treatment (unspecific),2025,67
Farm animals,Camelids,Yes,Camelids,All Organ Systems,2025,92
Farm animals,Camelids,Yes,Camelids,Disease of the musculoskeletal system,2025,7
Farm animals,Camelids,Yes,Camelids,"Diseases of the respiratory tract, cardiovascular system, skin, CNS and poisonings",2025,40
Farm animals,Camelids,Yes,Camelids,Udder,2025,8
Farm animals,Camelids,Yes,Camelids,Juvenile animal diseases,2025,15
Farm animals,Camelids,Yes,Camelids,Parasites,2025,1
Farm animals,Camelids,Yes,Camelids,"Metabolism, digestion",2025,9
Farm animals,Camelids,Yes,Camelids,"Urogenital diseases / reproduction, birth",2025,2
Farm animals,Camelids,Yes,Camelids,Symptomatic treatment (unspecific),2025,10
Farm animals,Camelids,All types of active ingredients,Camelids,All Organ Systems,2025,860
Farm animals,Camelids,All types of active ingredients,Camelids,Disease of the musculoskeletal system,2025,86
Farm animals,Camelids,All types of active ingredients,Camelids,"Diseases of the respiratory tract, cardiovascular system, skin, CNS and poisonings",2025,264
Farm animals,Camelids,All types of active ingredients,Camelids,Udder,2025,15
Farm animals,Camelids,All types of active ingredients,Camelids,Juvenile animal diseases,2025,119
Farm animals,Camelids,All types of active ingredients,Camelids,Parasites,2025,6
Farm animals,Camelids,All types of active ingredients,Camelids,"Metabolism, digestion",2025,80
Farm animals,Camelids,All types of active ingredients,Camelids,"Urogenital diseases / reproduction, birth",2025,66
Farm animals,Camelids,All types of active ingredients,Camelids,"Animal husbandry, prophylaxis",2025,147
Farm animals,Camelids,All types of active ingredients,Camelids,Symptomatic treatment (unspecific),2025,77
Farm animals,Rabbits,No,All categories of use,All Organ Systems,2025,5015
Farm animals,Rabbits,No,All categories of use,Disease of the musculoskeletal system,2025,5
Farm animals,Rabbits,No,All categories of use,"Diseases of the respiratory tract, cardiovascular system, skin, CNS and poisonings",2025,4
Farm animals,Rabbits,No,All categories of use,Mammary gland,2025,3
Farm animals,Rabbits,No,All categories of use,"Metabolism, digestion",2025,5000
Farm animals,Rabbits,No,All categories of use,"Urogenital diseases / reproduction, birth",2025,1
Farm animals,Rabbits,No,All categories of use,"Animal husbandry, prophylaxis",2025,1
Farm animals,Rabbits,No,All categories of use,Symptomatic treatment (unspecific),2025,1
Farm animals,Rabbits,Yes,All categories of use,All Organ Systems,2025,168
Farm animals,Rabbits,Yes,All categories of use,Disease of the musculoskeletal system,2025,3
Farm animals,Rabbits,Yes,All categories of use,"Diseases of the respiratory tract, cardiovascular system, skin, CNS and poisonings",2025,40
Farm animals,Rabbits,Yes,All categories of use,Mammary gland,2025,1
Farm animals,Rabbits,Yes,All categories of use,"Metabolism, digestion",2025,119
Farm animals,Rabbits,Yes,All categories of use,Symptomatic treatment (unspecific),2025,5
Farm animals,Rabbits,All types of active ingredients,All categories of use,All Organ Systems,2025,5183
Farm animals,Rabbits,All types of active ingredients,All categories of use,Disease of the musculoskeletal system,2025,8
Farm animals,Rabbits,All types of active ingredients,All categories of use,"Diseases of the respiratory tract, cardiovascular system, skin, CNS and poisonings",2025,44
Farm animals,Rabbits,All types of active ingredients,All categories of use,Mammary gland,2025,4
Farm animals,Rabbits,All types of active ingredients,All categories of use,"Metabolism, digestion",2025,5119
Farm animals,Rabbits,All types of active ingredients,All categories of use,"Urogenital diseases / reproduction, birth",2025,1
Farm animals,Rabbits,All types of active ingredients,All categories of use,"Animal husbandry, prophylaxis",2025,1
Farm animals,Rabbits,All types of active ingredients,All categories of use,Symptomatic treatment (unspecific),2025,6
Farm animals,Rabbits,No,Rabbits,All Organ Systems,2025,5015
Farm animals,Rabbits,No,Rabbits,Disease of the musculoskeletal system,2025,5
Farm animals,Rabbits,No,Rabbits,"Diseases of the respiratory tract, cardiovascular system, skin, CNS and poisonings",2025,4
Farm animals,Rabbits,No,Rabbits,Mammary gland,2025,3
Farm animals,Rabbits,No,Rabbits,"Metabolism, digestion",2025,5000
Farm animals,Rabbits,No,Rabbits,"Urogenital diseases / reproduction, birth",2025,1
Farm animals,Rabbits,No,Rabbits,"Animal husbandry, prophylaxis",2025,1
Farm animals,Rabbits,No,Rabbits,Symptomatic treatment (unspecific),2025,1
Farm animals,Rabbits,Yes,Rabbits,All Organ Systems,2025,168
Farm animals,Rabbits,Yes,Rabbits,Disease of the musculoskeletal system,2025,3
Farm animals,Rabbits,Yes,Rabbits,"Diseases of the respiratory tract, cardiovascular system, skin, CNS and poisonings",2025,40
Farm animals,Rabbits,Yes,Rabbits,Mammary gland,2025,1
Farm animals,Rabbits,Yes,Rabbits,"Metabolism, digestion",2025,119
Farm animals,Rabbits,Yes,Rabbits,Symptomatic treatment (unspecific),2025,5
Farm animals,Rabbits,All types of active ingredients,Rabbits,All Organ Systems,2025,5183
Farm animals,Rabbits,All types of active ingredients,Rabbits,Disease of the musculoskeletal system,2025,8
Farm animals,Rabbits,All types of active ingredients,Rabbits,"Diseases of the respiratory tract, cardiovascular system, skin, CNS and poisonings",2025,44
Farm animals,Rabbits,All types of active ingredients,Rabbits,Mammary gland,2025,4
Farm animals,Rabbits,All types of active ingredients,Rabbits,"Metabolism, digestion",2025,5119
Farm animals,Rabbits,All types of active ingredients,Rabbits,"Urogenital diseases / reproduction, birth",2025,1
Farm animals,Rabbits,All types of active ingredients,Rabbits,"Animal husbandry, prophylaxis",2025,1
Farm animals,Rabbits,All types of active ingredients,Rabbits,Symptomatic treatment (unspecific),2025,6
Farm animals,Cattle,No,All categories of use,All Organ Systems,2025,911213
Farm animals,Cattle,No,All categories of use,Disease of the musculoskeletal system,2025,41905
Farm animals,Cattle,No,All categories of use,"Diseases of the respiratory tract, cardiovascular system, skin, CNS and poisonings",2025,242671
Farm animals,Cattle,No,All categories of use,Udder,2025,298676
Farm animals,Cattle,No,All categories of use,Calf diseases,2025,160490
Farm animals,Cattle,No,All categories of use,Parasites,2025,172
Farm animals,Cattle,No,All categories of use,"Metabolism, digestion",2025,29601
Farm animals,Cattle,No,All categories of use,"Urogenital diseases / reproduction, birth",2025,98627
Farm animals,Cattle,No,All categories of use,"Animal husbandry, prophylaxis",2025,24548
Farm animals,Cattle,No,All categories of use,Other reasons for treatment,2025,3577
Farm animals,Cattle,No,All categories of use,Symptomatic treatment (unspecific),2025,10946
Farm animals,Cattle,Yes,All categories of use,All Organ Systems,2025,124850
Farm animals,Cattle,Yes,All categories of use,Disease of the musculoskeletal system,2025,6422
Farm animals,Cattle,Yes,All categories of use,"Diseases of the respiratory tract, cardiovascular system, skin, CNS and poisonings",2025,52579
Farm animals,Cattle,Yes,All categories of use,Udder,2025,18964
Farm animals,Cattle,Yes,All categories of use,Calf diseases,2025,40710
Farm animals,Cattle,Yes,All categories of use,Parasites,2025,3
Farm animals,Cattle,Yes,All categories of use,"Metabolism, digestion",2025,2061
Farm animals,Cattle,Yes,All categories of use,"Urogenital diseases / reproduction, birth",2025,1558
Farm animals,Cattle,Yes,All categories of use,"Animal husbandry, prophylaxis",2025,101
Farm animals,Cattle,Yes,All categories of use,Other reasons for treatment,2025,475
Farm animals,Cattle,Yes,All categories of use,Symptomatic treatment (unspecific),2025,1977
Farm animals,Cattle,All types of active ingredients,All categories of use,All Organ Systems,2025,1036063
Farm animals,Cattle,All types of active ingredients,All categories of use,Disease of the musculoskeletal system,2025,48327
Farm animals,Cattle,All types of active ingredients,All categories of use,"Diseases of the respiratory tract, cardiovascular system, skin, CNS and poisonings",2025,295250
Farm animals,Cattle,All types of active ingredients,All categories of use,Udder,2025,317640
Farm animals,Cattle,All types of active ingredients,All categories of use,Calf diseases,2025,201200
Farm animals,Cattle,All types of active ingredients,All categories of use,Parasites,2025,175
Farm animals,Cattle,All types of active ingredients,All categories of use,"Metabolism, digestion",2025,31662
Farm animals,Cattle,All types of active ingredients,All categories of use,"Urogenital diseases / reproduction, birth",2025,100185
Farm animals,Cattle,All types of active ingredients,All categories of use,"Animal husbandry, prophylaxis",2025,24649
Farm animals,Cattle,All types of active ingredients,All categories of use,Other reasons for treatment,2025,4052
Farm animals,Cattle,All types of active ingredients,All categories of use,Symptomatic treatment (unspecific),2025,12923
Farm animals,Cattle,No,Rearing calves,All Organ Systems,2025,62436
Farm animals,Cattle,No,Rearing calves,Disease of the musculoskeletal system,2025,1838
Farm animals,Cattle,No,Rearing calves,"Diseases of the respiratory tract, cardiovascular system, skin, CNS and poisonings",2025,17236
Farm animals,Cattle,No,Rearing calves,Udder,2025,984
Farm animals,Cattle,No,Rearing calves,Calf diseases,2025,37024
Farm animals,Cattle,No,Rearing calves,Parasites,2025,21
Farm animals,Cattle,No,Rearing calves,"Metabolism, digestion",2025,3360
Farm animals,Cattle,No,Rearing calves,"Urogenital diseases / reproduction, birth",2025,519
Farm animals,Cattle,No,Rearing calves,"Animal husbandry, prophylaxis",2025,346
Farm animals,Cattle,No,Rearing calves,Other reasons for treatment,2025,198
Farm animals,Cattle,No,Rearing calves,Symptomatic treatment (unspecific),2025,910
Farm animals,Cattle,Yes,Rearing calves,All Organ Systems,2025,15421
Farm animals,Cattle,Yes,Rearing calves,Disease of the musculoskeletal system,2025,212
Farm animals,Cattle,Yes,Rearing calves,"Diseases of the respiratory tract, cardiovascular system, skin, CNS and poisonings",2025,5814
Farm animals,Cattle,Yes,Rearing calves,Udder,2025,132
Farm animals,Cattle,Yes,Rearing calves,Calf diseases,2025,8513
Farm animals,Cattle,Yes,Rearing calves,"Metabolism, digestion",2025,338
Farm animals,Cattle,Yes,Rearing calves,"Urogenital diseases / reproduction, birth",2025,30
Farm animals,Cattle,Yes,Rearing calves,"Animal husbandry, prophylaxis",2025,28
Farm animals,Cattle,Yes,Rearing calves,Other reasons for treatment,2025,41
Farm animals,Cattle,Yes,Rearing calves,Symptomatic treatment (unspecific),2025,313
Farm animals,Cattle,All types of active ingredients,Rearing calves,All Organ Systems,2025,77857
Farm animals,Cattle,All types of active ingredients,Rearing calves,Disease of the musculoskeletal system,2025,2050
Farm animals,Cattle,All types of active ingredients,Rearing calves,"Diseases of the respiratory tract, cardiovascular system, skin, CNS and poisonings",2025,23050
Farm animals,Cattle,All types of active ingredients,Rearing calves,Udder,2025,1116
Farm animals,Cattle,All types of active ingredients,Rearing calves,Calf diseases,2025,45537
Farm animals,Cattle,All types of active ingredients,Rearing calves,Parasites,2025,21
Farm animals,Cattle,All types of active ingredients,Rearing calves,"Metabolism, digestion",2025,3698
Farm animals,Cattle,All types of active ingredients,Rearing calves,"Urogenital diseases / reproduction, birth",2025,549
Farm animals,Cattle,All types of active ingredients,Rearing calves,"Animal husbandry, prophylaxis",2025,374
Farm animals,Cattle,All types of active ingredients,Rearing calves,Other reasons for treatment,2025,239
Farm animals,Cattle,All types of active ingredients,Rearing calves,Symptomatic treatment (unspecific),2025,1223
Farm animals,Cattle,No,Rearing cattle,All Organ Systems,2025,22201
Farm animals,Cattle,No,Rearing cattle,Disease of the musculoskeletal system,2025,3809
Farm animals,Cattle,No,Rearing cattle,"Diseases of the respiratory tract, cardiovascular system, skin, CNS and poisonings",2025,8639
Farm animals,Cattle,No,Rearing cattle,Udder,2025,2391
Farm animals,Cattle,No,Rearing cattle,Calf diseases,2025,2464
Farm animals,Cattle,No,Rearing cattle,Parasites,2025,21
Farm animals,Cattle,No,Rearing cattle,"Metabolism, digestion",2025,1725
Farm animals,Cattle,No,Rearing cattle,"Urogenital diseases / reproduction, birth",2025,1637
Farm animals,Cattle,No,Rearing cattle,"Animal husbandry, prophylaxis",2025,293
Farm animals,Cattle,No,Rearing cattle,Other reasons for treatment,2025,231
Farm animals,Cattle,No,Rearing cattle,Symptomatic treatment (unspecific),2025,991
Farm animals,Cattle,Yes,Rearing cattle,All Organ Systems,2025,2415
Farm animals,Cattle,Yes,Rearing cattle,Disease of the musculoskeletal system,2025,129
Farm animals,Cattle,Yes,Rearing cattle,"Diseases of the respiratory tract, cardiovascular system, skin, CNS and poisonings",2025,1510
Farm animals,Cattle,Yes,Rearing cattle,Udder,2025,120
Farm animals,Cattle,Yes,Rearing cattle,Calf diseases,2025,495
Farm animals,Cattle,Yes,Rearing cattle,"Metabolism, digestion",2025,61
Farm animals,Cattle,Yes,Rearing cattle,"Urogenital diseases / reproduction, birth",2025,31
Farm animals,Cattle,Yes,Rearing cattle,"Animal husbandry, prophylaxis",2025,5
Farm animals,Cattle,Yes,Rearing cattle,Other reasons for treatment,2025,9
Farm animals,Cattle,Yes,Rearing cattle,Symptomatic treatment (unspecific),2025,55
Farm animals,Cattle,All types of active ingredients,Rearing cattle,All Organ Systems,2025,24616
Farm animals,Cattle,All types of active ingredients,Rearing cattle,Disease of the musculoskeletal system,2025,3938
Farm animals,Cattle,All types of active ingredients,Rearing cattle,"Diseases of the respiratory tract, cardiovascular system, skin, CNS and poisonings",2025,10149
Farm animals,Cattle,All types of active ingredients,Rearing cattle,Udder,2025,2511
Farm animals,Cattle,All types of active ingredients,Rearing cattle,Calf diseases,2025,2959
Farm animals,Cattle,All types of active ingredients,Rearing cattle,Parasites,2025,21
Farm animals,Cattle,All types of active ingredients,Rearing cattle,"Metabolism, digestion",2025,1786
Farm animals,Cattle,All types of active ingredients,Rearing cattle,"Urogenital diseases / reproduction, birth",2025,1668
Farm animals,Cattle,All types of active ingredients,Rearing cattle,"Animal husbandry, prophylaxis",2025,298
Farm animals,Cattle,All types of active ingredients,Rearing cattle,Other reasons for treatment,2025,240
Farm animals,Cattle,All types of active ingredients,Rearing cattle,Symptomatic treatment (unspecific),2025,1046
Farm animals,Cattle,No,Fattening calves and cattle,All Organ Systems,2025,286064
Farm animals,Cattle,No,Fattening calves and cattle,Disease of the musculoskeletal system,2025,2276
Farm animals,Cattle,No,Fattening calves and cattle,"Diseases of the respiratory tract, cardiovascular system, skin, CNS and poisonings",2025,181597
Farm animals,Cattle,No,Fattening calves and cattle,Udder,2025,1385
Farm animals,Cattle,No,Fattening calves and cattle,Calf diseases,2025,95165
Farm animals,Cattle,No,Fattening calves and cattle,Parasites,2025,50
Farm animals,Cattle,No,Fattening calves and cattle,"Metabolism, digestion",2025,3301
Farm animals,Cattle,No,Fattening calves and cattle,"Urogenital diseases / reproduction, birth",2025,514
Farm animals,Cattle,No,Fattening calves and cattle,"Animal husbandry, prophylaxis",2025,561
Farm animals,Cattle,No,Fattening calves and cattle,Other reasons for treatment,2025,112
Farm animals,Cattle,No,Fattening calves and cattle,Symptomatic treatment (unspecific),2025,1103
Farm animals,Cattle,Yes,Fattening calves and cattle,All Organ Systems,2025,65267
Farm animals,Cattle,Yes,Fattening calves and cattle,Disease of the musculoskeletal system,2025,618
Farm animals,Cattle,Yes,Fattening calves and cattle,"Diseases of the respiratory tract, cardiovascular system, skin, CNS and poisonings",2025,36924
Farm animals,Cattle,Yes,Fattening calves and cattle,Udder,2025,391
Farm animals,Cattle,Yes,Fattening calves and cattle,Calf diseases,2025,26267
Farm animals,Cattle,Yes,Fattening calves and cattle,"Metabolism, digestion",2025,416
Farm animals,Cattle,Yes,Fattening calves and cattle,"Urogenital diseases / reproduction, birth",2025,9
Farm animals,Cattle,Yes,Fattening calves and cattle,"Animal husbandry, prophylaxis",2025,22
Farm animals,Cattle,Yes,Fattening calves and cattle,Other reasons for treatment,2025,20
Farm animals,Cattle,Yes,Fattening calves and cattle,Symptomatic treatment (unspecific),2025,600
Farm animals,Cattle,All types of active ingredients,Fattening calves and cattle,All Organ Systems,2025,351331
Farm animals,Cattle,All types of active ingredients,Fattening calves and cattle,Disease of the musculoskeletal system,2025,2894
Farm animals,Cattle,All types of active ingredients,Fattening calves and cattle,"Diseases of the respiratory tract, cardiovascular system, skin, CNS and poisonings",2025,218521
Farm animals,Cattle,All types of active ingredients,Fattening calves and cattle,Udder,2025,1776
Farm animals,Cattle,All types of active ingredients,Fattening calves and cattle,Calf diseases,2025,121432
Farm animals,Cattle,All types of active ingredients,Fattening calves and cattle,Parasites,2025,50
Farm animals,Cattle,All types of active ingredients,Fattening calves and cattle,"Metabolism, digestion",2025,3717
Farm animals,Cattle,All types of active ingredients,Fattening calves and cattle,"Urogenital diseases / reproduction, birth",2025,523
Farm animals,Cattle,All types of active ingredients,Fattening calves and cattle,"Animal husbandry, prophylaxis",2025,583
Farm animals,Cattle,All types of active ingredients,Fattening calves and cattle,Other reasons for treatment,2025,132
Farm animals,Cattle,All types of active ingredients,Fattening calves and cattle,Symptomatic treatment (unspecific),2025,1703
Farm animals,Cattle,No,Dairy cows,All Organ Systems,2025,493946
Farm animals,Cattle,No,Dairy cows,Disease of the musculoskeletal system,2025,29088
Farm animals,Cattle,No,Dairy cows,"Diseases of the respiratory tract, cardiovascular system, skin, CNS and poisonings",2025,29609
Farm animals,Cattle,No,Dairy cows,Udder,2025,284838
Farm animals,Cattle,No,Dairy cows,Calf diseases,2025,13336
Farm animals,Cattle,No,Dairy cows,Parasites,2025,74
Farm animals,Cattle,No,Dairy cows,"Metabolism, digestion",2025,19277
Farm animals,Cattle,No,Dairy cows,"Urogenital diseases / reproduction, birth",2025,85909
Farm animals,Cattle,No,Dairy cows,"Animal husbandry, prophylaxis",2025,22474
Farm animals,Cattle,No,Dairy cows,Other reasons for treatment,2025,2569
Farm animals,Cattle,No,Dairy cows,Symptomatic treatment (unspecific),2025,6772
Farm animals,Cattle,Yes,Dairy cows,All Organ Systems,2025,35596
Farm animals,Cattle,Yes,Dairy cows,Disease of the musculoskeletal system,2025,5230
Farm animals,Cattle,Yes,Dairy cows,"Diseases of the respiratory tract, cardiovascular system, skin, CNS and poisonings",2025,6540
Farm animals,Cattle,Yes,Dairy cows,Udder,2025,17389
Farm animals,Cattle,Yes,Dairy cows,Calf diseases,2025,2808
Farm animals,Cattle,Yes,Dairy cows,Parasites,2025,3
Farm animals,Cattle,Yes,Dairy cows,"Metabolism, digestion",2025,1066
Farm animals,Cattle,Yes,Dairy cows,"Urogenital diseases / reproduction, birth",2025,1366
Farm animals,Cattle,Yes,Dairy cows,"Animal husbandry, prophylaxis",2025,31
Farm animals,Cattle,Yes,Dairy cows,Other reasons for treatment,2025,372
Farm animals,Cattle,Yes,Dairy cows,Symptomatic treatment (unspecific),2025,791
Farm animals,Cattle,All types of active ingredients,Dairy cows,All Organ Systems,2025,529542
Farm animals,Cattle,All types of active ingredients,Dairy cows,Disease of the musculoskeletal system,2025,34318
Farm animals,Cattle,All types of active ingredients,Dairy cows,"Diseases of the respiratory tract, cardiovascular system, skin, CNS and poisonings",2025,36149
Farm animals,Cattle,All types of active ingredients,Dairy cows,Udder,2025,302227
Farm animals,Cattle,All types of active ingredients,Dairy cows,Calf diseases,2025,16144
Farm animals,Cattle,All types of active ingredients,Dairy cows,Parasites,2025,77
Farm animals,Cattle,All types of active ingredients,Dairy cows,"Metabolism, digestion",2025,20343
Farm animals,Cattle,All types of active ingredients,Dairy cows,"Urogenital diseases / reproduction, birth",2025,87275
Farm animals,Cattle,All types of active ingredients,Dairy cows,"Animal husbandry, prophylaxis",2025,22505
Farm animals,Cattle,All types of active ingredients,Dairy cows,Other reasons for treatment,2025,2941
Farm animals,Cattle,All types of active ingredients,Dairy cows,Symptomatic treatment (unspecific),2025,7563
Farm animals,Cattle,No,Cow-calf calves,All Organ Systems,2025,19068
Farm animals,Cattle,No,Cow-calf calves,Disease of the musculoskeletal system,2025,1358
Farm animals,Cattle,No,Cow-calf calves,"Diseases of the respiratory tract, cardiovascular system, skin, CNS and poisonings",2025,3961
Farm animals,Cattle,No,Cow-calf calves,Udder,2025,210
Farm animals,Cattle,No,Cow-calf calves,Calf diseases,2025,11583
Farm animals,Cattle,No,Cow-calf calves,Parasites,2025,1
Farm animals,Cattle,No,Cow-calf calves,"Metabolism, digestion",2025,877
Farm animals,Cattle,No,Cow-calf calves,"Urogenital diseases / reproduction, birth",2025,195
Farm animals,Cattle,No,Cow-calf calves,"Animal husbandry, prophylaxis",2025,243
Farm animals,Cattle,No,Cow-calf calves,Other reasons for treatment,2025,106
Farm animals,Cattle,No,Cow-calf calves,Symptomatic treatment (unspecific),2025,534
Farm animals,Cattle,Yes,Cow-calf calves,All Organ Systems,2025,4257
Farm animals,Cattle,Yes,Cow-calf calves,Disease of the musculoskeletal system,2025,86
Farm animals,Cattle,Yes,Cow-calf calves,"Diseases of the respiratory tract, cardiovascular system, skin, CNS and poisonings",2025,1380
Farm animals,Cattle,Yes,Cow-calf calves,Udder,2025,36
Farm animals,Cattle,Yes,Cow-calf calves,Calf diseases,2025,2428
Farm animals,Cattle,Yes,Cow-calf calves,"Metabolism, digestion",2025,131
Farm animals,Cattle,Yes,Cow-calf calves,"Urogenital diseases / reproduction, birth",2025,5
Farm animals,Cattle,Yes,Cow-calf calves,"Animal husbandry, prophylaxis",2025,15
Farm animals,Cattle,Yes,Cow-calf calves,Other reasons for treatment,2025,11
Farm animals,Cattle,Yes,Cow-calf calves,Symptomatic treatment (unspecific),2025,165
Farm animals,Cattle,All types of active ingredients,Cow-calf calves,All Organ Systems,2025,23325
Farm animals,Cattle,All types of active ingredients,Cow-calf calves,Disease of the musculoskeletal system,2025,1444
Farm animals,Cattle,All types of active ingredients,Cow-calf calves,"Diseases of the respiratory tract, cardiovascular system, skin, CNS and poisonings",2025,5341
Farm animals,Cattle,All types of active ingredients,Cow-calf calves,Udder,2025,246
Farm animals,Cattle,All types of active ingredients,Cow-calf calves,Calf diseases,2025,14011
Farm animals,Cattle,All types of active ingredients,Cow-calf calves,Parasites,2025,1
Farm animals,Cattle,All types of active ingredients,Cow-calf calves,"Metabolism, digestion",2025,1008
Farm animals,Cattle,All types of active ingredients,Cow-calf calves,"Urogenital diseases / reproduction, birth",2025,200
Farm animals,Cattle,All types of active ingredients,Cow-calf calves,"Animal husbandry, prophylaxis",2025,258
Farm animals,Cattle,All types of active ingredients,Cow-calf calves,Other reasons for treatment,2025,117
Farm animals,Cattle,All types of active ingredients,Cow-calf calves,Symptomatic treatment (unspecific),2025,699
Farm animals,Cattle,No,Suckler cows,All Organ Systems,2025,26996
Farm animals,Cattle,No,Suckler cows,Disease of the musculoskeletal system,2025,3501
Farm animals,Cattle,No,Suckler cows,"Diseases of the respiratory tract, cardiovascular system, skin, CNS and poisonings",2025,1629
Farm animals,Cattle,No,Suckler cows,Udder,2025,8540
Farm animals,Cattle,No,Suckler cows,Calf diseases,2025,918
Farm animals,Cattle,No,Suckler cows,Parasites,2025,5
Farm animals,Cattle,No,Suckler cows,"Metabolism, digestion",2025,1049
Farm animals,Cattle,No,Suckler cows,"Urogenital diseases / reproduction, birth",2025,9758
Farm animals,Cattle,No,Suckler cows,"Animal husbandry, prophylaxis",2025,631
Farm animals,Cattle,No,Suckler cows,Other reasons for treatment,2025,361
Farm animals,Cattle,No,Suckler cows,Symptomatic treatment (unspecific),2025,604
Farm animals,Cattle,Yes,Suckler cows,All Organ Systems,2025,1868
Farm animals,Cattle,Yes,Suckler cows,Disease of the musculoskeletal system,2025,144
Farm animals,Cattle,Yes,Suckler cows,"Diseases of the respiratory tract, cardiovascular system, skin, CNS and poisonings",2025,411
Farm animals,Cattle,Yes,Suckler cows,Udder,2025,874
Farm animals,Cattle,Yes,Suckler cows,Calf diseases,2025,199
Farm animals,Cattle,Yes,Suckler cows,"Metabolism, digestion",2025,49
Farm animals,Cattle,Yes,Suckler cows,"Urogenital diseases / reproduction, birth",2025,117
Farm animals,Cattle,Yes,Suckler cows,Other reasons for treatment,2025,22
Farm animals,Cattle,Yes,Suckler cows,Symptomatic treatment (unspecific),2025,52
Farm animals,Cattle,All types of active ingredients,Suckler cows,All Organ Systems,2025,28864
Farm animals,Cattle,All types of active ingredients,Suckler cows,Disease of the musculoskeletal system,2025,3645
Farm animals,Cattle,All types of active ingredients,Suckler cows,"Diseases of the respiratory tract, cardiovascular system, skin, CNS and poisonings",2025,2040
Farm animals,Cattle,All types of active ingredients,Suckler cows,Udder,2025,9414
Farm animals,Cattle,All types of active ingredients,Suckler cows,Calf diseases,2025,1117
Farm animals,Cattle,All types of active ingredients,Suckler cows,Parasites,2025,5
Farm animals,Cattle,All types of active ingredients,Suckler cows,"Metabolism, digestion",2025,1098
Farm animals,Cattle,All types of active ingredients,Suckler cows,"Urogenital diseases / reproduction, birth",2025,9875
Farm animals,Cattle,All types of active ingredients,Suckler cows,"Animal husbandry, prophylaxis",2025,631
Farm animals,Cattle,All types of active ingredients,Suckler cows,Other reasons for treatment,2025,383
Farm animals,Cattle,All types of active ingredients,Suckler cows,Symptomatic treatment (unspecific),2025,656
Farm animals,Cattle,No,Cattle nCU,All Organ Systems,2025,502
Farm animals,Cattle,No,Cattle nCU,Disease of the musculoskeletal system,2025,35
Farm animals,Cattle,No,Cattle nCU,Udder,2025,328
Farm animals,Cattle,No,Cattle nCU,"Metabolism, digestion",2025,12
Farm animals,Cattle,No,Cattle nCU,"Urogenital diseases / reproduction, birth",2025,95
Farm animals,Cattle,No,Cattle nCU,Symptomatic treatment (unspecific),2025,32
Farm animals,Cattle,Yes,Cattle nCU,All Organ Systems,2025,26
Farm animals,Cattle,Yes,Cattle nCU,Disease of the musculoskeletal system,2025,3
Farm animals,Cattle,Yes,Cattle nCU,Udder,2025,22
Farm animals,Cattle,Yes,Cattle nCU,Symptomatic treatment (unspecific),2025,1
Farm animals,Cattle,All types of active ingredients,Cattle nCU,All Organ Systems,2025,528
Farm animals,Cattle,All types of active ingredients,Cattle nCU,Disease of the musculoskeletal system,2025,38
Farm animals,Cattle,All types of active ingredients,Cattle nCU,Udder,2025,350
Farm animals,Cattle,All types of active ingredients,Cattle nCU,"Metabolism, digestion",2025,12
Farm animals,Cattle,All types of active ingredients,Cattle nCU,"Urogenital diseases / reproduction, birth",2025,95
Farm animals,Cattle,All types of active ingredients,Cattle nCU,Symptomatic treatment (unspecific),2025,33
Farm animals,Sheep,No,All categories of use,All Organ Systems,2025,17500
Farm animals,Sheep,No,All categories of use,Disease of the musculoskeletal system,2025,2411
Farm animals,Sheep,No,All categories of use,"Diseases of the respiratory tract, cardiovascular system, skin, CNS and poisonings",2025,4111
Farm animals,Sheep,No,All categories of use,Udder,2025,1910
Farm animals,Sheep,No,All categories of use,Lamb diseases,2025,2017
Farm animals,Sheep,No,All categories of use,Parasites,2025,128
Farm animals,Sheep,No,All categories of use,"Metabolism, digestion",2025,1291
Farm animals,Sheep,No,All categories of use,"Urogenital diseases / reproduction, birth",2025,3781
Farm animals,Sheep,No,All categories of use,"Animal husbandry, prophylaxis",2025,184
Farm animals,Sheep,No,All categories of use,Symptomatic treatment (unspecific),2025,1667
Farm animals,Sheep,Yes,All categories of use,All Organ Systems,2025,1258
Farm animals,Sheep,Yes,All categories of use,Disease of the musculoskeletal system,2025,77
Farm animals,Sheep,Yes,All categories of use,"Diseases of the respiratory tract, cardiovascular system, skin, CNS and poisonings",2025,403
Farm animals,Sheep,Yes,All categories of use,Udder,2025,322
Farm animals,Sheep,Yes,All categories of use,Lamb diseases,2025,229
Farm animals,Sheep,Yes,All categories of use,"Metabolism, digestion",2025,72
Farm animals,Sheep,Yes,All categories of use,"Urogenital diseases / reproduction, birth",2025,59
Farm animals,Sheep,Yes,All categories of use,"Animal husbandry, prophylaxis",2025,1
Farm animals,Sheep,Yes,All categories of use,Symptomatic treatment (unspecific),2025,95
Farm animals,Sheep,All types of active ingredients,All categories of use,All Organ Systems,2025,18758
Farm animals,Sheep,All types of active ingredients,All categories of use,Disease of the musculoskeletal system,2025,2488
Farm animals,Sheep,All types of active ingredients,All categories of use,"Diseases of the respiratory tract, cardiovascular system, skin, CNS and poisonings",2025,4514
Farm animals,Sheep,All types of active ingredients,All categories of use,Udder,2025,2232
Farm animals,Sheep,All types of active ingredients,All categories of use,Lamb diseases,2025,2246
Farm animals,Sheep,All types of active ingredients,All categories of use,Parasites,2025,128
Farm animals,Sheep,All types of active ingredients,All categories of use,"Metabolism, digestion",2025,1363
Farm animals,Sheep,All types of active ingredients,All categories of use,"Urogenital diseases / reproduction, birth",2025,3840
Farm animals,Sheep,All types of active ingredients,All categories of use,"Animal husbandry, prophylaxis",2025,185
Farm animals,Sheep,All types of active ingredients,All categories of use,Symptomatic treatment (unspecific),2025,1762
Farm animals,Sheep,No,Sheep,All Organ Systems,2025,17500
Farm animals,Sheep,No,Sheep,Disease of the musculoskeletal system,2025,2411
Farm animals,Sheep,No,Sheep,"Diseases of the respiratory tract, cardiovascular system, skin, CNS and poisonings",2025,4111
Farm animals,Sheep,No,Sheep,Udder,2025,1910
Farm animals,Sheep,No,Sheep,Lamb diseases,2025,2017
Farm animals,Sheep,No,Sheep,Parasites,2025,128
Farm animals,Sheep,No,Sheep,"Metabolism, digestion",2025,1291
Farm animals,Sheep,No,Sheep,"Urogenital diseases / reproduction, birth",2025,3781
Farm animals,Sheep,No,Sheep,"Animal husbandry, prophylaxis",2025,184
Farm animals,Sheep,No,Sheep,Symptomatic treatment (unspecific),2025,1667
Farm animals,Sheep,Yes,Sheep,All Organ Systems,2025,1258
Farm animals,Sheep,Yes,Sheep,Disease of the musculoskeletal system,2025,77
Farm animals,Sheep,Yes,Sheep,"Diseases of the respiratory tract, cardiovascular system, skin, CNS and poisonings",2025,403
Farm animals,Sheep,Yes,Sheep,Udder,2025,322
Farm animals,Sheep,Yes,Sheep,Lamb diseases,2025,229
Farm animals,Sheep,Yes,Sheep,"Metabolism, digestion",2025,72
Farm animals,Sheep,Yes,Sheep,"Urogenital diseases / reproduction, birth",2025,59
Farm animals,Sheep,Yes,Sheep,"Animal husbandry, prophylaxis",2025,1
Farm animals,Sheep,Yes,Sheep,Symptomatic treatment (unspecific),2025,95
Farm animals,Sheep,All types of active ingredients,Sheep,All Organ Systems,2025,18758
Farm animals,Sheep,All types of active ingredients,Sheep,Disease of the musculoskeletal system,2025,2488
Farm animals,Sheep,All types of active ingredients,Sheep,"Diseases of the respiratory tract, cardiovascular system, skin, CNS and poisonings",2025,4514
Farm animals,Sheep,All types of active ingredients,Sheep,Udder,2025,2232
Farm animals,Sheep,All types of active ingredients,Sheep,Lamb diseases,2025,2246
Farm animals,Sheep,All types of active ingredients,Sheep,Parasites,2025,128
Farm animals,Sheep,All types of active ingredients,Sheep,"Metabolism, digestion",2025,1363
Farm animals,Sheep,All types of active ingredients,Sheep,"Urogenital diseases / reproduction, birth",2025,3840
Farm animals,Sheep,All types of active ingredients,Sheep,"Animal husbandry, prophylaxis",2025,185
Farm animals,Sheep,All types of active ingredients,Sheep,Symptomatic treatment (unspecific),2025,1762
Farm animals,Pigs,No,All categories of use,All Organ Systems,2025,173082
Farm animals,Pigs,No,All categories of use,Disease of the musculoskeletal system,2025,13610
Farm animals,Pigs,No,All categories of use,"Diseases of the respiratory tract, cardiovascular system, skin, CNS and poisonings",2025,21407
Farm animals,Pigs,No,All categories of use,Mammary gland diseases incl. mastitis,2025,188
Farm animals,Pigs,No,All categories of use,Parasites,2025,2
Farm animals,Pigs,No,All categories of use,Specific infectious diseases,2025,21431
Farm animals,Pigs,No,All categories of use,"Symptoms, other disorders",2025,29388
Farm animals,Pigs,No,All categories of use,"Urogenital diseases / reproduction, birth",2025,348
Farm animals,Pigs,No,All categories of use,"Digestion, diarrhea",2025,84351
Farm animals,Pigs,No,All categories of use,"Animal husbandry, prophylaxis",2025,1272
Farm animals,Pigs,No,All categories of use,Other reasons for treatment,2025,1085
Farm animals,Pigs,Yes,All categories of use,All Organ Systems,2025,24361
Farm animals,Pigs,Yes,All categories of use,Disease of the musculoskeletal system,2025,822
Farm animals,Pigs,Yes,All categories of use,"Diseases of the respiratory tract, cardiovascular system, skin, CNS and poisonings",2025,2181
Farm animals,Pigs,Yes,All categories of use,Mammary gland diseases incl. mastitis,2025,468
Farm animals,Pigs,Yes,All categories of use,Specific infectious diseases,2025,1189
Farm animals,Pigs,Yes,All categories of use,"Symptoms, other disorders",2025,3113
Farm animals,Pigs,Yes,All categories of use,"Urogenital diseases / reproduction, birth",2025,202
Farm animals,Pigs,Yes,All categories of use,"Digestion, diarrhea",2025,14540
Farm animals,Pigs,Yes,All categories of use,"Animal husbandry, prophylaxis",2025,7
Farm animals,Pigs,Yes,All categories of use,Other reasons for treatment,2025,1839
Farm animals,Pigs,All types of active ingredients,All categories of use,All Organ Systems,2025,197443
Farm animals,Pigs,All types of active ingredients,All categories of use,Disease of the musculoskeletal system,2025,14432
Farm animals,Pigs,All types of active ingredients,All categories of use,"Diseases of the respiratory tract, cardiovascular system, skin, CNS and poisonings",2025,23588
Farm animals,Pigs,All types of active ingredients,All categories of use,Mammary gland diseases incl. mastitis,2025,656
Farm animals,Pigs,All types of active ingredients,All categories of use,Parasites,2025,2
Farm animals,Pigs,All types of active ingredients,All categories of use,Specific infectious diseases,2025,22620
Farm animals,Pigs,All types of active ingredients,All categories of use,"Symptoms, other disorders",2025,32501
Farm animals,Pigs,All types of active ingredients,All categories of use,"Urogenital diseases / reproduction, birth",2025,550
Farm animals,Pigs,All types of active ingredients,All categories of use,"Digestion, diarrhea",2025,98891
Farm animals,Pigs,All types of active ingredients,All categories of use,"Animal husbandry, prophylaxis",2025,1279
Farm animals,Pigs,All types of active ingredients,All categories of use,Other reasons for treatment,2025,2924
Farm animals,Pigs,No,Young sows,All Organ Systems,2025,1171
Farm animals,Pigs,No,Young sows,Disease of the musculoskeletal system,2025,279
Farm animals,Pigs,No,Young sows,"Diseases of the respiratory tract, cardiovascular system, skin, CNS and poisonings",2025,155
Farm animals,Pigs,No,Young sows,Specific infectious diseases,2025,167
Farm animals,Pigs,No,Young sows,"Symptoms, other disorders",2025,462
Farm animals,Pigs,No,Young sows,"Urogenital diseases / reproduction, birth",2025,10
Farm animals,Pigs,No,Young sows,"Digestion, diarrhea",2025,91
Farm animals,Pigs,No,Young sows,Other reasons for treatment,2025,7
Farm animals,Pigs,Yes,Young sows,All Organ Systems,2025,29
Farm animals,Pigs,Yes,Young sows,Disease of the musculoskeletal system,2025,3
Farm animals,Pigs,Yes,Young sows,"Diseases of the respiratory tract, cardiovascular system, skin, CNS and poisonings",2025,1
Farm animals,Pigs,Yes,Young sows,Mammary gland diseases incl. mastitis,2025,4
Farm animals,Pigs,Yes,Young sows,Specific infectious diseases,2025,2
Farm animals,Pigs,Yes,Young sows,"Symptoms, other disorders",2025,5
Farm animals,Pigs,Yes,Young sows,"Urogenital diseases / reproduction, birth",2025,1
Farm animals,Pigs,Yes,Young sows,"Digestion, diarrhea",2025,11
Farm animals,Pigs,Yes,Young sows,Other reasons for treatment,2025,2
Farm animals,Pigs,All types of active ingredients,Young sows,All Organ Systems,2025,1200
Farm animals,Pigs,All types of active ingredients,Young sows,Disease of the musculoskeletal system,2025,282
Farm animals,Pigs,All types of active ingredients,Young sows,"Diseases of the respiratory tract, cardiovascular system, skin, CNS and poisonings",2025,156
Farm animals,Pigs,All types of active ingredients,Young sows,Mammary gland diseases incl. mastitis,2025,4
Farm animals,Pigs,All types of active ingredients,Young sows,Specific infectious diseases,2025,169
Farm animals,Pigs,All types of active ingredients,Young sows,"Symptoms, other disorders",2025,467
Farm animals,Pigs,All types of active ingredients,Young sows,"Urogenital diseases / reproduction, birth",2025,11
Farm animals,Pigs,All types of active ingredients,Young sows,"Digestion, diarrhea",2025,102
Farm animals,Pigs,All types of active ingredients,Young sows,Other reasons for treatment,2025,9
Farm animals,Pigs,No,Fattening pigs,All Organ Systems,2025,75874
Farm animals,Pigs,No,Fattening pigs,Disease of the musculoskeletal system,2025,8125
Farm animals,Pigs,No,Fattening pigs,"Diseases of the respiratory tract, cardiovascular system, skin, CNS and poisonings",2025,12072
Farm animals,Pigs,No,Fattening pigs,Mammary gland diseases incl. mastitis,2025,37
Farm animals,Pigs,No,Fattening pigs,Parasites,2025,2
Farm animals,Pigs,No,Fattening pigs,Specific infectious diseases,2025,12219
Farm animals,Pigs,No,Fattening pigs,"Symptoms, other disorders",2025,20433
Farm animals,Pigs,No,Fattening pigs,"Urogenital diseases / reproduction, birth",2025,71
Farm animals,Pigs,No,Fattening pigs,"Digestion, diarrhea",2025,21820
Farm animals,Pigs,No,Fattening pigs,"Animal husbandry, prophylaxis",2025,383
Farm animals,Pigs,No,Fattening pigs,Other reasons for treatment,2025,712
Farm animals,Pigs,Yes,Fattening pigs,All Organ Systems,2025,10445
Farm animals,Pigs,Yes,Fattening pigs,Disease of the musculoskeletal system,2025,587
Farm animals,Pigs,Yes,Fattening pigs,"Diseases of the respiratory tract, cardiovascular system, skin, CNS and poisonings",2025,1596
Farm animals,Pigs,Yes,Fattening pigs,Mammary gland diseases incl. mastitis,2025,213
Farm animals,Pigs,Yes,Fattening pigs,Specific infectious diseases,2025,854
Farm animals,Pigs,Yes,Fattening pigs,"Symptoms, other disorders",2025,943
Farm animals,Pigs,Yes,Fattening pigs,"Urogenital diseases / reproduction, birth",2025,6
Farm animals,Pigs,Yes,Fattening pigs,"Digestion, diarrhea",2025,5912
Farm animals,Pigs,Yes,Fattening pigs,Other reasons for treatment,2025,334
Farm animals,Pigs,All types of active ingredients,Fattening pigs,All Organ Systems,2025,86319
Farm animals,Pigs,All types of active ingredients,Fattening pigs,Disease of the musculoskeletal system,2025,8712
Farm animals,Pigs,All types of active ingredients,Fattening pigs,"Diseases of the respiratory tract, cardiovascular system, skin, CNS and poisonings",2025,13668
Farm animals,Pigs,All types of active ingredients,Fattening pigs,Mammary gland diseases incl. mastitis,2025,250
Farm animals,Pigs,All types of active ingredients,Fattening pigs,Parasites,2025,2
Farm animals,Pigs,All types of active ingredients,Fattening pigs,Specific infectious diseases,2025,13073
Farm animals,Pigs,All types of active ingredients,Fattening pigs,"Symptoms, other disorders",2025,21376
Farm animals,Pigs,All types of active ingredients,Fattening pigs,"Urogenital diseases / reproduction, birth",2025,77
Farm animals,Pigs,All types of active ingredients,Fattening pigs,"Digestion, diarrhea",2025,27732
Farm animals,Pigs,All types of active ingredients,Fattening pigs,"Animal husbandry, prophylaxis",2025,383
Farm animals,Pigs,All types of active ingredients,Fattening pigs,Other reasons for treatment,2025,1046
Farm animals,Pigs,No,Suckling and weaned piglets,All Organ Systems,2025,91073
Farm animals,Pigs,No,Suckling and weaned piglets,Disease of the musculoskeletal system,2025,2948
Farm animals,Pigs,No,Suckling and weaned piglets,"Diseases of the respiratory tract, cardiovascular system, skin, CNS and poisonings",2025,8878
Farm animals,Pigs,No,Suckling and weaned piglets,Mammary gland diseases incl. mastitis,2025,4
Farm animals,Pigs,No,Suckling and weaned piglets,Specific infectious diseases,2025,8856
Farm animals,Pigs,No,Suckling and weaned piglets,"Symptoms, other disorders",2025,7686
Farm animals,Pigs,No,Suckling and weaned piglets,"Urogenital diseases / reproduction, birth",2025,10
Farm animals,Pigs,No,Suckling and weaned piglets,"Digestion, diarrhea",2025,61670
Farm animals,Pigs,No,Suckling and weaned piglets,"Animal husbandry, prophylaxis",2025,681
Farm animals,Pigs,No,Suckling and weaned piglets,Other reasons for treatment,2025,340
Farm animals,Pigs,Yes,Suckling and weaned piglets,All Organ Systems,2025,12530
Farm animals,Pigs,Yes,Suckling and weaned piglets,Disease of the musculoskeletal system,2025,140
Farm animals,Pigs,Yes,Suckling and weaned piglets,"Diseases of the respiratory tract, cardiovascular system, skin, CNS and poisonings",2025,555
Farm animals,Pigs,Yes,Suckling and weaned piglets,Mammary gland diseases incl. mastitis,2025,27
Farm animals,Pigs,Yes,Suckling and weaned piglets,Specific infectious diseases,2025,327
Farm animals,Pigs,Yes,Suckling and weaned piglets,"Symptoms, other disorders",2025,2076
Farm animals,Pigs,Yes,Suckling and weaned piglets,"Urogenital diseases / reproduction, birth",2025,1
Farm animals,Pigs,Yes,Suckling and weaned piglets,"Digestion, diarrhea",2025,8079
Farm animals,Pigs,Yes,Suckling and weaned piglets,"Animal husbandry, prophylaxis",2025,1
Farm animals,Pigs,Yes,Suckling and weaned piglets,Other reasons for treatment,2025,1324
Farm animals,Pigs,All types of active ingredients,Suckling and weaned piglets,All Organ Systems,2025,103603
Farm animals,Pigs,All types of active ingredients,Suckling and weaned piglets,Disease of the musculoskeletal system,2025,3088
Farm animals,Pigs,All types of active ingredients,Suckling and weaned piglets,"Diseases of the respiratory tract, cardiovascular system, skin, CNS and poisonings",2025,9433
Farm animals,Pigs,All types of active ingredients,Suckling and weaned piglets,Mammary gland diseases incl. mastitis,2025,31
Farm animals,Pigs,All types of active ingredients,Suckling and weaned piglets,Specific infectious diseases,2025,9183
Farm animals,Pigs,All types of active ingredients,Suckling and weaned piglets,"Symptoms, other disorders",2025,9762
Farm animals,Pigs,All types of active ingredients,Suckling and weaned piglets,"Urogenital diseases / reproduction, birth",2025,11
Farm animals,Pigs,All types of active ingredients,Suckling and weaned piglets,"Digestion, diarrhea",2025,69749
Farm animals,Pigs,All types of active ingredients,Suckling and weaned piglets,"Animal husbandry, prophylaxis",2025,682
Farm animals,Pigs,All types of active ingredients,Suckling and weaned piglets,Other reasons for treatment,2025,1664
Farm animals,Pigs,No,Pigs nCU,All Organ Systems,2025,191
Farm animals,Pigs,No,Pigs nCU,Disease of the musculoskeletal system,2025,14
Farm animals,Pigs,No,Pigs nCU,"Urogenital diseases / reproduction, birth",2025,17
Farm animals,Pigs,No,Pigs nCU,"Digestion, diarrhea",2025,160
Farm animals,Pigs,All types of active ingredients,Pigs nCU,All Organ Systems,2025,191
Farm animals,Pigs,All types of active ingredients,Pigs nCU,Disease of the musculoskeletal system,2025,14
Farm animals,Pigs,All types of active ingredients,Pigs nCU,"Urogenital diseases / reproduction, birth",2025,17
Farm animals,Pigs,All types of active ingredients,Pigs nCU,"Digestion, diarrhea",2025,160
Farm animals,Pigs,No,Breeding sows and boars,All Organ Systems,2025,4773
Farm animals,Pigs,No,Breeding sows and boars,Disease of the musculoskeletal system,2025,2244
Farm animals,Pigs,No,Breeding sows and boars,"Diseases of the respiratory tract, cardiovascular system, skin, CNS and poisonings",2025,302
Farm animals,Pigs,No,Breeding sows and boars,Mammary gland diseases incl. mastitis,2025,147
Farm animals,Pigs,No,Breeding sows and boars,Specific infectious diseases,2025,189
Farm animals,Pigs,No,Breeding sows and boars,"Symptoms, other disorders",2025,807
Farm animals,Pigs,No,Breeding sows and boars,"Urogenital diseases / reproduction, birth",2025,240
Farm animals,Pigs,No,Breeding sows and boars,"Digestion, diarrhea",2025,610
Farm animals,Pigs,No,Breeding sows and boars,"Animal husbandry, prophylaxis",2025,208
Farm animals,Pigs,No,Breeding sows and boars,Other reasons for treatment,2025,26
Farm animals,Pigs,Yes,Breeding sows and boars,All Organ Systems,2025,1357
Farm animals,Pigs,Yes,Breeding sows and boars,Disease of the musculoskeletal system,2025,92
Farm animals,Pigs,Yes,Breeding sows and boars,"Diseases of the respiratory tract, cardiovascular system, skin, CNS and poisonings",2025,29
Farm animals,Pigs,Yes,Breeding sows and boars,Mammary gland diseases incl. mastitis,2025,224
Farm animals,Pigs,Yes,Breeding sows and boars,Specific infectious diseases,2025,6
Farm animals,Pigs,Yes,Breeding sows and boars,"Symptoms, other disorders",2025,89
Farm animals,Pigs,Yes,Breeding sows and boars,"Urogenital diseases / reproduction, birth",2025,194
Farm animals,Pigs,Yes,Breeding sows and boars,"Digestion, diarrhea",2025,538
Farm animals,Pigs,Yes,Breeding sows and boars,"Animal husbandry, prophylaxis",2025,6
Farm animals,Pigs,Yes,Breeding sows and boars,Other reasons for treatment,2025,179
Farm animals,Pigs,All types of active ingredients,Breeding sows and boars,All Organ Systems,2025,6130
Farm animals,Pigs,All types of active ingredients,Breeding sows and boars,Disease of the musculoskeletal system,2025,2336
Farm animals,Pigs,All types of active ingredients,Breeding sows and boars,"Diseases of the respiratory tract, cardiovascular system, skin, CNS and poisonings",2025,331
Farm animals,Pigs,All types of active ingredients,Breeding sows and boars,Mammary gland diseases incl. mastitis,2025,371
Farm animals,Pigs,All types of active ingredients,Breeding sows and boars,Specific infectious diseases,2025,195
Farm animals,Pigs,All types of active ingredients,Breeding sows and boars,"Symptoms, other disorders",2025,896
Farm animals,Pigs,All types of active ingredients,Breeding sows and boars,"Urogenital diseases / reproduction, birth",2025,434
Farm animals,Pigs,All types of active ingredients,Breeding sows and boars,"Digestion, diarrhea",2025,1148
Farm animals,Pigs,All types of active ingredients,Breeding sows and boars,"Animal husbandry, prophylaxis",2025,214
Farm animals,Pigs,All types of active ingredients,Breeding sows and boars,Other reasons for treatment,2025,205
Farm animals,Goats,No,All categories of use,All Organ Systems,2025,9634
Farm animals,Goats,No,All categories of use,Disease of the musculoskeletal system,2025,963
Farm animals,Goats,No,All categories of use,"Diseases of the respiratory tract, cardiovascular system, skin, CNS and poisonings",2025,1738
Farm animals,Goats,No,All categories of use,Udder,2025,814
Farm animals,Goats,No,All categories of use,Diseases of the goat,2025,2450
Farm animals,Goats,No,All categories of use,Parasites,2025,71
Farm animals,Goats,No,All categories of use,"Metabolism, digestion",2025,873
Farm animals,Goats,No,All categories of use,"Urogenital diseases / reproduction, birth",2025,1939
Farm animals,Goats,No,All categories of use,"Animal husbandry, prophylaxis",2025,226
Farm animals,Goats,No,All categories of use,Symptomatic treatment (unspecific),2025,560
Farm animals,Goats,Yes,All categories of use,All Organ Systems,2025,980
Farm animals,Goats,Yes,All categories of use,Disease of the musculoskeletal system,2025,47
Farm animals,Goats,Yes,All categories of use,"Diseases of the respiratory tract, cardiovascular system, skin, CNS and poisonings",2025,277
Farm animals,Goats,Yes,All categories of use,Udder,2025,117
Farm animals,Goats,Yes,All categories of use,Diseases of the goat,2025,165
Farm animals,Goats,Yes,All categories of use,Parasites,2025,3
Farm animals,Goats,Yes,All categories of use,"Metabolism, digestion",2025,287
Farm animals,Goats,Yes,All categories of use,"Urogenital diseases / reproduction, birth",2025,35
Farm animals,Goats,Yes,All categories of use,"Animal husbandry, prophylaxis",2025,1
Farm animals,Goats,Yes,All categories of use,Symptomatic treatment (unspecific),2025,48
Farm animals,Goats,All types of active ingredients,All categories of use,All Organ Systems,2025,10614
Farm animals,Goats,All types of active ingredients,All categories of use,Disease of the musculoskeletal system,2025,1010
Farm animals,Goats,All types of active ingredients,All categories of use,"Diseases of the respiratory tract, cardiovascular system, skin, CNS and poisonings",2025,2015
Farm animals,Goats,All types of active ingredients,All categories of use,Udder,2025,931
Farm animals,Goats,All types of active ingredients,All categories of use,Diseases of the goat,2025,2615
Farm animals,Goats,All types of active ingredients,All categories of use,Parasites,2025,74
Farm animals,Goats,All types of active ingredients,All categories of use,"Metabolism, digestion",2025,1160
Farm animals,Goats,All types of active ingredients,All categories of use,"Urogenital diseases / reproduction, birth",2025,1974
Farm animals,Goats,All types of active ingredients,All categories of use,"Animal husbandry, prophylaxis",2025,227
Farm animals,Goats,All types of active ingredients,All categories of use,Symptomatic treatment (unspecific),2025,608
Farm animals,Goats,No,Goats,All Organ Systems,2025,9634
Farm animals,Goats,No,Goats,Disease of the musculoskeletal system,2025,963
Farm animals,Goats,No,Goats,"Diseases of the respiratory tract, cardiovascular system, skin, CNS and poisonings",2025,1738
Farm animals,Goats,No,Goats,Udder,2025,814
Farm animals,Goats,No,Goats,Diseases of the goat,2025,2450
Farm animals,Goats,No,Goats,Parasites,2025,71
Farm animals,Goats,No,Goats,"Metabolism, digestion",2025,873
Farm animals,Goats,No,Goats,"Urogenital diseases / reproduction, birth",2025,1939
Farm animals,Goats,No,Goats,"Animal husbandry, prophylaxis",2025,226
Farm animals,Goats,No,Goats,Symptomatic treatment (unspecific),2025,560
Farm animals,Goats,Yes,Goats,All Organ Systems,2025,980
Farm animals,Goats,Yes,Goats,Disease of the musculoskeletal system,2025,47
Farm animals,Goats,Yes,Goats,"Diseases of the respiratory tract, cardiovascular system, skin, CNS and poisonings",2025,277
Farm animals,Goats,Yes,Goats,Udder,2025,117
Farm animals,Goats,Yes,Goats,Diseases of the goat,2025,165
Farm animals,Goats,Yes,Goats,Parasites,2025,3
Farm animals,Goats,Yes,Goats,"Metabolism, digestion",2025,287
Farm animals,Goats,Yes,Goats,"Urogenital diseases / reproduction, birth",2025,35
Farm animals,Goats,Yes,Goats,"Animal husbandry, prophylaxis",2025,1
Farm animals,Goats,Yes,Goats,Symptomatic treatment (unspecific),2025,48
Farm animals,Goats,All types of active ingredients,Goats,All Organ Systems,2025,10614
Farm animals,Goats,All types of active ingredients,Goats,Disease of the musculoskeletal system,2025,1010
Farm animals,Goats,All types of active ingredients,Goats,"Diseases of the respiratory tract, cardiovascular system, skin, CNS and poisonings",2025,2015
Farm animals,Goats,All types of active ingredients,Goats,Udder,2025,931
Farm animals,Goats,All types of active ingredients,Goats,Diseases of the goat,2025,2615
Farm animals,Goats,All types of active ingredients,Goats,Parasites,2025,74
Farm animals,Goats,All types of active ingredients,Goats,"Metabolism, digestion",2025,1160
Farm animals,Goats,All types of active ingredients,Goats,"Urogenital diseases / reproduction, birth",2025,1974
Farm animals,Goats,All types of active ingredients,Goats,"Animal husbandry, prophylaxis",2025,227
Farm animals,Goats,All types of active ingredients,Goats,Symptomatic treatment (unspecific),2025,608