Month,Species,Category,Prescription type,Monthly prescriptions
01.2021,All species,All animals,Dispensing on stock,19011
01.2021,All species,All animals,All prescription types,131652
01.2021,All species,All animals,Single treatments companion animals,50828
01.2021,All species,All animals,Single treatments farm animals,60837
01.2021,All species,All animals,Oral group treatments,976
01.2021,Equids,All animals,All prescription types,1653
01.2021,Equids,All animals,Single treatments companion animals,1653
01.2021,Fish,All animals,Dispensing on stock,2
01.2021,Fish,All animals,All prescription types,4
01.2021,Fish,All animals,Oral group treatments,2
01.2021,Poultry,All animals,Dispensing on stock,3
01.2021,Poultry,All animals,All prescription types,105
01.2021,Poultry,All animals,Single treatments farm animals,4
01.2021,Poultry,All animals,Oral group treatments,98
01.2021,Dogs,All animals,All prescription types,19112
01.2021,Dogs,All animals,Single treatments companion animals,19112
01.2021,Rabbits,All animals,Dispensing on stock,23
01.2021,Rabbits,All animals,All prescription types,32
01.2021,Rabbits,All animals,Single treatments farm animals,6
01.2021,Rabbits,All animals,Oral group treatments,3
01.2021,Cats,All animals,All prescription types,27341
01.2021,Cats,All animals,Single treatments companion animals,27341
01.2021,Cattle,All animals,Dispensing on stock,13253
01.2021,Cattle,All animals,All prescription types,71975
01.2021,Cattle,All animals,Single treatments farm animals,58043
01.2021,Cattle,All animals,Oral group treatments,679
01.2021,Sheep,All animals,Dispensing on stock,331
01.2021,Sheep,All animals,All prescription types,1739
01.2021,Sheep,All animals,Single treatments farm animals,1407
01.2021,Sheep,All animals,Oral group treatments,1
01.2021,Pigs,All animals,Dispensing on stock,1626
01.2021,Pigs,All animals,All prescription types,2315
01.2021,Pigs,All animals,Single treatments farm animals,501
01.2021,Pigs,All animals,Oral group treatments,188
01.2021,Animal species nZO,All animals,Dispensing on stock,3638
01.2021,Animal species nZO,All animals,All prescription types,6360
01.2021,Animal species nZO,All animals,Single treatments companion animals,2722
01.2021,Goats,All animals,Dispensing on stock,135
01.2021,Goats,All animals,All prescription types,958
01.2021,Goats,All animals,Single treatments farm animals,818
01.2021,Goats,All animals,Oral group treatments,5
01.2021,All species,Pets,All prescription types,50828
01.2021,All species,Pets,Single treatments companion animals,50828
01.2021,Equids,Pets,All prescription types,1653
01.2021,Equids,Pets,Single treatments companion animals,1653
01.2021,Dogs,Pets,All prescription types,19112
01.2021,Dogs,Pets,Single treatments companion animals,19112
01.2021,Cats,Pets,All prescription types,27341
01.2021,Cats,Pets,Single treatments companion animals,27341
01.2021,Animal species nZO,Pets,All prescription types,2722
01.2021,Animal species nZO,Pets,Single treatments companion animals,2722
01.2021,All species,Farm animals,Dispensing on stock,19011
01.2021,All species,Farm animals,All prescription types,80824
01.2021,All species,Farm animals,Single treatments farm animals,60837
01.2021,All species,Farm animals,Oral group treatments,976
01.2021,Fish,Farm animals,Dispensing on stock,2
01.2021,Fish,Farm animals,All prescription types,4
01.2021,Fish,Farm animals,Oral group treatments,2
01.2021,Poultry,Farm animals,Dispensing on stock,3
01.2021,Poultry,Farm animals,All prescription types,105
01.2021,Poultry,Farm animals,Single treatments farm animals,4
01.2021,Poultry,Farm animals,Oral group treatments,98
01.2021,Rabbits,Farm animals,Dispensing on stock,23
01.2021,Rabbits,Farm animals,All prescription types,32
01.2021,Rabbits,Farm animals,Single treatments farm animals,6
01.2021,Rabbits,Farm animals,Oral group treatments,3
01.2021,Cattle,Farm animals,Dispensing on stock,13253
01.2021,Cattle,Farm animals,All prescription types,71975
01.2021,Cattle,Farm animals,Single treatments farm animals,58043
01.2021,Cattle,Farm animals,Oral group treatments,679
01.2021,Sheep,Farm animals,Dispensing on stock,331
01.2021,Sheep,Farm animals,All prescription types,1739
01.2021,Sheep,Farm animals,Single treatments farm animals,1407
01.2021,Sheep,Farm animals,Oral group treatments,1
01.2021,Pigs,Farm animals,Dispensing on stock,1626
01.2021,Pigs,Farm animals,All prescription types,2315
01.2021,Pigs,Farm animals,Single treatments farm animals,501
01.2021,Pigs,Farm animals,Oral group treatments,188
01.2021,Animal species nZO,Farm animals,Dispensing on stock,3638
01.2021,Animal species nZO,Farm animals,All prescription types,3638
01.2021,Goats,Farm animals,Dispensing on stock,135
01.2021,Goats,Farm animals,All prescription types,958
01.2021,Goats,Farm animals,Single treatments farm animals,818
01.2021,Goats,Farm animals,Oral group treatments,5
01.2021,Game animals,All animals,All prescription types,6
01.2021,Game animals,All animals,Single treatments farm animals,6
01.2021,Camelids,All animals,All prescription types,52
01.2021,Camelids,All animals,Single treatments farm animals,52
01.2021,Game animals,Farm animals,All prescription types,6
01.2021,Game animals,Farm animals,Single treatments farm animals,6
01.2021,Camelids,Farm animals,All prescription types,52
01.2021,Camelids,Farm animals,Single treatments farm animals,52
02.2021,All species,All animals,Dispensing on stock,16438
02.2021,All species,All animals,All prescription types,123312
02.2021,All species,All animals,Single treatments companion animals,48728
02.2021,All species,All animals,Single treatments farm animals,57311
02.2021,All species,All animals,Oral group treatments,835
02.2021,Equids,All animals,All prescription types,1656
02.2021,Equids,All animals,Single treatments companion animals,1656
02.2021,Fish,All animals,Dispensing on stock,5
02.2021,Fish,All animals,All prescription types,10
02.2021,Fish,All animals,Oral group treatments,5
02.2021,Poultry,All animals,All prescription types,91
02.2021,Poultry,All animals,Single treatments farm animals,4
02.2021,Poultry,All animals,Oral group treatments,87
02.2021,Dogs,All animals,All prescription types,18655
02.2021,Dogs,All animals,Single treatments companion animals,18655
02.2021,Rabbits,All animals,Dispensing on stock,10
02.2021,Rabbits,All animals,All prescription types,16
02.2021,Rabbits,All animals,Single treatments farm animals,1
02.2021,Rabbits,All animals,Oral group treatments,5
02.2021,Cats,All animals,All prescription types,25788
02.2021,Cats,All animals,Single treatments companion animals,25788
02.2021,Cattle,All animals,Dispensing on stock,11587
02.2021,Cattle,All animals,All prescription types,65866
02.2021,Cattle,All animals,Single treatments farm animals,53707
02.2021,Cattle,All animals,Oral group treatments,572
02.2021,Sheep,All animals,Dispensing on stock,330
02.2021,Sheep,All animals,All prescription types,2310
02.2021,Sheep,All animals,Single treatments farm animals,1979
02.2021,Sheep,All animals,Oral group treatments,1
02.2021,Pigs,All animals,Dispensing on stock,1461
02.2021,Pigs,All animals,All prescription types,2079
02.2021,Pigs,All animals,Single treatments farm animals,457
02.2021,Pigs,All animals,Oral group treatments,161
02.2021,Animal species nZO,All animals,Dispensing on stock,2925
02.2021,Animal species nZO,All animals,All prescription types,5554
02.2021,Animal species nZO,All animals,Single treatments companion animals,2629
02.2021,Goats,All animals,Dispensing on stock,120
02.2021,Goats,All animals,All prescription types,1246
02.2021,Goats,All animals,Single treatments farm animals,1122
02.2021,Goats,All animals,Oral group treatments,4
02.2021,All species,Pets,All prescription types,48728
02.2021,All species,Pets,Single treatments companion animals,48728
02.2021,Equids,Pets,All prescription types,1656
02.2021,Equids,Pets,Single treatments companion animals,1656
02.2021,Dogs,Pets,All prescription types,18655
02.2021,Dogs,Pets,Single treatments companion animals,18655
02.2021,Cats,Pets,All prescription types,25788
02.2021,Cats,Pets,Single treatments companion animals,25788
02.2021,Animal species nZO,Pets,All prescription types,2629
02.2021,Animal species nZO,Pets,Single treatments companion animals,2629
02.2021,All species,Farm animals,Dispensing on stock,16438
02.2021,All species,Farm animals,All prescription types,74584
02.2021,All species,Farm animals,Single treatments farm animals,57311
02.2021,All species,Farm animals,Oral group treatments,835
02.2021,Fish,Farm animals,Dispensing on stock,5
02.2021,Fish,Farm animals,All prescription types,10
02.2021,Fish,Farm animals,Oral group treatments,5
02.2021,Poultry,Farm animals,All prescription types,91
02.2021,Poultry,Farm animals,Single treatments farm animals,4
02.2021,Poultry,Farm animals,Oral group treatments,87
02.2021,Rabbits,Farm animals,Dispensing on stock,10
02.2021,Rabbits,Farm animals,All prescription types,16
02.2021,Rabbits,Farm animals,Single treatments farm animals,1
02.2021,Rabbits,Farm animals,Oral group treatments,5
02.2021,Cattle,Farm animals,Dispensing on stock,11587
02.2021,Cattle,Farm animals,All prescription types,65866
02.2021,Cattle,Farm animals,Single treatments farm animals,53707
02.2021,Cattle,Farm animals,Oral group treatments,572
02.2021,Sheep,Farm animals,Dispensing on stock,330
02.2021,Sheep,Farm animals,All prescription types,2310
02.2021,Sheep,Farm animals,Single treatments farm animals,1979
02.2021,Sheep,Farm animals,Oral group treatments,1
02.2021,Pigs,Farm animals,Dispensing on stock,1461
02.2021,Pigs,Farm animals,All prescription types,2079
02.2021,Pigs,Farm animals,Single treatments farm animals,457
02.2021,Pigs,Farm animals,Oral group treatments,161
02.2021,Animal species nZO,Farm animals,Dispensing on stock,2925
02.2021,Animal species nZO,Farm animals,All prescription types,2925
02.2021,Goats,Farm animals,Dispensing on stock,120
02.2021,Goats,Farm animals,All prescription types,1246
02.2021,Goats,Farm animals,Single treatments farm animals,1122
02.2021,Goats,Farm animals,Oral group treatments,4
02.2021,Game animals,All animals,All prescription types,1
02.2021,Game animals,All animals,Single treatments farm animals,1
02.2021,Camelids,All animals,All prescription types,40
02.2021,Camelids,All animals,Single treatments farm animals,40
02.2021,Game animals,Farm animals,All prescription types,1
02.2021,Game animals,Farm animals,Single treatments farm animals,1
02.2021,Camelids,Farm animals,All prescription types,40
02.2021,Camelids,Farm animals,Single treatments farm animals,40
03.2021,All species,All animals,Dispensing on stock,18141
03.2021,All species,All animals,All prescription types,137330
03.2021,All species,All animals,Single treatments companion animals,56335
03.2021,All species,All animals,Single treatments farm animals,61884
03.2021,All species,All animals,Oral group treatments,970
03.2021,Equids,All animals,All prescription types,1885
03.2021,Equids,All animals,Single treatments companion animals,1885
03.2021,Fish,All animals,Dispensing on stock,1
03.2021,Fish,All animals,All prescription types,6
03.2021,Fish,All animals,Oral group treatments,5
03.2021,Poultry,All animals,Dispensing on stock,3
03.2021,Poultry,All animals,All prescription types,109
03.2021,Poultry,All animals,Single treatments farm animals,7
03.2021,Poultry,All animals,Oral group treatments,99
03.2021,Dogs,All animals,All prescription types,21660
03.2021,Dogs,All animals,Single treatments companion animals,21660
03.2021,Rabbits,All animals,Dispensing on stock,13
03.2021,Rabbits,All animals,All prescription types,20
03.2021,Rabbits,All animals,Single treatments farm animals,2
03.2021,Rabbits,All animals,Oral group treatments,5
03.2021,Cats,All animals,All prescription types,29432
03.2021,Cats,All animals,Single treatments companion animals,29432
03.2021,Cattle,All animals,Dispensing on stock,12536
03.2021,Cattle,All animals,All prescription types,70948
03.2021,Cattle,All animals,Single treatments farm animals,57734
03.2021,Cattle,All animals,Oral group treatments,678
03.2021,Sheep,All animals,Dispensing on stock,390
03.2021,Sheep,All animals,All prescription types,2803
03.2021,Sheep,All animals,Single treatments farm animals,2410
03.2021,Sheep,All animals,Oral group treatments,3
03.2021,Pigs,All animals,Dispensing on stock,1815
03.2021,Pigs,All animals,All prescription types,2509
03.2021,Pigs,All animals,Single treatments farm animals,519
03.2021,Pigs,All animals,Oral group treatments,175
03.2021,Animal species nZO,All animals,Dispensing on stock,3261
03.2021,Animal species nZO,All animals,All prescription types,6619
03.2021,Animal species nZO,All animals,Single treatments companion animals,3358
03.2021,Goats,All animals,Dispensing on stock,122
03.2021,Goats,All animals,All prescription types,1256
03.2021,Goats,All animals,Single treatments farm animals,1129
03.2021,Goats,All animals,Oral group treatments,5
03.2021,All species,Pets,All prescription types,56335
03.2021,All species,Pets,Single treatments companion animals,56335
03.2021,Equids,Pets,All prescription types,1885
03.2021,Equids,Pets,Single treatments companion animals,1885
03.2021,Dogs,Pets,All prescription types,21660
03.2021,Dogs,Pets,Single treatments companion animals,21660
03.2021,Cats,Pets,All prescription types,29432
03.2021,Cats,Pets,Single treatments companion animals,29432
03.2021,Animal species nZO,Pets,All prescription types,3358
03.2021,Animal species nZO,Pets,Single treatments companion animals,3358
03.2021,All species,Farm animals,Dispensing on stock,18141
03.2021,All species,Farm animals,All prescription types,80995
03.2021,All species,Farm animals,Single treatments farm animals,61884
03.2021,All species,Farm animals,Oral group treatments,970
03.2021,Fish,Farm animals,Dispensing on stock,1
03.2021,Fish,Farm animals,All prescription types,6
03.2021,Fish,Farm animals,Oral group treatments,5
03.2021,Poultry,Farm animals,Dispensing on stock,3
03.2021,Poultry,Farm animals,All prescription types,109
03.2021,Poultry,Farm animals,Single treatments farm animals,7
03.2021,Poultry,Farm animals,Oral group treatments,99
03.2021,Rabbits,Farm animals,Dispensing on stock,13
03.2021,Rabbits,Farm animals,All prescription types,20
03.2021,Rabbits,Farm animals,Single treatments farm animals,2
03.2021,Rabbits,Farm animals,Oral group treatments,5
03.2021,Cattle,Farm animals,Dispensing on stock,12536
03.2021,Cattle,Farm animals,All prescription types,70948
03.2021,Cattle,Farm animals,Single treatments farm animals,57734
03.2021,Cattle,Farm animals,Oral group treatments,678
03.2021,Sheep,Farm animals,Dispensing on stock,390
03.2021,Sheep,Farm animals,All prescription types,2803
03.2021,Sheep,Farm animals,Single treatments farm animals,2410
03.2021,Sheep,Farm animals,Oral group treatments,3
03.2021,Pigs,Farm animals,Dispensing on stock,1815
03.2021,Pigs,Farm animals,All prescription types,2509
03.2021,Pigs,Farm animals,Single treatments farm animals,519
03.2021,Pigs,Farm animals,Oral group treatments,175
03.2021,Animal species nZO,Farm animals,Dispensing on stock,3261
03.2021,Animal species nZO,Farm animals,All prescription types,3261
03.2021,Goats,Farm animals,Dispensing on stock,122
03.2021,Goats,Farm animals,All prescription types,1256
03.2021,Goats,Farm animals,Single treatments farm animals,1129
03.2021,Goats,Farm animals,Oral group treatments,5
03.2021,Game animals,All animals,All prescription types,1
03.2021,Game animals,All animals,Single treatments farm animals,1
03.2021,Camelids,All animals,All prescription types,82
03.2021,Camelids,All animals,Single treatments farm animals,82
03.2021,Game animals,Farm animals,All prescription types,1
03.2021,Game animals,Farm animals,Single treatments farm animals,1
03.2021,Camelids,Farm animals,All prescription types,82
03.2021,Camelids,Farm animals,Single treatments farm animals,82
04.2021,All species,All animals,Dispensing on stock,15612
04.2021,All species,All animals,All prescription types,119826
04.2021,All species,All animals,Single treatments companion animals,51048
04.2021,All species,All animals,Single treatments farm animals,52357
04.2021,All species,All animals,Oral group treatments,809
04.2021,Equids,All animals,All prescription types,1957
04.2021,Equids,All animals,Single treatments companion animals,1957
04.2021,Fish,All animals,All prescription types,5
04.2021,Fish,All animals,Oral group treatments,5
04.2021,Poultry,All animals,Dispensing on stock,1
04.2021,Poultry,All animals,All prescription types,78
04.2021,Poultry,All animals,Single treatments farm animals,5
04.2021,Poultry,All animals,Oral group treatments,72
04.2021,Dogs,All animals,All prescription types,19705
04.2021,Dogs,All animals,Single treatments companion animals,19705
04.2021,Rabbits,All animals,Dispensing on stock,5
04.2021,Rabbits,All animals,All prescription types,11
04.2021,Rabbits,All animals,Single treatments farm animals,6
04.2021,Cats,All animals,All prescription types,26341
04.2021,Cats,All animals,Single treatments companion animals,26341
04.2021,Cattle,All animals,Dispensing on stock,10797
04.2021,Cattle,All animals,All prescription types,60507
04.2021,Cattle,All animals,Single treatments farm animals,49136
04.2021,Cattle,All animals,Oral group treatments,574
04.2021,Sheep,All animals,Dispensing on stock,325
04.2021,Sheep,All animals,All prescription types,2106
04.2021,Sheep,All animals,Single treatments farm animals,1780
04.2021,Sheep,All animals,Oral group treatments,1
04.2021,Pigs,All animals,Dispensing on stock,1583
04.2021,Pigs,All animals,All prescription types,2172
04.2021,Pigs,All animals,Single treatments farm animals,436
04.2021,Pigs,All animals,Oral group treatments,153
04.2021,Animal species nZO,All animals,Dispensing on stock,2775
04.2021,Animal species nZO,All animals,All prescription types,5820
04.2021,Animal species nZO,All animals,Single treatments companion animals,3045
04.2021,Goats,All animals,Dispensing on stock,126
04.2021,Goats,All animals,All prescription types,1053
04.2021,Goats,All animals,Single treatments farm animals,923
04.2021,Goats,All animals,Oral group treatments,4
04.2021,All species,Pets,All prescription types,51048
04.2021,All species,Pets,Single treatments companion animals,51048
04.2021,Equids,Pets,All prescription types,1957
04.2021,Equids,Pets,Single treatments companion animals,1957
04.2021,Dogs,Pets,All prescription types,19705
04.2021,Dogs,Pets,Single treatments companion animals,19705
04.2021,Cats,Pets,All prescription types,26341
04.2021,Cats,Pets,Single treatments companion animals,26341
04.2021,Animal species nZO,Pets,All prescription types,3045
04.2021,Animal species nZO,Pets,Single treatments companion animals,3045
04.2021,All species,Farm animals,Dispensing on stock,15612
04.2021,All species,Farm animals,All prescription types,68778
04.2021,All species,Farm animals,Single treatments farm animals,52357
04.2021,All species,Farm animals,Oral group treatments,809
04.2021,Fish,Farm animals,All prescription types,5
04.2021,Fish,Farm animals,Oral group treatments,5
04.2021,Poultry,Farm animals,Dispensing on stock,1
04.2021,Poultry,Farm animals,All prescription types,78
04.2021,Poultry,Farm animals,Single treatments farm animals,5
04.2021,Poultry,Farm animals,Oral group treatments,72
04.2021,Rabbits,Farm animals,Dispensing on stock,5
04.2021,Rabbits,Farm animals,All prescription types,11
04.2021,Rabbits,Farm animals,Single treatments farm animals,6
04.2021,Cattle,Farm animals,Dispensing on stock,10797
04.2021,Cattle,Farm animals,All prescription types,60507
04.2021,Cattle,Farm animals,Single treatments farm animals,49136
04.2021,Cattle,Farm animals,Oral group treatments,574
04.2021,Sheep,Farm animals,Dispensing on stock,325
04.2021,Sheep,Farm animals,All prescription types,2106
04.2021,Sheep,Farm animals,Single treatments farm animals,1780
04.2021,Sheep,Farm animals,Oral group treatments,1
04.2021,Pigs,Farm animals,Dispensing on stock,1583
04.2021,Pigs,Farm animals,All prescription types,2172
04.2021,Pigs,Farm animals,Single treatments farm animals,436
04.2021,Pigs,Farm animals,Oral group treatments,153
04.2021,Animal species nZO,Farm animals,Dispensing on stock,2775
04.2021,Animal species nZO,Farm animals,All prescription types,2775
04.2021,Goats,Farm animals,Dispensing on stock,126
04.2021,Goats,Farm animals,All prescription types,1053
04.2021,Goats,Farm animals,Single treatments farm animals,923
04.2021,Goats,Farm animals,Oral group treatments,4
04.2021,Game animals,All animals,All prescription types,2
04.2021,Game animals,All animals,Single treatments farm animals,2
04.2021,Camelids,All animals,All prescription types,69
04.2021,Camelids,All animals,Single treatments farm animals,69
04.2021,Game animals,Farm animals,All prescription types,2
04.2021,Game animals,Farm animals,Single treatments farm animals,2
04.2021,Camelids,Farm animals,All prescription types,69
04.2021,Camelids,Farm animals,Single treatments farm animals,69
05.2021,All species,All animals,Dispensing on stock,15301
05.2021,All species,All animals,All prescription types,117312
05.2021,All species,All animals,Single treatments companion animals,50569
05.2021,All species,All animals,Single treatments farm animals,50728
05.2021,All species,All animals,Oral group treatments,714
05.2021,Equids,All animals,All prescription types,1967
05.2021,Equids,All animals,Single treatments companion animals,1967
05.2021,Fish,All animals,All prescription types,12
05.2021,Fish,All animals,Oral group treatments,12
05.2021,Poultry,All animals,Dispensing on stock,4
05.2021,Poultry,All animals,All prescription types,93
05.2021,Poultry,All animals,Single treatments farm animals,4
05.2021,Poultry,All animals,Oral group treatments,85
05.2021,Dogs,All animals,All prescription types,19283
05.2021,Dogs,All animals,Single treatments companion animals,19283
05.2021,Rabbits,All animals,Dispensing on stock,10
05.2021,Rabbits,All animals,All prescription types,17
05.2021,Rabbits,All animals,Single treatments farm animals,5
05.2021,Rabbits,All animals,Oral group treatments,2
05.2021,Cats,All animals,All prescription types,26158
05.2021,Cats,All animals,Single treatments companion animals,26158
05.2021,Cattle,All animals,Dispensing on stock,10860
05.2021,Cattle,All animals,All prescription types,59560
05.2021,Cattle,All animals,Single treatments farm animals,48258
05.2021,Cattle,All animals,Oral group treatments,442
05.2021,Sheep,All animals,Dispensing on stock,255
05.2021,Sheep,All animals,All prescription types,1439
05.2021,Sheep,All animals,Single treatments farm animals,1182
05.2021,Sheep,All animals,Oral group treatments,2
05.2021,Pigs,All animals,Dispensing on stock,1514
05.2021,Pigs,All animals,All prescription types,2183
05.2021,Pigs,All animals,Single treatments farm animals,503
05.2021,Pigs,All animals,Oral group treatments,166
05.2021,Animal species nZO,All animals,Dispensing on stock,2554
05.2021,Animal species nZO,All animals,All prescription types,5715
05.2021,Animal species nZO,All animals,Single treatments companion animals,3161
05.2021,Goats,All animals,Dispensing on stock,104
05.2021,Goats,All animals,All prescription types,817
05.2021,Goats,All animals,Single treatments farm animals,708
05.2021,Goats,All animals,Oral group treatments,5
05.2021,All species,Pets,All prescription types,50569
05.2021,All species,Pets,Single treatments companion animals,50569
05.2021,Equids,Pets,All prescription types,1967
05.2021,Equids,Pets,Single treatments companion animals,1967
05.2021,Dogs,Pets,All prescription types,19283
05.2021,Dogs,Pets,Single treatments companion animals,19283
05.2021,Cats,Pets,All prescription types,26158
05.2021,Cats,Pets,Single treatments companion animals,26158
05.2021,Animal species nZO,Pets,All prescription types,3161
05.2021,Animal species nZO,Pets,Single treatments companion animals,3161
05.2021,All species,Farm animals,Dispensing on stock,15301
05.2021,All species,Farm animals,All prescription types,66743
05.2021,All species,Farm animals,Single treatments farm animals,50728
05.2021,All species,Farm animals,Oral group treatments,714
05.2021,Fish,Farm animals,All prescription types,12
05.2021,Fish,Farm animals,Oral group treatments,12
05.2021,Poultry,Farm animals,Dispensing on stock,4
05.2021,Poultry,Farm animals,All prescription types,93
05.2021,Poultry,Farm animals,Single treatments farm animals,4
05.2021,Poultry,Farm animals,Oral group treatments,85
05.2021,Rabbits,Farm animals,Dispensing on stock,10
05.2021,Rabbits,Farm animals,All prescription types,17
05.2021,Rabbits,Farm animals,Single treatments farm animals,5
05.2021,Rabbits,Farm animals,Oral group treatments,2
05.2021,Cattle,Farm animals,Dispensing on stock,10860
05.2021,Cattle,Farm animals,All prescription types,59560
05.2021,Cattle,Farm animals,Single treatments farm animals,48258
05.2021,Cattle,Farm animals,Oral group treatments,442
05.2021,Sheep,Farm animals,Dispensing on stock,255
05.2021,Sheep,Farm animals,All prescription types,1439
05.2021,Sheep,Farm animals,Single treatments farm animals,1182
05.2021,Sheep,Farm animals,Oral group treatments,2
05.2021,Pigs,Farm animals,Dispensing on stock,1514
05.2021,Pigs,Farm animals,All prescription types,2183
05.2021,Pigs,Farm animals,Single treatments farm animals,503
05.2021,Pigs,Farm animals,Oral group treatments,166
05.2021,Animal species nZO,Farm animals,Dispensing on stock,2554
05.2021,Animal species nZO,Farm animals,All prescription types,2554
05.2021,Goats,Farm animals,Dispensing on stock,104
05.2021,Goats,Farm animals,All prescription types,817
05.2021,Goats,Farm animals,Single treatments farm animals,708
05.2021,Goats,Farm animals,Oral group treatments,5
05.2021,Game animals,All animals,All prescription types,5
05.2021,Game animals,All animals,Single treatments farm animals,5
05.2021,Camelids,All animals,All prescription types,63
05.2021,Camelids,All animals,Single treatments farm animals,63
05.2021,Game animals,Farm animals,All prescription types,5
05.2021,Game animals,Farm animals,Single treatments farm animals,5
05.2021,Camelids,Farm animals,All prescription types,63
05.2021,Camelids,Farm animals,Single treatments farm animals,63
06.2021,All species,All animals,Dispensing on stock,16730
06.2021,All species,All animals,All prescription types,124163
06.2021,All species,All animals,Single treatments companion animals,53892
06.2021,All species,All animals,Single treatments farm animals,52933
06.2021,All species,All animals,Oral group treatments,608
06.2021,Equids,All animals,All prescription types,1938
06.2021,Equids,All animals,Single treatments companion animals,1938
06.2021,Fish,All animals,All prescription types,18
06.2021,Fish,All animals,Oral group treatments,18
06.2021,Poultry,All animals,Dispensing on stock,2
06.2021,Poultry,All animals,All prescription types,91
06.2021,Poultry,All animals,Single treatments farm animals,8
06.2021,Poultry,All animals,Oral group treatments,81
06.2021,Dogs,All animals,All prescription types,22114
06.2021,Dogs,All animals,Single treatments companion animals,22114
06.2021,Rabbits,All animals,Dispensing on stock,12
06.2021,Rabbits,All animals,All prescription types,18
06.2021,Rabbits,All animals,Single treatments farm animals,3
06.2021,Rabbits,All animals,Oral group treatments,3
06.2021,Cats,All animals,All prescription types,26685
06.2021,Cats,All animals,Single treatments companion animals,26685
06.2021,Cattle,All animals,Dispensing on stock,11967
06.2021,Cattle,All animals,All prescription types,63441
06.2021,Cattle,All animals,Single treatments farm animals,51105
06.2021,Cattle,All animals,Oral group treatments,369
06.2021,Sheep,All animals,Dispensing on stock,243
06.2021,Sheep,All animals,All prescription types,955
06.2021,Sheep,All animals,Single treatments farm animals,711
06.2021,Sheep,All animals,Oral group treatments,1
06.2021,Pigs,All animals,Dispensing on stock,1506
06.2021,Pigs,All animals,All prescription types,2203
06.2021,Pigs,All animals,Single treatments farm animals,564
06.2021,Pigs,All animals,Oral group treatments,133
06.2021,Animal species nZO,All animals,Dispensing on stock,2920
06.2021,Animal species nZO,All animals,All prescription types,6075
06.2021,Animal species nZO,All animals,Single treatments companion animals,3155
06.2021,Goats,All animals,Dispensing on stock,80
06.2021,Goats,All animals,All prescription types,552
06.2021,Goats,All animals,Single treatments farm animals,469
06.2021,Goats,All animals,Oral group treatments,3
06.2021,All species,Pets,All prescription types,53892
06.2021,All species,Pets,Single treatments companion animals,53892
06.2021,Equids,Pets,All prescription types,1938
06.2021,Equids,Pets,Single treatments companion animals,1938
06.2021,Dogs,Pets,All prescription types,22114
06.2021,Dogs,Pets,Single treatments companion animals,22114
06.2021,Cats,Pets,All prescription types,26685
06.2021,Cats,Pets,Single treatments companion animals,26685
06.2021,Animal species nZO,Pets,All prescription types,3155
06.2021,Animal species nZO,Pets,Single treatments companion animals,3155
06.2021,All species,Farm animals,Dispensing on stock,16730
06.2021,All species,Farm animals,All prescription types,70271
06.2021,All species,Farm animals,Single treatments farm animals,52933
06.2021,All species,Farm animals,Oral group treatments,608
06.2021,Fish,Farm animals,All prescription types,18
06.2021,Fish,Farm animals,Oral group treatments,18
06.2021,Poultry,Farm animals,Dispensing on stock,2
06.2021,Poultry,Farm animals,All prescription types,91
06.2021,Poultry,Farm animals,Single treatments farm animals,8
06.2021,Poultry,Farm animals,Oral group treatments,81
06.2021,Rabbits,Farm animals,Dispensing on stock,12
06.2021,Rabbits,Farm animals,All prescription types,18
06.2021,Rabbits,Farm animals,Single treatments farm animals,3
06.2021,Rabbits,Farm animals,Oral group treatments,3
06.2021,Cattle,Farm animals,Dispensing on stock,11967
06.2021,Cattle,Farm animals,All prescription types,63441
06.2021,Cattle,Farm animals,Single treatments farm animals,51105
06.2021,Cattle,Farm animals,Oral group treatments,369
06.2021,Sheep,Farm animals,Dispensing on stock,243
06.2021,Sheep,Farm animals,All prescription types,955
06.2021,Sheep,Farm animals,Single treatments farm animals,711
06.2021,Sheep,Farm animals,Oral group treatments,1
06.2021,Pigs,Farm animals,Dispensing on stock,1506
06.2021,Pigs,Farm animals,All prescription types,2203
06.2021,Pigs,Farm animals,Single treatments farm animals,564
06.2021,Pigs,Farm animals,Oral group treatments,133
06.2021,Animal species nZO,Farm animals,Dispensing on stock,2920
06.2021,Animal species nZO,Farm animals,All prescription types,2920
06.2021,Goats,Farm animals,Dispensing on stock,80
06.2021,Goats,Farm animals,All prescription types,552
06.2021,Goats,Farm animals,Single treatments farm animals,469
06.2021,Goats,Farm animals,Oral group treatments,3
06.2021,Game animals,All animals,All prescription types,12
06.2021,Game animals,All animals,Single treatments farm animals,12
06.2021,Camelids,All animals,All prescription types,61
06.2021,Camelids,All animals,Single treatments farm animals,61
06.2021,Game animals,Farm animals,All prescription types,12
06.2021,Game animals,Farm animals,Single treatments farm animals,12
06.2021,Camelids,Farm animals,All prescription types,61
06.2021,Camelids,Farm animals,Single treatments farm animals,61
07.2021,All species,All animals,Dispensing on stock,18661
07.2021,All species,All animals,All prescription types,132448
07.2021,All species,All animals,Single treatments companion animals,54115
07.2021,All species,All animals,Single treatments farm animals,59067
07.2021,All species,All animals,Oral group treatments,605
07.2021,Equids,All animals,All prescription types,2066
07.2021,Equids,All animals,Single treatments companion animals,2066
07.2021,Fish,All animals,Dispensing on stock,1
07.2021,Fish,All animals,All prescription types,15
07.2021,Fish,All animals,Oral group treatments,14
07.2021,Poultry,All animals,Dispensing on stock,3
07.2021,Poultry,All animals,All prescription types,62
07.2021,Poultry,All animals,Single treatments farm animals,1
07.2021,Poultry,All animals,Oral group treatments,58
07.2021,Dogs,All animals,All prescription types,21678
07.2021,Dogs,All animals,Single treatments companion animals,21678
07.2021,Rabbits,All animals,Dispensing on stock,17
07.2021,Rabbits,All animals,All prescription types,27
07.2021,Rabbits,All animals,Single treatments farm animals,5
07.2021,Rabbits,All animals,Oral group treatments,5
07.2021,Cats,All animals,All prescription types,27354
07.2021,Cats,All animals,Single treatments companion animals,27354
07.2021,Cattle,All animals,Dispensing on stock,13662
07.2021,Cattle,All animals,All prescription types,71376
07.2021,Cattle,All animals,Single treatments farm animals,57323
07.2021,Cattle,All animals,Oral group treatments,391
07.2021,Sheep,All animals,Dispensing on stock,196
07.2021,Sheep,All animals,All prescription types,841
07.2021,Sheep,All animals,Single treatments farm animals,645
07.2021,Pigs,All animals,Dispensing on stock,1505
07.2021,Pigs,All animals,All prescription types,2197
07.2021,Pigs,All animals,Single treatments farm animals,556
07.2021,Pigs,All animals,Oral group treatments,136
07.2021,Animal species nZO,All animals,Dispensing on stock,3188
07.2021,Animal species nZO,All animals,All prescription types,6205
07.2021,Animal species nZO,All animals,Single treatments companion animals,3017
07.2021,Goats,All animals,Dispensing on stock,89
07.2021,Goats,All animals,All prescription types,565
07.2021,Goats,All animals,Single treatments farm animals,475
07.2021,Goats,All animals,Oral group treatments,1
07.2021,All species,Pets,All prescription types,54115
07.2021,All species,Pets,Single treatments companion animals,54115
07.2021,Equids,Pets,All prescription types,2066
07.2021,Equids,Pets,Single treatments companion animals,2066
07.2021,Dogs,Pets,All prescription types,21678
07.2021,Dogs,Pets,Single treatments companion animals,21678
07.2021,Cats,Pets,All prescription types,27354
07.2021,Cats,Pets,Single treatments companion animals,27354
07.2021,Animal species nZO,Pets,All prescription types,3017
07.2021,Animal species nZO,Pets,Single treatments companion animals,3017
07.2021,All species,Farm animals,Dispensing on stock,18661
07.2021,All species,Farm animals,All prescription types,78333
07.2021,All species,Farm animals,Single treatments farm animals,59067
07.2021,All species,Farm animals,Oral group treatments,605
07.2021,Fish,Farm animals,Dispensing on stock,1
07.2021,Fish,Farm animals,All prescription types,15
07.2021,Fish,Farm animals,Oral group treatments,14
07.2021,Poultry,Farm animals,Dispensing on stock,3
07.2021,Poultry,Farm animals,All prescription types,62
07.2021,Poultry,Farm animals,Single treatments farm animals,1
07.2021,Poultry,Farm animals,Oral group treatments,58
07.2021,Rabbits,Farm animals,Dispensing on stock,17
07.2021,Rabbits,Farm animals,All prescription types,27
07.2021,Rabbits,Farm animals,Single treatments farm animals,5
07.2021,Rabbits,Farm animals,Oral group treatments,5
07.2021,Cattle,Farm animals,Dispensing on stock,13662
07.2021,Cattle,Farm animals,All prescription types,71376
07.2021,Cattle,Farm animals,Single treatments farm animals,57323
07.2021,Cattle,Farm animals,Oral group treatments,391
07.2021,Sheep,Farm animals,Dispensing on stock,196
07.2021,Sheep,Farm animals,All prescription types,841
07.2021,Sheep,Farm animals,Single treatments farm animals,645
07.2021,Pigs,Farm animals,Dispensing on stock,1505
07.2021,Pigs,Farm animals,All prescription types,2197
07.2021,Pigs,Farm animals,Single treatments farm animals,556
07.2021,Pigs,Farm animals,Oral group treatments,136
07.2021,Animal species nZO,Farm animals,Dispensing on stock,3188
07.2021,Animal species nZO,Farm animals,All prescription types,3188
07.2021,Goats,Farm animals,Dispensing on stock,89
07.2021,Goats,Farm animals,All prescription types,565
07.2021,Goats,Farm animals,Single treatments farm animals,475
07.2021,Goats,Farm animals,Oral group treatments,1
07.2021,Game animals,All animals,All prescription types,4
07.2021,Game animals,All animals,Single treatments farm animals,4
07.2021,Camelids,All animals,All prescription types,58
07.2021,Camelids,All animals,Single treatments farm animals,58
07.2021,Game animals,Farm animals,All prescription types,4
07.2021,Game animals,Farm animals,Single treatments farm animals,4
07.2021,Camelids,Farm animals,All prescription types,58
07.2021,Camelids,Farm animals,Single treatments farm animals,58
08.2021,All species,All animals,Dispensing on stock,18167
08.2021,All species,All animals,All prescription types,134645
08.2021,All species,All animals,Single treatments companion animals,54260
08.2021,All species,All animals,Single treatments farm animals,61566
08.2021,All species,All animals,Oral group treatments,652
08.2021,Equids,All animals,All prescription types,1959
08.2021,Equids,All animals,Single treatments companion animals,1959
08.2021,Fish,All animals,All prescription types,15
08.2021,Fish,All animals,Oral group treatments,15
08.2021,Poultry,All animals,Dispensing on stock,4
08.2021,Poultry,All animals,All prescription types,82
08.2021,Poultry,All animals,Oral group treatments,78
08.2021,Dogs,All animals,All prescription types,21431
08.2021,Dogs,All animals,Single treatments companion animals,21431
08.2021,Rabbits,All animals,Dispensing on stock,8
08.2021,Rabbits,All animals,All prescription types,18
08.2021,Rabbits,All animals,Single treatments farm animals,2
08.2021,Rabbits,All animals,Oral group treatments,8
08.2021,Cats,All animals,All prescription types,27830
08.2021,Cats,All animals,Single treatments companion animals,27830
08.2021,Cattle,All animals,Dispensing on stock,13126
08.2021,Cattle,All animals,All prescription types,73284
08.2021,Cattle,All animals,Single treatments farm animals,59743
08.2021,Cattle,All animals,Oral group treatments,415
08.2021,Sheep,All animals,Dispensing on stock,197
08.2021,Sheep,All animals,All prescription types,902
08.2021,Sheep,All animals,Single treatments farm animals,705
08.2021,Pigs,All animals,Dispensing on stock,1461
08.2021,Pigs,All animals,All prescription types,2163
08.2021,Pigs,All animals,Single treatments farm animals,567
08.2021,Pigs,All animals,Oral group treatments,135
08.2021,Animal species nZO,All animals,Dispensing on stock,3301
08.2021,Animal species nZO,All animals,All prescription types,6341
08.2021,Animal species nZO,All animals,Single treatments companion animals,3040
08.2021,Goats,All animals,Dispensing on stock,70
08.2021,Goats,All animals,All prescription types,533
08.2021,Goats,All animals,Single treatments farm animals,462
08.2021,Goats,All animals,Oral group treatments,1
08.2021,All species,Pets,All prescription types,54260
08.2021,All species,Pets,Single treatments companion animals,54260
08.2021,Equids,Pets,All prescription types,1959
08.2021,Equids,Pets,Single treatments companion animals,1959
08.2021,Dogs,Pets,All prescription types,21431
08.2021,Dogs,Pets,Single treatments companion animals,21431
08.2021,Cats,Pets,All prescription types,27830
08.2021,Cats,Pets,Single treatments companion animals,27830
08.2021,Animal species nZO,Pets,All prescription types,3040
08.2021,Animal species nZO,Pets,Single treatments companion animals,3040
08.2021,All species,Farm animals,Dispensing on stock,18167
08.2021,All species,Farm animals,All prescription types,80385
08.2021,All species,Farm animals,Single treatments farm animals,61566
08.2021,All species,Farm animals,Oral group treatments,652
08.2021,Fish,Farm animals,All prescription types,15
08.2021,Fish,Farm animals,Oral group treatments,15
08.2021,Poultry,Farm animals,Dispensing on stock,4
08.2021,Poultry,Farm animals,All prescription types,82
08.2021,Poultry,Farm animals,Oral group treatments,78
08.2021,Rabbits,Farm animals,Dispensing on stock,8
08.2021,Rabbits,Farm animals,All prescription types,18
08.2021,Rabbits,Farm animals,Single treatments farm animals,2
08.2021,Rabbits,Farm animals,Oral group treatments,8
08.2021,Cattle,Farm animals,Dispensing on stock,13126
08.2021,Cattle,Farm animals,All prescription types,73284
08.2021,Cattle,Farm animals,Single treatments farm animals,59743
08.2021,Cattle,Farm animals,Oral group treatments,415
08.2021,Sheep,Farm animals,Dispensing on stock,197
08.2021,Sheep,Farm animals,All prescription types,902
08.2021,Sheep,Farm animals,Single treatments farm animals,705
08.2021,Pigs,Farm animals,Dispensing on stock,1461
08.2021,Pigs,Farm animals,All prescription types,2163
08.2021,Pigs,Farm animals,Single treatments farm animals,567
08.2021,Pigs,Farm animals,Oral group treatments,135
08.2021,Animal species nZO,Farm animals,Dispensing on stock,3301
08.2021,Animal species nZO,Farm animals,All prescription types,3301
08.2021,Goats,Farm animals,Dispensing on stock,70
08.2021,Goats,Farm animals,All prescription types,533
08.2021,Goats,Farm animals,Single treatments farm animals,462
08.2021,Goats,Farm animals,Oral group treatments,1
08.2021,Camelids,All animals,All prescription types,87
08.2021,Camelids,All animals,Single treatments farm animals,87
08.2021,Camelids,Farm animals,All prescription types,87
08.2021,Camelids,Farm animals,Single treatments farm animals,87
09.2021,All species,All animals,Dispensing on stock,16984
09.2021,All species,All animals,All prescription types,133648
09.2021,All species,All animals,Single treatments companion animals,53893
09.2021,All species,All animals,Single treatments farm animals,62038
09.2021,All species,All animals,Oral group treatments,733
09.2021,Equids,All animals,All prescription types,1842
09.2021,Equids,All animals,Single treatments companion animals,1842
09.2021,Fish,All animals,All prescription types,12
09.2021,Fish,All animals,Oral group treatments,12
09.2021,Poultry,All animals,Dispensing on stock,5
09.2021,Poultry,All animals,All prescription types,91
09.2021,Poultry,All animals,Single treatments farm animals,3
09.2021,Poultry,All animals,Oral group treatments,83
09.2021,Dogs,All animals,All prescription types,21299
09.2021,Dogs,All animals,Single treatments companion animals,21299
09.2021,Rabbits,All animals,Dispensing on stock,9
09.2021,Rabbits,All animals,All prescription types,22
09.2021,Rabbits,All animals,Single treatments farm animals,2
09.2021,Rabbits,All animals,Oral group treatments,11
09.2021,Cats,All animals,All prescription types,27726
09.2021,Cats,All animals,Single treatments companion animals,27726
09.2021,Cattle,All animals,Dispensing on stock,12141
09.2021,Cattle,All animals,All prescription types,72881
09.2021,Cattle,All animals,Single treatments farm animals,60273
09.2021,Cattle,All animals,Oral group treatments,467
09.2021,Sheep,All animals,Dispensing on stock,243
09.2021,Sheep,All animals,All prescription types,973
09.2021,Sheep,All animals,Single treatments farm animals,730
09.2021,Pigs,All animals,Dispensing on stock,1496
09.2021,Pigs,All animals,All prescription types,2224
09.2021,Pigs,All animals,Single treatments farm animals,570
09.2021,Pigs,All animals,Oral group treatments,158
09.2021,Animal species nZO,All animals,Dispensing on stock,3023
09.2021,Animal species nZO,All animals,All prescription types,6049
09.2021,Animal species nZO,All animals,Single treatments companion animals,3026
09.2021,Goats,All animals,Dispensing on stock,67
09.2021,Goats,All animals,All prescription types,473
09.2021,Goats,All animals,Single treatments farm animals,404
09.2021,Goats,All animals,Oral group treatments,2
09.2021,All species,Pets,All prescription types,53893
09.2021,All species,Pets,Single treatments companion animals,53893
09.2021,Equids,Pets,All prescription types,1842
09.2021,Equids,Pets,Single treatments companion animals,1842
09.2021,Dogs,Pets,All prescription types,21299
09.2021,Dogs,Pets,Single treatments companion animals,21299
09.2021,Cats,Pets,All prescription types,27726
09.2021,Cats,Pets,Single treatments companion animals,27726
09.2021,Animal species nZO,Pets,All prescription types,3026
09.2021,Animal species nZO,Pets,Single treatments companion animals,3026
09.2021,All species,Farm animals,Dispensing on stock,16984
09.2021,All species,Farm animals,All prescription types,79755
09.2021,All species,Farm animals,Single treatments farm animals,62038
09.2021,All species,Farm animals,Oral group treatments,733
09.2021,Fish,Farm animals,All prescription types,12
09.2021,Fish,Farm animals,Oral group treatments,12
09.2021,Poultry,Farm animals,Dispensing on stock,5
09.2021,Poultry,Farm animals,All prescription types,91
09.2021,Poultry,Farm animals,Single treatments farm animals,3
09.2021,Poultry,Farm animals,Oral group treatments,83
09.2021,Rabbits,Farm animals,Dispensing on stock,9
09.2021,Rabbits,Farm animals,All prescription types,22
09.2021,Rabbits,Farm animals,Single treatments farm animals,2
09.2021,Rabbits,Farm animals,Oral group treatments,11
09.2021,Cattle,Farm animals,Dispensing on stock,12141
09.2021,Cattle,Farm animals,All prescription types,72881
09.2021,Cattle,Farm animals,Single treatments farm animals,60273
09.2021,Cattle,Farm animals,Oral group treatments,467
09.2021,Sheep,Farm animals,Dispensing on stock,243
09.2021,Sheep,Farm animals,All prescription types,973
09.2021,Sheep,Farm animals,Single treatments farm animals,730
09.2021,Pigs,Farm animals,Dispensing on stock,1496
09.2021,Pigs,Farm animals,All prescription types,2224
09.2021,Pigs,Farm animals,Single treatments farm animals,570
09.2021,Pigs,Farm animals,Oral group treatments,158
09.2021,Animal species nZO,Farm animals,Dispensing on stock,3023
09.2021,Animal species nZO,Farm animals,All prescription types,3023
09.2021,Goats,Farm animals,Dispensing on stock,67
09.2021,Goats,Farm animals,All prescription types,473
09.2021,Goats,Farm animals,Single treatments farm animals,404
09.2021,Goats,Farm animals,Oral group treatments,2
09.2021,Game animals,All animals,All prescription types,2
09.2021,Game animals,All animals,Single treatments farm animals,2
09.2021,Camelids,All animals,All prescription types,54
09.2021,Camelids,All animals,Single treatments farm animals,54
09.2021,Game animals,Farm animals,All prescription types,2
09.2021,Game animals,Farm animals,Single treatments farm animals,2
09.2021,Camelids,Farm animals,All prescription types,54
09.2021,Camelids,Farm animals,Single treatments farm animals,54
10.2021,All species,All animals,Dispensing on stock,16601
10.2021,All species,All animals,All prescription types,135699
10.2021,All species,All animals,Single treatments companion animals,55905
10.2021,All species,All animals,Single treatments farm animals,62347
10.2021,All species,All animals,Oral group treatments,846
10.2021,Equids,All animals,All prescription types,1889
10.2021,Equids,All animals,Single treatments companion animals,1889
10.2021,Fish,All animals,Dispensing on stock,2
10.2021,Fish,All animals,All prescription types,5
10.2021,Fish,All animals,Oral group treatments,3
10.2021,Poultry,All animals,Dispensing on stock,5
10.2021,Poultry,All animals,All prescription types,94
10.2021,Poultry,All animals,Single treatments farm animals,3
10.2021,Poultry,All animals,Oral group treatments,86
10.2021,Dogs,All animals,All prescription types,20938
10.2021,Dogs,All animals,Single treatments companion animals,20938
10.2021,Rabbits,All animals,Dispensing on stock,9
10.2021,Rabbits,All animals,All prescription types,19
10.2021,Rabbits,All animals,Single treatments farm animals,4
10.2021,Rabbits,All animals,Oral group treatments,6
10.2021,Cats,All animals,All prescription types,30193
10.2021,Cats,All animals,Single treatments companion animals,30193
10.2021,Cattle,All animals,Dispensing on stock,11836
10.2021,Cattle,All animals,All prescription types,72852
10.2021,Cattle,All animals,Single treatments farm animals,60422
10.2021,Cattle,All animals,Oral group treatments,594
10.2021,Sheep,All animals,Dispensing on stock,267
10.2021,Sheep,All animals,All prescription types,1306
10.2021,Sheep,All animals,Single treatments farm animals,1039
10.2021,Pigs,All animals,Dispensing on stock,1465
10.2021,Pigs,All animals,All prescription types,2067
10.2021,Pigs,All animals,Single treatments farm animals,448
10.2021,Pigs,All animals,Oral group treatments,154
10.2021,Animal species nZO,All animals,Dispensing on stock,2960
10.2021,Animal species nZO,All animals,All prescription types,5845
10.2021,Animal species nZO,All animals,Single treatments companion animals,2885
10.2021,Goats,All animals,Dispensing on stock,57
10.2021,Goats,All animals,All prescription types,435
10.2021,Goats,All animals,Single treatments farm animals,375
10.2021,Goats,All animals,Oral group treatments,3
10.2021,All species,Pets,All prescription types,55905
10.2021,All species,Pets,Single treatments companion animals,55905
10.2021,Equids,Pets,All prescription types,1889
10.2021,Equids,Pets,Single treatments companion animals,1889
10.2021,Dogs,Pets,All prescription types,20938
10.2021,Dogs,Pets,Single treatments companion animals,20938
10.2021,Cats,Pets,All prescription types,30193
10.2021,Cats,Pets,Single treatments companion animals,30193
10.2021,Animal species nZO,Pets,All prescription types,2885
10.2021,Animal species nZO,Pets,Single treatments companion animals,2885
10.2021,All species,Farm animals,Dispensing on stock,16601
10.2021,All species,Farm animals,All prescription types,79794
10.2021,All species,Farm animals,Single treatments farm animals,62347
10.2021,All species,Farm animals,Oral group treatments,846
10.2021,Fish,Farm animals,Dispensing on stock,2
10.2021,Fish,Farm animals,All prescription types,5
10.2021,Fish,Farm animals,Oral group treatments,3
10.2021,Poultry,Farm animals,Dispensing on stock,5
10.2021,Poultry,Farm animals,All prescription types,94
10.2021,Poultry,Farm animals,Single treatments farm animals,3
10.2021,Poultry,Farm animals,Oral group treatments,86
10.2021,Rabbits,Farm animals,Dispensing on stock,9
10.2021,Rabbits,Farm animals,All prescription types,19
10.2021,Rabbits,Farm animals,Single treatments farm animals,4
10.2021,Rabbits,Farm animals,Oral group treatments,6
10.2021,Cattle,Farm animals,Dispensing on stock,11836
10.2021,Cattle,Farm animals,All prescription types,72852
10.2021,Cattle,Farm animals,Single treatments farm animals,60422
10.2021,Cattle,Farm animals,Oral group treatments,594
10.2021,Sheep,Farm animals,Dispensing on stock,267
10.2021,Sheep,Farm animals,All prescription types,1306
10.2021,Sheep,Farm animals,Single treatments farm animals,1039
10.2021,Pigs,Farm animals,Dispensing on stock,1465
10.2021,Pigs,Farm animals,All prescription types,2067
10.2021,Pigs,Farm animals,Single treatments farm animals,448
10.2021,Pigs,Farm animals,Oral group treatments,154
10.2021,Animal species nZO,Farm animals,Dispensing on stock,2960
10.2021,Animal species nZO,Farm animals,All prescription types,2960
10.2021,Goats,Farm animals,Dispensing on stock,57
10.2021,Goats,Farm animals,All prescription types,435
10.2021,Goats,Farm animals,Single treatments farm animals,375
10.2021,Goats,Farm animals,Oral group treatments,3
10.2021,Game animals,All animals,All prescription types,5
10.2021,Game animals,All animals,Single treatments farm animals,5
10.2021,Camelids,All animals,All prescription types,51
10.2021,Camelids,All animals,Single treatments farm animals,51
10.2021,Game animals,Farm animals,All prescription types,5
10.2021,Game animals,Farm animals,Single treatments farm animals,5
10.2021,Camelids,Farm animals,All prescription types,51
10.2021,Camelids,Farm animals,Single treatments farm animals,51
11.2021,All species,All animals,Dispensing on stock,18148
11.2021,All species,All animals,All prescription types,138282
11.2021,All species,All animals,Single treatments companion animals,55602
11.2021,All species,All animals,Single treatments farm animals,63623
11.2021,All species,All animals,Oral group treatments,909
11.2021,Equids,All animals,All prescription types,1591
11.2021,Equids,All animals,Single treatments companion animals,1591
11.2021,Fish,All animals,All prescription types,4
11.2021,Fish,All animals,Oral group treatments,4
11.2021,Poultry,All animals,All prescription types,51
11.2021,Poultry,All animals,Single treatments farm animals,2
11.2021,Poultry,All animals,Oral group treatments,49
11.2021,Dogs,All animals,All prescription types,20464
11.2021,Dogs,All animals,Single treatments companion animals,20464
11.2021,Rabbits,All animals,Dispensing on stock,10
11.2021,Rabbits,All animals,All prescription types,21
11.2021,Rabbits,All animals,Single treatments farm animals,5
11.2021,Rabbits,All animals,Oral group treatments,6
11.2021,Cats,All animals,All prescription types,30933
11.2021,Cats,All animals,Single treatments companion animals,30933
11.2021,Cattle,All animals,Dispensing on stock,13262
11.2021,Cattle,All animals,All prescription types,75718
11.2021,Cattle,All animals,Single treatments farm animals,61768
11.2021,Cattle,All animals,Oral group treatments,688
11.2021,Sheep,All animals,Dispensing on stock,242
11.2021,Sheep,All animals,All prescription types,1251
11.2021,Sheep,All animals,Single treatments farm animals,1008
11.2021,Sheep,All animals,Oral group treatments,1
11.2021,Pigs,All animals,Dispensing on stock,1480
11.2021,Pigs,All animals,All prescription types,2041
11.2021,Pigs,All animals,Single treatments farm animals,402
11.2021,Pigs,All animals,Oral group treatments,159
11.2021,Animal species nZO,All animals,Dispensing on stock,3104
11.2021,Animal species nZO,All animals,All prescription types,5718
11.2021,Animal species nZO,All animals,Single treatments companion animals,2614
11.2021,Goats,All animals,Dispensing on stock,50
11.2021,Goats,All animals,All prescription types,444
11.2021,Goats,All animals,Single treatments farm animals,392
11.2021,Goats,All animals,Oral group treatments,2
11.2021,All species,Pets,All prescription types,55602
11.2021,All species,Pets,Single treatments companion animals,55602
11.2021,Equids,Pets,All prescription types,1591
11.2021,Equids,Pets,Single treatments companion animals,1591
11.2021,Dogs,Pets,All prescription types,20464
11.2021,Dogs,Pets,Single treatments companion animals,20464
11.2021,Cats,Pets,All prescription types,30933
11.2021,Cats,Pets,Single treatments companion animals,30933
11.2021,Animal species nZO,Pets,All prescription types,2614
11.2021,Animal species nZO,Pets,Single treatments companion animals,2614
11.2021,All species,Farm animals,Dispensing on stock,18148
11.2021,All species,Farm animals,All prescription types,82680
11.2021,All species,Farm animals,Single treatments farm animals,63623
11.2021,All species,Farm animals,Oral group treatments,909
11.2021,Fish,Farm animals,All prescription types,4
11.2021,Fish,Farm animals,Oral group treatments,4
11.2021,Poultry,Farm animals,All prescription types,51
11.2021,Poultry,Farm animals,Single treatments farm animals,2
11.2021,Poultry,Farm animals,Oral group treatments,49
11.2021,Rabbits,Farm animals,Dispensing on stock,10
11.2021,Rabbits,Farm animals,All prescription types,21
11.2021,Rabbits,Farm animals,Single treatments farm animals,5
11.2021,Rabbits,Farm animals,Oral group treatments,6
11.2021,Cattle,Farm animals,Dispensing on stock,13262
11.2021,Cattle,Farm animals,All prescription types,75718
11.2021,Cattle,Farm animals,Single treatments farm animals,61768
11.2021,Cattle,Farm animals,Oral group treatments,688
11.2021,Sheep,Farm animals,Dispensing on stock,242
11.2021,Sheep,Farm animals,All prescription types,1251
11.2021,Sheep,Farm animals,Single treatments farm animals,1008
11.2021,Sheep,Farm animals,Oral group treatments,1
11.2021,Pigs,Farm animals,Dispensing on stock,1480
11.2021,Pigs,Farm animals,All prescription types,2041
11.2021,Pigs,Farm animals,Single treatments farm animals,402
11.2021,Pigs,Farm animals,Oral group treatments,159
11.2021,Animal species nZO,Farm animals,Dispensing on stock,3104
11.2021,Animal species nZO,Farm animals,All prescription types,3104
11.2021,Goats,Farm animals,Dispensing on stock,50
11.2021,Goats,Farm animals,All prescription types,444
11.2021,Goats,Farm animals,Single treatments farm animals,392
11.2021,Goats,Farm animals,Oral group treatments,2
11.2021,Camelids,All animals,All prescription types,46
11.2021,Camelids,All animals,Single treatments farm animals,46
11.2021,Camelids,Farm animals,All prescription types,46
11.2021,Camelids,Farm animals,Single treatments farm animals,46
12.2021,All species,All animals,Dispensing on stock,19103
12.2021,All species,All animals,All prescription types,137868
12.2021,All species,All animals,Single treatments companion animals,51410
12.2021,All species,All animals,Single treatments farm animals,66303
12.2021,All species,All animals,Oral group treatments,1052
12.2021,Equids,All animals,All prescription types,1576
12.2021,Equids,All animals,Single treatments companion animals,1576
12.2021,Fish,All animals,All prescription types,2
12.2021,Fish,All animals,Oral group treatments,2
12.2021,Poultry,All animals,Dispensing on stock,3
12.2021,Poultry,All animals,All prescription types,77
12.2021,Poultry,All animals,Single treatments farm animals,2
12.2021,Poultry,All animals,Oral group treatments,72
12.2021,Dogs,All animals,All prescription types,19114
12.2021,Dogs,All animals,Single treatments companion animals,19114
12.2021,Rabbits,All animals,Dispensing on stock,13
12.2021,Rabbits,All animals,All prescription types,20
12.2021,Rabbits,All animals,Single treatments farm animals,4
12.2021,Rabbits,All animals,Oral group treatments,3
12.2021,Cats,All animals,All prescription types,28143
12.2021,Cats,All animals,Single treatments companion animals,28143
12.2021,Cattle,All animals,Dispensing on stock,13870
12.2021,Cattle,All animals,All prescription types,78808
12.2021,Cattle,All animals,Single treatments farm animals,64141
12.2021,Cattle,All animals,Oral group treatments,797
12.2021,Sheep,All animals,Dispensing on stock,250
12.2021,Sheep,All animals,All prescription types,1463
12.2021,Sheep,All animals,Single treatments farm animals,1213
12.2021,Pigs,All animals,Dispensing on stock,1595
12.2021,Pigs,All animals,All prescription types,2212
12.2021,Pigs,All animals,Single treatments farm animals,439
12.2021,Pigs,All animals,Oral group treatments,178
12.2021,Animal species nZO,All animals,Dispensing on stock,3320
12.2021,Animal species nZO,All animals,All prescription types,5897
12.2021,Animal species nZO,All animals,Single treatments companion animals,2577
12.2021,Goats,All animals,Dispensing on stock,52
12.2021,Goats,All animals,All prescription types,500
12.2021,Goats,All animals,Single treatments farm animals,448
12.2021,All species,Pets,All prescription types,51410
12.2021,All species,Pets,Single treatments companion animals,51410
12.2021,Equids,Pets,All prescription types,1576
12.2021,Equids,Pets,Single treatments companion animals,1576
12.2021,Dogs,Pets,All prescription types,19114
12.2021,Dogs,Pets,Single treatments companion animals,19114
12.2021,Cats,Pets,All prescription types,28143
12.2021,Cats,Pets,Single treatments companion animals,28143
12.2021,Animal species nZO,Pets,All prescription types,2577
12.2021,Animal species nZO,Pets,Single treatments companion animals,2577
12.2021,All species,Farm animals,Dispensing on stock,19103
12.2021,All species,Farm animals,All prescription types,86458
12.2021,All species,Farm animals,Single treatments farm animals,66303
12.2021,All species,Farm animals,Oral group treatments,1052
12.2021,Fish,Farm animals,All prescription types,2
12.2021,Fish,Farm animals,Oral group treatments,2
12.2021,Poultry,Farm animals,Dispensing on stock,3
12.2021,Poultry,Farm animals,All prescription types,77
12.2021,Poultry,Farm animals,Single treatments farm animals,2
12.2021,Poultry,Farm animals,Oral group treatments,72
12.2021,Rabbits,Farm animals,Dispensing on stock,13
12.2021,Rabbits,Farm animals,All prescription types,20
12.2021,Rabbits,Farm animals,Single treatments farm animals,4
12.2021,Rabbits,Farm animals,Oral group treatments,3
12.2021,Cattle,Farm animals,Dispensing on stock,13870
12.2021,Cattle,Farm animals,All prescription types,78808
12.2021,Cattle,Farm animals,Single treatments farm animals,64141
12.2021,Cattle,Farm animals,Oral group treatments,797
12.2021,Sheep,Farm animals,Dispensing on stock,250
12.2021,Sheep,Farm animals,All prescription types,1463
12.2021,Sheep,Farm animals,Single treatments farm animals,1213
12.2021,Pigs,Farm animals,Dispensing on stock,1595
12.2021,Pigs,Farm animals,All prescription types,2212
12.2021,Pigs,Farm animals,Single treatments farm animals,439
12.2021,Pigs,Farm animals,Oral group treatments,178
12.2021,Animal species nZO,Farm animals,Dispensing on stock,3320
12.2021,Animal species nZO,Farm animals,All prescription types,3320
12.2021,Goats,Farm animals,Dispensing on stock,52
12.2021,Goats,Farm animals,All prescription types,500
12.2021,Goats,Farm animals,Single treatments farm animals,448
12.2021,Game animals,All animals,All prescription types,2
12.2021,Game animals,All animals,Single treatments farm animals,2
12.2021,Camelids,All animals,All prescription types,54
12.2021,Camelids,All animals,Single treatments farm animals,54
12.2021,Game animals,Farm animals,All prescription types,2
12.2021,Game animals,Farm animals,Single treatments farm animals,2
12.2021,Camelids,Farm animals,All prescription types,54
12.2021,Camelids,Farm animals,Single treatments farm animals,54
01.2022,All species,All animals,Dispensing on stock,16861
01.2022,All species,All animals,All prescription types,132103
01.2022,All species,All animals,Single treatments companion animals,50493
01.2022,All species,All animals,Single treatments farm animals,63870
01.2022,All species,All animals,Oral group treatments,879
01.2022,Equids,All animals,All prescription types,1592
01.2022,Equids,All animals,Single treatments companion animals,1592
01.2022,Fish,All animals,All prescription types,1
01.2022,Fish,All animals,Oral group treatments,1
01.2022,Poultry,All animals,Dispensing on stock,6
01.2022,Poultry,All animals,All prescription types,74
01.2022,Poultry,All animals,Single treatments farm animals,4
01.2022,Poultry,All animals,Oral group treatments,64
01.2022,Dogs,All animals,All prescription types,19180
01.2022,Dogs,All animals,Single treatments companion animals,19180
01.2022,Rabbits,All animals,Dispensing on stock,14
01.2022,Rabbits,All animals,All prescription types,22
01.2022,Rabbits,All animals,Single treatments farm animals,5
01.2022,Rabbits,All animals,Oral group treatments,3
01.2022,Cats,All animals,All prescription types,26952
01.2022,Cats,All animals,Single treatments companion animals,26952
01.2022,Cattle,All animals,Dispensing on stock,12192
01.2022,Cattle,All animals,All prescription types,73645
01.2022,Cattle,All animals,Single treatments farm animals,60802
01.2022,Cattle,All animals,Oral group treatments,651
01.2022,Sheep,All animals,Dispensing on stock,310
01.2022,Sheep,All animals,All prescription types,1963
01.2022,Sheep,All animals,Single treatments farm animals,1651
01.2022,Sheep,All animals,Oral group treatments,2
01.2022,Pigs,All animals,Dispensing on stock,1537
01.2022,Pigs,All animals,All prescription types,2140
01.2022,Pigs,All animals,Single treatments farm animals,450
01.2022,Pigs,All animals,Oral group treatments,153
01.2022,Animal species nZO,All animals,Dispensing on stock,2708
01.2022,Animal species nZO,All animals,All prescription types,5477
01.2022,Animal species nZO,All animals,Single treatments companion animals,2769
01.2022,Goats,All animals,Dispensing on stock,93
01.2022,Goats,All animals,All prescription types,985
01.2022,Goats,All animals,Single treatments farm animals,887
01.2022,Goats,All animals,Oral group treatments,5
01.2022,All species,Pets,All prescription types,50493
01.2022,All species,Pets,Single treatments companion animals,50493
01.2022,Equids,Pets,All prescription types,1592
01.2022,Equids,Pets,Single treatments companion animals,1592
01.2022,Dogs,Pets,All prescription types,19180
01.2022,Dogs,Pets,Single treatments companion animals,19180
01.2022,Cats,Pets,All prescription types,26952
01.2022,Cats,Pets,Single treatments companion animals,26952
01.2022,Animal species nZO,Pets,All prescription types,2769
01.2022,Animal species nZO,Pets,Single treatments companion animals,2769
01.2022,All species,Farm animals,Dispensing on stock,16861
01.2022,All species,Farm animals,All prescription types,81610
01.2022,All species,Farm animals,Single treatments farm animals,63870
01.2022,All species,Farm animals,Oral group treatments,879
01.2022,Fish,Farm animals,All prescription types,1
01.2022,Fish,Farm animals,Oral group treatments,1
01.2022,Poultry,Farm animals,Dispensing on stock,6
01.2022,Poultry,Farm animals,All prescription types,74
01.2022,Poultry,Farm animals,Single treatments farm animals,4
01.2022,Poultry,Farm animals,Oral group treatments,64
01.2022,Rabbits,Farm animals,Dispensing on stock,14
01.2022,Rabbits,Farm animals,All prescription types,22
01.2022,Rabbits,Farm animals,Single treatments farm animals,5
01.2022,Rabbits,Farm animals,Oral group treatments,3
01.2022,Cattle,Farm animals,Dispensing on stock,12192
01.2022,Cattle,Farm animals,All prescription types,73645
01.2022,Cattle,Farm animals,Single treatments farm animals,60802
01.2022,Cattle,Farm animals,Oral group treatments,651
01.2022,Sheep,Farm animals,Dispensing on stock,310
01.2022,Sheep,Farm animals,All prescription types,1963
01.2022,Sheep,Farm animals,Single treatments farm animals,1651
01.2022,Sheep,Farm animals,Oral group treatments,2
01.2022,Pigs,Farm animals,Dispensing on stock,1537
01.2022,Pigs,Farm animals,All prescription types,2140
01.2022,Pigs,Farm animals,Single treatments farm animals,450
01.2022,Pigs,Farm animals,Oral group treatments,153
01.2022,Animal species nZO,Farm animals,Dispensing on stock,2708
01.2022,Animal species nZO,Farm animals,All prescription types,2708
01.2022,Goats,Farm animals,Dispensing on stock,93
01.2022,Goats,Farm animals,All prescription types,985
01.2022,Goats,Farm animals,Single treatments farm animals,887
01.2022,Goats,Farm animals,Oral group treatments,5
01.2022,Game animals,All animals,All prescription types,4
01.2022,Game animals,All animals,Single treatments farm animals,4
01.2022,Camelids,All animals,Dispensing on stock,1
01.2022,Camelids,All animals,All prescription types,68
01.2022,Camelids,All animals,Single treatments farm animals,67
01.2022,Game animals,Farm animals,All prescription types,4
01.2022,Game animals,Farm animals,Single treatments farm animals,4
01.2022,Camelids,Farm animals,Dispensing on stock,1
01.2022,Camelids,Farm animals,All prescription types,68
01.2022,Camelids,Farm animals,Single treatments farm animals,67
02.2022,All species,All animals,Dispensing on stock,15237
02.2022,All species,All animals,All prescription types,120837
02.2022,All species,All animals,Single treatments companion animals,46448
02.2022,All species,All animals,Single treatments farm animals,58236
02.2022,All species,All animals,Oral group treatments,916
02.2022,Equids,All animals,All prescription types,1663
02.2022,Equids,All animals,Single treatments companion animals,1663
02.2022,Fish,All animals,All prescription types,5
02.2022,Fish,All animals,Oral group treatments,5
02.2022,Poultry,All animals,Dispensing on stock,2
02.2022,Poultry,All animals,All prescription types,87
02.2022,Poultry,All animals,Single treatments farm animals,5
02.2022,Poultry,All animals,Oral group treatments,80
02.2022,Dogs,All animals,All prescription types,17526
02.2022,Dogs,All animals,Single treatments companion animals,17526
02.2022,Rabbits,All animals,Dispensing on stock,15
02.2022,Rabbits,All animals,All prescription types,25
02.2022,Rabbits,All animals,Single treatments farm animals,7
02.2022,Rabbits,All animals,Oral group treatments,3
02.2022,Cats,All animals,All prescription types,24685
02.2022,Cats,All animals,Single treatments companion animals,24685
02.2022,Cattle,All animals,Dispensing on stock,11118
02.2022,Cattle,All animals,All prescription types,66416
02.2022,Cattle,All animals,Single treatments farm animals,54630
02.2022,Cattle,All animals,Oral group treatments,668
02.2022,Sheep,All animals,Dispensing on stock,291
02.2022,Sheep,All animals,All prescription types,2156
02.2022,Sheep,All animals,Single treatments farm animals,1863
02.2022,Sheep,All animals,Oral group treatments,2
02.2022,Pigs,All animals,Dispensing on stock,1337
02.2022,Pigs,All animals,All prescription types,1956
02.2022,Pigs,All animals,Single treatments farm animals,473
02.2022,Pigs,All animals,Oral group treatments,146
02.2022,Animal species nZO,All animals,Dispensing on stock,2344
02.2022,Animal species nZO,All animals,All prescription types,4918
02.2022,Animal species nZO,All animals,Single treatments companion animals,2574
02.2022,Goats,All animals,Dispensing on stock,130
02.2022,Goats,All animals,All prescription types,1336
02.2022,Goats,All animals,Single treatments farm animals,1194
02.2022,Goats,All animals,Oral group treatments,12
02.2022,All species,Pets,All prescription types,46448
02.2022,All species,Pets,Single treatments companion animals,46448
02.2022,Equids,Pets,All prescription types,1663
02.2022,Equids,Pets,Single treatments companion animals,1663
02.2022,Dogs,Pets,All prescription types,17526
02.2022,Dogs,Pets,Single treatments companion animals,17526
02.2022,Cats,Pets,All prescription types,24685
02.2022,Cats,Pets,Single treatments companion animals,24685
02.2022,Animal species nZO,Pets,All prescription types,2574
02.2022,Animal species nZO,Pets,Single treatments companion animals,2574
02.2022,All species,Farm animals,Dispensing on stock,15237
02.2022,All species,Farm animals,All prescription types,74389
02.2022,All species,Farm animals,Single treatments farm animals,58236
02.2022,All species,Farm animals,Oral group treatments,916
02.2022,Fish,Farm animals,All prescription types,5
02.2022,Fish,Farm animals,Oral group treatments,5
02.2022,Poultry,Farm animals,Dispensing on stock,2
02.2022,Poultry,Farm animals,All prescription types,87
02.2022,Poultry,Farm animals,Single treatments farm animals,5
02.2022,Poultry,Farm animals,Oral group treatments,80
02.2022,Rabbits,Farm animals,Dispensing on stock,15
02.2022,Rabbits,Farm animals,All prescription types,25
02.2022,Rabbits,Farm animals,Single treatments farm animals,7
02.2022,Rabbits,Farm animals,Oral group treatments,3
02.2022,Cattle,Farm animals,Dispensing on stock,11118
02.2022,Cattle,Farm animals,All prescription types,66416
02.2022,Cattle,Farm animals,Single treatments farm animals,54630
02.2022,Cattle,Farm animals,Oral group treatments,668
02.2022,Sheep,Farm animals,Dispensing on stock,291
02.2022,Sheep,Farm animals,All prescription types,2156
02.2022,Sheep,Farm animals,Single treatments farm animals,1863
02.2022,Sheep,Farm animals,Oral group treatments,2
02.2022,Pigs,Farm animals,Dispensing on stock,1337
02.2022,Pigs,Farm animals,All prescription types,1956
02.2022,Pigs,Farm animals,Single treatments farm animals,473
02.2022,Pigs,Farm animals,Oral group treatments,146
02.2022,Animal species nZO,Farm animals,Dispensing on stock,2344
02.2022,Animal species nZO,Farm animals,All prescription types,2344
02.2022,Goats,Farm animals,Dispensing on stock,130
02.2022,Goats,Farm animals,All prescription types,1336
02.2022,Goats,Farm animals,Single treatments farm animals,1194
02.2022,Goats,Farm animals,Oral group treatments,12
02.2022,Game animals,All animals,All prescription types,3
02.2022,Game animals,All animals,Single treatments farm animals,3
02.2022,Camelids,All animals,All prescription types,61
02.2022,Camelids,All animals,Single treatments farm animals,61
02.2022,Game animals,Farm animals,All prescription types,3
02.2022,Game animals,Farm animals,Single treatments farm animals,3
02.2022,Camelids,Farm animals,All prescription types,61
02.2022,Camelids,Farm animals,Single treatments farm animals,61
03.2022,All species,All animals,Dispensing on stock,15566
03.2022,All species,All animals,All prescription types,130616
03.2022,All species,All animals,Single treatments companion animals,52700
03.2022,All species,All animals,Single treatments farm animals,61466
03.2022,All species,All animals,Oral group treatments,884
03.2022,Equids,All animals,All prescription types,1915
03.2022,Equids,All animals,Single treatments companion animals,1915
03.2022,Fish,All animals,All prescription types,1
03.2022,Fish,All animals,Oral group treatments,1
03.2022,Poultry,All animals,Dispensing on stock,2
03.2022,Poultry,All animals,All prescription types,71
03.2022,Poultry,All animals,Oral group treatments,69
03.2022,Dogs,All animals,All prescription types,20316
03.2022,Dogs,All animals,Single treatments companion animals,20316
03.2022,Rabbits,All animals,Dispensing on stock,11
03.2022,Rabbits,All animals,All prescription types,25
03.2022,Rabbits,All animals,Single treatments farm animals,10
03.2022,Rabbits,All animals,Oral group treatments,4
03.2022,Cats,All animals,All prescription types,27518
03.2022,Cats,All animals,Single treatments companion animals,27518
03.2022,Cattle,All animals,Dispensing on stock,11247
03.2022,Cattle,All animals,All prescription types,69129
03.2022,Cattle,All animals,Single treatments farm animals,57214
03.2022,Cattle,All animals,Oral group treatments,668
03.2022,Sheep,All animals,Dispensing on stock,370
03.2022,Sheep,All animals,All prescription types,2834
03.2022,Sheep,All animals,Single treatments farm animals,2463
03.2022,Sheep,All animals,Oral group treatments,1
03.2022,Pigs,All animals,Dispensing on stock,1459
03.2022,Pigs,All animals,All prescription types,2021
03.2022,Pigs,All animals,Single treatments farm animals,427
03.2022,Pigs,All animals,Oral group treatments,135
03.2022,Animal species nZO,All animals,Dispensing on stock,2352
03.2022,Animal species nZO,All animals,All prescription types,5303
03.2022,Animal species nZO,All animals,Single treatments companion animals,2951
03.2022,Goats,All animals,Dispensing on stock,124
03.2022,Goats,All animals,All prescription types,1407
03.2022,Goats,All animals,Single treatments farm animals,1277
03.2022,Goats,All animals,Oral group treatments,6
03.2022,All species,Pets,All prescription types,52700
03.2022,All species,Pets,Single treatments companion animals,52700
03.2022,Equids,Pets,All prescription types,1915
03.2022,Equids,Pets,Single treatments companion animals,1915
03.2022,Dogs,Pets,All prescription types,20316
03.2022,Dogs,Pets,Single treatments companion animals,20316
03.2022,Cats,Pets,All prescription types,27518
03.2022,Cats,Pets,Single treatments companion animals,27518
03.2022,Animal species nZO,Pets,All prescription types,2951
03.2022,Animal species nZO,Pets,Single treatments companion animals,2951
03.2022,All species,Farm animals,Dispensing on stock,15566
03.2022,All species,Farm animals,All prescription types,77916
03.2022,All species,Farm animals,Single treatments farm animals,61466
03.2022,All species,Farm animals,Oral group treatments,884
03.2022,Fish,Farm animals,All prescription types,1
03.2022,Fish,Farm animals,Oral group treatments,1
03.2022,Poultry,Farm animals,Dispensing on stock,2
03.2022,Poultry,Farm animals,All prescription types,71
03.2022,Poultry,Farm animals,Oral group treatments,69
03.2022,Rabbits,Farm animals,Dispensing on stock,11
03.2022,Rabbits,Farm animals,All prescription types,25
03.2022,Rabbits,Farm animals,Single treatments farm animals,10
03.2022,Rabbits,Farm animals,Oral group treatments,4
03.2022,Cattle,Farm animals,Dispensing on stock,11247
03.2022,Cattle,Farm animals,All prescription types,69129
03.2022,Cattle,Farm animals,Single treatments farm animals,57214
03.2022,Cattle,Farm animals,Oral group treatments,668
03.2022,Sheep,Farm animals,Dispensing on stock,370
03.2022,Sheep,Farm animals,All prescription types,2834
03.2022,Sheep,Farm animals,Single treatments farm animals,2463
03.2022,Sheep,Farm animals,Oral group treatments,1
03.2022,Pigs,Farm animals,Dispensing on stock,1459
03.2022,Pigs,Farm animals,All prescription types,2021
03.2022,Pigs,Farm animals,Single treatments farm animals,427
03.2022,Pigs,Farm animals,Oral group treatments,135
03.2022,Animal species nZO,Farm animals,Dispensing on stock,2352
03.2022,Animal species nZO,Farm animals,All prescription types,2352
03.2022,Goats,Farm animals,Dispensing on stock,124
03.2022,Goats,Farm animals,All prescription types,1407
03.2022,Goats,Farm animals,Single treatments farm animals,1277
03.2022,Goats,Farm animals,Oral group treatments,6
03.2022,Game animals,All animals,All prescription types,2
03.2022,Game animals,All animals,Single treatments farm animals,2
03.2022,Camelids,All animals,Dispensing on stock,1
03.2022,Camelids,All animals,All prescription types,74
03.2022,Camelids,All animals,Single treatments farm animals,73
03.2022,Game animals,Farm animals,All prescription types,2
03.2022,Game animals,Farm animals,Single treatments farm animals,2
03.2022,Camelids,Farm animals,Dispensing on stock,1
03.2022,Camelids,Farm animals,All prescription types,74
03.2022,Camelids,Farm animals,Single treatments farm animals,73
04.2022,All species,All animals,Dispensing on stock,13597
04.2022,All species,All animals,All prescription types,116263
04.2022,All species,All animals,Single treatments companion animals,48142
04.2022,All species,All animals,Single treatments farm animals,53757
04.2022,All species,All animals,Oral group treatments,767
04.2022,Equids,All animals,All prescription types,1864
04.2022,Equids,All animals,Single treatments companion animals,1864
04.2022,Fish,All animals,All prescription types,2
04.2022,Fish,All animals,Oral group treatments,2
04.2022,Poultry,All animals,Dispensing on stock,1
04.2022,Poultry,All animals,All prescription types,88
04.2022,Poultry,All animals,Single treatments farm animals,5
04.2022,Poultry,All animals,Oral group treatments,82
04.2022,Dogs,All animals,All prescription types,18996
04.2022,Dogs,All animals,Single treatments companion animals,18996
04.2022,Rabbits,All animals,Dispensing on stock,12
04.2022,Rabbits,All animals,All prescription types,14
04.2022,Rabbits,All animals,Single treatments farm animals,2
04.2022,Cats,All animals,All prescription types,24415
04.2022,Cats,All animals,Single treatments companion animals,24415
04.2022,Cattle,All animals,Dispensing on stock,10059
04.2022,Cattle,All animals,All prescription types,61081
04.2022,Cattle,All animals,Single treatments farm animals,50466
04.2022,Cattle,All animals,Oral group treatments,556
04.2022,Sheep,All animals,Dispensing on stock,310
04.2022,Sheep,All animals,All prescription types,2082
04.2022,Sheep,All animals,Single treatments farm animals,1770
04.2022,Sheep,All animals,Oral group treatments,2
04.2022,Pigs,All animals,Dispensing on stock,1367
04.2022,Pigs,All animals,All prescription types,1940
04.2022,Pigs,All animals,Single treatments farm animals,452
04.2022,Pigs,All animals,Oral group treatments,121
04.2022,Animal species nZO,All animals,Dispensing on stock,1753
04.2022,Animal species nZO,All animals,All prescription types,4620
04.2022,Animal species nZO,All animals,Single treatments companion animals,2867
04.2022,Goats,All animals,Dispensing on stock,95
04.2022,Goats,All animals,All prescription types,1079
04.2022,Goats,All animals,Single treatments farm animals,980
04.2022,Goats,All animals,Oral group treatments,4
04.2022,All species,Pets,All prescription types,48142
04.2022,All species,Pets,Single treatments companion animals,48142
04.2022,Equids,Pets,All prescription types,1864
04.2022,Equids,Pets,Single treatments companion animals,1864
04.2022,Dogs,Pets,All prescription types,18996
04.2022,Dogs,Pets,Single treatments companion animals,18996
04.2022,Cats,Pets,All prescription types,24415
04.2022,Cats,Pets,Single treatments companion animals,24415
04.2022,Animal species nZO,Pets,All prescription types,2867
04.2022,Animal species nZO,Pets,Single treatments companion animals,2867
04.2022,All species,Farm animals,Dispensing on stock,13597
04.2022,All species,Farm animals,All prescription types,68121
04.2022,All species,Farm animals,Single treatments farm animals,53757
04.2022,All species,Farm animals,Oral group treatments,767
04.2022,Fish,Farm animals,All prescription types,2
04.2022,Fish,Farm animals,Oral group treatments,2
04.2022,Poultry,Farm animals,Dispensing on stock,1
04.2022,Poultry,Farm animals,All prescription types,88
04.2022,Poultry,Farm animals,Single treatments farm animals,5
04.2022,Poultry,Farm animals,Oral group treatments,82
04.2022,Rabbits,Farm animals,Dispensing on stock,12
04.2022,Rabbits,Farm animals,All prescription types,14
04.2022,Rabbits,Farm animals,Single treatments farm animals,2
04.2022,Cattle,Farm animals,Dispensing on stock,10059
04.2022,Cattle,Farm animals,All prescription types,61081
04.2022,Cattle,Farm animals,Single treatments farm animals,50466
04.2022,Cattle,Farm animals,Oral group treatments,556
04.2022,Sheep,Farm animals,Dispensing on stock,310
04.2022,Sheep,Farm animals,All prescription types,2082
04.2022,Sheep,Farm animals,Single treatments farm animals,1770
04.2022,Sheep,Farm animals,Oral group treatments,2
04.2022,Pigs,Farm animals,Dispensing on stock,1367
04.2022,Pigs,Farm animals,All prescription types,1940
04.2022,Pigs,Farm animals,Single treatments farm animals,452
04.2022,Pigs,Farm animals,Oral group treatments,121
04.2022,Animal species nZO,Farm animals,Dispensing on stock,1753
04.2022,Animal species nZO,Farm animals,All prescription types,1753
04.2022,Goats,Farm animals,Dispensing on stock,95
04.2022,Goats,Farm animals,All prescription types,1079
04.2022,Goats,Farm animals,Single treatments farm animals,980
04.2022,Goats,Farm animals,Oral group treatments,4
04.2022,Game animals,All animals,All prescription types,9
04.2022,Game animals,All animals,Single treatments farm animals,9
04.2022,Camelids,All animals,All prescription types,73
04.2022,Camelids,All animals,Single treatments farm animals,73
04.2022,Game animals,Farm animals,All prescription types,9
04.2022,Game animals,Farm animals,Single treatments farm animals,9
04.2022,Camelids,Farm animals,All prescription types,73
04.2022,Camelids,Farm animals,Single treatments farm animals,73
05.2022,All species,All animals,Dispensing on stock,13894
05.2022,All species,All animals,All prescription types,120597
05.2022,All species,All animals,Single treatments companion animals,52160
05.2022,All species,All animals,Single treatments farm animals,53867
05.2022,All species,All animals,Oral group treatments,676
05.2022,Equids,All animals,All prescription types,2141
05.2022,Equids,All animals,Single treatments companion animals,2141
05.2022,Fish,All animals,All prescription types,13
05.2022,Fish,All animals,Oral group treatments,13
05.2022,Poultry,All animals,Dispensing on stock,3
05.2022,Poultry,All animals,All prescription types,81
05.2022,Poultry,All animals,Single treatments farm animals,8
05.2022,Poultry,All animals,Oral group treatments,70
05.2022,Dogs,All animals,All prescription types,21038
05.2022,Dogs,All animals,Single treatments companion animals,21038
05.2022,Rabbits,All animals,Dispensing on stock,12
05.2022,Rabbits,All animals,All prescription types,23
05.2022,Rabbits,All animals,Single treatments farm animals,4
05.2022,Rabbits,All animals,Oral group treatments,7
05.2022,Cats,All animals,All prescription types,25829
05.2022,Cats,All animals,Single treatments companion animals,25829
05.2022,Cattle,All animals,Dispensing on stock,10432
05.2022,Cattle,All animals,All prescription types,62533
05.2022,Cattle,All animals,Single treatments farm animals,51637
05.2022,Cattle,All animals,Oral group treatments,464
05.2022,Sheep,All animals,Dispensing on stock,267
05.2022,Sheep,All animals,All prescription types,1285
05.2022,Sheep,All animals,Single treatments farm animals,1018
05.2022,Pigs,All animals,Dispensing on stock,1298
05.2022,Pigs,All animals,All prescription types,1834
05.2022,Pigs,All animals,Single treatments farm animals,416
05.2022,Pigs,All animals,Oral group treatments,120
05.2022,Animal species nZO,All animals,Dispensing on stock,1815
05.2022,Animal species nZO,All animals,All prescription types,4967
05.2022,Animal species nZO,All animals,Single treatments companion animals,3152
05.2022,Goats,All animals,Dispensing on stock,66
05.2022,Goats,All animals,All prescription types,775
05.2022,Goats,All animals,Single treatments farm animals,707
05.2022,Goats,All animals,Oral group treatments,2
05.2022,All species,Pets,All prescription types,52160
05.2022,All species,Pets,Single treatments companion animals,52160
05.2022,Equids,Pets,All prescription types,2141
05.2022,Equids,Pets,Single treatments companion animals,2141
05.2022,Dogs,Pets,All prescription types,21038
05.2022,Dogs,Pets,Single treatments companion animals,21038
05.2022,Cats,Pets,All prescription types,25829
05.2022,Cats,Pets,Single treatments companion animals,25829
05.2022,Animal species nZO,Pets,All prescription types,3152
05.2022,Animal species nZO,Pets,Single treatments companion animals,3152
05.2022,All species,Farm animals,Dispensing on stock,13894
05.2022,All species,Farm animals,All prescription types,68437
05.2022,All species,Farm animals,Single treatments farm animals,53867
05.2022,All species,Farm animals,Oral group treatments,676
05.2022,Fish,Farm animals,All prescription types,13
05.2022,Fish,Farm animals,Oral group treatments,13
05.2022,Poultry,Farm animals,Dispensing on stock,3
05.2022,Poultry,Farm animals,All prescription types,81
05.2022,Poultry,Farm animals,Single treatments farm animals,8
05.2022,Poultry,Farm animals,Oral group treatments,70
05.2022,Rabbits,Farm animals,Dispensing on stock,12
05.2022,Rabbits,Farm animals,All prescription types,23
05.2022,Rabbits,Farm animals,Single treatments farm animals,4
05.2022,Rabbits,Farm animals,Oral group treatments,7
05.2022,Cattle,Farm animals,Dispensing on stock,10432
05.2022,Cattle,Farm animals,All prescription types,62533
05.2022,Cattle,Farm animals,Single treatments farm animals,51637
05.2022,Cattle,Farm animals,Oral group treatments,464
05.2022,Sheep,Farm animals,Dispensing on stock,267
05.2022,Sheep,Farm animals,All prescription types,1285
05.2022,Sheep,Farm animals,Single treatments farm animals,1018
05.2022,Pigs,Farm animals,Dispensing on stock,1298
05.2022,Pigs,Farm animals,All prescription types,1834
05.2022,Pigs,Farm animals,Single treatments farm animals,416
05.2022,Pigs,Farm animals,Oral group treatments,120
05.2022,Animal species nZO,Farm animals,Dispensing on stock,1815
05.2022,Animal species nZO,Farm animals,All prescription types,1815
05.2022,Goats,Farm animals,Dispensing on stock,66
05.2022,Goats,Farm animals,All prescription types,775
05.2022,Goats,Farm animals,Single treatments farm animals,707
05.2022,Goats,Farm animals,Oral group treatments,2
05.2022,Game animals,All animals,All prescription types,5
05.2022,Game animals,All animals,Single treatments farm animals,5
05.2022,Camelids,All animals,Dispensing on stock,1
05.2022,Camelids,All animals,All prescription types,73
05.2022,Camelids,All animals,Single treatments farm animals,72
05.2022,Game animals,Farm animals,All prescription types,5
05.2022,Game animals,Farm animals,Single treatments farm animals,5
05.2022,Camelids,Farm animals,Dispensing on stock,1
05.2022,Camelids,Farm animals,All prescription types,73
05.2022,Camelids,Farm animals,Single treatments farm animals,72
06.2022,All species,All animals,Dispensing on stock,15411
06.2022,All species,All animals,All prescription types,121167
06.2022,All species,All animals,Single treatments companion animals,51070
06.2022,All species,All animals,Single treatments farm animals,54103
06.2022,All species,All animals,Oral group treatments,583
06.2022,Equids,All animals,All prescription types,2029
06.2022,Equids,All animals,Single treatments companion animals,2029
06.2022,Fish,All animals,All prescription types,22
06.2022,Fish,All animals,Single treatments farm animals,1
06.2022,Fish,All animals,Oral group treatments,21
06.2022,Poultry,All animals,Dispensing on stock,1
06.2022,Poultry,All animals,All prescription types,54
06.2022,Poultry,All animals,Single treatments farm animals,5
06.2022,Poultry,All animals,Oral group treatments,48
06.2022,Dogs,All animals,All prescription types,21426
06.2022,Dogs,All animals,Single treatments companion animals,21426
06.2022,Rabbits,All animals,Dispensing on stock,12
06.2022,Rabbits,All animals,All prescription types,17
06.2022,Rabbits,All animals,Oral group treatments,5
06.2022,Cats,All animals,All prescription types,24729
06.2022,Cats,All animals,Single treatments companion animals,24729
06.2022,Cattle,All animals,Dispensing on stock,11891
06.2022,Cattle,All animals,All prescription types,64705
06.2022,Cattle,All animals,Single treatments farm animals,52414
06.2022,Cattle,All animals,Oral group treatments,400
06.2022,Sheep,All animals,Dispensing on stock,236
06.2022,Sheep,All animals,All prescription types,934
06.2022,Sheep,All animals,Single treatments farm animals,698
06.2022,Pigs,All animals,Dispensing on stock,1325
06.2022,Pigs,All animals,All prescription types,1877
06.2022,Pigs,All animals,Single treatments farm animals,446
06.2022,Pigs,All animals,Oral group treatments,106
06.2022,Animal species nZO,All animals,Dispensing on stock,1874
06.2022,Animal species nZO,All animals,All prescription types,4760
06.2022,Animal species nZO,All animals,Single treatments companion animals,2886
06.2022,Goats,All animals,Dispensing on stock,72
06.2022,Goats,All animals,All prescription types,537
06.2022,Goats,All animals,Single treatments farm animals,462
06.2022,Goats,All animals,Oral group treatments,3
06.2022,All species,Pets,All prescription types,51070
06.2022,All species,Pets,Single treatments companion animals,51070
06.2022,Equids,Pets,All prescription types,2029
06.2022,Equids,Pets,Single treatments companion animals,2029
06.2022,Dogs,Pets,All prescription types,21426
06.2022,Dogs,Pets,Single treatments companion animals,21426
06.2022,Cats,Pets,All prescription types,24729
06.2022,Cats,Pets,Single treatments companion animals,24729
06.2022,Animal species nZO,Pets,All prescription types,2886
06.2022,Animal species nZO,Pets,Single treatments companion animals,2886
06.2022,All species,Farm animals,Dispensing on stock,15411
06.2022,All species,Farm animals,All prescription types,70097
06.2022,All species,Farm animals,Single treatments farm animals,54103
06.2022,All species,Farm animals,Oral group treatments,583
06.2022,Fish,Farm animals,All prescription types,22
06.2022,Fish,Farm animals,Single treatments farm animals,1
06.2022,Fish,Farm animals,Oral group treatments,21
06.2022,Poultry,Farm animals,Dispensing on stock,1
06.2022,Poultry,Farm animals,All prescription types,54
06.2022,Poultry,Farm animals,Single treatments farm animals,5
06.2022,Poultry,Farm animals,Oral group treatments,48
06.2022,Rabbits,Farm animals,Dispensing on stock,12
06.2022,Rabbits,Farm animals,All prescription types,17
06.2022,Rabbits,Farm animals,Oral group treatments,5
06.2022,Cattle,Farm animals,Dispensing on stock,11891
06.2022,Cattle,Farm animals,All prescription types,64705
06.2022,Cattle,Farm animals,Single treatments farm animals,52414
06.2022,Cattle,Farm animals,Oral group treatments,400
06.2022,Sheep,Farm animals,Dispensing on stock,236
06.2022,Sheep,Farm animals,All prescription types,934
06.2022,Sheep,Farm animals,Single treatments farm animals,698
06.2022,Pigs,Farm animals,Dispensing on stock,1325
06.2022,Pigs,Farm animals,All prescription types,1877
06.2022,Pigs,Farm animals,Single treatments farm animals,446
06.2022,Pigs,Farm animals,Oral group treatments,106
06.2022,Animal species nZO,Farm animals,Dispensing on stock,1874
06.2022,Animal species nZO,Farm animals,All prescription types,1874
06.2022,Goats,Farm animals,Dispensing on stock,72
06.2022,Goats,Farm animals,All prescription types,537
06.2022,Goats,Farm animals,Single treatments farm animals,462
06.2022,Goats,Farm animals,Oral group treatments,3
06.2022,Game animals,All animals,All prescription types,2
06.2022,Game animals,All animals,Single treatments farm animals,2
06.2022,Camelids,All animals,All prescription types,75
06.2022,Camelids,All animals,Single treatments farm animals,75
06.2022,Game animals,Farm animals,All prescription types,2
06.2022,Game animals,Farm animals,Single treatments farm animals,2
06.2022,Camelids,Farm animals,All prescription types,75
06.2022,Camelids,Farm animals,Single treatments farm animals,75
07.2022,All species,All animals,Dispensing on stock,15478
07.2022,All species,All animals,All prescription types,119834
07.2022,All species,All animals,Single treatments companion animals,47880
07.2022,All species,All animals,Single treatments farm animals,55954
07.2022,All species,All animals,Oral group treatments,522
07.2022,Equids,All animals,All prescription types,1969
07.2022,Equids,All animals,Single treatments companion animals,1969
07.2022,Fish,All animals,All prescription types,14
07.2022,Fish,All animals,Oral group treatments,14
07.2022,Poultry,All animals,Dispensing on stock,3
07.2022,Poultry,All animals,All prescription types,83
07.2022,Poultry,All animals,Single treatments farm animals,7
07.2022,Poultry,All animals,Oral group treatments,73
07.2022,Dogs,All animals,All prescription types,19734
07.2022,Dogs,All animals,Single treatments companion animals,19734
07.2022,Rabbits,All animals,Dispensing on stock,8
07.2022,Rabbits,All animals,All prescription types,13
07.2022,Rabbits,All animals,Single treatments farm animals,2
07.2022,Rabbits,All animals,Oral group treatments,3
07.2022,Cats,All animals,All prescription types,23714
07.2022,Cats,All animals,Single treatments companion animals,23714
07.2022,Cattle,All animals,Dispensing on stock,12041
07.2022,Cattle,All animals,All prescription types,66667
07.2022,Cattle,All animals,Single treatments farm animals,54278
07.2022,Cattle,All animals,Oral group treatments,348
07.2022,Sheep,All animals,Dispensing on stock,191
07.2022,Sheep,All animals,All prescription types,850
07.2022,Sheep,All animals,Single treatments farm animals,659
07.2022,Pigs,All animals,Dispensing on stock,1304
07.2022,Pigs,All animals,All prescription types,1819
07.2022,Pigs,All animals,Single treatments farm animals,435
07.2022,Pigs,All animals,Oral group treatments,80
07.2022,Animal species nZO,All animals,Dispensing on stock,1864
07.2022,Animal species nZO,All animals,All prescription types,4327
07.2022,Animal species nZO,All animals,Single treatments companion animals,2463
07.2022,Goats,All animals,Dispensing on stock,67
07.2022,Goats,All animals,All prescription types,559
07.2022,Goats,All animals,Single treatments farm animals,488
07.2022,Goats,All animals,Oral group treatments,4
07.2022,All species,Pets,All prescription types,47880
07.2022,All species,Pets,Single treatments companion animals,47880
07.2022,Equids,Pets,All prescription types,1969
07.2022,Equids,Pets,Single treatments companion animals,1969
07.2022,Dogs,Pets,All prescription types,19734
07.2022,Dogs,Pets,Single treatments companion animals,19734
07.2022,Cats,Pets,All prescription types,23714
07.2022,Cats,Pets,Single treatments companion animals,23714
07.2022,Animal species nZO,Pets,All prescription types,2463
07.2022,Animal species nZO,Pets,Single treatments companion animals,2463
07.2022,All species,Farm animals,Dispensing on stock,15478
07.2022,All species,Farm animals,All prescription types,71954
07.2022,All species,Farm animals,Single treatments farm animals,55954
07.2022,All species,Farm animals,Oral group treatments,522
07.2022,Fish,Farm animals,All prescription types,14
07.2022,Fish,Farm animals,Oral group treatments,14
07.2022,Poultry,Farm animals,Dispensing on stock,3
07.2022,Poultry,Farm animals,All prescription types,83
07.2022,Poultry,Farm animals,Single treatments farm animals,7
07.2022,Poultry,Farm animals,Oral group treatments,73
07.2022,Rabbits,Farm animals,Dispensing on stock,8
07.2022,Rabbits,Farm animals,All prescription types,13
07.2022,Rabbits,Farm animals,Single treatments farm animals,2
07.2022,Rabbits,Farm animals,Oral group treatments,3
07.2022,Cattle,Farm animals,Dispensing on stock,12041
07.2022,Cattle,Farm animals,All prescription types,66667
07.2022,Cattle,Farm animals,Single treatments farm animals,54278
07.2022,Cattle,Farm animals,Oral group treatments,348
07.2022,Sheep,Farm animals,Dispensing on stock,191
07.2022,Sheep,Farm animals,All prescription types,850
07.2022,Sheep,Farm animals,Single treatments farm animals,659
07.2022,Pigs,Farm animals,Dispensing on stock,1304
07.2022,Pigs,Farm animals,All prescription types,1819
07.2022,Pigs,Farm animals,Single treatments farm animals,435
07.2022,Pigs,Farm animals,Oral group treatments,80
07.2022,Animal species nZO,Farm animals,Dispensing on stock,1864
07.2022,Animal species nZO,Farm animals,All prescription types,1864
07.2022,Goats,Farm animals,Dispensing on stock,67
07.2022,Goats,Farm animals,All prescription types,559
07.2022,Goats,Farm animals,Single treatments farm animals,488
07.2022,Goats,Farm animals,Oral group treatments,4
07.2022,Game animals,All animals,All prescription types,3
07.2022,Game animals,All animals,Single treatments farm animals,3
07.2022,Camelids,All animals,All prescription types,82
07.2022,Camelids,All animals,Single treatments farm animals,82
07.2022,Game animals,Farm animals,All prescription types,3
07.2022,Game animals,Farm animals,Single treatments farm animals,3
07.2022,Camelids,Farm animals,All prescription types,82
07.2022,Camelids,Farm animals,Single treatments farm animals,82
08.2022,All species,All animals,Dispensing on stock,15050
08.2022,All species,All animals,All prescription types,125752
08.2022,All species,All animals,Single treatments companion animals,50772
08.2022,All species,All animals,Single treatments farm animals,59309
08.2022,All species,All animals,Oral group treatments,621
08.2022,Equids,All animals,All prescription types,1978
08.2022,Equids,All animals,Single treatments companion animals,1978
08.2022,Fish,All animals,All prescription types,9
08.2022,Fish,All animals,Oral group treatments,9
08.2022,Poultry,All animals,Dispensing on stock,2
08.2022,Poultry,All animals,All prescription types,72
08.2022,Poultry,All animals,Single treatments farm animals,8
08.2022,Poultry,All animals,Oral group treatments,62
08.2022,Dogs,All animals,All prescription types,20324
08.2022,Dogs,All animals,Single treatments companion animals,20324
08.2022,Rabbits,All animals,Dispensing on stock,15
08.2022,Rabbits,All animals,All prescription types,25
08.2022,Rabbits,All animals,Single treatments farm animals,5
08.2022,Rabbits,All animals,Oral group treatments,5
08.2022,Cats,All animals,All prescription types,25730
08.2022,Cats,All animals,Single treatments companion animals,25730
08.2022,Cattle,All animals,Dispensing on stock,11730
08.2022,Cattle,All animals,All prescription types,69995
08.2022,Cattle,All animals,Single treatments farm animals,57829
08.2022,Cattle,All animals,Oral group treatments,436
08.2022,Sheep,All animals,Dispensing on stock,162
08.2022,Sheep,All animals,All prescription types,737
08.2022,Sheep,All animals,Single treatments farm animals,575
08.2022,Pigs,All animals,Dispensing on stock,1343
08.2022,Pigs,All animals,All prescription types,1893
08.2022,Pigs,All animals,Single treatments farm animals,441
08.2022,Pigs,All animals,Oral group treatments,109
08.2022,Animal species nZO,All animals,Dispensing on stock,1734
08.2022,Animal species nZO,All animals,All prescription types,4474
08.2022,Animal species nZO,All animals,Single treatments companion animals,2740
08.2022,Goats,All animals,Dispensing on stock,64
08.2022,Goats,All animals,All prescription types,460
08.2022,Goats,All animals,Single treatments farm animals,396
08.2022,All species,Pets,All prescription types,50772
08.2022,All species,Pets,Single treatments companion animals,50772
08.2022,Equids,Pets,All prescription types,1978
08.2022,Equids,Pets,Single treatments companion animals,1978
08.2022,Dogs,Pets,All prescription types,20324
08.2022,Dogs,Pets,Single treatments companion animals,20324
08.2022,Cats,Pets,All prescription types,25730
08.2022,Cats,Pets,Single treatments companion animals,25730
08.2022,Animal species nZO,Pets,All prescription types,2740
08.2022,Animal species nZO,Pets,Single treatments companion animals,2740
08.2022,All species,Farm animals,Dispensing on stock,15050
08.2022,All species,Farm animals,All prescription types,74980
08.2022,All species,Farm animals,Single treatments farm animals,59309
08.2022,All species,Farm animals,Oral group treatments,621
08.2022,Fish,Farm animals,All prescription types,9
08.2022,Fish,Farm animals,Oral group treatments,9
08.2022,Poultry,Farm animals,Dispensing on stock,2
08.2022,Poultry,Farm animals,All prescription types,72
08.2022,Poultry,Farm animals,Single treatments farm animals,8
08.2022,Poultry,Farm animals,Oral group treatments,62
08.2022,Rabbits,Farm animals,Dispensing on stock,15
08.2022,Rabbits,Farm animals,All prescription types,25
08.2022,Rabbits,Farm animals,Single treatments farm animals,5
08.2022,Rabbits,Farm animals,Oral group treatments,5
08.2022,Cattle,Farm animals,Dispensing on stock,11730
08.2022,Cattle,Farm animals,All prescription types,69995
08.2022,Cattle,Farm animals,Single treatments farm animals,57829
08.2022,Cattle,Farm animals,Oral group treatments,436
08.2022,Sheep,Farm animals,Dispensing on stock,162
08.2022,Sheep,Farm animals,All prescription types,737
08.2022,Sheep,Farm animals,Single treatments farm animals,575
08.2022,Pigs,Farm animals,Dispensing on stock,1343
08.2022,Pigs,Farm animals,All prescription types,1893
08.2022,Pigs,Farm animals,Single treatments farm animals,441
08.2022,Pigs,Farm animals,Oral group treatments,109
08.2022,Animal species nZO,Farm animals,Dispensing on stock,1734
08.2022,Animal species nZO,Farm animals,All prescription types,1734
08.2022,Goats,Farm animals,Dispensing on stock,64
08.2022,Goats,Farm animals,All prescription types,460
08.2022,Goats,Farm animals,Single treatments farm animals,396
08.2022,Game animals,All animals,All prescription types,1
08.2022,Game animals,All animals,Single treatments farm animals,1
08.2022,Camelids,All animals,All prescription types,54
08.2022,Camelids,All animals,Single treatments farm animals,54
08.2022,Game animals,Farm animals,All prescription types,1
08.2022,Game animals,Farm animals,Single treatments farm animals,1
08.2022,Camelids,Farm animals,All prescription types,54
08.2022,Camelids,Farm animals,Single treatments farm animals,54
09.2022,All species,All animals,Dispensing on stock,15880
09.2022,All species,All animals,All prescription types,131977
09.2022,All species,All animals,Single treatments companion animals,52133
09.2022,All species,All animals,Single treatments farm animals,63276
09.2022,All species,All animals,Oral group treatments,688
09.2022,Equids,All animals,All prescription types,2125
09.2022,Equids,All animals,Single treatments companion animals,2125
09.2022,Fish,All animals,All prescription types,10
09.2022,Fish,All animals,Oral group treatments,10
09.2022,Poultry,All animals,Dispensing on stock,1
09.2022,Poultry,All animals,All prescription types,63
09.2022,Poultry,All animals,Single treatments farm animals,6
09.2022,Poultry,All animals,Oral group treatments,56
09.2022,Dogs,All animals,All prescription types,20508
09.2022,Dogs,All animals,Single treatments companion animals,20508
09.2022,Rabbits,All animals,Dispensing on stock,12
09.2022,Rabbits,All animals,All prescription types,14
09.2022,Rabbits,All animals,Oral group treatments,2
09.2022,Cats,All animals,All prescription types,26746
09.2022,Cats,All animals,Single treatments companion animals,26746
09.2022,Cattle,All animals,Dispensing on stock,12476
09.2022,Cattle,All animals,All prescription types,74647
09.2022,Cattle,All animals,Single treatments farm animals,61671
09.2022,Cattle,All animals,Oral group treatments,500
09.2022,Sheep,All animals,Dispensing on stock,232
09.2022,Sheep,All animals,All prescription types,958
09.2022,Sheep,All animals,Single treatments farm animals,726
09.2022,Pigs,All animals,Dispensing on stock,1336
09.2022,Pigs,All animals,All prescription types,1830
09.2022,Pigs,All animals,Single treatments farm animals,376
09.2022,Pigs,All animals,Oral group treatments,118
09.2022,Animal species nZO,All animals,Dispensing on stock,1764
09.2022,Animal species nZO,All animals,All prescription types,4518
09.2022,Animal species nZO,All animals,Single treatments companion animals,2754
09.2022,Goats,All animals,Dispensing on stock,56
09.2022,Goats,All animals,All prescription types,513
09.2022,Goats,All animals,Single treatments farm animals,455
09.2022,Goats,All animals,Oral group treatments,2
09.2022,All species,Pets,All prescription types,52133
09.2022,All species,Pets,Single treatments companion animals,52133
09.2022,Equids,Pets,All prescription types,2125
09.2022,Equids,Pets,Single treatments companion animals,2125
09.2022,Dogs,Pets,All prescription types,20508
09.2022,Dogs,Pets,Single treatments companion animals,20508
09.2022,Cats,Pets,All prescription types,26746
09.2022,Cats,Pets,Single treatments companion animals,26746
09.2022,Animal species nZO,Pets,All prescription types,2754
09.2022,Animal species nZO,Pets,Single treatments companion animals,2754
09.2022,All species,Farm animals,Dispensing on stock,15880
09.2022,All species,Farm animals,All prescription types,79844
09.2022,All species,Farm animals,Single treatments farm animals,63276
09.2022,All species,Farm animals,Oral group treatments,688
09.2022,Fish,Farm animals,All prescription types,10
09.2022,Fish,Farm animals,Oral group treatments,10
09.2022,Poultry,Farm animals,Dispensing on stock,1
09.2022,Poultry,Farm animals,All prescription types,63
09.2022,Poultry,Farm animals,Single treatments farm animals,6
09.2022,Poultry,Farm animals,Oral group treatments,56
09.2022,Rabbits,Farm animals,Dispensing on stock,12
09.2022,Rabbits,Farm animals,All prescription types,14
09.2022,Rabbits,Farm animals,Oral group treatments,2
09.2022,Cattle,Farm animals,Dispensing on stock,12476
09.2022,Cattle,Farm animals,All prescription types,74647
09.2022,Cattle,Farm animals,Single treatments farm animals,61671
09.2022,Cattle,Farm animals,Oral group treatments,500
09.2022,Sheep,Farm animals,Dispensing on stock,232
09.2022,Sheep,Farm animals,All prescription types,958
09.2022,Sheep,Farm animals,Single treatments farm animals,726
09.2022,Pigs,Farm animals,Dispensing on stock,1336
09.2022,Pigs,Farm animals,All prescription types,1830
09.2022,Pigs,Farm animals,Single treatments farm animals,376
09.2022,Pigs,Farm animals,Oral group treatments,118
09.2022,Animal species nZO,Farm animals,Dispensing on stock,1764
09.2022,Animal species nZO,Farm animals,All prescription types,1764
09.2022,Goats,Farm animals,Dispensing on stock,56
09.2022,Goats,Farm animals,All prescription types,513
09.2022,Goats,Farm animals,Single treatments farm animals,455
09.2022,Goats,Farm animals,Oral group treatments,2
09.2022,Game animals,All animals,All prescription types,2
09.2022,Game animals,All animals,Single treatments farm animals,2
09.2022,Camelids,All animals,Dispensing on stock,3
09.2022,Camelids,All animals,All prescription types,43
09.2022,Camelids,All animals,Single treatments farm animals,40
09.2022,Game animals,Farm animals,All prescription types,2
09.2022,Game animals,Farm animals,Single treatments farm animals,2
09.2022,Camelids,Farm animals,Dispensing on stock,3
09.2022,Camelids,Farm animals,All prescription types,43
09.2022,Camelids,Farm animals,Single treatments farm animals,40
10.2022,All species,All animals,Dispensing on stock,15811
10.2022,All species,All animals,All prescription types,134095
10.2022,All species,All animals,Single treatments companion animals,52527
10.2022,All species,All animals,Single treatments farm animals,65004
10.2022,All species,All animals,Oral group treatments,753
10.2022,Equids,All animals,All prescription types,1975
10.2022,Equids,All animals,Single treatments companion animals,1975
10.2022,Fish,All animals,All prescription types,3
10.2022,Fish,All animals,Oral group treatments,3
10.2022,Poultry,All animals,Dispensing on stock,3
10.2022,Poultry,All animals,All prescription types,63
10.2022,Poultry,All animals,Single treatments farm animals,7
10.2022,Poultry,All animals,Oral group treatments,53
10.2022,Dogs,All animals,All prescription types,19464
10.2022,Dogs,All animals,Single treatments companion animals,19464
10.2022,Rabbits,All animals,Dispensing on stock,19
10.2022,Rabbits,All animals,All prescription types,20
10.2022,Rabbits,All animals,Single treatments farm animals,1
10.2022,Cats,All animals,All prescription types,28504
10.2022,Cats,All animals,Single treatments companion animals,28504
10.2022,Cattle,All animals,Dispensing on stock,12506
10.2022,Cattle,All animals,All prescription types,76190
10.2022,Cattle,All animals,Single treatments farm animals,63101
10.2022,Cattle,All animals,Oral group treatments,583
10.2022,Sheep,All animals,Dispensing on stock,246
10.2022,Sheep,All animals,All prescription types,1334
10.2022,Sheep,All animals,Single treatments farm animals,1087
10.2022,Sheep,All animals,Oral group treatments,1
10.2022,Pigs,All animals,Dispensing on stock,1303
10.2022,Pigs,All animals,All prescription types,1785
10.2022,Pigs,All animals,Single treatments farm animals,373
10.2022,Pigs,All animals,Oral group treatments,109
10.2022,Animal species nZO,All animals,Dispensing on stock,1660
10.2022,Animal species nZO,All animals,All prescription types,4244
10.2022,Animal species nZO,All animals,Single treatments companion animals,2584
10.2022,Goats,All animals,Dispensing on stock,69
10.2022,Goats,All animals,All prescription types,466
10.2022,Goats,All animals,Single treatments farm animals,393
10.2022,Goats,All animals,Oral group treatments,4
10.2022,All species,Pets,All prescription types,52527
10.2022,All species,Pets,Single treatments companion animals,52527
10.2022,Equids,Pets,All prescription types,1975
10.2022,Equids,Pets,Single treatments companion animals,1975
10.2022,Dogs,Pets,All prescription types,19464
10.2022,Dogs,Pets,Single treatments companion animals,19464
10.2022,Cats,Pets,All prescription types,28504
10.2022,Cats,Pets,Single treatments companion animals,28504
10.2022,Animal species nZO,Pets,All prescription types,2584
10.2022,Animal species nZO,Pets,Single treatments companion animals,2584
10.2022,All species,Farm animals,Dispensing on stock,15811
10.2022,All species,Farm animals,All prescription types,81568
10.2022,All species,Farm animals,Single treatments farm animals,65004
10.2022,All species,Farm animals,Oral group treatments,753
10.2022,Fish,Farm animals,All prescription types,3
10.2022,Fish,Farm animals,Oral group treatments,3
10.2022,Poultry,Farm animals,Dispensing on stock,3
10.2022,Poultry,Farm animals,All prescription types,63
10.2022,Poultry,Farm animals,Single treatments farm animals,7
10.2022,Poultry,Farm animals,Oral group treatments,53
10.2022,Rabbits,Farm animals,Dispensing on stock,19
10.2022,Rabbits,Farm animals,All prescription types,20
10.2022,Rabbits,Farm animals,Single treatments farm animals,1
10.2022,Cattle,Farm animals,Dispensing on stock,12506
10.2022,Cattle,Farm animals,All prescription types,76190
10.2022,Cattle,Farm animals,Single treatments farm animals,63101
10.2022,Cattle,Farm animals,Oral group treatments,583
10.2022,Sheep,Farm animals,Dispensing on stock,246
10.2022,Sheep,Farm animals,All prescription types,1334
10.2022,Sheep,Farm animals,Single treatments farm animals,1087
10.2022,Sheep,Farm animals,Oral group treatments,1
10.2022,Pigs,Farm animals,Dispensing on stock,1303
10.2022,Pigs,Farm animals,All prescription types,1785
10.2022,Pigs,Farm animals,Single treatments farm animals,373
10.2022,Pigs,Farm animals,Oral group treatments,109
10.2022,Animal species nZO,Farm animals,Dispensing on stock,1660
10.2022,Animal species nZO,Farm animals,All prescription types,1660
10.2022,Goats,Farm animals,Dispensing on stock,69
10.2022,Goats,Farm animals,All prescription types,466
10.2022,Goats,Farm animals,Single treatments farm animals,393
10.2022,Goats,Farm animals,Oral group treatments,4
10.2022,Camelids,All animals,Dispensing on stock,5
10.2022,Camelids,All animals,All prescription types,47
10.2022,Camelids,All animals,Single treatments farm animals,42
10.2022,Camelids,Farm animals,Dispensing on stock,5
10.2022,Camelids,Farm animals,All prescription types,47
10.2022,Camelids,Farm animals,Single treatments farm animals,42
11.2022,All species,All animals,Dispensing on stock,16625
11.2022,All species,All animals,All prescription types,134971
11.2022,All species,All animals,Single treatments companion animals,54454
11.2022,All species,All animals,Single treatments farm animals,63035
11.2022,All species,All animals,Oral group treatments,857
11.2022,Equids,All animals,All prescription types,1796
11.2022,Equids,All animals,Single treatments companion animals,1796
11.2022,Fish,All animals,All prescription types,2
11.2022,Fish,All animals,Oral group treatments,2
11.2022,Poultry,All animals,Dispensing on stock,2
11.2022,Poultry,All animals,All prescription types,56
11.2022,Poultry,All animals,Single treatments farm animals,1
11.2022,Poultry,All animals,Oral group treatments,53
11.2022,Dogs,All animals,All prescription types,19683
11.2022,Dogs,All animals,Single treatments companion animals,19683
11.2022,Rabbits,All animals,Dispensing on stock,13
11.2022,Rabbits,All animals,All prescription types,17
11.2022,Rabbits,All animals,Single treatments farm animals,2
11.2022,Rabbits,All animals,Oral group treatments,2
11.2022,Cats,All animals,All prescription types,30286
11.2022,Cats,All animals,Single treatments companion animals,30286
11.2022,Cattle,All animals,Dispensing on stock,13330
11.2022,Cattle,All animals,All prescription types,75250
11.2022,Cattle,All animals,Single treatments farm animals,61241
11.2022,Cattle,All animals,Oral group treatments,679
11.2022,Sheep,All animals,Dispensing on stock,267
11.2022,Sheep,All animals,All prescription types,1288
11.2022,Sheep,All animals,Single treatments farm animals,1021
11.2022,Pigs,All animals,Dispensing on stock,1351
11.2022,Pigs,All animals,All prescription types,1826
11.2022,Pigs,All animals,Single treatments farm animals,359
11.2022,Pigs,All animals,Oral group treatments,116
11.2022,Animal species nZO,All animals,Dispensing on stock,1596
11.2022,Animal species nZO,All animals,All prescription types,4285
11.2022,Animal species nZO,All animals,Single treatments companion animals,2689
11.2022,Goats,All animals,Dispensing on stock,62
11.2022,Goats,All animals,All prescription types,437
11.2022,Goats,All animals,Single treatments farm animals,370
11.2022,Goats,All animals,Oral group treatments,5
11.2022,All species,Pets,All prescription types,54454
11.2022,All species,Pets,Single treatments companion animals,54454
11.2022,Equids,Pets,All prescription types,1796
11.2022,Equids,Pets,Single treatments companion animals,1796
11.2022,Dogs,Pets,All prescription types,19683
11.2022,Dogs,Pets,Single treatments companion animals,19683
11.2022,Cats,Pets,All prescription types,30286
11.2022,Cats,Pets,Single treatments companion animals,30286
11.2022,Animal species nZO,Pets,All prescription types,2689
11.2022,Animal species nZO,Pets,Single treatments companion animals,2689
11.2022,All species,Farm animals,Dispensing on stock,16625
11.2022,All species,Farm animals,All prescription types,80517
11.2022,All species,Farm animals,Single treatments farm animals,63035
11.2022,All species,Farm animals,Oral group treatments,857
11.2022,Fish,Farm animals,All prescription types,2
11.2022,Fish,Farm animals,Oral group treatments,2
11.2022,Poultry,Farm animals,Dispensing on stock,2
11.2022,Poultry,Farm animals,All prescription types,56
11.2022,Poultry,Farm animals,Single treatments farm animals,1
11.2022,Poultry,Farm animals,Oral group treatments,53
11.2022,Rabbits,Farm animals,Dispensing on stock,13
11.2022,Rabbits,Farm animals,All prescription types,17
11.2022,Rabbits,Farm animals,Single treatments farm animals,2
11.2022,Rabbits,Farm animals,Oral group treatments,2
11.2022,Cattle,Farm animals,Dispensing on stock,13330
11.2022,Cattle,Farm animals,All prescription types,75250
11.2022,Cattle,Farm animals,Single treatments farm animals,61241
11.2022,Cattle,Farm animals,Oral group treatments,679
11.2022,Sheep,Farm animals,Dispensing on stock,267
11.2022,Sheep,Farm animals,All prescription types,1288
11.2022,Sheep,Farm animals,Single treatments farm animals,1021
11.2022,Pigs,Farm animals,Dispensing on stock,1351
11.2022,Pigs,Farm animals,All prescription types,1826
11.2022,Pigs,Farm animals,Single treatments farm animals,359
11.2022,Pigs,Farm animals,Oral group treatments,116
11.2022,Animal species nZO,Farm animals,Dispensing on stock,1596
11.2022,Animal species nZO,Farm animals,All prescription types,1596
11.2022,Goats,Farm animals,Dispensing on stock,62
11.2022,Goats,Farm animals,All prescription types,437
11.2022,Goats,Farm animals,Single treatments farm animals,370
11.2022,Goats,Farm animals,Oral group treatments,5
11.2022,Camelids,All animals,Dispensing on stock,4
11.2022,Camelids,All animals,All prescription types,45
11.2022,Camelids,All animals,Single treatments farm animals,41
11.2022,Camelids,Farm animals,Dispensing on stock,4
11.2022,Camelids,Farm animals,All prescription types,45
11.2022,Camelids,Farm animals,Single treatments farm animals,41
12.2022,All species,All animals,Dispensing on stock,17320
12.2022,All species,All animals,All prescription types,133563
12.2022,All species,All animals,Single treatments companion animals,50907
12.2022,All species,All animals,Single treatments farm animals,64407
12.2022,All species,All animals,Oral group treatments,929
12.2022,Equids,All animals,All prescription types,1646
12.2022,Equids,All animals,Single treatments companion animals,1646
12.2022,Fish,All animals,All prescription types,1
12.2022,Fish,All animals,Oral group treatments,1
12.2022,Poultry,All animals,Dispensing on stock,1
12.2022,Poultry,All animals,All prescription types,55
12.2022,Poultry,All animals,Single treatments farm animals,5
12.2022,Poultry,All animals,Oral group treatments,49
12.2022,Dogs,All animals,All prescription types,19182
12.2022,Dogs,All animals,Single treatments companion animals,19182
12.2022,Rabbits,All animals,Dispensing on stock,6
12.2022,Rabbits,All animals,All prescription types,12
12.2022,Rabbits,All animals,Single treatments farm animals,2
12.2022,Rabbits,All animals,Oral group treatments,4
12.2022,Cats,All animals,All prescription types,27677
12.2022,Cats,All animals,Single treatments companion animals,27677
12.2022,Cattle,All animals,Dispensing on stock,13859
12.2022,Cattle,All animals,All prescription types,77234
12.2022,Cattle,All animals,Single treatments farm animals,62606
12.2022,Cattle,All animals,Oral group treatments,769
12.2022,Sheep,All animals,Dispensing on stock,245
12.2022,Sheep,All animals,All prescription types,1271
12.2022,Sheep,All animals,Single treatments farm animals,1024
12.2022,Sheep,All animals,Oral group treatments,2
12.2022,Pigs,All animals,Dispensing on stock,1397
12.2022,Pigs,All animals,All prescription types,1805
12.2022,Pigs,All animals,Single treatments farm animals,307
12.2022,Pigs,All animals,Oral group treatments,101
12.2022,Animal species nZO,All animals,Dispensing on stock,1759
12.2022,Animal species nZO,All animals,All prescription types,4161
12.2022,Animal species nZO,All animals,Single treatments companion animals,2402
12.2022,Goats,All animals,Dispensing on stock,52
12.2022,Goats,All animals,All prescription types,472
12.2022,Goats,All animals,Single treatments farm animals,417
12.2022,Goats,All animals,Oral group treatments,3
12.2022,All species,Pets,All prescription types,50907
12.2022,All species,Pets,Single treatments companion animals,50907
12.2022,Equids,Pets,All prescription types,1646
12.2022,Equids,Pets,Single treatments companion animals,1646
12.2022,Dogs,Pets,All prescription types,19182
12.2022,Dogs,Pets,Single treatments companion animals,19182
12.2022,Cats,Pets,All prescription types,27677
12.2022,Cats,Pets,Single treatments companion animals,27677
12.2022,Animal species nZO,Pets,All prescription types,2402
12.2022,Animal species nZO,Pets,Single treatments companion animals,2402
12.2022,All species,Farm animals,Dispensing on stock,17320
12.2022,All species,Farm animals,All prescription types,82656
12.2022,All species,Farm animals,Single treatments farm animals,64407
12.2022,All species,Farm animals,Oral group treatments,929
12.2022,Fish,Farm animals,All prescription types,1
12.2022,Fish,Farm animals,Oral group treatments,1
12.2022,Poultry,Farm animals,Dispensing on stock,1
12.2022,Poultry,Farm animals,All prescription types,55
12.2022,Poultry,Farm animals,Single treatments farm animals,5
12.2022,Poultry,Farm animals,Oral group treatments,49
12.2022,Rabbits,Farm animals,Dispensing on stock,6
12.2022,Rabbits,Farm animals,All prescription types,12
12.2022,Rabbits,Farm animals,Single treatments farm animals,2
12.2022,Rabbits,Farm animals,Oral group treatments,4
12.2022,Cattle,Farm animals,Dispensing on stock,13859
12.2022,Cattle,Farm animals,All prescription types,77234
12.2022,Cattle,Farm animals,Single treatments farm animals,62606
12.2022,Cattle,Farm animals,Oral group treatments,769
12.2022,Sheep,Farm animals,Dispensing on stock,245
12.2022,Sheep,Farm animals,All prescription types,1271
12.2022,Sheep,Farm animals,Single treatments farm animals,1024
12.2022,Sheep,Farm animals,Oral group treatments,2
12.2022,Pigs,Farm animals,Dispensing on stock,1397
12.2022,Pigs,Farm animals,All prescription types,1805
12.2022,Pigs,Farm animals,Single treatments farm animals,307
12.2022,Pigs,Farm animals,Oral group treatments,101
12.2022,Animal species nZO,Farm animals,Dispensing on stock,1759
12.2022,Animal species nZO,Farm animals,All prescription types,1759
12.2022,Goats,Farm animals,Dispensing on stock,52
12.2022,Goats,Farm animals,All prescription types,472
12.2022,Goats,Farm animals,Single treatments farm animals,417
12.2022,Goats,Farm animals,Oral group treatments,3
12.2022,Camelids,All animals,Dispensing on stock,1
12.2022,Camelids,All animals,All prescription types,47
12.2022,Camelids,All animals,Single treatments farm animals,46
12.2022,Camelids,Farm animals,Dispensing on stock,1
12.2022,Camelids,Farm animals,All prescription types,47
12.2022,Camelids,Farm animals,Single treatments farm animals,46
01.2023,All species,All animals,Dispensing on stock,15909
01.2023,All species,All animals,All prescription types,130012
01.2023,All species,All animals,Single treatments companion animals,51254
01.2023,All species,All animals,Single treatments farm animals,61953
01.2023,All species,All animals,Oral group treatments,896
01.2023,Equids,All animals,All prescription types,1708
01.2023,Equids,All animals,Single treatments companion animals,1708
01.2023,Fish,All animals,Dispensing on stock,1
01.2023,Fish,All animals,All prescription types,4
01.2023,Fish,All animals,Oral group treatments,3
01.2023,Poultry,All animals,Dispensing on stock,1
01.2023,Poultry,All animals,All prescription types,47
01.2023,Poultry,All animals,Single treatments farm animals,2
01.2023,Poultry,All animals,Oral group treatments,44
01.2023,Dogs,All animals,All prescription types,19233
01.2023,Dogs,All animals,Single treatments companion animals,19233
01.2023,Rabbits,All animals,Dispensing on stock,15
01.2023,Rabbits,All animals,All prescription types,18
01.2023,Rabbits,All animals,Single treatments farm animals,2
01.2023,Rabbits,All animals,Oral group treatments,1
01.2023,Cats,All animals,All prescription types,27794
01.2023,Cats,All animals,Single treatments companion animals,27794
01.2023,Cattle,All animals,Dispensing on stock,12624
01.2023,Cattle,All animals,All prescription types,72486
01.2023,Cattle,All animals,Single treatments farm animals,59130
01.2023,Cattle,All animals,Oral group treatments,732
01.2023,Sheep,All animals,Dispensing on stock,251
01.2023,Sheep,All animals,All prescription types,1798
01.2023,Sheep,All animals,Single treatments farm animals,1547
01.2023,Pigs,All animals,Dispensing on stock,1503
01.2023,Pigs,All animals,All prescription types,1949
01.2023,Pigs,All animals,Single treatments farm animals,335
01.2023,Pigs,All animals,Oral group treatments,111
01.2023,Animal species nZO,All animals,Dispensing on stock,1409
01.2023,Animal species nZO,All animals,All prescription types,3928
01.2023,Animal species nZO,All animals,Single treatments companion animals,2519
01.2023,Goats,All animals,Dispensing on stock,99
01.2023,Goats,All animals,All prescription types,964
01.2023,Goats,All animals,Single treatments farm animals,860
01.2023,Goats,All animals,Oral group treatments,5
01.2023,All species,Pets,All prescription types,51254
01.2023,All species,Pets,Single treatments companion animals,51254
01.2023,Equids,Pets,All prescription types,1708
01.2023,Equids,Pets,Single treatments companion animals,1708
01.2023,Dogs,Pets,All prescription types,19233
01.2023,Dogs,Pets,Single treatments companion animals,19233
01.2023,Cats,Pets,All prescription types,27794
01.2023,Cats,Pets,Single treatments companion animals,27794
01.2023,Animal species nZO,Pets,All prescription types,2519
01.2023,Animal species nZO,Pets,Single treatments companion animals,2519
01.2023,All species,Farm animals,Dispensing on stock,15909
01.2023,All species,Farm animals,All prescription types,78758
01.2023,All species,Farm animals,Single treatments farm animals,61953
01.2023,All species,Farm animals,Oral group treatments,896
01.2023,Fish,Farm animals,Dispensing on stock,1
01.2023,Fish,Farm animals,All prescription types,4
01.2023,Fish,Farm animals,Oral group treatments,3
01.2023,Poultry,Farm animals,Dispensing on stock,1
01.2023,Poultry,Farm animals,All prescription types,47
01.2023,Poultry,Farm animals,Single treatments farm animals,2
01.2023,Poultry,Farm animals,Oral group treatments,44
01.2023,Rabbits,Farm animals,Dispensing on stock,15
01.2023,Rabbits,Farm animals,All prescription types,18
01.2023,Rabbits,Farm animals,Single treatments farm animals,2
01.2023,Rabbits,Farm animals,Oral group treatments,1
01.2023,Cattle,Farm animals,Dispensing on stock,12624
01.2023,Cattle,Farm animals,All prescription types,72486
01.2023,Cattle,Farm animals,Single treatments farm animals,59130
01.2023,Cattle,Farm animals,Oral group treatments,732
01.2023,Sheep,Farm animals,Dispensing on stock,251
01.2023,Sheep,Farm animals,All prescription types,1798
01.2023,Sheep,Farm animals,Single treatments farm animals,1547
01.2023,Pigs,Farm animals,Dispensing on stock,1503
01.2023,Pigs,Farm animals,All prescription types,1949
01.2023,Pigs,Farm animals,Single treatments farm animals,335
01.2023,Pigs,Farm animals,Oral group treatments,111
01.2023,Animal species nZO,Farm animals,Dispensing on stock,1409
01.2023,Animal species nZO,Farm animals,All prescription types,1409
01.2023,Goats,Farm animals,Dispensing on stock,99
01.2023,Goats,Farm animals,All prescription types,964
01.2023,Goats,Farm animals,Single treatments farm animals,860
01.2023,Goats,Farm animals,Oral group treatments,5
01.2023,Game animals,All animals,Dispensing on stock,2
01.2023,Game animals,All animals,All prescription types,2
01.2023,Camelids,All animals,Dispensing on stock,4
01.2023,Camelids,All animals,All prescription types,81
01.2023,Camelids,All animals,Single treatments farm animals,77
01.2023,Game animals,Farm animals,Dispensing on stock,2
01.2023,Game animals,Farm animals,All prescription types,2
01.2023,Camelids,Farm animals,Dispensing on stock,4
01.2023,Camelids,Farm animals,All prescription types,81
01.2023,Camelids,Farm animals,Single treatments farm animals,77
02.2023,All species,All animals,Dispensing on stock,13784
02.2023,All species,All animals,All prescription types,115018
02.2023,All species,All animals,Single treatments companion animals,45006
02.2023,All species,All animals,Single treatments farm animals,55441
02.2023,All species,All animals,Oral group treatments,787
02.2023,Equids,All animals,All prescription types,1576
02.2023,Equids,All animals,Single treatments companion animals,1576
02.2023,Fish,All animals,All prescription types,4
02.2023,Fish,All animals,Oral group treatments,4
02.2023,Poultry,All animals,Dispensing on stock,2
02.2023,Poultry,All animals,All prescription types,54
02.2023,Poultry,All animals,Single treatments farm animals,6
02.2023,Poultry,All animals,Oral group treatments,46
02.2023,Dogs,All animals,All prescription types,16985
02.2023,Dogs,All animals,Single treatments companion animals,16985
02.2023,Rabbits,All animals,Dispensing on stock,7
02.2023,Rabbits,All animals,All prescription types,11
02.2023,Rabbits,All animals,Single treatments farm animals,2
02.2023,Rabbits,All animals,Oral group treatments,2
02.2023,Cats,All animals,All prescription types,23994
02.2023,Cats,All animals,Single treatments companion animals,23994
02.2023,Cattle,All animals,Dispensing on stock,10771
02.2023,Cattle,All animals,All prescription types,63259
02.2023,Cattle,All animals,Single treatments farm animals,51880
02.2023,Cattle,All animals,Oral group treatments,608
02.2023,Sheep,All animals,Dispensing on stock,296
02.2023,Sheep,All animals,All prescription types,2357
02.2023,Sheep,All animals,Single treatments farm animals,2057
02.2023,Sheep,All animals,Oral group treatments,4
02.2023,Pigs,All animals,Dispensing on stock,1272
02.2023,Pigs,All animals,All prescription types,1697
02.2023,Pigs,All animals,Single treatments farm animals,309
02.2023,Pigs,All animals,Oral group treatments,116
02.2023,Animal species nZO,All animals,Dispensing on stock,1319
02.2023,Animal species nZO,All animals,All prescription types,3770
02.2023,Animal species nZO,All animals,Single treatments companion animals,2451
02.2023,Goats,All animals,Dispensing on stock,114
02.2023,Goats,All animals,All prescription types,1271
02.2023,Goats,All animals,Single treatments farm animals,1150
02.2023,Goats,All animals,Oral group treatments,7
02.2023,All species,Pets,All prescription types,45006
02.2023,All species,Pets,Single treatments companion animals,45006
02.2023,Equids,Pets,All prescription types,1576
02.2023,Equids,Pets,Single treatments companion animals,1576
02.2023,Dogs,Pets,All prescription types,16985
02.2023,Dogs,Pets,Single treatments companion animals,16985
02.2023,Cats,Pets,All prescription types,23994
02.2023,Cats,Pets,Single treatments companion animals,23994
02.2023,Animal species nZO,Pets,All prescription types,2451
02.2023,Animal species nZO,Pets,Single treatments companion animals,2451
02.2023,All species,Farm animals,Dispensing on stock,13784
02.2023,All species,Farm animals,All prescription types,70012
02.2023,All species,Farm animals,Single treatments farm animals,55441
02.2023,All species,Farm animals,Oral group treatments,787
02.2023,Fish,Farm animals,All prescription types,4
02.2023,Fish,Farm animals,Oral group treatments,4
02.2023,Poultry,Farm animals,Dispensing on stock,2
02.2023,Poultry,Farm animals,All prescription types,54
02.2023,Poultry,Farm animals,Single treatments farm animals,6
02.2023,Poultry,Farm animals,Oral group treatments,46
02.2023,Rabbits,Farm animals,Dispensing on stock,7
02.2023,Rabbits,Farm animals,All prescription types,11
02.2023,Rabbits,Farm animals,Single treatments farm animals,2
02.2023,Rabbits,Farm animals,Oral group treatments,2
02.2023,Cattle,Farm animals,Dispensing on stock,10771
02.2023,Cattle,Farm animals,All prescription types,63259
02.2023,Cattle,Farm animals,Single treatments farm animals,51880
02.2023,Cattle,Farm animals,Oral group treatments,608
02.2023,Sheep,Farm animals,Dispensing on stock,296
02.2023,Sheep,Farm animals,All prescription types,2357
02.2023,Sheep,Farm animals,Single treatments farm animals,2057
02.2023,Sheep,Farm animals,Oral group treatments,4
02.2023,Pigs,Farm animals,Dispensing on stock,1272
02.2023,Pigs,Farm animals,All prescription types,1697
02.2023,Pigs,Farm animals,Single treatments farm animals,309
02.2023,Pigs,Farm animals,Oral group treatments,116
02.2023,Animal species nZO,Farm animals,Dispensing on stock,1319
02.2023,Animal species nZO,Farm animals,All prescription types,1319
02.2023,Goats,Farm animals,Dispensing on stock,114
02.2023,Goats,Farm animals,All prescription types,1271
02.2023,Goats,Farm animals,Single treatments farm animals,1150
02.2023,Goats,Farm animals,Oral group treatments,7
02.2023,Game animals,All animals,Dispensing on stock,1
02.2023,Game animals,All animals,All prescription types,3
02.2023,Game animals,All animals,Single treatments farm animals,2
02.2023,Camelids,All animals,Dispensing on stock,2
02.2023,Camelids,All animals,All prescription types,37
02.2023,Camelids,All animals,Single treatments farm animals,35
02.2023,Game animals,Farm animals,Dispensing on stock,1
02.2023,Game animals,Farm animals,All prescription types,3
02.2023,Game animals,Farm animals,Single treatments farm animals,2
02.2023,Camelids,Farm animals,Dispensing on stock,2
02.2023,Camelids,Farm animals,All prescription types,37
02.2023,Camelids,Farm animals,Single treatments farm animals,35
03.2023,All species,All animals,Dispensing on stock,14598
03.2023,All species,All animals,All prescription types,126427
03.2023,All species,All animals,Single treatments companion animals,51975
03.2023,All species,All animals,Single treatments farm animals,58996
03.2023,All species,All animals,Oral group treatments,858
03.2023,Equids,All animals,All prescription types,2010
03.2023,Equids,All animals,Single treatments companion animals,2010
03.2023,Fish,All animals,All prescription types,8
03.2023,Fish,All animals,Oral group treatments,8
03.2023,Poultry,All animals,Dispensing on stock,2
03.2023,Poultry,All animals,All prescription types,56
03.2023,Poultry,All animals,Single treatments farm animals,1
03.2023,Poultry,All animals,Oral group treatments,53
03.2023,Dogs,All animals,All prescription types,19904
03.2023,Dogs,All animals,Single treatments companion animals,19904
03.2023,Rabbits,All animals,Dispensing on stock,5
03.2023,Rabbits,All animals,All prescription types,18
03.2023,Rabbits,All animals,Single treatments farm animals,10
03.2023,Rabbits,All animals,Oral group treatments,3
03.2023,Cats,All animals,All prescription types,27326
03.2023,Cats,All animals,Single treatments companion animals,27326
03.2023,Cattle,All animals,Dispensing on stock,11707
03.2023,Cattle,All animals,All prescription types,67215
03.2023,Cattle,All animals,Single treatments farm animals,54843
03.2023,Cattle,All animals,Oral group treatments,665
03.2023,Sheep,All animals,Dispensing on stock,399
03.2023,Sheep,All animals,All prescription types,2827
03.2023,Sheep,All animals,Single treatments farm animals,2427
03.2023,Sheep,All animals,Oral group treatments,1
03.2023,Pigs,All animals,Dispensing on stock,1506
03.2023,Pigs,All animals,All prescription types,1960
03.2023,Pigs,All animals,Single treatments farm animals,332
03.2023,Pigs,All animals,Oral group treatments,122
03.2023,Animal species nZO,All animals,Dispensing on stock,862
03.2023,Animal species nZO,All animals,All prescription types,3597
03.2023,Animal species nZO,All animals,Single treatments companion animals,2735
03.2023,Goats,All animals,Dispensing on stock,116
03.2023,Goats,All animals,All prescription types,1437
03.2023,Goats,All animals,Single treatments farm animals,1315
03.2023,Goats,All animals,Oral group treatments,6
03.2023,All species,Pets,All prescription types,51975
03.2023,All species,Pets,Single treatments companion animals,51975
03.2023,Equids,Pets,All prescription types,2010
03.2023,Equids,Pets,Single treatments companion animals,2010
03.2023,Dogs,Pets,All prescription types,19904
03.2023,Dogs,Pets,Single treatments companion animals,19904
03.2023,Cats,Pets,All prescription types,27326
03.2023,Cats,Pets,Single treatments companion animals,27326
03.2023,Animal species nZO,Pets,All prescription types,2735
03.2023,Animal species nZO,Pets,Single treatments companion animals,2735
03.2023,All species,Farm animals,Dispensing on stock,14598
03.2023,All species,Farm animals,All prescription types,74452
03.2023,All species,Farm animals,Single treatments farm animals,58996
03.2023,All species,Farm animals,Oral group treatments,858
03.2023,Fish,Farm animals,All prescription types,8
03.2023,Fish,Farm animals,Oral group treatments,8
03.2023,Poultry,Farm animals,Dispensing on stock,2
03.2023,Poultry,Farm animals,All prescription types,56
03.2023,Poultry,Farm animals,Single treatments farm animals,1
03.2023,Poultry,Farm animals,Oral group treatments,53
03.2023,Rabbits,Farm animals,Dispensing on stock,5
03.2023,Rabbits,Farm animals,All prescription types,18
03.2023,Rabbits,Farm animals,Single treatments farm animals,10
03.2023,Rabbits,Farm animals,Oral group treatments,3
03.2023,Cattle,Farm animals,Dispensing on stock,11707
03.2023,Cattle,Farm animals,All prescription types,67215
03.2023,Cattle,Farm animals,Single treatments farm animals,54843
03.2023,Cattle,Farm animals,Oral group treatments,665
03.2023,Sheep,Farm animals,Dispensing on stock,399
03.2023,Sheep,Farm animals,All prescription types,2827
03.2023,Sheep,Farm animals,Single treatments farm animals,2427
03.2023,Sheep,Farm animals,Oral group treatments,1
03.2023,Pigs,Farm animals,Dispensing on stock,1506
03.2023,Pigs,Farm animals,All prescription types,1960
03.2023,Pigs,Farm animals,Single treatments farm animals,332
03.2023,Pigs,Farm animals,Oral group treatments,122
03.2023,Animal species nZO,Farm animals,Dispensing on stock,862
03.2023,Animal species nZO,Farm animals,All prescription types,862
03.2023,Goats,Farm animals,Dispensing on stock,116
03.2023,Goats,Farm animals,All prescription types,1437
03.2023,Goats,Farm animals,Single treatments farm animals,1315
03.2023,Goats,Farm animals,Oral group treatments,6
03.2023,Camelids,All animals,Dispensing on stock,1
03.2023,Camelids,All animals,All prescription types,69
03.2023,Camelids,All animals,Single treatments farm animals,68
03.2023,Camelids,Farm animals,Dispensing on stock,1
03.2023,Camelids,Farm animals,All prescription types,69
03.2023,Camelids,Farm animals,Single treatments farm animals,68
04.2023,All species,All animals,Dispensing on stock,12498
04.2023,All species,All animals,All prescription types,109476
04.2023,All species,All animals,Single treatments companion animals,44945
04.2023,All species,All animals,Single treatments farm animals,51465
04.2023,All species,All animals,Oral group treatments,568
04.2023,Equids,All animals,All prescription types,1856
04.2023,Equids,All animals,Single treatments companion animals,1856
04.2023,Fish,All animals,Dispensing on stock,1
04.2023,Fish,All animals,All prescription types,8
04.2023,Fish,All animals,Oral group treatments,7
04.2023,Poultry,All animals,Dispensing on stock,1
04.2023,Poultry,All animals,All prescription types,59
04.2023,Poultry,All animals,Single treatments farm animals,6
04.2023,Poultry,All animals,Oral group treatments,52
04.2023,Dogs,All animals,All prescription types,17203
04.2023,Dogs,All animals,Single treatments companion animals,17203
04.2023,Rabbits,All animals,Dispensing on stock,10
04.2023,Rabbits,All animals,All prescription types,16
04.2023,Rabbits,All animals,Single treatments farm animals,6
04.2023,Cats,All animals,All prescription types,23266
04.2023,Cats,All animals,Single treatments companion animals,23266
04.2023,Cattle,All animals,Dispensing on stock,10702
04.2023,Cattle,All animals,All prescription types,59586
04.2023,Cattle,All animals,Single treatments farm animals,48465
04.2023,Cattle,All animals,Oral group treatments,419
04.2023,Sheep,All animals,Dispensing on stock,302
04.2023,Sheep,All animals,All prescription types,1967
04.2023,Sheep,All animals,Single treatments farm animals,1665
04.2023,Pigs,All animals,Dispensing on stock,1389
04.2023,Pigs,All animals,All prescription types,1787
04.2023,Pigs,All animals,Single treatments farm animals,311
04.2023,Pigs,All animals,Oral group treatments,87
04.2023,Animal species nZO,All animals,All prescription types,2620
04.2023,Animal species nZO,All animals,Single treatments companion animals,2620
04.2023,Goats,All animals,Dispensing on stock,90
04.2023,Goats,All animals,All prescription types,1035
04.2023,Goats,All animals,Single treatments farm animals,942
04.2023,Goats,All animals,Oral group treatments,3
04.2023,All species,Pets,All prescription types,44945
04.2023,All species,Pets,Single treatments companion animals,44945
04.2023,Equids,Pets,All prescription types,1856
04.2023,Equids,Pets,Single treatments companion animals,1856
04.2023,Dogs,Pets,All prescription types,17203
04.2023,Dogs,Pets,Single treatments companion animals,17203
04.2023,Cats,Pets,All prescription types,23266
04.2023,Cats,Pets,Single treatments companion animals,23266
04.2023,Animal species nZO,Pets,All prescription types,2620
04.2023,Animal species nZO,Pets,Single treatments companion animals,2620
04.2023,All species,Farm animals,Dispensing on stock,12498
04.2023,All species,Farm animals,All prescription types,64531
04.2023,All species,Farm animals,Single treatments farm animals,51465
04.2023,All species,Farm animals,Oral group treatments,568
04.2023,Fish,Farm animals,Dispensing on stock,1
04.2023,Fish,Farm animals,All prescription types,8
04.2023,Fish,Farm animals,Oral group treatments,7
04.2023,Poultry,Farm animals,Dispensing on stock,1
04.2023,Poultry,Farm animals,All prescription types,59
04.2023,Poultry,Farm animals,Single treatments farm animals,6
04.2023,Poultry,Farm animals,Oral group treatments,52
04.2023,Rabbits,Farm animals,Dispensing on stock,10
04.2023,Rabbits,Farm animals,All prescription types,16
04.2023,Rabbits,Farm animals,Single treatments farm animals,6
04.2023,Cattle,Farm animals,Dispensing on stock,10702
04.2023,Cattle,Farm animals,All prescription types,59586
04.2023,Cattle,Farm animals,Single treatments farm animals,48465
04.2023,Cattle,Farm animals,Oral group treatments,419
04.2023,Sheep,Farm animals,Dispensing on stock,302
04.2023,Sheep,Farm animals,All prescription types,1967
04.2023,Sheep,Farm animals,Single treatments farm animals,1665
04.2023,Pigs,Farm animals,Dispensing on stock,1389
04.2023,Pigs,Farm animals,All prescription types,1787
04.2023,Pigs,Farm animals,Single treatments farm animals,311
04.2023,Pigs,Farm animals,Oral group treatments,87
04.2023,Goats,Farm animals,Dispensing on stock,90
04.2023,Goats,Farm animals,All prescription types,1035
04.2023,Goats,Farm animals,Single treatments farm animals,942
04.2023,Goats,Farm animals,Oral group treatments,3
04.2023,Game animals,All animals,All prescription types,1
04.2023,Game animals,All animals,Single treatments farm animals,1
04.2023,Camelids,All animals,Dispensing on stock,3
04.2023,Camelids,All animals,All prescription types,72
04.2023,Camelids,All animals,Single treatments farm animals,69
04.2023,Game animals,Farm animals,All prescription types,1
04.2023,Game animals,Farm animals,Single treatments farm animals,1
04.2023,Camelids,Farm animals,Dispensing on stock,3
04.2023,Camelids,Farm animals,All prescription types,72
04.2023,Camelids,Farm animals,Single treatments farm animals,69
05.2023,All species,All animals,Dispensing on stock,12670
05.2023,All species,All animals,All prescription types,117713
05.2023,All species,All animals,Single treatments companion animals,50695
05.2023,All species,All animals,Single treatments farm animals,53783
05.2023,All species,All animals,Oral group treatments,565
05.2023,Equids,All animals,All prescription types,2178
05.2023,Equids,All animals,Single treatments companion animals,2178
05.2023,Fish,All animals,Dispensing on stock,1
05.2023,Fish,All animals,All prescription types,15
05.2023,Fish,All animals,Oral group treatments,14
05.2023,Poultry,All animals,Dispensing on stock,1
05.2023,Poultry,All animals,All prescription types,58
05.2023,Poultry,All animals,Single treatments farm animals,2
05.2023,Poultry,All animals,Oral group treatments,55
05.2023,Dogs,All animals,All prescription types,19282
05.2023,Dogs,All animals,Single treatments companion animals,19282
05.2023,Rabbits,All animals,Dispensing on stock,14
05.2023,Rabbits,All animals,All prescription types,22
05.2023,Rabbits,All animals,Single treatments farm animals,7
05.2023,Rabbits,All animals,Oral group treatments,1
05.2023,Cats,All animals,All prescription types,26207
05.2023,Cats,All animals,Single treatments companion animals,26207
05.2023,Cattle,All animals,Dispensing on stock,10959
05.2023,Cattle,All animals,All prescription types,62853
05.2023,Cattle,All animals,Single treatments farm animals,51489
05.2023,Cattle,All animals,Oral group treatments,405
05.2023,Sheep,All animals,Dispensing on stock,287
05.2023,Sheep,All animals,All prescription types,1384
05.2023,Sheep,All animals,Single treatments farm animals,1097
05.2023,Pigs,All animals,Dispensing on stock,1303
05.2023,Pigs,All animals,All prescription types,1779
05.2023,Pigs,All animals,Single treatments farm animals,386
05.2023,Pigs,All animals,Oral group treatments,90
05.2023,Animal species nZO,All animals,All prescription types,3028
05.2023,Animal species nZO,All animals,Single treatments companion animals,3028
05.2023,Goats,All animals,Dispensing on stock,102
05.2023,Goats,All animals,All prescription types,811
05.2023,Goats,All animals,Single treatments farm animals,709
05.2023,All species,Pets,All prescription types,50695
05.2023,All species,Pets,Single treatments companion animals,50695
05.2023,Equids,Pets,All prescription types,2178
05.2023,Equids,Pets,Single treatments companion animals,2178
05.2023,Dogs,Pets,All prescription types,19282
05.2023,Dogs,Pets,Single treatments companion animals,19282
05.2023,Cats,Pets,All prescription types,26207
05.2023,Cats,Pets,Single treatments companion animals,26207
05.2023,Animal species nZO,Pets,All prescription types,3028
05.2023,Animal species nZO,Pets,Single treatments companion animals,3028
05.2023,All species,Farm animals,Dispensing on stock,12670
05.2023,All species,Farm animals,All prescription types,67018
05.2023,All species,Farm animals,Single treatments farm animals,53783
05.2023,All species,Farm animals,Oral group treatments,565
05.2023,Fish,Farm animals,Dispensing on stock,1
05.2023,Fish,Farm animals,All prescription types,15
05.2023,Fish,Farm animals,Oral group treatments,14
05.2023,Poultry,Farm animals,Dispensing on stock,1
05.2023,Poultry,Farm animals,All prescription types,58
05.2023,Poultry,Farm animals,Single treatments farm animals,2
05.2023,Poultry,Farm animals,Oral group treatments,55
05.2023,Rabbits,Farm animals,Dispensing on stock,14
05.2023,Rabbits,Farm animals,All prescription types,22
05.2023,Rabbits,Farm animals,Single treatments farm animals,7
05.2023,Rabbits,Farm animals,Oral group treatments,1
05.2023,Cattle,Farm animals,Dispensing on stock,10959
05.2023,Cattle,Farm animals,All prescription types,62853
05.2023,Cattle,Farm animals,Single treatments farm animals,51489
05.2023,Cattle,Farm animals,Oral group treatments,405
05.2023,Sheep,Farm animals,Dispensing on stock,287
05.2023,Sheep,Farm animals,All prescription types,1384
05.2023,Sheep,Farm animals,Single treatments farm animals,1097
05.2023,Pigs,Farm animals,Dispensing on stock,1303
05.2023,Pigs,Farm animals,All prescription types,1779
05.2023,Pigs,Farm animals,Single treatments farm animals,386
05.2023,Pigs,Farm animals,Oral group treatments,90
05.2023,Goats,Farm animals,Dispensing on stock,102
05.2023,Goats,Farm animals,All prescription types,811
05.2023,Goats,Farm animals,Single treatments farm animals,709
05.2023,Game animals,All animals,All prescription types,1
05.2023,Game animals,All animals,Single treatments farm animals,1
05.2023,Camelids,All animals,Dispensing on stock,3
05.2023,Camelids,All animals,All prescription types,95
05.2023,Camelids,All animals,Single treatments farm animals,92
05.2023,Game animals,Farm animals,All prescription types,1
05.2023,Game animals,Farm animals,Single treatments farm animals,1
05.2023,Camelids,Farm animals,Dispensing on stock,3
05.2023,Camelids,Farm animals,All prescription types,95
05.2023,Camelids,Farm animals,Single treatments farm animals,92
06.2023,All species,All animals,Dispensing on stock,13405
06.2023,All species,All animals,All prescription types,116342
06.2023,All species,All animals,Single treatments companion animals,51636
06.2023,All species,All animals,Single treatments farm animals,50769
06.2023,All species,All animals,Oral group treatments,532
06.2023,Equids,All animals,All prescription types,2147
06.2023,Equids,All animals,Single treatments companion animals,2147
06.2023,Fish,All animals,All prescription types,10
06.2023,Fish,All animals,Oral group treatments,10
06.2023,Poultry,All animals,Dispensing on stock,4
06.2023,Poultry,All animals,All prescription types,53
06.2023,Poultry,All animals,Single treatments farm animals,8
06.2023,Poultry,All animals,Oral group treatments,41
06.2023,Dogs,All animals,All prescription types,21311
06.2023,Dogs,All animals,Single treatments companion animals,21311
06.2023,Rabbits,All animals,Dispensing on stock,21
06.2023,Rabbits,All animals,All prescription types,28
06.2023,Rabbits,All animals,Single treatments farm animals,5
06.2023,Rabbits,All animals,Oral group treatments,2
06.2023,Cats,All animals,All prescription types,25342
06.2023,Cats,All animals,Single treatments companion animals,25342
06.2023,Cattle,All animals,Dispensing on stock,11739
06.2023,Cattle,All animals,All prescription types,61113
06.2023,Cattle,All animals,Single treatments farm animals,48988
06.2023,Cattle,All animals,Oral group treatments,386
06.2023,Sheep,All animals,Dispensing on stock,236
06.2023,Sheep,All animals,All prescription types,1021
06.2023,Sheep,All animals,Single treatments farm animals,785
06.2023,Pigs,All animals,Dispensing on stock,1316
06.2023,Pigs,All animals,All prescription types,1814
06.2023,Pigs,All animals,Single treatments farm animals,408
06.2023,Pigs,All animals,Oral group treatments,90
06.2023,Animal species nZO,All animals,All prescription types,2836
06.2023,Animal species nZO,All animals,Single treatments companion animals,2836
06.2023,Goats,All animals,Dispensing on stock,84
06.2023,Goats,All animals,All prescription types,577
06.2023,Goats,All animals,Single treatments farm animals,490
06.2023,Goats,All animals,Oral group treatments,3
06.2023,All species,Pets,All prescription types,51636
06.2023,All species,Pets,Single treatments companion animals,51636
06.2023,Equids,Pets,All prescription types,2147
06.2023,Equids,Pets,Single treatments companion animals,2147
06.2023,Dogs,Pets,All prescription types,21311
06.2023,Dogs,Pets,Single treatments companion animals,21311
06.2023,Cats,Pets,All prescription types,25342
06.2023,Cats,Pets,Single treatments companion animals,25342
06.2023,Animal species nZO,Pets,All prescription types,2836
06.2023,Animal species nZO,Pets,Single treatments companion animals,2836
06.2023,All species,Farm animals,Dispensing on stock,13405
06.2023,All species,Farm animals,All prescription types,64706
06.2023,All species,Farm animals,Single treatments farm animals,50769
06.2023,All species,Farm animals,Oral group treatments,532
06.2023,Fish,Farm animals,All prescription types,10
06.2023,Fish,Farm animals,Oral group treatments,10
06.2023,Poultry,Farm animals,Dispensing on stock,4
06.2023,Poultry,Farm animals,All prescription types,53
06.2023,Poultry,Farm animals,Single treatments farm animals,8
06.2023,Poultry,Farm animals,Oral group treatments,41
06.2023,Rabbits,Farm animals,Dispensing on stock,21
06.2023,Rabbits,Farm animals,All prescription types,28
06.2023,Rabbits,Farm animals,Single treatments farm animals,5
06.2023,Rabbits,Farm animals,Oral group treatments,2
06.2023,Cattle,Farm animals,Dispensing on stock,11739
06.2023,Cattle,Farm animals,All prescription types,61113
06.2023,Cattle,Farm animals,Single treatments farm animals,48988
06.2023,Cattle,Farm animals,Oral group treatments,386
06.2023,Sheep,Farm animals,Dispensing on stock,236
06.2023,Sheep,Farm animals,All prescription types,1021
06.2023,Sheep,Farm animals,Single treatments farm animals,785
06.2023,Pigs,Farm animals,Dispensing on stock,1316
06.2023,Pigs,Farm animals,All prescription types,1814
06.2023,Pigs,Farm animals,Single treatments farm animals,408
06.2023,Pigs,Farm animals,Oral group treatments,90
06.2023,Goats,Farm animals,Dispensing on stock,84
06.2023,Goats,Farm animals,All prescription types,577
06.2023,Goats,Farm animals,Single treatments farm animals,490
06.2023,Goats,Farm animals,Oral group treatments,3
06.2023,Game animals,All animals,Dispensing on stock,3
06.2023,Game animals,All animals,All prescription types,6
06.2023,Game animals,All animals,Single treatments farm animals,3
06.2023,Camelids,All animals,Dispensing on stock,2
06.2023,Camelids,All animals,All prescription types,84
06.2023,Camelids,All animals,Single treatments farm animals,82
06.2023,Game animals,Farm animals,Dispensing on stock,3
06.2023,Game animals,Farm animals,All prescription types,6
06.2023,Game animals,Farm animals,Single treatments farm animals,3
06.2023,Camelids,Farm animals,Dispensing on stock,2
06.2023,Camelids,Farm animals,All prescription types,84
06.2023,Camelids,Farm animals,Single treatments farm animals,82
07.2023,All species,All animals,Dispensing on stock,13552
07.2023,All species,All animals,All prescription types,119311
07.2023,All species,All animals,Single treatments companion animals,49671
07.2023,All species,All animals,Single treatments farm animals,55559
07.2023,All species,All animals,Oral group treatments,529
07.2023,Equids,All animals,All prescription types,1922
07.2023,Equids,All animals,Single treatments companion animals,1922
07.2023,Fish,All animals,All prescription types,13
07.2023,Fish,All animals,Oral group treatments,13
07.2023,Poultry,All animals,Dispensing on stock,2
07.2023,Poultry,All animals,All prescription types,95
07.2023,Poultry,All animals,Single treatments farm animals,15
07.2023,Poultry,All animals,Oral group treatments,78
07.2023,Dogs,All animals,All prescription types,20471
07.2023,Dogs,All animals,Single treatments companion animals,20471
07.2023,Rabbits,All animals,Dispensing on stock,11
07.2023,Rabbits,All animals,All prescription types,17
07.2023,Rabbits,All animals,Single treatments farm animals,6
07.2023,Cats,All animals,All prescription types,24582
07.2023,Cats,All animals,Single treatments companion animals,24582
07.2023,Cattle,All animals,Dispensing on stock,11904
07.2023,Cattle,All animals,All prescription types,66268
07.2023,Cattle,All animals,Single treatments farm animals,53999
07.2023,Cattle,All animals,Oral group treatments,365
07.2023,Sheep,All animals,Dispensing on stock,164
07.2023,Sheep,All animals,All prescription types,777
07.2023,Sheep,All animals,Single treatments farm animals,612
07.2023,Sheep,All animals,Oral group treatments,1
07.2023,Pigs,All animals,Dispensing on stock,1399
07.2023,Pigs,All animals,All prescription types,1929
07.2023,Pigs,All animals,Single treatments farm animals,459
07.2023,Pigs,All animals,Oral group treatments,71
07.2023,Animal species nZO,All animals,All prescription types,2696
07.2023,Animal species nZO,All animals,Single treatments companion animals,2696
07.2023,Goats,All animals,Dispensing on stock,68
07.2023,Goats,All animals,All prescription types,442
07.2023,Goats,All animals,Single treatments farm animals,374
07.2023,All species,Pets,All prescription types,49671
07.2023,All species,Pets,Single treatments companion animals,49671
07.2023,Equids,Pets,All prescription types,1922
07.2023,Equids,Pets,Single treatments companion animals,1922
07.2023,Dogs,Pets,All prescription types,20471
07.2023,Dogs,Pets,Single treatments companion animals,20471
07.2023,Cats,Pets,All prescription types,24582
07.2023,Cats,Pets,Single treatments companion animals,24582
07.2023,Animal species nZO,Pets,All prescription types,2696
07.2023,Animal species nZO,Pets,Single treatments companion animals,2696
07.2023,All species,Farm animals,Dispensing on stock,13552
07.2023,All species,Farm animals,All prescription types,69640
07.2023,All species,Farm animals,Single treatments farm animals,55559
07.2023,All species,Farm animals,Oral group treatments,529
07.2023,Fish,Farm animals,All prescription types,13
07.2023,Fish,Farm animals,Oral group treatments,13
07.2023,Poultry,Farm animals,Dispensing on stock,2
07.2023,Poultry,Farm animals,All prescription types,95
07.2023,Poultry,Farm animals,Single treatments farm animals,15
07.2023,Poultry,Farm animals,Oral group treatments,78
07.2023,Rabbits,Farm animals,Dispensing on stock,11
07.2023,Rabbits,Farm animals,All prescription types,17
07.2023,Rabbits,Farm animals,Single treatments farm animals,6
07.2023,Cattle,Farm animals,Dispensing on stock,11904
07.2023,Cattle,Farm animals,All prescription types,66268
07.2023,Cattle,Farm animals,Single treatments farm animals,53999
07.2023,Cattle,Farm animals,Oral group treatments,365
07.2023,Sheep,Farm animals,Dispensing on stock,164
07.2023,Sheep,Farm animals,All prescription types,777
07.2023,Sheep,Farm animals,Single treatments farm animals,612
07.2023,Sheep,Farm animals,Oral group treatments,1
07.2023,Pigs,Farm animals,Dispensing on stock,1399
07.2023,Pigs,Farm animals,All prescription types,1929
07.2023,Pigs,Farm animals,Single treatments farm animals,459
07.2023,Pigs,Farm animals,Oral group treatments,71
07.2023,Goats,Farm animals,Dispensing on stock,68
07.2023,Goats,Farm animals,All prescription types,442
07.2023,Goats,Farm animals,Single treatments farm animals,374
07.2023,Game animals,All animals,All prescription types,1
07.2023,Game animals,All animals,Oral group treatments,1
07.2023,Camelids,All animals,Dispensing on stock,4
07.2023,Camelids,All animals,All prescription types,98
07.2023,Camelids,All animals,Single treatments farm animals,94
07.2023,Game animals,Farm animals,All prescription types,1
07.2023,Game animals,Farm animals,Oral group treatments,1
07.2023,Camelids,Farm animals,Dispensing on stock,4
07.2023,Camelids,Farm animals,All prescription types,98
07.2023,Camelids,Farm animals,Single treatments farm animals,94
08.2023,All species,All animals,Dispensing on stock,13474
08.2023,All species,All animals,All prescription types,123283
08.2023,All species,All animals,Single treatments companion animals,50036
08.2023,All species,All animals,Single treatments farm animals,59206
08.2023,All species,All animals,Oral group treatments,567
08.2023,Equids,All animals,All prescription types,2030
08.2023,Equids,All animals,Single treatments companion animals,2030
08.2023,Fish,All animals,All prescription types,10
08.2023,Fish,All animals,Oral group treatments,10
08.2023,Poultry,All animals,Dispensing on stock,3
08.2023,Poultry,All animals,All prescription types,72
08.2023,Poultry,All animals,Single treatments farm animals,5
08.2023,Poultry,All animals,Oral group treatments,64
08.2023,Dogs,All animals,All prescription types,20159
08.2023,Dogs,All animals,Single treatments companion animals,20159
08.2023,Rabbits,All animals,Dispensing on stock,11
08.2023,Rabbits,All animals,All prescription types,12
08.2023,Rabbits,All animals,Single treatments farm animals,1
08.2023,Cats,All animals,All prescription types,25078
08.2023,Cats,All animals,Single treatments companion animals,25078
08.2023,Cattle,All animals,Dispensing on stock,11793
08.2023,Cattle,All animals,All prescription types,69824
08.2023,Cattle,All animals,Single treatments farm animals,57612
08.2023,Cattle,All animals,Oral group treatments,419
08.2023,Sheep,All animals,Dispensing on stock,187
08.2023,Sheep,All animals,All prescription types,765
08.2023,Sheep,All animals,Single treatments farm animals,576
08.2023,Sheep,All animals,Oral group treatments,2
08.2023,Pigs,All animals,Dispensing on stock,1421
08.2023,Pigs,All animals,All prescription types,2011
08.2023,Pigs,All animals,Single treatments farm animals,520
08.2023,Pigs,All animals,Oral group treatments,70
08.2023,Animal species nZO,All animals,All prescription types,2769
08.2023,Animal species nZO,All animals,Single treatments companion animals,2769
08.2023,Goats,All animals,Dispensing on stock,56
08.2023,Goats,All animals,All prescription types,478
08.2023,Goats,All animals,Single treatments farm animals,420
08.2023,Goats,All animals,Oral group treatments,2
08.2023,All species,Pets,All prescription types,50036
08.2023,All species,Pets,Single treatments companion animals,50036
08.2023,Equids,Pets,All prescription types,2030
08.2023,Equids,Pets,Single treatments companion animals,2030
08.2023,Dogs,Pets,All prescription types,20159
08.2023,Dogs,Pets,Single treatments companion animals,20159
08.2023,Cats,Pets,All prescription types,25078
08.2023,Cats,Pets,Single treatments companion animals,25078
08.2023,Animal species nZO,Pets,All prescription types,2769
08.2023,Animal species nZO,Pets,Single treatments companion animals,2769
08.2023,All species,Farm animals,Dispensing on stock,13474
08.2023,All species,Farm animals,All prescription types,73247
08.2023,All species,Farm animals,Single treatments farm animals,59206
08.2023,All species,Farm animals,Oral group treatments,567
08.2023,Fish,Farm animals,All prescription types,10
08.2023,Fish,Farm animals,Oral group treatments,10
08.2023,Poultry,Farm animals,Dispensing on stock,3
08.2023,Poultry,Farm animals,All prescription types,72
08.2023,Poultry,Farm animals,Single treatments farm animals,5
08.2023,Poultry,Farm animals,Oral group treatments,64
08.2023,Rabbits,Farm animals,Dispensing on stock,11
08.2023,Rabbits,Farm animals,All prescription types,12
08.2023,Rabbits,Farm animals,Single treatments farm animals,1
08.2023,Cattle,Farm animals,Dispensing on stock,11793
08.2023,Cattle,Farm animals,All prescription types,69824
08.2023,Cattle,Farm animals,Single treatments farm animals,57612
08.2023,Cattle,Farm animals,Oral group treatments,419
08.2023,Sheep,Farm animals,Dispensing on stock,187
08.2023,Sheep,Farm animals,All prescription types,765
08.2023,Sheep,Farm animals,Single treatments farm animals,576
08.2023,Sheep,Farm animals,Oral group treatments,2
08.2023,Pigs,Farm animals,Dispensing on stock,1421
08.2023,Pigs,Farm animals,All prescription types,2011
08.2023,Pigs,Farm animals,Single treatments farm animals,520
08.2023,Pigs,Farm animals,Oral group treatments,70
08.2023,Goats,Farm animals,Dispensing on stock,56
08.2023,Goats,Farm animals,All prescription types,478
08.2023,Goats,Farm animals,Single treatments farm animals,420
08.2023,Goats,Farm animals,Oral group treatments,2
08.2023,Game animals,All animals,All prescription types,1
08.2023,Game animals,All animals,Single treatments farm animals,1
08.2023,Camelids,All animals,Dispensing on stock,3
08.2023,Camelids,All animals,All prescription types,74
08.2023,Camelids,All animals,Single treatments farm animals,71
08.2023,Game animals,Farm animals,All prescription types,1
08.2023,Game animals,Farm animals,Single treatments farm animals,1
08.2023,Camelids,Farm animals,Dispensing on stock,3
08.2023,Camelids,Farm animals,All prescription types,74
08.2023,Camelids,Farm animals,Single treatments farm animals,71
09.2023,All species,All animals,Dispensing on stock,14137
09.2023,All species,All animals,All prescription types,130843
09.2023,All species,All animals,Single treatments companion animals,49576
09.2023,All species,All animals,Single treatments farm animals,66546
09.2023,All species,All animals,Oral group treatments,584
09.2023,Equids,All animals,All prescription types,1903
09.2023,Equids,All animals,Single treatments companion animals,1903
09.2023,Fish,All animals,All prescription types,13
09.2023,Fish,All animals,Oral group treatments,13
09.2023,Poultry,All animals,Dispensing on stock,2
09.2023,Poultry,All animals,All prescription types,51
09.2023,Poultry,All animals,Single treatments farm animals,2
09.2023,Poultry,All animals,Oral group treatments,47
09.2023,Dogs,All animals,All prescription types,19858
09.2023,Dogs,All animals,Single treatments companion animals,19858
09.2023,Rabbits,All animals,Dispensing on stock,12
09.2023,Rabbits,All animals,All prescription types,16
09.2023,Rabbits,All animals,Single treatments farm animals,4
09.2023,Cats,All animals,All prescription types,25072
09.2023,Cats,All animals,Single treatments companion animals,25072
09.2023,Cattle,All animals,Dispensing on stock,12490
09.2023,Cattle,All animals,All prescription types,77881
09.2023,Cattle,All animals,Single treatments farm animals,64949
09.2023,Cattle,All animals,Oral group treatments,442
09.2023,Sheep,All animals,Dispensing on stock,210
09.2023,Sheep,All animals,All prescription types,974
09.2023,Sheep,All animals,Single treatments farm animals,764
09.2023,Pigs,All animals,Dispensing on stock,1363
09.2023,Pigs,All animals,All prescription types,1867
09.2023,Pigs,All animals,Single treatments farm animals,423
09.2023,Pigs,All animals,Oral group treatments,81
09.2023,Animal species nZO,All animals,All prescription types,2743
09.2023,Animal species nZO,All animals,Single treatments companion animals,2743
09.2023,Goats,All animals,Dispensing on stock,49
09.2023,Goats,All animals,All prescription types,414
09.2023,Goats,All animals,Single treatments farm animals,364
09.2023,Goats,All animals,Oral group treatments,1
09.2023,All species,Pets,All prescription types,49576
09.2023,All species,Pets,Single treatments companion animals,49576
09.2023,Equids,Pets,All prescription types,1903
09.2023,Equids,Pets,Single treatments companion animals,1903
09.2023,Dogs,Pets,All prescription types,19858
09.2023,Dogs,Pets,Single treatments companion animals,19858
09.2023,Cats,Pets,All prescription types,25072
09.2023,Cats,Pets,Single treatments companion animals,25072
09.2023,Animal species nZO,Pets,All prescription types,2743
09.2023,Animal species nZO,Pets,Single treatments companion animals,2743
09.2023,All species,Farm animals,Dispensing on stock,14137
09.2023,All species,Farm animals,All prescription types,81267
09.2023,All species,Farm animals,Single treatments farm animals,66546
09.2023,All species,Farm animals,Oral group treatments,584
09.2023,Fish,Farm animals,All prescription types,13
09.2023,Fish,Farm animals,Oral group treatments,13
09.2023,Poultry,Farm animals,Dispensing on stock,2
09.2023,Poultry,Farm animals,All prescription types,51
09.2023,Poultry,Farm animals,Single treatments farm animals,2
09.2023,Poultry,Farm animals,Oral group treatments,47
09.2023,Rabbits,Farm animals,Dispensing on stock,12
09.2023,Rabbits,Farm animals,All prescription types,16
09.2023,Rabbits,Farm animals,Single treatments farm animals,4
09.2023,Cattle,Farm animals,Dispensing on stock,12490
09.2023,Cattle,Farm animals,All prescription types,77881
09.2023,Cattle,Farm animals,Single treatments farm animals,64949
09.2023,Cattle,Farm animals,Oral group treatments,442
09.2023,Sheep,Farm animals,Dispensing on stock,210
09.2023,Sheep,Farm animals,All prescription types,974
09.2023,Sheep,Farm animals,Single treatments farm animals,764
09.2023,Pigs,Farm animals,Dispensing on stock,1363
09.2023,Pigs,Farm animals,All prescription types,1867
09.2023,Pigs,Farm animals,Single treatments farm animals,423
09.2023,Pigs,Farm animals,Oral group treatments,81
09.2023,Goats,Farm animals,Dispensing on stock,49
09.2023,Goats,Farm animals,All prescription types,414
09.2023,Goats,Farm animals,Single treatments farm animals,364
09.2023,Goats,Farm animals,Oral group treatments,1
09.2023,Game animals,All animals,Dispensing on stock,1
09.2023,Game animals,All animals,All prescription types,5
09.2023,Game animals,All animals,Single treatments farm animals,4
09.2023,Camelids,All animals,Dispensing on stock,10
09.2023,Camelids,All animals,All prescription types,46
09.2023,Camelids,All animals,Single treatments farm animals,36
09.2023,Game animals,Farm animals,Dispensing on stock,1
09.2023,Game animals,Farm animals,All prescription types,5
09.2023,Game animals,Farm animals,Single treatments farm animals,4
09.2023,Camelids,Farm animals,Dispensing on stock,10
09.2023,Camelids,Farm animals,All prescription types,46
09.2023,Camelids,Farm animals,Single treatments farm animals,36
10.2023,All species,All animals,Dispensing on stock,14543
10.2023,All species,All animals,All prescription types,135488
10.2023,All species,All animals,Single treatments companion animals,53075
10.2023,All species,All animals,Single treatments farm animals,67149
10.2023,All species,All animals,Oral group treatments,721
10.2023,Equids,All animals,All prescription types,1943
10.2023,Equids,All animals,Single treatments companion animals,1943
10.2023,Fish,All animals,All prescription types,8
10.2023,Fish,All animals,Oral group treatments,8
10.2023,Poultry,All animals,Dispensing on stock,4
10.2023,Poultry,All animals,All prescription types,79
10.2023,Poultry,All animals,Single treatments farm animals,9
10.2023,Poultry,All animals,Oral group treatments,66
10.2023,Dogs,All animals,All prescription types,19685
10.2023,Dogs,All animals,Single treatments companion animals,19685
10.2023,Rabbits,All animals,Dispensing on stock,9
10.2023,Rabbits,All animals,All prescription types,15
10.2023,Rabbits,All animals,Single treatments farm animals,6
10.2023,Cats,All animals,All prescription types,28579
10.2023,Cats,All animals,Single treatments companion animals,28579
10.2023,Cattle,All animals,Dispensing on stock,12929
10.2023,Cattle,All animals,All prescription types,78810
10.2023,Cattle,All animals,Single treatments farm animals,65321
10.2023,Cattle,All animals,Oral group treatments,560
10.2023,Sheep,All animals,Dispensing on stock,230
10.2023,Sheep,All animals,All prescription types,1200
10.2023,Sheep,All animals,Single treatments farm animals,968
10.2023,Sheep,All animals,Oral group treatments,2
10.2023,Pigs,All animals,Dispensing on stock,1322
10.2023,Pigs,All animals,All prescription types,1781
10.2023,Pigs,All animals,Single treatments farm animals,378
10.2023,Pigs,All animals,Oral group treatments,81
10.2023,Animal species nZO,All animals,All prescription types,2868
10.2023,Animal species nZO,All animals,Single treatments companion animals,2868
10.2023,Goats,All animals,Dispensing on stock,47
10.2023,Goats,All animals,All prescription types,457
10.2023,Goats,All animals,Single treatments farm animals,406
10.2023,Goats,All animals,Oral group treatments,4
10.2023,All species,Pets,All prescription types,53075
10.2023,All species,Pets,Single treatments companion animals,53075
10.2023,Equids,Pets,All prescription types,1943
10.2023,Equids,Pets,Single treatments companion animals,1943
10.2023,Dogs,Pets,All prescription types,19685
10.2023,Dogs,Pets,Single treatments companion animals,19685
10.2023,Cats,Pets,All prescription types,28579
10.2023,Cats,Pets,Single treatments companion animals,28579
10.2023,Animal species nZO,Pets,All prescription types,2868
10.2023,Animal species nZO,Pets,Single treatments companion animals,2868
10.2023,All species,Farm animals,Dispensing on stock,14543
10.2023,All species,Farm animals,All prescription types,82413
10.2023,All species,Farm animals,Single treatments farm animals,67149
10.2023,All species,Farm animals,Oral group treatments,721
10.2023,Fish,Farm animals,All prescription types,8
10.2023,Fish,Farm animals,Oral group treatments,8
10.2023,Poultry,Farm animals,Dispensing on stock,4
10.2023,Poultry,Farm animals,All prescription types,79
10.2023,Poultry,Farm animals,Single treatments farm animals,9
10.2023,Poultry,Farm animals,Oral group treatments,66
10.2023,Rabbits,Farm animals,Dispensing on stock,9
10.2023,Rabbits,Farm animals,All prescription types,15
10.2023,Rabbits,Farm animals,Single treatments farm animals,6
10.2023,Cattle,Farm animals,Dispensing on stock,12929
10.2023,Cattle,Farm animals,All prescription types,78810
10.2023,Cattle,Farm animals,Single treatments farm animals,65321
10.2023,Cattle,Farm animals,Oral group treatments,560
10.2023,Sheep,Farm animals,Dispensing on stock,230
10.2023,Sheep,Farm animals,All prescription types,1200
10.2023,Sheep,Farm animals,Single treatments farm animals,968
10.2023,Sheep,Farm animals,Oral group treatments,2
10.2023,Pigs,Farm animals,Dispensing on stock,1322
10.2023,Pigs,Farm animals,All prescription types,1781
10.2023,Pigs,Farm animals,Single treatments farm animals,378
10.2023,Pigs,Farm animals,Oral group treatments,81
10.2023,Goats,Farm animals,Dispensing on stock,47
10.2023,Goats,Farm animals,All prescription types,457
10.2023,Goats,Farm animals,Single treatments farm animals,406
10.2023,Goats,Farm animals,Oral group treatments,4
10.2023,Camelids,All animals,Dispensing on stock,2
10.2023,Camelids,All animals,All prescription types,63
10.2023,Camelids,All animals,Single treatments farm animals,61
10.2023,Camelids,Farm animals,Dispensing on stock,2
10.2023,Camelids,Farm animals,All prescription types,63
10.2023,Camelids,Farm animals,Single treatments farm animals,61
11.2023,All species,All animals,Dispensing on stock,14624
11.2023,All species,All animals,All prescription types,130287
11.2023,All species,All animals,Single treatments companion animals,52933
11.2023,All species,All animals,Single treatments farm animals,61886
11.2023,All species,All animals,Oral group treatments,844
11.2023,Equids,All animals,All prescription types,1808
11.2023,Equids,All animals,Single treatments companion animals,1808
11.2023,Fish,All animals,All prescription types,2
11.2023,Fish,All animals,Oral group treatments,2
11.2023,Poultry,All animals,Dispensing on stock,3
11.2023,Poultry,All animals,All prescription types,65
11.2023,Poultry,All animals,Single treatments farm animals,4
11.2023,Poultry,All animals,Oral group treatments,58
11.2023,Dogs,All animals,All prescription types,19022
11.2023,Dogs,All animals,Single treatments companion animals,19022
11.2023,Rabbits,All animals,Dispensing on stock,12
11.2023,Rabbits,All animals,All prescription types,18
11.2023,Rabbits,All animals,Single treatments farm animals,6
11.2023,Cats,All animals,All prescription types,29748
11.2023,Cats,All animals,Single treatments companion animals,29748
11.2023,Cattle,All animals,Dispensing on stock,12875
11.2023,Cattle,All animals,All prescription types,73659
11.2023,Cattle,All animals,Single treatments farm animals,60132
11.2023,Cattle,All animals,Oral group treatments,652
11.2023,Sheep,All animals,Dispensing on stock,242
11.2023,Sheep,All animals,All prescription types,1242
11.2023,Sheep,All animals,Single treatments farm animals,999
11.2023,Sheep,All animals,Oral group treatments,1
11.2023,Pigs,All animals,Dispensing on stock,1434
11.2023,Pigs,All animals,All prescription types,1928
11.2023,Pigs,All animals,Single treatments farm animals,367
11.2023,Pigs,All animals,Oral group treatments,127
11.2023,Animal species nZO,All animals,All prescription types,2355
11.2023,Animal species nZO,All animals,Single treatments companion animals,2355
11.2023,Goats,All animals,Dispensing on stock,57
11.2023,Goats,All animals,All prescription types,399
11.2023,Goats,All animals,Single treatments farm animals,338
11.2023,Goats,All animals,Oral group treatments,4
11.2023,All species,Pets,All prescription types,52933
11.2023,All species,Pets,Single treatments companion animals,52933
11.2023,Equids,Pets,All prescription types,1808
11.2023,Equids,Pets,Single treatments companion animals,1808
11.2023,Dogs,Pets,All prescription types,19022
11.2023,Dogs,Pets,Single treatments companion animals,19022
11.2023,Cats,Pets,All prescription types,29748
11.2023,Cats,Pets,Single treatments companion animals,29748
11.2023,Animal species nZO,Pets,All prescription types,2355
11.2023,Animal species nZO,Pets,Single treatments companion animals,2355
11.2023,All species,Farm animals,Dispensing on stock,14624
11.2023,All species,Farm animals,All prescription types,77354
11.2023,All species,Farm animals,Single treatments farm animals,61886
11.2023,All species,Farm animals,Oral group treatments,844
11.2023,Fish,Farm animals,All prescription types,2
11.2023,Fish,Farm animals,Oral group treatments,2
11.2023,Poultry,Farm animals,Dispensing on stock,3
11.2023,Poultry,Farm animals,All prescription types,65
11.2023,Poultry,Farm animals,Single treatments farm animals,4
11.2023,Poultry,Farm animals,Oral group treatments,58
11.2023,Rabbits,Farm animals,Dispensing on stock,12
11.2023,Rabbits,Farm animals,All prescription types,18
11.2023,Rabbits,Farm animals,Single treatments farm animals,6
11.2023,Cattle,Farm animals,Dispensing on stock,12875
11.2023,Cattle,Farm animals,All prescription types,73659
11.2023,Cattle,Farm animals,Single treatments farm animals,60132
11.2023,Cattle,Farm animals,Oral group treatments,652
11.2023,Sheep,Farm animals,Dispensing on stock,242
11.2023,Sheep,Farm animals,All prescription types,1242
11.2023,Sheep,Farm animals,Single treatments farm animals,999
11.2023,Sheep,Farm animals,Oral group treatments,1
11.2023,Pigs,Farm animals,Dispensing on stock,1434
11.2023,Pigs,Farm animals,All prescription types,1928
11.2023,Pigs,Farm animals,Single treatments farm animals,367
11.2023,Pigs,Farm animals,Oral group treatments,127
11.2023,Goats,Farm animals,Dispensing on stock,57
11.2023,Goats,Farm animals,All prescription types,399
11.2023,Goats,Farm animals,Single treatments farm animals,338
11.2023,Goats,Farm animals,Oral group treatments,4
11.2023,Camelids,All animals,Dispensing on stock,1
11.2023,Camelids,All animals,All prescription types,41
11.2023,Camelids,All animals,Single treatments farm animals,40
11.2023,Camelids,Farm animals,Dispensing on stock,1
11.2023,Camelids,Farm animals,All prescription types,41
11.2023,Camelids,Farm animals,Single treatments farm animals,40
12.2023,All species,All animals,Dispensing on stock,14310
12.2023,All species,All animals,All prescription types,122376
12.2023,All species,All animals,Single treatments companion animals,46261
12.2023,All species,All animals,Single treatments farm animals,60996
12.2023,All species,All animals,Oral group treatments,809
12.2023,Equids,All animals,All prescription types,1624
12.2023,Equids,All animals,Single treatments companion animals,1624
12.2023,Fish,All animals,All prescription types,5
12.2023,Fish,All animals,Oral group treatments,5
12.2023,Poultry,All animals,Dispensing on stock,1
12.2023,Poultry,All animals,All prescription types,48
12.2023,Poultry,All animals,Single treatments farm animals,2
12.2023,Poultry,All animals,Oral group treatments,45
12.2023,Dogs,All animals,All prescription types,16995
12.2023,Dogs,All animals,Single treatments companion animals,16995
12.2023,Rabbits,All animals,Dispensing on stock,12
12.2023,Rabbits,All animals,All prescription types,14
12.2023,Rabbits,All animals,Single treatments farm animals,2
12.2023,Cats,All animals,All prescription types,25353
12.2023,Cats,All animals,Single treatments companion animals,25353
12.2023,Cattle,All animals,Dispensing on stock,12552
12.2023,Cattle,All animals,All prescription types,72296
12.2023,Cattle,All animals,Single treatments farm animals,59103
12.2023,Cattle,All animals,Oral group treatments,641
12.2023,Sheep,All animals,Dispensing on stock,258
12.2023,Sheep,All animals,All prescription types,1298
12.2023,Sheep,All animals,Single treatments farm animals,1039
12.2023,Sheep,All animals,Oral group treatments,1
12.2023,Pigs,All animals,Dispensing on stock,1440
12.2023,Pigs,All animals,All prescription types,1914
12.2023,Pigs,All animals,Single treatments farm animals,360
12.2023,Pigs,All animals,Oral group treatments,114
12.2023,Animal species nZO,All animals,All prescription types,2289
12.2023,Animal species nZO,All animals,Single treatments companion animals,2289
12.2023,Goats,All animals,Dispensing on stock,45
12.2023,Goats,All animals,All prescription types,504
12.2023,Goats,All animals,Single treatments farm animals,456
12.2023,Goats,All animals,Oral group treatments,3
12.2023,All species,Pets,All prescription types,46261
12.2023,All species,Pets,Single treatments companion animals,46261
12.2023,Equids,Pets,All prescription types,1624
12.2023,Equids,Pets,Single treatments companion animals,1624
12.2023,Dogs,Pets,All prescription types,16995
12.2023,Dogs,Pets,Single treatments companion animals,16995
12.2023,Cats,Pets,All prescription types,25353
12.2023,Cats,Pets,Single treatments companion animals,25353
12.2023,Animal species nZO,Pets,All prescription types,2289
12.2023,Animal species nZO,Pets,Single treatments companion animals,2289
12.2023,All species,Farm animals,Dispensing on stock,14310
12.2023,All species,Farm animals,All prescription types,76115
12.2023,All species,Farm animals,Single treatments farm animals,60996
12.2023,All species,Farm animals,Oral group treatments,809
12.2023,Fish,Farm animals,All prescription types,5
12.2023,Fish,Farm animals,Oral group treatments,5
12.2023,Poultry,Farm animals,Dispensing on stock,1
12.2023,Poultry,Farm animals,All prescription types,48
12.2023,Poultry,Farm animals,Single treatments farm animals,2
12.2023,Poultry,Farm animals,Oral group treatments,45
12.2023,Rabbits,Farm animals,Dispensing on stock,12
12.2023,Rabbits,Farm animals,All prescription types,14
12.2023,Rabbits,Farm animals,Single treatments farm animals,2
12.2023,Cattle,Farm animals,Dispensing on stock,12552
12.2023,Cattle,Farm animals,All prescription types,72296
12.2023,Cattle,Farm animals,Single treatments farm animals,59103
12.2023,Cattle,Farm animals,Oral group treatments,641
12.2023,Sheep,Farm animals,Dispensing on stock,258
12.2023,Sheep,Farm animals,All prescription types,1298
12.2023,Sheep,Farm animals,Single treatments farm animals,1039
12.2023,Sheep,Farm animals,Oral group treatments,1
12.2023,Pigs,Farm animals,Dispensing on stock,1440
12.2023,Pigs,Farm animals,All prescription types,1914
12.2023,Pigs,Farm animals,Single treatments farm animals,360
12.2023,Pigs,Farm animals,Oral group treatments,114
12.2023,Goats,Farm animals,Dispensing on stock,45
12.2023,Goats,Farm animals,All prescription types,504
12.2023,Goats,Farm animals,Single treatments farm animals,456
12.2023,Goats,Farm animals,Oral group treatments,3
12.2023,Camelids,All animals,Dispensing on stock,2
12.2023,Camelids,All animals,All prescription types,36
12.2023,Camelids,All animals,Single treatments farm animals,34
12.2023,Camelids,Farm animals,Dispensing on stock,2
12.2023,Camelids,Farm animals,All prescription types,36
12.2023,Camelids,Farm animals,Single treatments farm animals,34
01.2024,All species,All animals,Dispensing on stock,14013
01.2024,All species,All animals,All prescription types,124556
01.2024,All species,All animals,Single treatments companion animals,49478
01.2024,All species,All animals,Single treatments farm animals,60186
01.2024,All species,All animals,Oral group treatments,879
01.2024,Equids,All animals,All prescription types,1539
01.2024,Equids,All animals,Single treatments companion animals,1539
01.2024,Fish,All animals,All prescription types,6
01.2024,Fish,All animals,Single treatments farm animals,1
01.2024,Fish,All animals,Oral group treatments,5
01.2024,Poultry,All animals,Dispensing on stock,4
01.2024,Poultry,All animals,All prescription types,67
01.2024,Poultry,All animals,Single treatments farm animals,4
01.2024,Poultry,All animals,Oral group treatments,59
01.2024,Dogs,All animals,All prescription types,18839
01.2024,Dogs,All animals,Single treatments companion animals,18839
01.2024,Rabbits,All animals,Dispensing on stock,14
01.2024,Rabbits,All animals,All prescription types,19
01.2024,Rabbits,All animals,Single treatments farm animals,5
01.2024,Cats,All animals,All prescription types,26683
01.2024,Cats,All animals,Single treatments companion animals,26683
01.2024,Cattle,All animals,Dispensing on stock,12122
01.2024,Cattle,All animals,All prescription types,70307
01.2024,Cattle,All animals,Single treatments farm animals,57490
01.2024,Cattle,All animals,Oral group treatments,695
01.2024,Sheep,All animals,Dispensing on stock,232
01.2024,Sheep,All animals,All prescription types,1695
01.2024,Sheep,All animals,Single treatments farm animals,1463
01.2024,Pigs,All animals,Dispensing on stock,1554
01.2024,Pigs,All animals,All prescription types,2060
01.2024,Pigs,All animals,Single treatments farm animals,390
01.2024,Pigs,All animals,Oral group treatments,116
01.2024,Animal species nZO,All animals,All prescription types,2417
01.2024,Animal species nZO,All animals,Single treatments companion animals,2417
01.2024,Goats,All animals,Dispensing on stock,87
01.2024,Goats,All animals,All prescription types,853
01.2024,Goats,All animals,Single treatments farm animals,762
01.2024,Goats,All animals,Oral group treatments,4
01.2024,All species,Pets,All prescription types,49478
01.2024,All species,Pets,Single treatments companion animals,49478
01.2024,Equids,Pets,All prescription types,1539
01.2024,Equids,Pets,Single treatments companion animals,1539
01.2024,Dogs,Pets,All prescription types,18839
01.2024,Dogs,Pets,Single treatments companion animals,18839
01.2024,Cats,Pets,All prescription types,26683
01.2024,Cats,Pets,Single treatments companion animals,26683
01.2024,Animal species nZO,Pets,All prescription types,2417
01.2024,Animal species nZO,Pets,Single treatments companion animals,2417
01.2024,All species,Farm animals,Dispensing on stock,14013
01.2024,All species,Farm animals,All prescription types,75078
01.2024,All species,Farm animals,Single treatments farm animals,60186
01.2024,All species,Farm animals,Oral group treatments,879
01.2024,Fish,Farm animals,All prescription types,6
01.2024,Fish,Farm animals,Single treatments farm animals,1
01.2024,Fish,Farm animals,Oral group treatments,5
01.2024,Poultry,Farm animals,Dispensing on stock,4
01.2024,Poultry,Farm animals,All prescription types,67
01.2024,Poultry,Farm animals,Single treatments farm animals,4
01.2024,Poultry,Farm animals,Oral group treatments,59
01.2024,Rabbits,Farm animals,Dispensing on stock,14
01.2024,Rabbits,Farm animals,All prescription types,19
01.2024,Rabbits,Farm animals,Single treatments farm animals,5
01.2024,Cattle,Farm animals,Dispensing on stock,12122
01.2024,Cattle,Farm animals,All prescription types,70307
01.2024,Cattle,Farm animals,Single treatments farm animals,57490
01.2024,Cattle,Farm animals,Oral group treatments,695
01.2024,Sheep,Farm animals,Dispensing on stock,232
01.2024,Sheep,Farm animals,All prescription types,1695
01.2024,Sheep,Farm animals,Single treatments farm animals,1463
01.2024,Pigs,Farm animals,Dispensing on stock,1554
01.2024,Pigs,Farm animals,All prescription types,2060
01.2024,Pigs,Farm animals,Single treatments farm animals,390
01.2024,Pigs,Farm animals,Oral group treatments,116
01.2024,Goats,Farm animals,Dispensing on stock,87
01.2024,Goats,Farm animals,All prescription types,853
01.2024,Goats,Farm animals,Single treatments farm animals,762
01.2024,Goats,Farm animals,Oral group treatments,4
01.2024,Game animals,All animals,All prescription types,2
01.2024,Game animals,All animals,Single treatments farm animals,2
01.2024,Camelids,All animals,All prescription types,69
01.2024,Camelids,All animals,Single treatments farm animals,69
01.2024,Game animals,Farm animals,All prescription types,2
01.2024,Game animals,Farm animals,Single treatments farm animals,2
01.2024,Camelids,Farm animals,All prescription types,69
01.2024,Camelids,Farm animals,Single treatments farm animals,69
02.2024,All species,All animals,Dispensing on stock,12465
02.2024,All species,All animals,All prescription types,116583
02.2024,All species,All animals,Single treatments companion animals,46170
02.2024,All species,All animals,Single treatments farm animals,57202
02.2024,All species,All animals,Oral group treatments,746
02.2024,Equids,All animals,All prescription types,1527
02.2024,Equids,All animals,Single treatments companion animals,1527
02.2024,Fish,All animals,All prescription types,6
02.2024,Fish,All animals,Oral group treatments,6
02.2024,Poultry,All animals,Dispensing on stock,5
02.2024,Poultry,All animals,All prescription types,87
02.2024,Poultry,All animals,Single treatments farm animals,2
02.2024,Poultry,All animals,Oral group treatments,80
02.2024,Dogs,All animals,All prescription types,17610
02.2024,Dogs,All animals,Single treatments companion animals,17610
02.2024,Rabbits,All animals,Dispensing on stock,4
02.2024,Rabbits,All animals,All prescription types,8
02.2024,Rabbits,All animals,Single treatments farm animals,4
02.2024,Cats,All animals,All prescription types,24543
02.2024,Cats,All animals,Single treatments companion animals,24543
02.2024,Cattle,All animals,Dispensing on stock,10618
02.2024,Cattle,All animals,All prescription types,64997
02.2024,Cattle,All animals,Single treatments farm animals,53807
02.2024,Cattle,All animals,Oral group treatments,572
02.2024,Sheep,All animals,Dispensing on stock,326
02.2024,Sheep,All animals,All prescription types,2234
02.2024,Sheep,All animals,Single treatments farm animals,1905
02.2024,Sheep,All animals,Oral group treatments,3
02.2024,Pigs,All animals,Dispensing on stock,1387
02.2024,Pigs,All animals,All prescription types,1821
02.2024,Pigs,All animals,Single treatments farm animals,350
02.2024,Pigs,All animals,Oral group treatments,84
02.2024,Animal species nZO,All animals,All prescription types,2490
02.2024,Animal species nZO,All animals,Single treatments companion animals,2490
02.2024,Goats,All animals,Dispensing on stock,122
02.2024,Goats,All animals,All prescription types,1191
02.2024,Goats,All animals,Single treatments farm animals,1068
02.2024,Goats,All animals,Oral group treatments,1
02.2024,All species,Pets,All prescription types,46170
02.2024,All species,Pets,Single treatments companion animals,46170
02.2024,Equids,Pets,All prescription types,1527
02.2024,Equids,Pets,Single treatments companion animals,1527
02.2024,Dogs,Pets,All prescription types,17610
02.2024,Dogs,Pets,Single treatments companion animals,17610
02.2024,Cats,Pets,All prescription types,24543
02.2024,Cats,Pets,Single treatments companion animals,24543
02.2024,Animal species nZO,Pets,All prescription types,2490
02.2024,Animal species nZO,Pets,Single treatments companion animals,2490
02.2024,All species,Farm animals,Dispensing on stock,12465
02.2024,All species,Farm animals,All prescription types,70413
02.2024,All species,Farm animals,Single treatments farm animals,57202
02.2024,All species,Farm animals,Oral group treatments,746
02.2024,Fish,Farm animals,All prescription types,6
02.2024,Fish,Farm animals,Oral group treatments,6
02.2024,Poultry,Farm animals,Dispensing on stock,5
02.2024,Poultry,Farm animals,All prescription types,87
02.2024,Poultry,Farm animals,Single treatments farm animals,2
02.2024,Poultry,Farm animals,Oral group treatments,80
02.2024,Rabbits,Farm animals,Dispensing on stock,4
02.2024,Rabbits,Farm animals,All prescription types,8
02.2024,Rabbits,Farm animals,Single treatments farm animals,4
02.2024,Cattle,Farm animals,Dispensing on stock,10618
02.2024,Cattle,Farm animals,All prescription types,64997
02.2024,Cattle,Farm animals,Single treatments farm animals,53807
02.2024,Cattle,Farm animals,Oral group treatments,572
02.2024,Sheep,Farm animals,Dispensing on stock,326
02.2024,Sheep,Farm animals,All prescription types,2234
02.2024,Sheep,Farm animals,Single treatments farm animals,1905
02.2024,Sheep,Farm animals,Oral group treatments,3
02.2024,Pigs,Farm animals,Dispensing on stock,1387
02.2024,Pigs,Farm animals,All prescription types,1821
02.2024,Pigs,Farm animals,Single treatments farm animals,350
02.2024,Pigs,Farm animals,Oral group treatments,84
02.2024,Goats,Farm animals,Dispensing on stock,122
02.2024,Goats,Farm animals,All prescription types,1191
02.2024,Goats,Farm animals,Single treatments farm animals,1068
02.2024,Goats,Farm animals,Oral group treatments,1
02.2024,Game animals,All animals,All prescription types,1
02.2024,Game animals,All animals,Single treatments farm animals,1
02.2024,Camelids,All animals,Dispensing on stock,3
02.2024,Camelids,All animals,All prescription types,68
02.2024,Camelids,All animals,Single treatments farm animals,65
02.2024,Game animals,Farm animals,All prescription types,1
02.2024,Game animals,Farm animals,Single treatments farm animals,1
02.2024,Camelids,Farm animals,Dispensing on stock,3
02.2024,Camelids,Farm animals,All prescription types,68
02.2024,Camelids,Farm animals,Single treatments farm animals,65
03.2024,All species,All animals,Dispensing on stock,12416
03.2024,All species,All animals,All prescription types,116833
03.2024,All species,All animals,Single treatments companion animals,47572
03.2024,All species,All animals,Single treatments farm animals,56048
03.2024,All species,All animals,Oral group treatments,797
03.2024,Equids,All animals,All prescription types,1917
03.2024,Equids,All animals,Single treatments companion animals,1917
03.2024,Fish,All animals,All prescription types,8
03.2024,Fish,All animals,Oral group treatments,8
03.2024,Poultry,All animals,Dispensing on stock,3
03.2024,Poultry,All animals,All prescription types,64
03.2024,Poultry,All animals,Single treatments farm animals,3
03.2024,Poultry,All animals,Oral group treatments,58
03.2024,Dogs,All animals,All prescription types,18070
03.2024,Dogs,All animals,Single treatments companion animals,18070
03.2024,Rabbits,All animals,Dispensing on stock,8
03.2024,Rabbits,All animals,All prescription types,17
03.2024,Rabbits,All animals,Single treatments farm animals,9
03.2024,Cats,All animals,All prescription types,25048
03.2024,Cats,All animals,Single treatments companion animals,25048
03.2024,Cattle,All animals,Dispensing on stock,10470
03.2024,Cattle,All animals,All prescription types,63254
03.2024,Cattle,All animals,Single treatments farm animals,52174
03.2024,Cattle,All animals,Oral group treatments,610
03.2024,Sheep,All animals,Dispensing on stock,366
03.2024,Sheep,All animals,All prescription types,2565
03.2024,Sheep,All animals,Single treatments farm animals,2197
03.2024,Sheep,All animals,Oral group treatments,2
03.2024,Pigs,All animals,Dispensing on stock,1473
03.2024,Pigs,All animals,All prescription types,1983
03.2024,Pigs,All animals,Single treatments farm animals,392
03.2024,Pigs,All animals,Oral group treatments,118
03.2024,Animal species nZO,All animals,All prescription types,2537
03.2024,Animal species nZO,All animals,Single treatments companion animals,2537
03.2024,Goats,All animals,Dispensing on stock,94
03.2024,Goats,All animals,All prescription types,1306
03.2024,Goats,All animals,Single treatments farm animals,1211
03.2024,Goats,All animals,Oral group treatments,1
03.2024,All species,Pets,All prescription types,47572
03.2024,All species,Pets,Single treatments companion animals,47572
03.2024,Equids,Pets,All prescription types,1917
03.2024,Equids,Pets,Single treatments companion animals,1917
03.2024,Dogs,Pets,All prescription types,18070
03.2024,Dogs,Pets,Single treatments companion animals,18070
03.2024,Cats,Pets,All prescription types,25048
03.2024,Cats,Pets,Single treatments companion animals,25048
03.2024,Animal species nZO,Pets,All prescription types,2537
03.2024,Animal species nZO,Pets,Single treatments companion animals,2537
03.2024,All species,Farm animals,Dispensing on stock,12416
03.2024,All species,Farm animals,All prescription types,69261
03.2024,All species,Farm animals,Single treatments farm animals,56048
03.2024,All species,Farm animals,Oral group treatments,797
03.2024,Fish,Farm animals,All prescription types,8
03.2024,Fish,Farm animals,Oral group treatments,8
03.2024,Poultry,Farm animals,Dispensing on stock,3
03.2024,Poultry,Farm animals,All prescription types,64
03.2024,Poultry,Farm animals,Single treatments farm animals,3
03.2024,Poultry,Farm animals,Oral group treatments,58
03.2024,Rabbits,Farm animals,Dispensing on stock,8
03.2024,Rabbits,Farm animals,All prescription types,17
03.2024,Rabbits,Farm animals,Single treatments farm animals,9
03.2024,Cattle,Farm animals,Dispensing on stock,10470
03.2024,Cattle,Farm animals,All prescription types,63254
03.2024,Cattle,Farm animals,Single treatments farm animals,52174
03.2024,Cattle,Farm animals,Oral group treatments,610
03.2024,Sheep,Farm animals,Dispensing on stock,366
03.2024,Sheep,Farm animals,All prescription types,2565
03.2024,Sheep,Farm animals,Single treatments farm animals,2197
03.2024,Sheep,Farm animals,Oral group treatments,2
03.2024,Pigs,Farm animals,Dispensing on stock,1473
03.2024,Pigs,Farm animals,All prescription types,1983
03.2024,Pigs,Farm animals,Single treatments farm animals,392
03.2024,Pigs,Farm animals,Oral group treatments,118
03.2024,Goats,Farm animals,Dispensing on stock,94
03.2024,Goats,Farm animals,All prescription types,1306
03.2024,Goats,Farm animals,Single treatments farm animals,1211
03.2024,Goats,Farm animals,Oral group treatments,1
03.2024,Game animals,All animals,Dispensing on stock,1
03.2024,Game animals,All animals,All prescription types,4
03.2024,Game animals,All animals,Single treatments farm animals,3
03.2024,Camelids,All animals,Dispensing on stock,1
03.2024,Camelids,All animals,All prescription types,60
03.2024,Camelids,All animals,Single treatments farm animals,59
03.2024,Game animals,Farm animals,Dispensing on stock,1
03.2024,Game animals,Farm animals,All prescription types,4
03.2024,Game animals,Farm animals,Single treatments farm animals,3
03.2024,Camelids,Farm animals,Dispensing on stock,1
03.2024,Camelids,Farm animals,All prescription types,60
03.2024,Camelids,Farm animals,Single treatments farm animals,59
04.2024,All species,All animals,Dispensing on stock,12008
04.2024,All species,All animals,All prescription types,112234
04.2024,All species,All animals,Single treatments companion animals,47939
04.2024,All species,All animals,Single treatments farm animals,51614
04.2024,All species,All animals,Oral group treatments,673
04.2024,Equids,All animals,All prescription types,2010
04.2024,Equids,All animals,Single treatments companion animals,2010
04.2024,Fish,All animals,All prescription types,10
04.2024,Fish,All animals,Oral group treatments,10
04.2024,Poultry,All animals,Dispensing on stock,6
04.2024,Poultry,All animals,All prescription types,56
04.2024,Poultry,All animals,Single treatments farm animals,6
04.2024,Poultry,All animals,Oral group treatments,44
04.2024,Dogs,All animals,All prescription types,18655
04.2024,Dogs,All animals,Single treatments companion animals,18655
04.2024,Rabbits,All animals,Dispensing on stock,9
04.2024,Rabbits,All animals,All prescription types,14
04.2024,Rabbits,All animals,Single treatments farm animals,5
04.2024,Cats,All animals,All prescription types,24537
04.2024,Cats,All animals,Single treatments companion animals,24537
04.2024,Cattle,All animals,Dispensing on stock,10262
04.2024,Cattle,All animals,All prescription types,59289
04.2024,Cattle,All animals,Single treatments farm animals,48510
04.2024,Cattle,All animals,Oral group treatments,517
04.2024,Sheep,All animals,Dispensing on stock,280
04.2024,Sheep,All animals,All prescription types,1986
04.2024,Sheep,All animals,Single treatments farm animals,1706
04.2024,Pigs,All animals,Dispensing on stock,1362
04.2024,Pigs,All animals,All prescription types,1825
04.2024,Pigs,All animals,Single treatments farm animals,363
04.2024,Pigs,All animals,Oral group treatments,100
04.2024,Animal species nZO,All animals,All prescription types,2737
04.2024,Animal species nZO,All animals,Single treatments companion animals,2737
04.2024,Goats,All animals,Dispensing on stock,88
04.2024,Goats,All animals,All prescription types,1039
04.2024,Goats,All animals,Single treatments farm animals,949
04.2024,Goats,All animals,Oral group treatments,2
04.2024,All species,Pets,All prescription types,47939
04.2024,All species,Pets,Single treatments companion animals,47939
04.2024,Equids,Pets,All prescription types,2010
04.2024,Equids,Pets,Single treatments companion animals,2010
04.2024,Dogs,Pets,All prescription types,18655
04.2024,Dogs,Pets,Single treatments companion animals,18655
04.2024,Cats,Pets,All prescription types,24537
04.2024,Cats,Pets,Single treatments companion animals,24537
04.2024,Animal species nZO,Pets,All prescription types,2737
04.2024,Animal species nZO,Pets,Single treatments companion animals,2737
04.2024,All species,Farm animals,Dispensing on stock,12008
04.2024,All species,Farm animals,All prescription types,64295
04.2024,All species,Farm animals,Single treatments farm animals,51614
04.2024,All species,Farm animals,Oral group treatments,673
04.2024,Fish,Farm animals,All prescription types,10
04.2024,Fish,Farm animals,Oral group treatments,10
04.2024,Poultry,Farm animals,Dispensing on stock,6
04.2024,Poultry,Farm animals,All prescription types,56
04.2024,Poultry,Farm animals,Single treatments farm animals,6
04.2024,Poultry,Farm animals,Oral group treatments,44
04.2024,Rabbits,Farm animals,Dispensing on stock,9
04.2024,Rabbits,Farm animals,All prescription types,14
04.2024,Rabbits,Farm animals,Single treatments farm animals,5
04.2024,Cattle,Farm animals,Dispensing on stock,10262
04.2024,Cattle,Farm animals,All prescription types,59289
04.2024,Cattle,Farm animals,Single treatments farm animals,48510
04.2024,Cattle,Farm animals,Oral group treatments,517
04.2024,Sheep,Farm animals,Dispensing on stock,280
04.2024,Sheep,Farm animals,All prescription types,1986
04.2024,Sheep,Farm animals,Single treatments farm animals,1706
04.2024,Pigs,Farm animals,Dispensing on stock,1362
04.2024,Pigs,Farm animals,All prescription types,1825
04.2024,Pigs,Farm animals,Single treatments farm animals,363
04.2024,Pigs,Farm animals,Oral group treatments,100
04.2024,Goats,Farm animals,Dispensing on stock,88
04.2024,Goats,Farm animals,All prescription types,1039
04.2024,Goats,Farm animals,Single treatments farm animals,949
04.2024,Goats,Farm animals,Oral group treatments,2
04.2024,Camelids,All animals,Dispensing on stock,1
04.2024,Camelids,All animals,All prescription types,76
04.2024,Camelids,All animals,Single treatments farm animals,75
04.2024,Camelids,Farm animals,Dispensing on stock,1
04.2024,Camelids,Farm animals,All prescription types,76
04.2024,Camelids,Farm animals,Single treatments farm animals,75
05.2024,All species,All animals,Dispensing on stock,12419
05.2024,All species,All animals,All prescription types,116537
05.2024,All species,All animals,Single treatments companion animals,50278
05.2024,All species,All animals,Single treatments farm animals,53132
05.2024,All species,All animals,Oral group treatments,708
05.2024,Equids,All animals,All prescription types,2345
05.2024,Equids,All animals,Single treatments companion animals,2345
05.2024,Fish,All animals,All prescription types,17
05.2024,Fish,All animals,Oral group treatments,17
05.2024,Poultry,All animals,Dispensing on stock,4
05.2024,Poultry,All animals,All prescription types,95
05.2024,Poultry,All animals,Single treatments farm animals,8
05.2024,Poultry,All animals,Oral group treatments,83
05.2024,Dogs,All animals,All prescription types,19349
05.2024,Dogs,All animals,Single treatments companion animals,19349
05.2024,Rabbits,All animals,Dispensing on stock,11
05.2024,Rabbits,All animals,All prescription types,15
05.2024,Rabbits,All animals,Single treatments farm animals,4
05.2024,Cats,All animals,All prescription types,25787
05.2024,Cats,All animals,Single treatments companion animals,25787
05.2024,Cattle,All animals,Dispensing on stock,10584
05.2024,Cattle,All animals,All prescription types,61924
05.2024,Cattle,All animals,Single treatments farm animals,50823
05.2024,Cattle,All animals,Oral group treatments,517
05.2024,Sheep,All animals,Dispensing on stock,263
05.2024,Sheep,All animals,All prescription types,1397
05.2024,Sheep,All animals,Single treatments farm animals,1133
05.2024,Sheep,All animals,Oral group treatments,1
05.2024,Pigs,All animals,Dispensing on stock,1452
05.2024,Pigs,All animals,All prescription types,1942
05.2024,Pigs,All animals,Single treatments farm animals,401
05.2024,Pigs,All animals,Oral group treatments,89
05.2024,Animal species nZO,All animals,All prescription types,2797
05.2024,Animal species nZO,All animals,Single treatments companion animals,2797
05.2024,Goats,All animals,Dispensing on stock,96
05.2024,Goats,All animals,All prescription types,768
05.2024,Goats,All animals,Single treatments farm animals,671
05.2024,Goats,All animals,Oral group treatments,1
05.2024,All species,Pets,All prescription types,50278
05.2024,All species,Pets,Single treatments companion animals,50278
05.2024,Equids,Pets,All prescription types,2345
05.2024,Equids,Pets,Single treatments companion animals,2345
05.2024,Dogs,Pets,All prescription types,19349
05.2024,Dogs,Pets,Single treatments companion animals,19349
05.2024,Cats,Pets,All prescription types,25787
05.2024,Cats,Pets,Single treatments companion animals,25787
05.2024,Animal species nZO,Pets,All prescription types,2797
05.2024,Animal species nZO,Pets,Single treatments companion animals,2797
05.2024,All species,Farm animals,Dispensing on stock,12419
05.2024,All species,Farm animals,All prescription types,66259
05.2024,All species,Farm animals,Single treatments farm animals,53132
05.2024,All species,Farm animals,Oral group treatments,708
05.2024,Fish,Farm animals,All prescription types,17
05.2024,Fish,Farm animals,Oral group treatments,17
05.2024,Poultry,Farm animals,Dispensing on stock,4
05.2024,Poultry,Farm animals,All prescription types,95
05.2024,Poultry,Farm animals,Single treatments farm animals,8
05.2024,Poultry,Farm animals,Oral group treatments,83
05.2024,Rabbits,Farm animals,Dispensing on stock,11
05.2024,Rabbits,Farm animals,All prescription types,15
05.2024,Rabbits,Farm animals,Single treatments farm animals,4
05.2024,Cattle,Farm animals,Dispensing on stock,10584
05.2024,Cattle,Farm animals,All prescription types,61924
05.2024,Cattle,Farm animals,Single treatments farm animals,50823
05.2024,Cattle,Farm animals,Oral group treatments,517
05.2024,Sheep,Farm animals,Dispensing on stock,263
05.2024,Sheep,Farm animals,All prescription types,1397
05.2024,Sheep,Farm animals,Single treatments farm animals,1133
05.2024,Sheep,Farm animals,Oral group treatments,1
05.2024,Pigs,Farm animals,Dispensing on stock,1452
05.2024,Pigs,Farm animals,All prescription types,1942
05.2024,Pigs,Farm animals,Single treatments farm animals,401
05.2024,Pigs,Farm animals,Oral group treatments,89
05.2024,Goats,Farm animals,Dispensing on stock,96
05.2024,Goats,Farm animals,All prescription types,768
05.2024,Goats,Farm animals,Single treatments farm animals,671
05.2024,Goats,Farm animals,Oral group treatments,1
05.2024,Game animals,All animals,Dispensing on stock,1
05.2024,Game animals,All animals,All prescription types,3
05.2024,Game animals,All animals,Single treatments farm animals,2
05.2024,Camelids,All animals,Dispensing on stock,8
05.2024,Camelids,All animals,All prescription types,98
05.2024,Camelids,All animals,Single treatments farm animals,90
05.2024,Game animals,Farm animals,Dispensing on stock,1
05.2024,Game animals,Farm animals,All prescription types,3
05.2024,Game animals,Farm animals,Single treatments farm animals,2
05.2024,Camelids,Farm animals,Dispensing on stock,8
05.2024,Camelids,Farm animals,All prescription types,98
05.2024,Camelids,Farm animals,Single treatments farm animals,90
06.2024,All species,All animals,Dispensing on stock,12402
06.2024,All species,All animals,All prescription types,111410
06.2024,All species,All animals,Single treatments companion animals,47782
06.2024,All species,All animals,Single treatments farm animals,50687
06.2024,All species,All animals,Oral group treatments,539
06.2024,Equids,All animals,All prescription types,2238
06.2024,Equids,All animals,Single treatments companion animals,2238
06.2024,Fish,All animals,All prescription types,16
06.2024,Fish,All animals,Oral group treatments,16
06.2024,Poultry,All animals,Dispensing on stock,4
06.2024,Poultry,All animals,All prescription types,48
06.2024,Poultry,All animals,Single treatments farm animals,3
06.2024,Poultry,All animals,Oral group treatments,41
06.2024,Dogs,All animals,All prescription types,19130
06.2024,Dogs,All animals,Single treatments companion animals,19130
06.2024,Rabbits,All animals,Dispensing on stock,12
06.2024,Rabbits,All animals,All prescription types,13
06.2024,Rabbits,All animals,Oral group treatments,1
06.2024,Cats,All animals,All prescription types,23709
06.2024,Cats,All animals,Single treatments companion animals,23709
06.2024,Cattle,All animals,Dispensing on stock,10800
06.2024,Cattle,All animals,All prescription types,60170
06.2024,Cattle,All animals,Single treatments farm animals,48968
06.2024,Cattle,All animals,Oral group treatments,402
06.2024,Sheep,All animals,Dispensing on stock,298
06.2024,Sheep,All animals,All prescription types,979
06.2024,Sheep,All animals,Single treatments farm animals,681
06.2024,Pigs,All animals,Dispensing on stock,1204
06.2024,Pigs,All animals,All prescription types,1674
06.2024,Pigs,All animals,Single treatments farm animals,392
06.2024,Pigs,All animals,Oral group treatments,78
06.2024,Animal species nZO,All animals,All prescription types,2705
06.2024,Animal species nZO,All animals,Single treatments companion animals,2705
06.2024,Goats,All animals,Dispensing on stock,80
06.2024,Goats,All animals,All prescription types,608
06.2024,Goats,All animals,Single treatments farm animals,527
06.2024,Goats,All animals,Oral group treatments,1
06.2024,All species,Pets,All prescription types,47782
06.2024,All species,Pets,Single treatments companion animals,47782
06.2024,Equids,Pets,All prescription types,2238
06.2024,Equids,Pets,Single treatments companion animals,2238
06.2024,Dogs,Pets,All prescription types,19130
06.2024,Dogs,Pets,Single treatments companion animals,19130
06.2024,Cats,Pets,All prescription types,23709
06.2024,Cats,Pets,Single treatments companion animals,23709
06.2024,Animal species nZO,Pets,All prescription types,2705
06.2024,Animal species nZO,Pets,Single treatments companion animals,2705
06.2024,All species,Farm animals,Dispensing on stock,12402
06.2024,All species,Farm animals,All prescription types,63628
06.2024,All species,Farm animals,Single treatments farm animals,50687
06.2024,All species,Farm animals,Oral group treatments,539
06.2024,Fish,Farm animals,All prescription types,16
06.2024,Fish,Farm animals,Oral group treatments,16
06.2024,Poultry,Farm animals,Dispensing on stock,4
06.2024,Poultry,Farm animals,All prescription types,48
06.2024,Poultry,Farm animals,Single treatments farm animals,3
06.2024,Poultry,Farm animals,Oral group treatments,41
06.2024,Rabbits,Farm animals,Dispensing on stock,12
06.2024,Rabbits,Farm animals,All prescription types,13
06.2024,Rabbits,Farm animals,Oral group treatments,1
06.2024,Cattle,Farm animals,Dispensing on stock,10800
06.2024,Cattle,Farm animals,All prescription types,60170
06.2024,Cattle,Farm animals,Single treatments farm animals,48968
06.2024,Cattle,Farm animals,Oral group treatments,402
06.2024,Sheep,Farm animals,Dispensing on stock,298
06.2024,Sheep,Farm animals,All prescription types,979
06.2024,Sheep,Farm animals,Single treatments farm animals,681
06.2024,Pigs,Farm animals,Dispensing on stock,1204
06.2024,Pigs,Farm animals,All prescription types,1674
06.2024,Pigs,Farm animals,Single treatments farm animals,392
06.2024,Pigs,Farm animals,Oral group treatments,78
06.2024,Goats,Farm animals,Dispensing on stock,80
06.2024,Goats,Farm animals,All prescription types,608
06.2024,Goats,Farm animals,Single treatments farm animals,527
06.2024,Goats,Farm animals,Oral group treatments,1
06.2024,Game animals,All animals,All prescription types,5
06.2024,Game animals,All animals,Single treatments farm animals,5
06.2024,Camelids,All animals,Dispensing on stock,4
06.2024,Camelids,All animals,All prescription types,115
06.2024,Camelids,All animals,Single treatments farm animals,111
06.2024,Game animals,Farm animals,All prescription types,5
06.2024,Game animals,Farm animals,Single treatments farm animals,5
06.2024,Camelids,Farm animals,Dispensing on stock,4
06.2024,Camelids,Farm animals,All prescription types,115
06.2024,Camelids,Farm animals,Single treatments farm animals,111
07.2024,All species,All animals,Dispensing on stock,14222
07.2024,All species,All animals,All prescription types,125613
07.2024,All species,All animals,Single treatments companion animals,50444
07.2024,All species,All animals,Single treatments farm animals,60390
07.2024,All species,All animals,Oral group treatments,557
07.2024,Equids,All animals,All prescription types,2114
07.2024,Equids,All animals,Single treatments companion animals,2114
07.2024,Fish,All animals,Dispensing on stock,1
07.2024,Fish,All animals,All prescription types,16
07.2024,Fish,All animals,Oral group treatments,15
07.2024,Poultry,All animals,Dispensing on stock,8
07.2024,Poultry,All animals,All prescription types,50
07.2024,Poultry,All animals,Single treatments farm animals,2
07.2024,Poultry,All animals,Oral group treatments,40
07.2024,Dogs,All animals,All prescription types,20513
07.2024,Dogs,All animals,Single treatments companion animals,20513
07.2024,Rabbits,All animals,Dispensing on stock,8
07.2024,Rabbits,All animals,All prescription types,13
07.2024,Rabbits,All animals,Single treatments farm animals,5
07.2024,Cats,All animals,All prescription types,25074
07.2024,Cats,All animals,Single treatments companion animals,25074
07.2024,Cattle,All animals,Dispensing on stock,12341
07.2024,Cattle,All animals,All prescription types,71189
07.2024,Cattle,All animals,Single treatments farm animals,58448
07.2024,Cattle,All animals,Oral group treatments,400
07.2024,Sheep,All animals,Dispensing on stock,273
07.2024,Sheep,All animals,All prescription types,1011
07.2024,Sheep,All animals,Single treatments farm animals,738
07.2024,Pigs,All animals,Dispensing on stock,1507
07.2024,Pigs,All animals,All prescription types,2114
07.2024,Pigs,All animals,Single treatments farm animals,506
07.2024,Pigs,All animals,Oral group treatments,101
07.2024,Animal species nZO,All animals,All prescription types,2743
07.2024,Animal species nZO,All animals,Single treatments companion animals,2743
07.2024,Goats,All animals,Dispensing on stock,80
07.2024,Goats,All animals,All prescription types,659
07.2024,Goats,All animals,Single treatments farm animals,578
07.2024,Goats,All animals,Oral group treatments,1
07.2024,All species,Pets,All prescription types,50444
07.2024,All species,Pets,Single treatments companion animals,50444
07.2024,Equids,Pets,All prescription types,2114
07.2024,Equids,Pets,Single treatments companion animals,2114
07.2024,Dogs,Pets,All prescription types,20513
07.2024,Dogs,Pets,Single treatments companion animals,20513
07.2024,Cats,Pets,All prescription types,25074
07.2024,Cats,Pets,Single treatments companion animals,25074
07.2024,Animal species nZO,Pets,All prescription types,2743
07.2024,Animal species nZO,Pets,Single treatments companion animals,2743
07.2024,All species,Farm animals,Dispensing on stock,14222
07.2024,All species,Farm animals,All prescription types,75169
07.2024,All species,Farm animals,Single treatments farm animals,60390
07.2024,All species,Farm animals,Oral group treatments,557
07.2024,Fish,Farm animals,Dispensing on stock,1
07.2024,Fish,Farm animals,All prescription types,16
07.2024,Fish,Farm animals,Oral group treatments,15
07.2024,Poultry,Farm animals,Dispensing on stock,8
07.2024,Poultry,Farm animals,All prescription types,50
07.2024,Poultry,Farm animals,Single treatments farm animals,2
07.2024,Poultry,Farm animals,Oral group treatments,40
07.2024,Rabbits,Farm animals,Dispensing on stock,8
07.2024,Rabbits,Farm animals,All prescription types,13
07.2024,Rabbits,Farm animals,Single treatments farm animals,5
07.2024,Cattle,Farm animals,Dispensing on stock,12341
07.2024,Cattle,Farm animals,All prescription types,71189
07.2024,Cattle,Farm animals,Single treatments farm animals,58448
07.2024,Cattle,Farm animals,Oral group treatments,400
07.2024,Sheep,Farm animals,Dispensing on stock,273
07.2024,Sheep,Farm animals,All prescription types,1011
07.2024,Sheep,Farm animals,Single treatments farm animals,738
07.2024,Pigs,Farm animals,Dispensing on stock,1507
07.2024,Pigs,Farm animals,All prescription types,2114
07.2024,Pigs,Farm animals,Single treatments farm animals,506
07.2024,Pigs,Farm animals,Oral group treatments,101
07.2024,Goats,Farm animals,Dispensing on stock,80
07.2024,Goats,Farm animals,All prescription types,659
07.2024,Goats,Farm animals,Single treatments farm animals,578
07.2024,Goats,Farm animals,Oral group treatments,1
07.2024,Game animals,All animals,All prescription types,2
07.2024,Game animals,All animals,Single treatments farm animals,2
07.2024,Camelids,All animals,Dispensing on stock,4
07.2024,Camelids,All animals,All prescription types,115
07.2024,Camelids,All animals,Single treatments farm animals,111
07.2024,Game animals,Farm animals,All prescription types,2
07.2024,Game animals,Farm animals,Single treatments farm animals,2
07.2024,Camelids,Farm animals,Dispensing on stock,4
07.2024,Camelids,Farm animals,All prescription types,115
07.2024,Camelids,Farm animals,Single treatments farm animals,111
08.2024,All species,All animals,Dispensing on stock,13557
08.2024,All species,All animals,All prescription types,124282
08.2024,All species,All animals,Single treatments companion animals,48118
08.2024,All species,All animals,Single treatments farm animals,62013
08.2024,All species,All animals,Oral group treatments,594
08.2024,Equids,All animals,All prescription types,1793
08.2024,Equids,All animals,Single treatments companion animals,1793
08.2024,Fish,All animals,All prescription types,6
08.2024,Fish,All animals,Oral group treatments,6
08.2024,Poultry,All animals,Dispensing on stock,3
08.2024,Poultry,All animals,All prescription types,35
08.2024,Poultry,All animals,Single treatments farm animals,4
08.2024,Poultry,All animals,Oral group treatments,28
08.2024,Dogs,All animals,All prescription types,19463
08.2024,Dogs,All animals,Single treatments companion animals,19463
08.2024,Rabbits,All animals,Dispensing on stock,11
08.2024,Rabbits,All animals,All prescription types,12
08.2024,Rabbits,All animals,Single treatments farm animals,1
08.2024,Cats,All animals,All prescription types,24095
08.2024,Cats,All animals,Single treatments companion animals,24095
08.2024,Cattle,All animals,Dispensing on stock,11849
08.2024,Cattle,All animals,All prescription types,72603
08.2024,Cattle,All animals,Single treatments farm animals,60287
08.2024,Cattle,All animals,Oral group treatments,467
08.2024,Sheep,All animals,Dispensing on stock,215
08.2024,Sheep,All animals,All prescription types,942
08.2024,Sheep,All animals,Single treatments farm animals,727
08.2024,Pigs,All animals,Dispensing on stock,1400
08.2024,Pigs,All animals,All prescription types,1968
08.2024,Pigs,All animals,Single treatments farm animals,475
08.2024,Pigs,All animals,Oral group treatments,93
08.2024,Animal species nZO,All animals,All prescription types,2767
08.2024,Animal species nZO,All animals,Single treatments companion animals,2767
08.2024,Goats,All animals,Dispensing on stock,76
08.2024,Goats,All animals,All prescription types,523
08.2024,Goats,All animals,Single treatments farm animals,447
08.2024,All species,Pets,All prescription types,48118
08.2024,All species,Pets,Single treatments companion animals,48118
08.2024,Equids,Pets,All prescription types,1793
08.2024,Equids,Pets,Single treatments companion animals,1793
08.2024,Dogs,Pets,All prescription types,19463
08.2024,Dogs,Pets,Single treatments companion animals,19463
08.2024,Cats,Pets,All prescription types,24095
08.2024,Cats,Pets,Single treatments companion animals,24095
08.2024,Animal species nZO,Pets,All prescription types,2767
08.2024,Animal species nZO,Pets,Single treatments companion animals,2767
08.2024,All species,Farm animals,Dispensing on stock,13557
08.2024,All species,Farm animals,All prescription types,76164
08.2024,All species,Farm animals,Single treatments farm animals,62013
08.2024,All species,Farm animals,Oral group treatments,594
08.2024,Fish,Farm animals,All prescription types,6
08.2024,Fish,Farm animals,Oral group treatments,6
08.2024,Poultry,Farm animals,Dispensing on stock,3
08.2024,Poultry,Farm animals,All prescription types,35
08.2024,Poultry,Farm animals,Single treatments farm animals,4
08.2024,Poultry,Farm animals,Oral group treatments,28
08.2024,Rabbits,Farm animals,Dispensing on stock,11
08.2024,Rabbits,Farm animals,All prescription types,12
08.2024,Rabbits,Farm animals,Single treatments farm animals,1
08.2024,Cattle,Farm animals,Dispensing on stock,11849
08.2024,Cattle,Farm animals,All prescription types,72603
08.2024,Cattle,Farm animals,Single treatments farm animals,60287
08.2024,Cattle,Farm animals,Oral group treatments,467
08.2024,Sheep,Farm animals,Dispensing on stock,215
08.2024,Sheep,Farm animals,All prescription types,942
08.2024,Sheep,Farm animals,Single treatments farm animals,727
08.2024,Pigs,Farm animals,Dispensing on stock,1400
08.2024,Pigs,Farm animals,All prescription types,1968
08.2024,Pigs,Farm animals,Single treatments farm animals,475
08.2024,Pigs,Farm animals,Oral group treatments,93
08.2024,Goats,Farm animals,Dispensing on stock,76
08.2024,Goats,Farm animals,All prescription types,523
08.2024,Goats,Farm animals,Single treatments farm animals,447
08.2024,Game animals,All animals,All prescription types,3
08.2024,Game animals,All animals,Single treatments farm animals,3
08.2024,Camelids,All animals,Dispensing on stock,3
08.2024,Camelids,All animals,All prescription types,72
08.2024,Camelids,All animals,Single treatments farm animals,69
08.2024,Game animals,Farm animals,All prescription types,3
08.2024,Game animals,Farm animals,Single treatments farm animals,3
08.2024,Camelids,Farm animals,Dispensing on stock,3
08.2024,Camelids,Farm animals,All prescription types,72
08.2024,Camelids,Farm animals,Single treatments farm animals,69
09.2024,All species,All animals,Dispensing on stock,14504
09.2024,All species,All animals,All prescription types,129587
09.2024,All species,All animals,Single treatments companion animals,47473
09.2024,All species,All animals,Single treatments farm animals,66924
09.2024,All species,All animals,Oral group treatments,686
09.2024,Equids,All animals,All prescription types,2084
09.2024,Equids,All animals,Single treatments companion animals,2084
09.2024,Fish,All animals,Dispensing on stock,1
09.2024,Fish,All animals,All prescription types,7
09.2024,Fish,All animals,Oral group treatments,6
09.2024,Poultry,All animals,All prescription types,56
09.2024,Poultry,All animals,Single treatments farm animals,3
09.2024,Poultry,All animals,Oral group treatments,53
09.2024,Dogs,All animals,All prescription types,17808
09.2024,Dogs,All animals,Single treatments companion animals,17808
09.2024,Rabbits,All animals,Dispensing on stock,11
09.2024,Rabbits,All animals,All prescription types,13
09.2024,Rabbits,All animals,Single treatments farm animals,2
09.2024,Cats,All animals,All prescription types,24877
09.2024,Cats,All animals,Single treatments companion animals,24877
09.2024,Cattle,All animals,Dispensing on stock,12648
09.2024,Cattle,All animals,All prescription types,77485
09.2024,Cattle,All animals,Single treatments farm animals,64334
09.2024,Cattle,All animals,Oral group treatments,503
09.2024,Sheep,All animals,Dispensing on stock,306
09.2024,Sheep,All animals,All prescription types,1904
09.2024,Sheep,All animals,Single treatments farm animals,1598
09.2024,Pigs,All animals,Dispensing on stock,1471
09.2024,Pigs,All animals,All prescription types,2026
09.2024,Pigs,All animals,Single treatments farm animals,432
09.2024,Pigs,All animals,Oral group treatments,123
09.2024,Animal species nZO,All animals,All prescription types,2704
09.2024,Animal species nZO,All animals,Single treatments companion animals,2704
09.2024,Goats,All animals,Dispensing on stock,62
09.2024,Goats,All animals,All prescription types,541
09.2024,Goats,All animals,Single treatments farm animals,478
09.2024,Goats,All animals,Oral group treatments,1
09.2024,All species,Pets,All prescription types,47473
09.2024,All species,Pets,Single treatments companion animals,47473
09.2024,Equids,Pets,All prescription types,2084
09.2024,Equids,Pets,Single treatments companion animals,2084
09.2024,Dogs,Pets,All prescription types,17808
09.2024,Dogs,Pets,Single treatments companion animals,17808
09.2024,Cats,Pets,All prescription types,24877
09.2024,Cats,Pets,Single treatments companion animals,24877
09.2024,Animal species nZO,Pets,All prescription types,2704
09.2024,Animal species nZO,Pets,Single treatments companion animals,2704
09.2024,All species,Farm animals,Dispensing on stock,14504
09.2024,All species,Farm animals,All prescription types,82114
09.2024,All species,Farm animals,Single treatments farm animals,66924
09.2024,All species,Farm animals,Oral group treatments,686
09.2024,Fish,Farm animals,Dispensing on stock,1
09.2024,Fish,Farm animals,All prescription types,7
09.2024,Fish,Farm animals,Oral group treatments,6
09.2024,Poultry,Farm animals,All prescription types,56
09.2024,Poultry,Farm animals,Single treatments farm animals,3
09.2024,Poultry,Farm animals,Oral group treatments,53
09.2024,Rabbits,Farm animals,Dispensing on stock,11
09.2024,Rabbits,Farm animals,All prescription types,13
09.2024,Rabbits,Farm animals,Single treatments farm animals,2
09.2024,Cattle,Farm animals,Dispensing on stock,12648
09.2024,Cattle,Farm animals,All prescription types,77485
09.2024,Cattle,Farm animals,Single treatments farm animals,64334
09.2024,Cattle,Farm animals,Oral group treatments,503
09.2024,Sheep,Farm animals,Dispensing on stock,306
09.2024,Sheep,Farm animals,All prescription types,1904
09.2024,Sheep,Farm animals,Single treatments farm animals,1598
09.2024,Pigs,Farm animals,Dispensing on stock,1471
09.2024,Pigs,Farm animals,All prescription types,2026
09.2024,Pigs,Farm animals,Single treatments farm animals,432
09.2024,Pigs,Farm animals,Oral group treatments,123
09.2024,Goats,Farm animals,Dispensing on stock,62
09.2024,Goats,Farm animals,All prescription types,541
09.2024,Goats,Farm animals,Single treatments farm animals,478
09.2024,Goats,Farm animals,Oral group treatments,1
09.2024,Game animals,All animals,All prescription types,1
09.2024,Game animals,All animals,Single treatments farm animals,1
09.2024,Camelids,All animals,Dispensing on stock,5
09.2024,Camelids,All animals,All prescription types,81
09.2024,Camelids,All animals,Single treatments farm animals,76
09.2024,Game animals,Farm animals,All prescription types,1
09.2024,Game animals,Farm animals,Single treatments farm animals,1
09.2024,Camelids,Farm animals,Dispensing on stock,5
09.2024,Camelids,Farm animals,All prescription types,81
09.2024,Camelids,Farm animals,Single treatments farm animals,76
10.2024,All species,All animals,Dispensing on stock,14684
10.2024,All species,All animals,All prescription types,135403
10.2024,All species,All animals,Single treatments companion animals,52726
10.2024,All species,All animals,Single treatments farm animals,67178
10.2024,All species,All animals,Oral group treatments,815
10.2024,Equids,All animals,All prescription types,1926
10.2024,Equids,All animals,Single treatments companion animals,1926
10.2024,Fish,All animals,All prescription types,4
10.2024,Fish,All animals,Oral group treatments,4
10.2024,Poultry,All animals,All prescription types,54
10.2024,Poultry,All animals,Single treatments farm animals,6
10.2024,Poultry,All animals,Oral group treatments,48
10.2024,Dogs,All animals,All prescription types,18899
10.2024,Dogs,All animals,Single treatments companion animals,18899
10.2024,Rabbits,All animals,Dispensing on stock,13
10.2024,Rabbits,All animals,All prescription types,14
10.2024,Rabbits,All animals,Single treatments farm animals,1
10.2024,Cats,All animals,All prescription types,29193
10.2024,Cats,All animals,Single treatments companion animals,29193
10.2024,Cattle,All animals,Dispensing on stock,12795
10.2024,Cattle,All animals,All prescription types,78192
10.2024,Cattle,All animals,Single treatments farm animals,64764
10.2024,Cattle,All animals,Oral group treatments,633
10.2024,Sheep,All animals,Dispensing on stock,335
10.2024,Sheep,All animals,All prescription types,1812
10.2024,Sheep,All animals,Single treatments farm animals,1477
10.2024,Pigs,All animals,Dispensing on stock,1477
10.2024,Pigs,All animals,All prescription types,2037
10.2024,Pigs,All animals,Single treatments farm animals,435
10.2024,Pigs,All animals,Oral group treatments,125
10.2024,Animal species nZO,All animals,All prescription types,2708
10.2024,Animal species nZO,All animals,Single treatments companion animals,2708
10.2024,Goats,All animals,Dispensing on stock,59
10.2024,Goats,All animals,All prescription types,504
10.2024,Goats,All animals,Single treatments farm animals,440
10.2024,Goats,All animals,Oral group treatments,5
10.2024,All species,Pets,All prescription types,52726
10.2024,All species,Pets,Single treatments companion animals,52726
10.2024,Equids,Pets,All prescription types,1926
10.2024,Equids,Pets,Single treatments companion animals,1926
10.2024,Dogs,Pets,All prescription types,18899
10.2024,Dogs,Pets,Single treatments companion animals,18899
10.2024,Cats,Pets,All prescription types,29193
10.2024,Cats,Pets,Single treatments companion animals,29193
10.2024,Animal species nZO,Pets,All prescription types,2708
10.2024,Animal species nZO,Pets,Single treatments companion animals,2708
10.2024,All species,Farm animals,Dispensing on stock,14684
10.2024,All species,Farm animals,All prescription types,82677
10.2024,All species,Farm animals,Single treatments farm animals,67178
10.2024,All species,Farm animals,Oral group treatments,815
10.2024,Fish,Farm animals,All prescription types,4
10.2024,Fish,Farm animals,Oral group treatments,4
10.2024,Poultry,Farm animals,All prescription types,54
10.2024,Poultry,Farm animals,Single treatments farm animals,6
10.2024,Poultry,Farm animals,Oral group treatments,48
10.2024,Rabbits,Farm animals,Dispensing on stock,13
10.2024,Rabbits,Farm animals,All prescription types,14
10.2024,Rabbits,Farm animals,Single treatments farm animals,1
10.2024,Cattle,Farm animals,Dispensing on stock,12795
10.2024,Cattle,Farm animals,All prescription types,78192
10.2024,Cattle,Farm animals,Single treatments farm animals,64764
10.2024,Cattle,Farm animals,Oral group treatments,633
10.2024,Sheep,Farm animals,Dispensing on stock,335
10.2024,Sheep,Farm animals,All prescription types,1812
10.2024,Sheep,Farm animals,Single treatments farm animals,1477
10.2024,Pigs,Farm animals,Dispensing on stock,1477
10.2024,Pigs,Farm animals,All prescription types,2037
10.2024,Pigs,Farm animals,Single treatments farm animals,435
10.2024,Pigs,Farm animals,Oral group treatments,125
10.2024,Goats,Farm animals,Dispensing on stock,59
10.2024,Goats,Farm animals,All prescription types,504
10.2024,Goats,Farm animals,Single treatments farm animals,440
10.2024,Goats,Farm animals,Oral group treatments,5
10.2024,Camelids,All animals,Dispensing on stock,5
10.2024,Camelids,All animals,All prescription types,60
10.2024,Camelids,All animals,Single treatments farm animals,55
10.2024,Camelids,Farm animals,Dispensing on stock,5
10.2024,Camelids,Farm animals,All prescription types,60
10.2024,Camelids,Farm animals,Single treatments farm animals,55
11.2024,All species,All animals,Dispensing on stock,13244
11.2024,All species,All animals,All prescription types,122354
11.2024,All species,All animals,Single treatments companion animals,50104
11.2024,All species,All animals,Single treatments farm animals,58198
11.2024,All species,All animals,Oral group treatments,808
11.2024,Equids,All animals,All prescription types,1757
11.2024,Equids,All animals,Single treatments companion animals,1756
11.2024,Equids,All animals,Single treatments farm animals,1
11.2024,Fish,All animals,All prescription types,1
11.2024,Fish,All animals,Oral group treatments,1
11.2024,Poultry,All animals,Dispensing on stock,2
11.2024,Poultry,All animals,All prescription types,59
11.2024,Poultry,All animals,Single treatments farm animals,4
11.2024,Poultry,All animals,Oral group treatments,53
11.2024,Dogs,All animals,All prescription types,17901
11.2024,Dogs,All animals,Single treatments companion animals,17901
11.2024,Rabbits,All animals,Dispensing on stock,9
11.2024,Rabbits,All animals,All prescription types,9
11.2024,Cats,All animals,All prescription types,28083
11.2024,Cats,All animals,Single treatments companion animals,28083
11.2024,Cattle,All animals,Dispensing on stock,11472
11.2024,Cattle,All animals,All prescription types,68404
11.2024,Cattle,All animals,Single treatments farm animals,56309
11.2024,Cattle,All animals,Oral group treatments,623
11.2024,Sheep,All animals,Dispensing on stock,254
11.2024,Sheep,All animals,All prescription types,1301
11.2024,Sheep,All animals,Single treatments farm animals,1045
11.2024,Sheep,All animals,Oral group treatments,2
11.2024,Pigs,All animals,Dispensing on stock,1460
11.2024,Pigs,All animals,All prescription types,1991
11.2024,Pigs,All animals,Single treatments farm animals,403
11.2024,Pigs,All animals,Oral group treatments,128
11.2024,Animal species nZO,All animals,All prescription types,2364
11.2024,Animal species nZO,All animals,Single treatments companion animals,2364
11.2024,Goats,All animals,Dispensing on stock,45
11.2024,Goats,All animals,All prescription types,411
11.2024,Goats,All animals,Single treatments farm animals,365
11.2024,Goats,All animals,Oral group treatments,1
11.2024,All species,Pets,All prescription types,50105
11.2024,All species,Pets,Single treatments companion animals,50104
11.2024,All species,Pets,Single treatments farm animals,1
11.2024,Equids,Pets,All prescription types,1757
11.2024,Equids,Pets,Single treatments companion animals,1756
11.2024,Equids,Pets,Single treatments farm animals,1
11.2024,Dogs,Pets,All prescription types,17901
11.2024,Dogs,Pets,Single treatments companion animals,17901
11.2024,Cats,Pets,All prescription types,28083
11.2024,Cats,Pets,Single treatments companion animals,28083
11.2024,Animal species nZO,Pets,All prescription types,2364
11.2024,Animal species nZO,Pets,Single treatments companion animals,2364
11.2024,All species,Farm animals,Dispensing on stock,13244
11.2024,All species,Farm animals,All prescription types,72249
11.2024,All species,Farm animals,Single treatments farm animals,58197
11.2024,All species,Farm animals,Oral group treatments,808
11.2024,Fish,Farm animals,All prescription types,1
11.2024,Fish,Farm animals,Oral group treatments,1
11.2024,Poultry,Farm animals,Dispensing on stock,2
11.2024,Poultry,Farm animals,All prescription types,59
11.2024,Poultry,Farm animals,Single treatments farm animals,4
11.2024,Poultry,Farm animals,Oral group treatments,53
11.2024,Rabbits,Farm animals,Dispensing on stock,9
11.2024,Rabbits,Farm animals,All prescription types,9
11.2024,Cattle,Farm animals,Dispensing on stock,11472
11.2024,Cattle,Farm animals,All prescription types,68404
11.2024,Cattle,Farm animals,Single treatments farm animals,56309
11.2024,Cattle,Farm animals,Oral group treatments,623
11.2024,Sheep,Farm animals,Dispensing on stock,254
11.2024,Sheep,Farm animals,All prescription types,1301
11.2024,Sheep,Farm animals,Single treatments farm animals,1045
11.2024,Sheep,Farm animals,Oral group treatments,2
11.2024,Pigs,Farm animals,Dispensing on stock,1460
11.2024,Pigs,Farm animals,All prescription types,1991
11.2024,Pigs,Farm animals,Single treatments farm animals,403
11.2024,Pigs,Farm animals,Oral group treatments,128
11.2024,Goats,Farm animals,Dispensing on stock,45
11.2024,Goats,Farm animals,All prescription types,411
11.2024,Goats,Farm animals,Single treatments farm animals,365
11.2024,Goats,Farm animals,Oral group treatments,1
11.2024,Game animals,All animals,All prescription types,2
11.2024,Game animals,All animals,Single treatments farm animals,2
11.2024,Camelids,All animals,Dispensing on stock,2
11.2024,Camelids,All animals,All prescription types,71
11.2024,Camelids,All animals,Single treatments farm animals,69
11.2024,Game animals,Farm animals,All prescription types,2
11.2024,Game animals,Farm animals,Single treatments farm animals,2
11.2024,Camelids,Farm animals,Dispensing on stock,2
11.2024,Camelids,Farm animals,All prescription types,71
11.2024,Camelids,Farm animals,Single treatments farm animals,69
12.2024,All species,All animals,Dispensing on stock,13960
12.2024,All species,All animals,All prescription types,121291
12.2024,All species,All animals,Single treatments companion animals,47324
12.2024,All species,All animals,Single treatments farm animals,59021
12.2024,All species,All animals,Oral group treatments,986
12.2024,Equids,All animals,All prescription types,1713
12.2024,Equids,All animals,Single treatments companion animals,1713
12.2024,Fish,All animals,All prescription types,4
12.2024,Fish,All animals,Oral group treatments,4
12.2024,Poultry,All animals,All prescription types,59
12.2024,Poultry,All animals,Single treatments farm animals,3
12.2024,Poultry,All animals,Oral group treatments,56
12.2024,Dogs,All animals,All prescription types,16706
12.2024,Dogs,All animals,Single treatments companion animals,16706
12.2024,Rabbits,All animals,Dispensing on stock,7
12.2024,Rabbits,All animals,All prescription types,7
12.2024,Cats,All animals,All prescription types,26462
12.2024,Cats,All animals,Single treatments companion animals,26462
12.2024,Cattle,All animals,Dispensing on stock,12175
12.2024,Cattle,All animals,All prescription types,70331
12.2024,Cattle,All animals,Single treatments farm animals,57361
12.2024,Cattle,All animals,Oral group treatments,795
12.2024,Sheep,All animals,Dispensing on stock,188
12.2024,Sheep,All animals,All prescription types,1069
12.2024,Sheep,All animals,Single treatments farm animals,880
12.2024,Sheep,All animals,Oral group treatments,1
12.2024,Pigs,All animals,Dispensing on stock,1540
12.2024,Pigs,All animals,All prescription types,2030
12.2024,Pigs,All animals,Single treatments farm animals,361
12.2024,Pigs,All animals,Oral group treatments,129
12.2024,Animal species nZO,All animals,All prescription types,2443
12.2024,Animal species nZO,All animals,Single treatments companion animals,2443
12.2024,Goats,All animals,Dispensing on stock,49
12.2024,Goats,All animals,All prescription types,425
12.2024,Goats,All animals,Single treatments farm animals,375
12.2024,Goats,All animals,Oral group treatments,1
12.2024,All species,Pets,All prescription types,47324
12.2024,All species,Pets,Single treatments companion animals,47324
12.2024,Equids,Pets,All prescription types,1713
12.2024,Equids,Pets,Single treatments companion animals,1713
12.2024,Dogs,Pets,All prescription types,16706
12.2024,Dogs,Pets,Single treatments companion animals,16706
12.2024,Cats,Pets,All prescription types,26462
12.2024,Cats,Pets,Single treatments companion animals,26462
12.2024,Animal species nZO,Pets,All prescription types,2443
12.2024,Animal species nZO,Pets,Single treatments companion animals,2443
12.2024,All species,Farm animals,Dispensing on stock,13960
12.2024,All species,Farm animals,All prescription types,73967
12.2024,All species,Farm animals,Single treatments farm animals,59021
12.2024,All species,Farm animals,Oral group treatments,986
12.2024,Fish,Farm animals,All prescription types,4
12.2024,Fish,Farm animals,Oral group treatments,4
12.2024,Poultry,Farm animals,All prescription types,59
12.2024,Poultry,Farm animals,Single treatments farm animals,3
12.2024,Poultry,Farm animals,Oral group treatments,56
12.2024,Rabbits,Farm animals,Dispensing on stock,7
12.2024,Rabbits,Farm animals,All prescription types,7
12.2024,Cattle,Farm animals,Dispensing on stock,12175
12.2024,Cattle,Farm animals,All prescription types,70331
12.2024,Cattle,Farm animals,Single treatments farm animals,57361
12.2024,Cattle,Farm animals,Oral group treatments,795
12.2024,Sheep,Farm animals,Dispensing on stock,188
12.2024,Sheep,Farm animals,All prescription types,1069
12.2024,Sheep,Farm animals,Single treatments farm animals,880
12.2024,Sheep,Farm animals,Oral group treatments,1
12.2024,Pigs,Farm animals,Dispensing on stock,1540
12.2024,Pigs,Farm animals,All prescription types,2030
12.2024,Pigs,Farm animals,Single treatments farm animals,361
12.2024,Pigs,Farm animals,Oral group treatments,129
12.2024,Goats,Farm animals,Dispensing on stock,49
12.2024,Goats,Farm animals,All prescription types,425
12.2024,Goats,Farm animals,Single treatments farm animals,375
12.2024,Goats,Farm animals,Oral group treatments,1
12.2024,Camelids,All animals,Dispensing on stock,1
12.2024,Camelids,All animals,All prescription types,42
12.2024,Camelids,All animals,Single treatments farm animals,41
12.2024,Camelids,Farm animals,Dispensing on stock,1
12.2024,Camelids,Farm animals,All prescription types,42
12.2024,Camelids,Farm animals,Single treatments farm animals,41
01.2025,All species,All animals,Dispensing on stock,12661
01.2025,All species,All animals,All prescription types,117552
01.2025,All species,All animals,Single treatments companion animals,47780
01.2025,All species,All animals,Single treatments farm animals,56216
01.2025,All species,All animals,Oral group treatments,895
01.2025,Equids,All animals,All prescription types,1617
01.2025,Equids,All animals,Single treatments companion animals,1617
01.2025,Fish,All animals,All prescription types,5
01.2025,Fish,All animals,Oral group treatments,5
01.2025,Poultry,All animals,Dispensing on stock,2
01.2025,Poultry,All animals,All prescription types,62
01.2025,Poultry,All animals,Single treatments farm animals,9
01.2025,Poultry,All animals,Oral group treatments,51
01.2025,Dogs,All animals,All prescription types,17519
01.2025,Dogs,All animals,Single treatments companion animals,17519
01.2025,Camelids,All animals,Dispensing on stock,5
01.2025,Camelids,All animals,All prescription types,47
01.2025,Camelids,All animals,Single treatments farm animals,42
01.2025,Rabbits,All animals,Dispensing on stock,5
01.2025,Rabbits,All animals,All prescription types,12
01.2025,Rabbits,All animals,Single treatments farm animals,6
01.2025,Rabbits,All animals,Oral group treatments,1
01.2025,Cats,All animals,All prescription types,25974
01.2025,Cats,All animals,Single treatments companion animals,25974
01.2025,Cattle,All animals,Dispensing on stock,10873
01.2025,Cattle,All animals,All prescription types,65339
01.2025,Cattle,All animals,Single treatments farm animals,53755
01.2025,Cattle,All animals,Oral group treatments,711
01.2025,Sheep,All animals,Dispensing on stock,219
01.2025,Sheep,All animals,All prescription types,1450
01.2025,Sheep,All animals,Single treatments farm animals,1231
01.2025,Pigs,All animals,Dispensing on stock,1472
01.2025,Pigs,All animals,All prescription types,2062
01.2025,Pigs,All animals,Single treatments farm animals,466
01.2025,Pigs,All animals,Oral group treatments,124
01.2025,Animal species nZO,All animals,All prescription types,2670
01.2025,Animal species nZO,All animals,Single treatments companion animals,2670
01.2025,Goats,All animals,Dispensing on stock,85
01.2025,Goats,All animals,All prescription types,795
01.2025,Goats,All animals,Single treatments farm animals,707
01.2025,Goats,All animals,Oral group treatments,3
01.2025,All species,Pets,All prescription types,47780
01.2025,All species,Pets,Single treatments companion animals,47780
01.2025,Equids,Pets,All prescription types,1617
01.2025,Equids,Pets,Single treatments companion animals,1617
01.2025,Dogs,Pets,All prescription types,17519
01.2025,Dogs,Pets,Single treatments companion animals,17519
01.2025,Cats,Pets,All prescription types,25974
01.2025,Cats,Pets,Single treatments companion animals,25974
01.2025,Animal species nZO,Pets,All prescription types,2670
01.2025,Animal species nZO,Pets,Single treatments companion animals,2670
01.2025,All species,Farm animals,Dispensing on stock,12661
01.2025,All species,Farm animals,All prescription types,69772
01.2025,All species,Farm animals,Single treatments farm animals,56216
01.2025,All species,Farm animals,Oral group treatments,895
01.2025,Fish,Farm animals,All prescription types,5
01.2025,Fish,Farm animals,Oral group treatments,5
01.2025,Poultry,Farm animals,Dispensing on stock,2
01.2025,Poultry,Farm animals,All prescription types,62
01.2025,Poultry,Farm animals,Single treatments farm animals,9
01.2025,Poultry,Farm animals,Oral group treatments,51
01.2025,Camelids,Farm animals,Dispensing on stock,5
01.2025,Camelids,Farm animals,All prescription types,47
01.2025,Camelids,Farm animals,Single treatments farm animals,42
01.2025,Rabbits,Farm animals,Dispensing on stock,5
01.2025,Rabbits,Farm animals,All prescription types,12
01.2025,Rabbits,Farm animals,Single treatments farm animals,6
01.2025,Rabbits,Farm animals,Oral group treatments,1
01.2025,Cattle,Farm animals,Dispensing on stock,10873
01.2025,Cattle,Farm animals,All prescription types,65339
01.2025,Cattle,Farm animals,Single treatments farm animals,53755
01.2025,Cattle,Farm animals,Oral group treatments,711
01.2025,Sheep,Farm animals,Dispensing on stock,219
01.2025,Sheep,Farm animals,All prescription types,1450
01.2025,Sheep,Farm animals,Single treatments farm animals,1231
01.2025,Pigs,Farm animals,Dispensing on stock,1472
01.2025,Pigs,Farm animals,All prescription types,2062
01.2025,Pigs,Farm animals,Single treatments farm animals,466
01.2025,Pigs,Farm animals,Oral group treatments,124
01.2025,Goats,Farm animals,Dispensing on stock,85
01.2025,Goats,Farm animals,All prescription types,795
01.2025,Goats,Farm animals,Single treatments farm animals,707
01.2025,Goats,Farm animals,Oral group treatments,3
02.2025,All species,All animals,Dispensing on stock,11598
02.2025,All species,All animals,All prescription types,107717
02.2025,All species,All animals,Single treatments companion animals,43105
02.2025,All species,All animals,Single treatments farm animals,52256
02.2025,All species,All animals,Oral group treatments,758
02.2025,Equids,All animals,All prescription types,1507
02.2025,Equids,All animals,Single treatments companion animals,1507
02.2025,Fish,All animals,All prescription types,8
02.2025,Fish,All animals,Oral group treatments,8
02.2025,Poultry,All animals,All prescription types,55
02.2025,Poultry,All animals,Oral group treatments,55
02.2025,Game animals,All animals,All prescription types,4
02.2025,Game animals,All animals,Single treatments farm animals,4
02.2025,Dogs,All animals,All prescription types,16224
02.2025,Dogs,All animals,Single treatments companion animals,16224
02.2025,Camelids,All animals,Dispensing on stock,4
02.2025,Camelids,All animals,All prescription types,61
02.2025,Camelids,All animals,Single treatments farm animals,57
02.2025,Rabbits,All animals,Dispensing on stock,8
02.2025,Rabbits,All animals,All prescription types,10
02.2025,Rabbits,All animals,Single treatments farm animals,2
02.2025,Cats,All animals,All prescription types,22990
02.2025,Cats,All animals,Single treatments companion animals,22990
02.2025,Cattle,All animals,Dispensing on stock,9880
02.2025,Cattle,All animals,All prescription types,59418
02.2025,Cattle,All animals,Single treatments farm animals,48968
02.2025,Cattle,All animals,Oral group treatments,570
02.2025,Sheep,All animals,Dispensing on stock,288
02.2025,Sheep,All animals,All prescription types,2028
02.2025,Sheep,All animals,Single treatments farm animals,1740
02.2025,Pigs,All animals,Dispensing on stock,1328
02.2025,Pigs,All animals,All prescription types,1870
02.2025,Pigs,All animals,Single treatments farm animals,422
02.2025,Pigs,All animals,Oral group treatments,120
02.2025,Animal species nZO,All animals,All prescription types,2384
02.2025,Animal species nZO,All animals,Single treatments companion animals,2384
02.2025,Goats,All animals,Dispensing on stock,90
02.2025,Goats,All animals,All prescription types,1158
02.2025,Goats,All animals,Single treatments farm animals,1063
02.2025,Goats,All animals,Oral group treatments,5
02.2025,All species,Pets,All prescription types,43105
02.2025,All species,Pets,Single treatments companion animals,43105
02.2025,Equids,Pets,All prescription types,1507
02.2025,Equids,Pets,Single treatments companion animals,1507
02.2025,Dogs,Pets,All prescription types,16224
02.2025,Dogs,Pets,Single treatments companion animals,16224
02.2025,Cats,Pets,All prescription types,22990
02.2025,Cats,Pets,Single treatments companion animals,22990
02.2025,Animal species nZO,Pets,All prescription types,2384
02.2025,Animal species nZO,Pets,Single treatments companion animals,2384
02.2025,All species,Farm animals,Dispensing on stock,11598
02.2025,All species,Farm animals,All prescription types,64612
02.2025,All species,Farm animals,Single treatments farm animals,52256
02.2025,All species,Farm animals,Oral group treatments,758
02.2025,Fish,Farm animals,All prescription types,8
02.2025,Fish,Farm animals,Oral group treatments,8
02.2025,Poultry,Farm animals,All prescription types,55
02.2025,Poultry,Farm animals,Oral group treatments,55
02.2025,Game animals,Farm animals,All prescription types,4
02.2025,Game animals,Farm animals,Single treatments farm animals,4
02.2025,Camelids,Farm animals,Dispensing on stock,4
02.2025,Camelids,Farm animals,All prescription types,61
02.2025,Camelids,Farm animals,Single treatments farm animals,57
02.2025,Rabbits,Farm animals,Dispensing on stock,8
02.2025,Rabbits,Farm animals,All prescription types,10
02.2025,Rabbits,Farm animals,Single treatments farm animals,2
02.2025,Cattle,Farm animals,Dispensing on stock,9880
02.2025,Cattle,Farm animals,All prescription types,59418
02.2025,Cattle,Farm animals,Single treatments farm animals,48968
02.2025,Cattle,Farm animals,Oral group treatments,570
02.2025,Sheep,Farm animals,Dispensing on stock,288
02.2025,Sheep,Farm animals,All prescription types,2028
02.2025,Sheep,Farm animals,Single treatments farm animals,1740
02.2025,Pigs,Farm animals,Dispensing on stock,1328
02.2025,Pigs,Farm animals,All prescription types,1870
02.2025,Pigs,Farm animals,Single treatments farm animals,422
02.2025,Pigs,Farm animals,Oral group treatments,120
02.2025,Goats,Farm animals,Dispensing on stock,90
02.2025,Goats,Farm animals,All prescription types,1158
02.2025,Goats,Farm animals,Single treatments farm animals,1063
02.2025,Goats,Farm animals,Oral group treatments,5
03.2025,All species,All animals,Dispensing on stock,11598
03.2025,All species,All animals,All prescription types,112832
03.2025,All species,All animals,Single treatments companion animals,46436
03.2025,All species,All animals,Single treatments farm animals,54004
03.2025,All species,All animals,Oral group treatments,794
03.2025,Equids,All animals,All prescription types,1736
03.2025,Equids,All animals,Single treatments companion animals,1736
03.2025,Fish,All animals,All prescription types,3
03.2025,Fish,All animals,Oral group treatments,3
03.2025,Poultry,All animals,Dispensing on stock,1
03.2025,Poultry,All animals,All prescription types,82
03.2025,Poultry,All animals,Single treatments farm animals,5
03.2025,Poultry,All animals,Oral group treatments,76
03.2025,Game animals,All animals,All prescription types,4
03.2025,Game animals,All animals,Single treatments farm animals,4
03.2025,Dogs,All animals,All prescription types,17216
03.2025,Dogs,All animals,Single treatments companion animals,17216
03.2025,Camelids,All animals,Dispensing on stock,3
03.2025,Camelids,All animals,All prescription types,66
03.2025,Camelids,All animals,Single treatments farm animals,63
03.2025,Rabbits,All animals,Dispensing on stock,3
03.2025,Rabbits,All animals,All prescription types,5
03.2025,Rabbits,All animals,Single treatments farm animals,2
03.2025,Cats,All animals,All prescription types,24804
03.2025,Cats,All animals,Single treatments companion animals,24804
03.2025,Cattle,All animals,Dispensing on stock,9698
03.2025,Cattle,All animals,All prescription types,60302
03.2025,Cattle,All animals,Single treatments farm animals,50014
03.2025,Cattle,All animals,Oral group treatments,590
03.2025,Sheep,All animals,Dispensing on stock,328
03.2025,Sheep,All animals,All prescription types,2525
03.2025,Sheep,All animals,Single treatments farm animals,2196
03.2025,Sheep,All animals,Oral group treatments,1
03.2025,Pigs,All animals,Dispensing on stock,1477
03.2025,Pigs,All animals,All prescription types,2031
03.2025,Pigs,All animals,Single treatments farm animals,433
03.2025,Pigs,All animals,Oral group treatments,121
03.2025,Animal species nZO,All animals,All prescription types,2680
03.2025,Animal species nZO,All animals,Single treatments companion animals,2680
03.2025,Goats,All animals,Dispensing on stock,88
03.2025,Goats,All animals,All prescription types,1378
03.2025,Goats,All animals,Single treatments farm animals,1287
03.2025,Goats,All animals,Oral group treatments,3
03.2025,All species,Pets,All prescription types,46436
03.2025,All species,Pets,Single treatments companion animals,46436
03.2025,Equids,Pets,All prescription types,1736
03.2025,Equids,Pets,Single treatments companion animals,1736
03.2025,Dogs,Pets,All prescription types,17216
03.2025,Dogs,Pets,Single treatments companion animals,17216
03.2025,Cats,Pets,All prescription types,24804
03.2025,Cats,Pets,Single treatments companion animals,24804
03.2025,Animal species nZO,Pets,All prescription types,2680
03.2025,Animal species nZO,Pets,Single treatments companion animals,2680
03.2025,All species,Farm animals,Dispensing on stock,11598
03.2025,All species,Farm animals,All prescription types,66396
03.2025,All species,Farm animals,Single treatments farm animals,54004
03.2025,All species,Farm animals,Oral group treatments,794
03.2025,Fish,Farm animals,All prescription types,3
03.2025,Fish,Farm animals,Oral group treatments,3
03.2025,Poultry,Farm animals,Dispensing on stock,1
03.2025,Poultry,Farm animals,All prescription types,82
03.2025,Poultry,Farm animals,Single treatments farm animals,5
03.2025,Poultry,Farm animals,Oral group treatments,76
03.2025,Game animals,Farm animals,All prescription types,4
03.2025,Game animals,Farm animals,Single treatments farm animals,4
03.2025,Camelids,Farm animals,Dispensing on stock,3
03.2025,Camelids,Farm animals,All prescription types,66
03.2025,Camelids,Farm animals,Single treatments farm animals,63
03.2025,Rabbits,Farm animals,Dispensing on stock,3
03.2025,Rabbits,Farm animals,All prescription types,5
03.2025,Rabbits,Farm animals,Single treatments farm animals,2
03.2025,Cattle,Farm animals,Dispensing on stock,9698
03.2025,Cattle,Farm animals,All prescription types,60302
03.2025,Cattle,Farm animals,Single treatments farm animals,50014
03.2025,Cattle,Farm animals,Oral group treatments,590
03.2025,Sheep,Farm animals,Dispensing on stock,328
03.2025,Sheep,Farm animals,All prescription types,2525
03.2025,Sheep,Farm animals,Single treatments farm animals,2196
03.2025,Sheep,Farm animals,Oral group treatments,1
03.2025,Pigs,Farm animals,Dispensing on stock,1477
03.2025,Pigs,Farm animals,All prescription types,2031
03.2025,Pigs,Farm animals,Single treatments farm animals,433
03.2025,Pigs,Farm animals,Oral group treatments,121
03.2025,Goats,Farm animals,Dispensing on stock,88
03.2025,Goats,Farm animals,All prescription types,1378
03.2025,Goats,Farm animals,Single treatments farm animals,1287
03.2025,Goats,Farm animals,Oral group treatments,3
04.2025,All species,All animals,Dispensing on stock,9848
04.2025,All species,All animals,All prescription types,101845
04.2025,All species,All animals,Single treatments companion animals,44711
04.2025,All species,All animals,Single treatments farm animals,46636
04.2025,All species,All animals,Oral group treatments,650
04.2025,Equids,All animals,All prescription types,2013
04.2025,Equids,All animals,Single treatments companion animals,2013
04.2025,Fish,All animals,All prescription types,10
04.2025,Fish,All animals,Oral group treatments,10
04.2025,Poultry,All animals,Dispensing on stock,1
04.2025,Poultry,All animals,All prescription types,70
04.2025,Poultry,All animals,Single treatments farm animals,7
04.2025,Poultry,All animals,Oral group treatments,62
04.2025,Game animals,All animals,All prescription types,1
04.2025,Game animals,All animals,Single treatments farm animals,1
04.2025,Dogs,All animals,All prescription types,17002
04.2025,Dogs,All animals,Single treatments companion animals,17002
04.2025,Camelids,All animals,Dispensing on stock,5
04.2025,Camelids,All animals,All prescription types,88
04.2025,Camelids,All animals,Single treatments farm animals,83
04.2025,Rabbits,All animals,Dispensing on stock,5
04.2025,Rabbits,All animals,All prescription types,7
04.2025,Rabbits,All animals,Single treatments farm animals,2
04.2025,Cats,All animals,All prescription types,22911
04.2025,Cats,All animals,Single treatments companion animals,22911
04.2025,Cattle,All animals,Dispensing on stock,8221
04.2025,Cattle,All animals,All prescription types,52414
04.2025,Cattle,All animals,Single treatments farm animals,43726
04.2025,Cattle,All animals,Oral group treatments,467
04.2025,Sheep,All animals,Dispensing on stock,242
04.2025,Sheep,All animals,All prescription types,1933
04.2025,Sheep,All animals,Single treatments farm animals,1690
04.2025,Sheep,All animals,Oral group treatments,1
04.2025,Pigs,All animals,Dispensing on stock,1302
04.2025,Pigs,All animals,All prescription types,1793
04.2025,Pigs,All animals,Single treatments farm animals,385
04.2025,Pigs,All animals,Oral group treatments,106
04.2025,Animal species nZO,All animals,All prescription types,2785
04.2025,Animal species nZO,All animals,Single treatments companion animals,2785
04.2025,Goats,All animals,Dispensing on stock,72
04.2025,Goats,All animals,All prescription types,818
04.2025,Goats,All animals,Single treatments farm animals,742
04.2025,Goats,All animals,Oral group treatments,4
04.2025,All species,Pets,All prescription types,44711
04.2025,All species,Pets,Single treatments companion animals,44711
04.2025,Equids,Pets,All prescription types,2013
04.2025,Equids,Pets,Single treatments companion animals,2013
04.2025,Dogs,Pets,All prescription types,17002
04.2025,Dogs,Pets,Single treatments companion animals,17002
04.2025,Cats,Pets,All prescription types,22911
04.2025,Cats,Pets,Single treatments companion animals,22911
04.2025,Animal species nZO,Pets,All prescription types,2785
04.2025,Animal species nZO,Pets,Single treatments companion animals,2785
04.2025,All species,Farm animals,Dispensing on stock,9848
04.2025,All species,Farm animals,All prescription types,57134
04.2025,All species,Farm animals,Single treatments farm animals,46636
04.2025,All species,Farm animals,Oral group treatments,650
04.2025,Fish,Farm animals,All prescription types,10
04.2025,Fish,Farm animals,Oral group treatments,10
04.2025,Poultry,Farm animals,Dispensing on stock,1
04.2025,Poultry,Farm animals,All prescription types,70
04.2025,Poultry,Farm animals,Single treatments farm animals,7
04.2025,Poultry,Farm animals,Oral group treatments,62
04.2025,Game animals,Farm animals,All prescription types,1
04.2025,Game animals,Farm animals,Single treatments farm animals,1
04.2025,Camelids,Farm animals,Dispensing on stock,5
04.2025,Camelids,Farm animals,All prescription types,88
04.2025,Camelids,Farm animals,Single treatments farm animals,83
04.2025,Rabbits,Farm animals,Dispensing on stock,5
04.2025,Rabbits,Farm animals,All prescription types,7
04.2025,Rabbits,Farm animals,Single treatments farm animals,2
04.2025,Cattle,Farm animals,Dispensing on stock,8221
04.2025,Cattle,Farm animals,All prescription types,52414
04.2025,Cattle,Farm animals,Single treatments farm animals,43726
04.2025,Cattle,Farm animals,Oral group treatments,467
04.2025,Sheep,Farm animals,Dispensing on stock,242
04.2025,Sheep,Farm animals,All prescription types,1933
04.2025,Sheep,Farm animals,Single treatments farm animals,1690
04.2025,Sheep,Farm animals,Oral group treatments,1
04.2025,Pigs,Farm animals,Dispensing on stock,1302
04.2025,Pigs,Farm animals,All prescription types,1793
04.2025,Pigs,Farm animals,Single treatments farm animals,385
04.2025,Pigs,Farm animals,Oral group treatments,106
04.2025,Goats,Farm animals,Dispensing on stock,72
04.2025,Goats,Farm animals,All prescription types,818
04.2025,Goats,Farm animals,Single treatments farm animals,742
04.2025,Goats,Farm animals,Oral group treatments,4
05.2025,All species,All animals,Dispensing on stock,10199
05.2025,All species,All animals,All prescription types,107936
05.2025,All species,All animals,Single treatments companion animals,47497
05.2025,All species,All animals,Single treatments farm animals,49556
05.2025,All species,All animals,Oral group treatments,684
05.2025,Equids,All animals,All prescription types,2083
05.2025,Equids,All animals,Single treatments companion animals,2083
05.2025,Fish,All animals,All prescription types,10
05.2025,Fish,All animals,Oral group treatments,10
05.2025,Poultry,All animals,Dispensing on stock,2
05.2025,Poultry,All animals,All prescription types,73
05.2025,Poultry,All animals,Single treatments farm animals,3
05.2025,Poultry,All animals,Oral group treatments,68
05.2025,Game animals,All animals,All prescription types,4
05.2025,Game animals,All animals,Single treatments farm animals,4
05.2025,Dogs,All animals,All prescription types,18157
05.2025,Dogs,All animals,Single treatments companion animals,18157
05.2025,Camelids,All animals,Dispensing on stock,3
05.2025,Camelids,All animals,All prescription types,94
05.2025,Camelids,All animals,Single treatments farm animals,91
05.2025,Rabbits,All animals,Dispensing on stock,12
05.2025,Rabbits,All animals,All prescription types,18
05.2025,Rabbits,All animals,Single treatments farm animals,6
05.2025,Cats,All animals,All prescription types,24347
05.2025,Cats,All animals,Single treatments companion animals,24347
05.2025,Cattle,All animals,Dispensing on stock,8588
05.2025,Cattle,All animals,All prescription types,56463
05.2025,Cattle,All animals,Single treatments farm animals,47371
05.2025,Cattle,All animals,Oral group treatments,504
05.2025,Sheep,All animals,Dispensing on stock,218
05.2025,Sheep,All animals,All prescription types,1261
05.2025,Sheep,All animals,Single treatments farm animals,1042
05.2025,Sheep,All animals,Oral group treatments,1
05.2025,Pigs,All animals,Dispensing on stock,1314
05.2025,Pigs,All animals,All prescription types,1811
05.2025,Pigs,All animals,Single treatments farm animals,396
05.2025,Pigs,All animals,Oral group treatments,101
05.2025,Animal species nZO,All animals,All prescription types,2910
05.2025,Animal species nZO,All animals,Single treatments companion animals,2910
05.2025,Goats,All animals,Dispensing on stock,62
05.2025,Goats,All animals,All prescription types,705
05.2025,Goats,All animals,Single treatments farm animals,643
05.2025,All species,Pets,All prescription types,47497
05.2025,All species,Pets,Single treatments companion animals,47497
05.2025,Equids,Pets,All prescription types,2083
05.2025,Equids,Pets,Single treatments companion animals,2083
05.2025,Dogs,Pets,All prescription types,18157
05.2025,Dogs,Pets,Single treatments companion animals,18157
05.2025,Cats,Pets,All prescription types,24347
05.2025,Cats,Pets,Single treatments companion animals,24347
05.2025,Animal species nZO,Pets,All prescription types,2910
05.2025,Animal species nZO,Pets,Single treatments companion animals,2910
05.2025,All species,Farm animals,Dispensing on stock,10199
05.2025,All species,Farm animals,All prescription types,60439
05.2025,All species,Farm animals,Single treatments farm animals,49556
05.2025,All species,Farm animals,Oral group treatments,684
05.2025,Fish,Farm animals,All prescription types,10
05.2025,Fish,Farm animals,Oral group treatments,10
05.2025,Poultry,Farm animals,Dispensing on stock,2
05.2025,Poultry,Farm animals,All prescription types,73
05.2025,Poultry,Farm animals,Single treatments farm animals,3
05.2025,Poultry,Farm animals,Oral group treatments,68
05.2025,Game animals,Farm animals,All prescription types,4
05.2025,Game animals,Farm animals,Single treatments farm animals,4
05.2025,Camelids,Farm animals,Dispensing on stock,3
05.2025,Camelids,Farm animals,All prescription types,94
05.2025,Camelids,Farm animals,Single treatments farm animals,91
05.2025,Rabbits,Farm animals,Dispensing on stock,12
05.2025,Rabbits,Farm animals,All prescription types,18
05.2025,Rabbits,Farm animals,Single treatments farm animals,6
05.2025,Cattle,Farm animals,Dispensing on stock,8588
05.2025,Cattle,Farm animals,All prescription types,56463
05.2025,Cattle,Farm animals,Single treatments farm animals,47371
05.2025,Cattle,Farm animals,Oral group treatments,504
05.2025,Sheep,Farm animals,Dispensing on stock,218
05.2025,Sheep,Farm animals,All prescription types,1261
05.2025,Sheep,Farm animals,Single treatments farm animals,1042
05.2025,Sheep,Farm animals,Oral group treatments,1
05.2025,Pigs,Farm animals,Dispensing on stock,1314
05.2025,Pigs,Farm animals,All prescription types,1811
05.2025,Pigs,Farm animals,Single treatments farm animals,396
05.2025,Pigs,Farm animals,Oral group treatments,101
05.2025,Goats,Farm animals,Dispensing on stock,62
05.2025,Goats,Farm animals,All prescription types,705
05.2025,Goats,Farm animals,Single treatments farm animals,643
06.2025,All species,All animals,Dispensing on stock,10695
06.2025,All species,All animals,All prescription types,104962
06.2025,All species,All animals,Single treatments companion animals,45630
06.2025,All species,All animals,Single treatments farm animals,48049
06.2025,All species,All animals,Oral group treatments,588
06.2025,Equids,All animals,All prescription types,1772
06.2025,Equids,All animals,Single treatments companion animals,1772
06.2025,Fish,All animals,Dispensing on stock,1
06.2025,Fish,All animals,All prescription types,17
06.2025,Fish,All animals,Oral group treatments,16
06.2025,Poultry,All animals,Dispensing on stock,8
06.2025,Poultry,All animals,All prescription types,91
06.2025,Poultry,All animals,Single treatments farm animals,13
06.2025,Poultry,All animals,Oral group treatments,70
06.2025,Game animals,All animals,Dispensing on stock,1
06.2025,Game animals,All animals,All prescription types,4
06.2025,Game animals,All animals,Single treatments farm animals,3
06.2025,Dogs,All animals,All prescription types,18459
06.2025,Dogs,All animals,Single treatments companion animals,18459
06.2025,Camelids,All animals,Dispensing on stock,5
06.2025,Camelids,All animals,All prescription types,99
06.2025,Camelids,All animals,Single treatments farm animals,94
06.2025,Rabbits,All animals,Dispensing on stock,8
06.2025,Rabbits,All animals,All prescription types,15
06.2025,Rabbits,All animals,Single treatments farm animals,7
06.2025,Cats,All animals,All prescription types,22705
06.2025,Cats,All animals,Single treatments companion animals,22705
06.2025,Cattle,All animals,Dispensing on stock,9094
06.2025,Cattle,All animals,All prescription types,55820
06.2025,Cattle,All animals,Single treatments farm animals,46313
06.2025,Cattle,All animals,Oral group treatments,413
06.2025,Sheep,All animals,Dispensing on stock,227
06.2025,Sheep,All animals,All prescription types,910
06.2025,Sheep,All animals,Single treatments farm animals,683
06.2025,Pigs,All animals,Dispensing on stock,1294
06.2025,Pigs,All animals,All prescription types,1841
06.2025,Pigs,All animals,Single treatments farm animals,459
06.2025,Pigs,All animals,Oral group treatments,88
06.2025,Animal species nZO,All animals,All prescription types,2694
06.2025,Animal species nZO,All animals,Single treatments companion animals,2694
06.2025,Goats,All animals,Dispensing on stock,57
06.2025,Goats,All animals,All prescription types,535
06.2025,Goats,All animals,Single treatments farm animals,477
06.2025,Goats,All animals,Oral group treatments,1
06.2025,All species,Pets,All prescription types,45630
06.2025,All species,Pets,Single treatments companion animals,45630
06.2025,Equids,Pets,All prescription types,1772
06.2025,Equids,Pets,Single treatments companion animals,1772
06.2025,Dogs,Pets,All prescription types,18459
06.2025,Dogs,Pets,Single treatments companion animals,18459
06.2025,Cats,Pets,All prescription types,22705
06.2025,Cats,Pets,Single treatments companion animals,22705
06.2025,Animal species nZO,Pets,All prescription types,2694
06.2025,Animal species nZO,Pets,Single treatments companion animals,2694
06.2025,All species,Farm animals,Dispensing on stock,10695
06.2025,All species,Farm animals,All prescription types,59332
06.2025,All species,Farm animals,Single treatments farm animals,48049
06.2025,All species,Farm animals,Oral group treatments,588
06.2025,Fish,Farm animals,Dispensing on stock,1
06.2025,Fish,Farm animals,All prescription types,17
06.2025,Fish,Farm animals,Oral group treatments,16
06.2025,Poultry,Farm animals,Dispensing on stock,8
06.2025,Poultry,Farm animals,All prescription types,91
06.2025,Poultry,Farm animals,Single treatments farm animals,13
06.2025,Poultry,Farm animals,Oral group treatments,70
06.2025,Game animals,Farm animals,Dispensing on stock,1
06.2025,Game animals,Farm animals,All prescription types,4
06.2025,Game animals,Farm animals,Single treatments farm animals,3
06.2025,Camelids,Farm animals,Dispensing on stock,5
06.2025,Camelids,Farm animals,All prescription types,99
06.2025,Camelids,Farm animals,Single treatments farm animals,94
06.2025,Rabbits,Farm animals,Dispensing on stock,8
06.2025,Rabbits,Farm animals,All prescription types,15
06.2025,Rabbits,Farm animals,Single treatments farm animals,7
06.2025,Cattle,Farm animals,Dispensing on stock,9094
06.2025,Cattle,Farm animals,All prescription types,55820
06.2025,Cattle,Farm animals,Single treatments farm animals,46313
06.2025,Cattle,Farm animals,Oral group treatments,413
06.2025,Sheep,Farm animals,Dispensing on stock,227
06.2025,Sheep,Farm animals,All prescription types,910
06.2025,Sheep,Farm animals,Single treatments farm animals,683
06.2025,Pigs,Farm animals,Dispensing on stock,1294
06.2025,Pigs,Farm animals,All prescription types,1841
06.2025,Pigs,Farm animals,Single treatments farm animals,459
06.2025,Pigs,Farm animals,Oral group treatments,88
06.2025,Goats,Farm animals,Dispensing on stock,57
06.2025,Goats,Farm animals,All prescription types,535
06.2025,Goats,Farm animals,Single treatments farm animals,477
06.2025,Goats,Farm animals,Oral group treatments,1
07.2025,All species,All animals,Dispensing on stock,12379
07.2025,All species,All animals,All prescription types,119639
07.2025,All species,All animals,Single treatments companion animals,48510
07.2025,All species,All animals,Single treatments farm animals,58147
07.2025,All species,All animals,Oral group treatments,603
07.2025,Equids,All animals,All prescription types,1781
07.2025,Equids,All animals,Single treatments companion animals,1781
07.2025,Fish,All animals,All prescription types,18
07.2025,Fish,All animals,Single treatments farm animals,1
07.2025,Fish,All animals,Oral group treatments,17
07.2025,Poultry,All animals,Dispensing on stock,1
07.2025,Poultry,All animals,All prescription types,87
07.2025,Poultry,All animals,Single treatments farm animals,13
07.2025,Poultry,All animals,Oral group treatments,73
07.2025,Game animals,All animals,All prescription types,1
07.2025,Game animals,All animals,Single treatments farm animals,1
07.2025,Dogs,All animals,All prescription types,19384
07.2025,Dogs,All animals,Single treatments companion animals,19384
07.2025,Camelids,All animals,Dispensing on stock,4
07.2025,Camelids,All animals,All prescription types,89
07.2025,Camelids,All animals,Single treatments farm animals,85
07.2025,Rabbits,All animals,Dispensing on stock,7
07.2025,Rabbits,All animals,All prescription types,9
07.2025,Rabbits,All animals,Single treatments farm animals,2
07.2025,Cats,All animals,All prescription types,24446
07.2025,Cats,All animals,Single treatments companion animals,24446
07.2025,Cattle,All animals,Dispensing on stock,10681
07.2025,Cattle,All animals,All prescription types,67391
07.2025,Cattle,All animals,Single treatments farm animals,56312
07.2025,Cattle,All animals,Oral group treatments,398
07.2025,Sheep,All animals,Dispensing on stock,171
07.2025,Sheep,All animals,All prescription types,921
07.2025,Sheep,All animals,Single treatments farm animals,750
07.2025,Pigs,All animals,Dispensing on stock,1451
07.2025,Pigs,All animals,All prescription types,2077
07.2025,Pigs,All animals,Single treatments farm animals,512
07.2025,Pigs,All animals,Oral group treatments,114
07.2025,Animal species nZO,All animals,All prescription types,2899
07.2025,Animal species nZO,All animals,Single treatments companion animals,2899
07.2025,Goats,All animals,Dispensing on stock,64
07.2025,Goats,All animals,All prescription types,536
07.2025,Goats,All animals,Single treatments farm animals,471
07.2025,Goats,All animals,Oral group treatments,1
07.2025,All species,Pets,All prescription types,48510
07.2025,All species,Pets,Single treatments companion animals,48510
07.2025,Equids,Pets,All prescription types,1781
07.2025,Equids,Pets,Single treatments companion animals,1781
07.2025,Dogs,Pets,All prescription types,19384
07.2025,Dogs,Pets,Single treatments companion animals,19384
07.2025,Cats,Pets,All prescription types,24446
07.2025,Cats,Pets,Single treatments companion animals,24446
07.2025,Animal species nZO,Pets,All prescription types,2899
07.2025,Animal species nZO,Pets,Single treatments companion animals,2899
07.2025,All species,Farm animals,Dispensing on stock,12379
07.2025,All species,Farm animals,All prescription types,71129
07.2025,All species,Farm animals,Single treatments farm animals,58147
07.2025,All species,Farm animals,Oral group treatments,603
07.2025,Fish,Farm animals,All prescription types,18
07.2025,Fish,Farm animals,Single treatments farm animals,1
07.2025,Fish,Farm animals,Oral group treatments,17
07.2025,Poultry,Farm animals,Dispensing on stock,1
07.2025,Poultry,Farm animals,All prescription types,87
07.2025,Poultry,Farm animals,Single treatments farm animals,13
07.2025,Poultry,Farm animals,Oral group treatments,73
07.2025,Game animals,Farm animals,All prescription types,1
07.2025,Game animals,Farm animals,Single treatments farm animals,1
07.2025,Camelids,Farm animals,Dispensing on stock,4
07.2025,Camelids,Farm animals,All prescription types,89
07.2025,Camelids,Farm animals,Single treatments farm animals,85
07.2025,Rabbits,Farm animals,Dispensing on stock,7
07.2025,Rabbits,Farm animals,All prescription types,9
07.2025,Rabbits,Farm animals,Single treatments farm animals,2
07.2025,Cattle,Farm animals,Dispensing on stock,10681
07.2025,Cattle,Farm animals,All prescription types,67391
07.2025,Cattle,Farm animals,Single treatments farm animals,56312
07.2025,Cattle,Farm animals,Oral group treatments,398
07.2025,Sheep,Farm animals,Dispensing on stock,171
07.2025,Sheep,Farm animals,All prescription types,921
07.2025,Sheep,Farm animals,Single treatments farm animals,750
07.2025,Pigs,Farm animals,Dispensing on stock,1451
07.2025,Pigs,Farm animals,All prescription types,2077
07.2025,Pigs,Farm animals,Single treatments farm animals,512
07.2025,Pigs,Farm animals,Oral group treatments,114
07.2025,Goats,Farm animals,Dispensing on stock,64
07.2025,Goats,Farm animals,All prescription types,536
07.2025,Goats,Farm animals,Single treatments farm animals,471
07.2025,Goats,Farm animals,Oral group treatments,1
08.2025,All species,All animals,Dispensing on stock,11522
08.2025,All species,All animals,All prescription types,114718
08.2025,All species,All animals,Single treatments companion animals,45171
08.2025,All species,All animals,Single treatments farm animals,57367
08.2025,All species,All animals,Oral group treatments,658
08.2025,Equids,All animals,All prescription types,1699
08.2025,Equids,All animals,Single treatments companion animals,1699
08.2025,Fish,All animals,All prescription types,20
08.2025,Fish,All animals,Oral group treatments,20
08.2025,Poultry,All animals,Dispensing on stock,1
08.2025,Poultry,All animals,All prescription types,71
08.2025,Poultry,All animals,Single treatments farm animals,4
08.2025,Poultry,All animals,Oral group treatments,66
08.2025,Game animals,All animals,All prescription types,2
08.2025,Game animals,All animals,Single treatments farm animals,2
08.2025,Dogs,All animals,All prescription types,17518
08.2025,Dogs,All animals,Single treatments companion animals,17518
08.2025,Camelids,All animals,Dispensing on stock,2
08.2025,Camelids,All animals,All prescription types,88
08.2025,Camelids,All animals,Single treatments farm animals,86
08.2025,Rabbits,All animals,Dispensing on stock,11
08.2025,Rabbits,All animals,All prescription types,15
08.2025,Rabbits,All animals,Single treatments farm animals,4
08.2025,Cats,All animals,All prescription types,23271
08.2025,Cats,All animals,Single treatments companion animals,23271
08.2025,Cattle,All animals,Dispensing on stock,9905
08.2025,Cattle,All animals,All prescription types,65603
08.2025,Cattle,All animals,Single treatments farm animals,55267
08.2025,Cattle,All animals,Oral group treatments,431
08.2025,Sheep,All animals,Dispensing on stock,209
08.2025,Sheep,All animals,All prescription types,1258
08.2025,Sheep,All animals,Single treatments farm animals,1049
08.2025,Pigs,All animals,Dispensing on stock,1336
08.2025,Pigs,All animals,All prescription types,1937
08.2025,Pigs,All animals,Single treatments farm animals,460
08.2025,Pigs,All animals,Oral group treatments,141
08.2025,Animal species nZO,All animals,All prescription types,2683
08.2025,Animal species nZO,All animals,Single treatments companion animals,2683
08.2025,Goats,All animals,Dispensing on stock,58
08.2025,Goats,All animals,All prescription types,553
08.2025,Goats,All animals,Single treatments farm animals,495
08.2025,All species,Pets,All prescription types,45171
08.2025,All species,Pets,Single treatments companion animals,45171
08.2025,Equids,Pets,All prescription types,1699
08.2025,Equids,Pets,Single treatments companion animals,1699
08.2025,Dogs,Pets,All prescription types,17518
08.2025,Dogs,Pets,Single treatments companion animals,17518
08.2025,Cats,Pets,All prescription types,23271
08.2025,Cats,Pets,Single treatments companion animals,23271
08.2025,Animal species nZO,Pets,All prescription types,2683
08.2025,Animal species nZO,Pets,Single treatments companion animals,2683
08.2025,All species,Farm animals,Dispensing on stock,11522
08.2025,All species,Farm animals,All prescription types,69547
08.2025,All species,Farm animals,Single treatments farm animals,57367
08.2025,All species,Farm animals,Oral group treatments,658
08.2025,Fish,Farm animals,All prescription types,20
08.2025,Fish,Farm animals,Oral group treatments,20
08.2025,Poultry,Farm animals,Dispensing on stock,1
08.2025,Poultry,Farm animals,All prescription types,71
08.2025,Poultry,Farm animals,Single treatments farm animals,4
08.2025,Poultry,Farm animals,Oral group treatments,66
08.2025,Game animals,Farm animals,All prescription types,2
08.2025,Game animals,Farm animals,Single treatments farm animals,2
08.2025,Camelids,Farm animals,Dispensing on stock,2
08.2025,Camelids,Farm animals,All prescription types,88
08.2025,Camelids,Farm animals,Single treatments farm animals,86
08.2025,Rabbits,Farm animals,Dispensing on stock,11
08.2025,Rabbits,Farm animals,All prescription types,15
08.2025,Rabbits,Farm animals,Single treatments farm animals,4
08.2025,Cattle,Farm animals,Dispensing on stock,9905
08.2025,Cattle,Farm animals,All prescription types,65603
08.2025,Cattle,Farm animals,Single treatments farm animals,55267
08.2025,Cattle,Farm animals,Oral group treatments,431
08.2025,Sheep,Farm animals,Dispensing on stock,209
08.2025,Sheep,Farm animals,All prescription types,1258
08.2025,Sheep,Farm animals,Single treatments farm animals,1049
08.2025,Pigs,Farm animals,Dispensing on stock,1336
08.2025,Pigs,Farm animals,All prescription types,1937
08.2025,Pigs,Farm animals,Single treatments farm animals,460
08.2025,Pigs,Farm animals,Oral group treatments,141
08.2025,Goats,Farm animals,Dispensing on stock,58
08.2025,Goats,Farm animals,All prescription types,553
08.2025,Goats,Farm animals,Single treatments farm animals,495
09.2025,All species,All animals,Dispensing on stock,13189
09.2025,All species,All animals,All prescription types,124127
09.2025,All species,All animals,Single treatments companion animals,46138
09.2025,All species,All animals,Single treatments farm animals,64078
09.2025,All species,All animals,Oral group treatments,722
09.2025,Equids,All animals,All prescription types,1832
09.2025,Equids,All animals,Single treatments companion animals,1832
09.2025,Fish,All animals,All prescription types,9
09.2025,Fish,All animals,Oral group treatments,9
09.2025,Poultry,All animals,Dispensing on stock,1
09.2025,Poultry,All animals,All prescription types,88
09.2025,Poultry,All animals,Single treatments farm animals,9
09.2025,Poultry,All animals,Oral group treatments,78
09.2025,Game animals,All animals,Dispensing on stock,1
09.2025,Game animals,All animals,All prescription types,2
09.2025,Game animals,All animals,Single treatments farm animals,1
09.2025,Dogs,All animals,All prescription types,17329
09.2025,Dogs,All animals,Single treatments companion animals,17329
09.2025,Camelids,All animals,Dispensing on stock,2
09.2025,Camelids,All animals,All prescription types,79
09.2025,Camelids,All animals,Single treatments farm animals,76
09.2025,Camelids,All animals,Oral group treatments,1
09.2025,Rabbits,All animals,Dispensing on stock,14
09.2025,Rabbits,All animals,All prescription types,19
09.2025,Rabbits,All animals,Single treatments farm animals,4
09.2025,Rabbits,All animals,Oral group treatments,1
09.2025,Cats,All animals,All prescription types,24624
09.2025,Cats,All animals,Single treatments companion animals,24624
09.2025,Cattle,All animals,Dispensing on stock,11409
09.2025,Cattle,All animals,All prescription types,73724
09.2025,Cattle,All animals,Single treatments farm animals,61808
09.2025,Cattle,All animals,Oral group treatments,507
09.2025,Sheep,All animals,Dispensing on stock,309
09.2025,Sheep,All animals,All prescription types,1620
09.2025,Sheep,All animals,Single treatments farm animals,1311
09.2025,Pigs,All animals,Dispensing on stock,1410
09.2025,Pigs,All animals,All prescription types,2003
09.2025,Pigs,All animals,Single treatments farm animals,467
09.2025,Pigs,All animals,Oral group treatments,126
09.2025,Animal species nZO,All animals,All prescription types,2353
09.2025,Animal species nZO,All animals,Single treatments companion animals,2353
09.2025,Goats,All animals,Dispensing on stock,43
09.2025,Goats,All animals,All prescription types,445
09.2025,Goats,All animals,Single treatments farm animals,402
09.2025,All species,Pets,All prescription types,46138
09.2025,All species,Pets,Single treatments companion animals,46138
09.2025,Equids,Pets,All prescription types,1832
09.2025,Equids,Pets,Single treatments companion animals,1832
09.2025,Dogs,Pets,All prescription types,17329
09.2025,Dogs,Pets,Single treatments companion animals,17329
09.2025,Cats,Pets,All prescription types,24624
09.2025,Cats,Pets,Single treatments companion animals,24624
09.2025,Animal species nZO,Pets,All prescription types,2353
09.2025,Animal species nZO,Pets,Single treatments companion animals,2353
09.2025,All species,Farm animals,Dispensing on stock,13189
09.2025,All species,Farm animals,All prescription types,77989
09.2025,All species,Farm animals,Single treatments farm animals,64078
09.2025,All species,Farm animals,Oral group treatments,722
09.2025,Fish,Farm animals,All prescription types,9
09.2025,Fish,Farm animals,Oral group treatments,9
09.2025,Poultry,Farm animals,Dispensing on stock,1
09.2025,Poultry,Farm animals,All prescription types,88
09.2025,Poultry,Farm animals,Single treatments farm animals,9
09.2025,Poultry,Farm animals,Oral group treatments,78
09.2025,Game animals,Farm animals,Dispensing on stock,1
09.2025,Game animals,Farm animals,All prescription types,2
09.2025,Game animals,Farm animals,Single treatments farm animals,1
09.2025,Camelids,Farm animals,Dispensing on stock,2
09.2025,Camelids,Farm animals,All prescription types,79
09.2025,Camelids,Farm animals,Single treatments farm animals,76
09.2025,Camelids,Farm animals,Oral group treatments,1
09.2025,Rabbits,Farm animals,Dispensing on stock,14
09.2025,Rabbits,Farm animals,All prescription types,19
09.2025,Rabbits,Farm animals,Single treatments farm animals,4
09.2025,Rabbits,Farm animals,Oral group treatments,1
09.2025,Cattle,Farm animals,Dispensing on stock,11409
09.2025,Cattle,Farm animals,All prescription types,73724
09.2025,Cattle,Farm animals,Single treatments farm animals,61808
09.2025,Cattle,Farm animals,Oral group treatments,507
09.2025,Sheep,Farm animals,Dispensing on stock,309
09.2025,Sheep,Farm animals,All prescription types,1620
09.2025,Sheep,Farm animals,Single treatments farm animals,1311
09.2025,Pigs,Farm animals,Dispensing on stock,1410
09.2025,Pigs,Farm animals,All prescription types,2003
09.2025,Pigs,Farm animals,Single treatments farm animals,467
09.2025,Pigs,Farm animals,Oral group treatments,126
09.2025,Goats,Farm animals,Dispensing on stock,43
09.2025,Goats,Farm animals,All prescription types,445
09.2025,Goats,Farm animals,Single treatments farm animals,402
10.2025,All species,All animals,Dispensing on stock,12396
10.2025,All species,All animals,All prescription types,124937
10.2025,All species,All animals,Single treatments companion animals,50476
10.2025,All species,All animals,Single treatments farm animals,61137
10.2025,All species,All animals,Oral group treatments,928
10.2025,Equids,All animals,All prescription types,1701
10.2025,Equids,All animals,Single treatments companion animals,1701
10.2025,Fish,All animals,All prescription types,5
10.2025,Fish,All animals,Oral group treatments,5
10.2025,Poultry,All animals,Dispensing on stock,1
10.2025,Poultry,All animals,All prescription types,103
10.2025,Poultry,All animals,Single treatments farm animals,3
10.2025,Poultry,All animals,Oral group treatments,99
10.2025,Game animals,All animals,All prescription types,2
10.2025,Game animals,All animals,Single treatments farm animals,2
10.2025,Dogs,All animals,All prescription types,18141
10.2025,Dogs,All animals,Single treatments companion animals,18141
10.2025,Camelids,All animals,Dispensing on stock,3
10.2025,Camelids,All animals,All prescription types,63
10.2025,Camelids,All animals,Single treatments farm animals,60
10.2025,Rabbits,All animals,Dispensing on stock,11
10.2025,Rabbits,All animals,All prescription types,15
10.2025,Rabbits,All animals,Single treatments farm animals,4
10.2025,Cats,All animals,All prescription types,28257
10.2025,Cats,All animals,Single treatments companion animals,28257
10.2025,Cattle,All animals,Dispensing on stock,10701
10.2025,Cattle,All animals,All prescription types,70330
10.2025,Cattle,All animals,Single treatments farm animals,58973
10.2025,Cattle,All animals,Oral group treatments,656
10.2025,Sheep,All animals,Dispensing on stock,250
10.2025,Sheep,All animals,All prescription types,1545
10.2025,Sheep,All animals,Single treatments farm animals,1293
10.2025,Sheep,All animals,Oral group treatments,2
10.2025,Pigs,All animals,Dispensing on stock,1386
10.2025,Pigs,All animals,All prescription types,1973
10.2025,Pigs,All animals,Single treatments farm animals,422
10.2025,Pigs,All animals,Oral group treatments,165
10.2025,Animal species nZO,All animals,All prescription types,2377
10.2025,Animal species nZO,All animals,Single treatments companion animals,2377
10.2025,Goats,All animals,Dispensing on stock,44
10.2025,Goats,All animals,All prescription types,425
10.2025,Goats,All animals,Single treatments farm animals,380
10.2025,Goats,All animals,Oral group treatments,1
10.2025,All species,Pets,All prescription types,50476
10.2025,All species,Pets,Single treatments companion animals,50476
10.2025,Equids,Pets,All prescription types,1701
10.2025,Equids,Pets,Single treatments companion animals,1701
10.2025,Dogs,Pets,All prescription types,18141
10.2025,Dogs,Pets,Single treatments companion animals,18141
10.2025,Cats,Pets,All prescription types,28257
10.2025,Cats,Pets,Single treatments companion animals,28257
10.2025,Animal species nZO,Pets,All prescription types,2377
10.2025,Animal species nZO,Pets,Single treatments companion animals,2377
10.2025,All species,Farm animals,Dispensing on stock,12396
10.2025,All species,Farm animals,All prescription types,74461
10.2025,All species,Farm animals,Single treatments farm animals,61137
10.2025,All species,Farm animals,Oral group treatments,928
10.2025,Fish,Farm animals,All prescription types,5
10.2025,Fish,Farm animals,Oral group treatments,5
10.2025,Poultry,Farm animals,Dispensing on stock,1
10.2025,Poultry,Farm animals,All prescription types,103
10.2025,Poultry,Farm animals,Single treatments farm animals,3
10.2025,Poultry,Farm animals,Oral group treatments,99
10.2025,Game animals,Farm animals,All prescription types,2
10.2025,Game animals,Farm animals,Single treatments farm animals,2
10.2025,Camelids,Farm animals,Dispensing on stock,3
10.2025,Camelids,Farm animals,All prescription types,63
10.2025,Camelids,Farm animals,Single treatments farm animals,60
10.2025,Rabbits,Farm animals,Dispensing on stock,11
10.2025,Rabbits,Farm animals,All prescription types,15
10.2025,Rabbits,Farm animals,Single treatments farm animals,4
10.2025,Cattle,Farm animals,Dispensing on stock,10701
10.2025,Cattle,Farm animals,All prescription types,70330
10.2025,Cattle,Farm animals,Single treatments farm animals,58973
10.2025,Cattle,Farm animals,Oral group treatments,656
10.2025,Sheep,Farm animals,Dispensing on stock,250
10.2025,Sheep,Farm animals,All prescription types,1545
10.2025,Sheep,Farm animals,Single treatments farm animals,1293
10.2025,Sheep,Farm animals,Oral group treatments,2
10.2025,Pigs,Farm animals,Dispensing on stock,1386
10.2025,Pigs,Farm animals,All prescription types,1973
10.2025,Pigs,Farm animals,Single treatments farm animals,422
10.2025,Pigs,Farm animals,Oral group treatments,165
10.2025,Goats,Farm animals,Dispensing on stock,44
10.2025,Goats,Farm animals,All prescription types,425
10.2025,Goats,Farm animals,Single treatments farm animals,380
10.2025,Goats,Farm animals,Oral group treatments,1
11.2025,All species,All animals,Dispensing on stock,12012
11.2025,All species,All animals,All prescription types,115900
11.2025,All species,All animals,Single treatments companion animals,45966
11.2025,All species,All animals,Single treatments farm animals,56994
11.2025,All species,All animals,Oral group treatments,928
11.2025,Equids,All animals,All prescription types,1542
11.2025,Equids,All animals,Single treatments companion animals,1542
11.2025,Fish,All animals,Dispensing on stock,1
11.2025,Fish,All animals,All prescription types,9
11.2025,Fish,All animals,Oral group treatments,8
11.2025,Poultry,All animals,All prescription types,109
11.2025,Poultry,All animals,Single treatments farm animals,4
11.2025,Poultry,All animals,Oral group treatments,105
11.2025,Game animals,All animals,All prescription types,1
11.2025,Game animals,All animals,Single treatments farm animals,1
11.2025,Dogs,All animals,All prescription types,16058
11.2025,Dogs,All animals,Single treatments companion animals,16058
11.2025,Camelids,All animals,Dispensing on stock,1
11.2025,Camelids,All animals,All prescription types,41
11.2025,Camelids,All animals,Single treatments farm animals,40
11.2025,Rabbits,All animals,Dispensing on stock,4
11.2025,Rabbits,All animals,All prescription types,5
11.2025,Rabbits,All animals,Single treatments farm animals,1
11.2025,Cats,All animals,All prescription types,26446
11.2025,Cats,All animals,Single treatments companion animals,26446
11.2025,Cattle,All animals,Dispensing on stock,10453
11.2025,Cattle,All animals,All prescription types,66366
11.2025,Cattle,All animals,Single treatments farm animals,55247
11.2025,Cattle,All animals,Oral group treatments,666
11.2025,Sheep,All animals,Dispensing on stock,193
11.2025,Sheep,All animals,All prescription types,1115
11.2025,Sheep,All animals,Single treatments farm animals,921
11.2025,Sheep,All animals,Oral group treatments,1
11.2025,Pigs,All animals,Dispensing on stock,1321
11.2025,Pigs,All animals,All prescription types,1847
11.2025,Pigs,All animals,Single treatments farm animals,380
11.2025,Pigs,All animals,Oral group treatments,146
11.2025,Animal species nZO,All animals,All prescription types,1920
11.2025,Animal species nZO,All animals,Single treatments companion animals,1920
11.2025,Goats,All animals,Dispensing on stock,39
11.2025,Goats,All animals,All prescription types,441
11.2025,Goats,All animals,Single treatments farm animals,400
11.2025,Goats,All animals,Oral group treatments,2
11.2025,All species,Pets,All prescription types,45966
11.2025,All species,Pets,Single treatments companion animals,45966
11.2025,Equids,Pets,All prescription types,1542
11.2025,Equids,Pets,Single treatments companion animals,1542
11.2025,Dogs,Pets,All prescription types,16058
11.2025,Dogs,Pets,Single treatments companion animals,16058
11.2025,Cats,Pets,All prescription types,26446
11.2025,Cats,Pets,Single treatments companion animals,26446
11.2025,Animal species nZO,Pets,All prescription types,1920
11.2025,Animal species nZO,Pets,Single treatments companion animals,1920
11.2025,All species,Farm animals,Dispensing on stock,12012
11.2025,All species,Farm animals,All prescription types,69934
11.2025,All species,Farm animals,Single treatments farm animals,56994
11.2025,All species,Farm animals,Oral group treatments,928
11.2025,Fish,Farm animals,Dispensing on stock,1
11.2025,Fish,Farm animals,All prescription types,9
11.2025,Fish,Farm animals,Oral group treatments,8
11.2025,Poultry,Farm animals,All prescription types,109
11.2025,Poultry,Farm animals,Single treatments farm animals,4
11.2025,Poultry,Farm animals,Oral group treatments,105
11.2025,Game animals,Farm animals,All prescription types,1
11.2025,Game animals,Farm animals,Single treatments farm animals,1
11.2025,Camelids,Farm animals,Dispensing on stock,1
11.2025,Camelids,Farm animals,All prescription types,41
11.2025,Camelids,Farm animals,Single treatments farm animals,40
11.2025,Rabbits,Farm animals,Dispensing on stock,4
11.2025,Rabbits,Farm animals,All prescription types,5
11.2025,Rabbits,Farm animals,Single treatments farm animals,1
11.2025,Cattle,Farm animals,Dispensing on stock,10453
11.2025,Cattle,Farm animals,All prescription types,66366
11.2025,Cattle,Farm animals,Single treatments farm animals,55247
11.2025,Cattle,Farm animals,Oral group treatments,666
11.2025,Sheep,Farm animals,Dispensing on stock,193
11.2025,Sheep,Farm animals,All prescription types,1115
11.2025,Sheep,Farm animals,Single treatments farm animals,921
11.2025,Sheep,Farm animals,Oral group treatments,1
11.2025,Pigs,Farm animals,Dispensing on stock,1321
11.2025,Pigs,Farm animals,All prescription types,1847
11.2025,Pigs,Farm animals,Single treatments farm animals,380
11.2025,Pigs,Farm animals,Oral group treatments,146
11.2025,Goats,Farm animals,Dispensing on stock,39
11.2025,Goats,Farm animals,All prescription types,441
11.2025,Goats,Farm animals,Single treatments farm animals,400
11.2025,Goats,Farm animals,Oral group treatments,2
12.2025,All species,All animals,Dispensing on stock,12315
12.2025,All species,All animals,All prescription types,120723
12.2025,All species,All animals,Single treatments companion animals,45917
12.2025,All species,All animals,Single treatments farm animals,61538
12.2025,All species,All animals,Oral group treatments,953
12.2025,Equids,All animals,All prescription types,1481
12.2025,Equids,All animals,Single treatments companion animals,1481
12.2025,Fish,All animals,All prescription types,5
12.2025,Fish,All animals,Oral group treatments,5
12.2025,Poultry,All animals,All prescription types,91
12.2025,Poultry,All animals,Single treatments farm animals,5
12.2025,Poultry,All animals,Oral group treatments,86
12.2025,Game animals,All animals,All prescription types,4
12.2025,Game animals,All animals,Single treatments farm animals,4
12.2025,Dogs,All animals,All prescription types,16581
12.2025,Dogs,All animals,Single treatments companion animals,16581
12.2025,Camelids,All animals,Dispensing on stock,4
12.2025,Camelids,All animals,All prescription types,70
12.2025,Camelids,All animals,Single treatments farm animals,66
12.2025,Rabbits,All animals,Dispensing on stock,5
12.2025,Rabbits,All animals,All prescription types,9
12.2025,Rabbits,All animals,Single treatments farm animals,4
12.2025,Cats,All animals,All prescription types,25914
12.2025,Cats,All animals,Single treatments companion animals,25914
12.2025,Cattle,All animals,Dispensing on stock,10702
12.2025,Cattle,All animals,All prescription types,70972
12.2025,Cattle,All animals,Single treatments farm animals,59554
12.2025,Cattle,All animals,Oral group treatments,716
12.2025,Sheep,All animals,Dispensing on stock,190
12.2025,Sheep,All animals,All prescription types,1206
12.2025,Sheep,All animals,Single treatments farm animals,1015
12.2025,Sheep,All animals,Oral group treatments,1
12.2025,Pigs,All animals,Dispensing on stock,1375
12.2025,Pigs,All animals,All prescription types,1981
12.2025,Pigs,All animals,Single treatments farm animals,461
12.2025,Pigs,All animals,Oral group treatments,145
12.2025,Animal species nZO,All animals,All prescription types,1941
12.2025,Animal species nZO,All animals,Single treatments companion animals,1941
12.2025,Goats,All animals,Dispensing on stock,39
12.2025,Goats,All animals,All prescription types,468
12.2025,Goats,All animals,Single treatments farm animals,429
12.2025,All species,Pets,All prescription types,45917
12.2025,All species,Pets,Single treatments companion animals,45917
12.2025,Equids,Pets,All prescription types,1481
12.2025,Equids,Pets,Single treatments companion animals,1481
12.2025,Dogs,Pets,All prescription types,16581
12.2025,Dogs,Pets,Single treatments companion animals,16581
12.2025,Cats,Pets,All prescription types,25914
12.2025,Cats,Pets,Single treatments companion animals,25914
12.2025,Animal species nZO,Pets,All prescription types,1941
12.2025,Animal species nZO,Pets,Single treatments companion animals,1941
12.2025,All species,Farm animals,Dispensing on stock,12315
12.2025,All species,Farm animals,All prescription types,74806
12.2025,All species,Farm animals,Single treatments farm animals,61538
12.2025,All species,Farm animals,Oral group treatments,953
12.2025,Fish,Farm animals,All prescription types,5
12.2025,Fish,Farm animals,Oral group treatments,5
12.2025,Poultry,Farm animals,All prescription types,91
12.2025,Poultry,Farm animals,Single treatments farm animals,5
12.2025,Poultry,Farm animals,Oral group treatments,86
12.2025,Game animals,Farm animals,All prescription types,4
12.2025,Game animals,Farm animals,Single treatments farm animals,4
12.2025,Camelids,Farm animals,Dispensing on stock,4
12.2025,Camelids,Farm animals,All prescription types,70
12.2025,Camelids,Farm animals,Single treatments farm animals,66
12.2025,Rabbits,Farm animals,Dispensing on stock,5
12.2025,Rabbits,Farm animals,All prescription types,9
12.2025,Rabbits,Farm animals,Single treatments farm animals,4
12.2025,Cattle,Farm animals,Dispensing on stock,10702
12.2025,Cattle,Farm animals,All prescription types,70972
12.2025,Cattle,Farm animals,Single treatments farm animals,59554
12.2025,Cattle,Farm animals,Oral group treatments,716
12.2025,Sheep,Farm animals,Dispensing on stock,190
12.2025,Sheep,Farm animals,All prescription types,1206
12.2025,Sheep,Farm animals,Single treatments farm animals,1015
12.2025,Sheep,Farm animals,Oral group treatments,1
12.2025,Pigs,Farm animals,Dispensing on stock,1375
12.2025,Pigs,Farm animals,All prescription types,1981
12.2025,Pigs,Farm animals,Single treatments farm animals,461
12.2025,Pigs,Farm animals,Oral group treatments,145
12.2025,Goats,Farm animals,Dispensing on stock,39
12.2025,Goats,Farm animals,All prescription types,468
12.2025,Goats,Farm animals,Single treatments farm animals,429