canton,week,variable,value
19,2025-04-29,farms_free_count,881
18,2025-04-29,farms_blocked_proportion,1
8,2025-04-29,farms_blocked_proportion,1
25,2025-04-29,farms_blocked_proportion,3
10,2025-04-29,farms_blocked_proportion,10
LIE,2025-04-29,farms_blocked_proportion,7
12,2025-04-29,farms_blocked_proportion,0
13,2025-04-29,farms_blocked_proportion,8
2,2025-04-29,farms_blocked_proportion,11
15,2025-04-29,farms_blocked_proportion,11
16,2025-04-29,farms_blocked_proportion,13
19,2025-04-29,farms_blocked_proportion,9
12,2025-04-29,farms_free_count,18
26,2025-04-29,farms_blocked_proportion,8
1,2025-04-29,farms_total_count,813
23,2025-04-29,farms_total_count,802
22,2025-04-29,farms_total_count,986
4,2025-04-29,farms_total_count,231
20,2025-04-29,farms_total_count,574
CHE,2025-04-29,farms_free_proportion,91
5,2025-04-29,farms_total_count,462
11,2025-04-29,farms_total_count,459
14,2025-04-29,farms_total_count,165
17,2025-04-29,farms_total_count,1143
LIE,2025-04-29,farms_free_count,52
6,2025-04-29,farms_total_count,169
7,2025-04-29,farms_total_count,112
9,2025-04-29,farms_total_count,238
24,2025-04-29,farms_total_count,187
13,2025-04-29,farms_free_count,302
24,2025-04-29,farms_blocked_proportion,7
18,2025-04-29,farms_free_proportion,99
8,2025-04-29,farms_free_proportion,99
25,2025-04-29,farms_free_proportion,97
15,2025-04-29,farms_free_count,267
10,2025-04-29,farms_free_proportion,90
LIE,2025-04-29,farms_free_proportion,93
12,2025-04-29,farms_free_proportion,100
13,2025-04-29,farms_free_proportion,92
2,2025-04-29,farms_free_proportion,89
15,2025-04-29,farms_free_proportion,89
16,2025-04-29,farms_free_proportion,87
19,2025-04-29,farms_free_proportion,91
3,2025-04-29,farms_blocked_proportion,6
1,2025-04-29,farms_blocked_proportion,7
23,2025-04-29,farms_blocked_proportion,3
22,2025-04-29,farms_blocked_proportion,5
2,2025-04-29,farms_free_count,3460
4,2025-04-29,farms_blocked_proportion,10
21,2025-04-29,farms_blocked_proportion,12
20,2025-04-29,farms_blocked_proportion,12
5,2025-04-29,farms_blocked_proportion,17
11,2025-04-29,farms_blocked_proportion,11
14,2025-04-29,farms_blocked_proportion,6
17,2025-04-29,farms_blocked_proportion,15
6,2025-04-29,farms_blocked_proportion,10
7,2025-04-29,farms_blocked_proportion,12
9,2025-04-29,farms_blocked_proportion,4
3,2025-04-29,farms_total_count,1975
26,2025-04-29,farms_total_count,482
18,2025-04-29,farms_total_count,758
8,2025-04-29,farms_free_count,84
10,2025-04-29,farms_blocked_count,102
LIE,2025-04-29,farms_blocked_count,4
12,2025-04-29,farms_blocked_count,0
13,2025-04-29,farms_blocked_count,25
2,2025-04-29,farms_blocked_count,411
15,2025-04-29,farms_blocked_count,33
16,2025-04-29,farms_blocked_count,17
19,2025-04-29,farms_blocked_count,90
1,2025-04-29,farms_free_count,759
9,2025-04-29,farms_free_count,229
23,2025-04-29,farms_free_count,774
25,2025-04-29,farms_blocked_count,4
18,2025-04-29,farms_free_count,751
4,2025-04-29,farms_free_count,209
21,2025-04-29,farms_free_count,359
20,2025-04-29,farms_free_count,504
5,2025-04-29,farms_free_count,383
11,2025-04-29,farms_free_count,410
14,2025-04-29,farms_free_count,155
17,2025-04-29,farms_free_count,966
6,2025-04-29,farms_free_count,152
7,2025-04-29,farms_free_count,98
24,2025-04-29,farms_free_count,174
3,2025-04-29,farms_free_count,1860
26,2025-04-29,farms_free_count,445
22,2025-04-29,farms_free_count,933
8,2025-04-29,farms_blocked_count,1
18,2025-04-29,farms_blocked_count,7
26,2025-04-29,farms_blocked_count,37
8,2025-04-29,farms_total_count,85
25,2025-04-29,farms_total_count,122
10,2025-04-29,farms_total_count,1060
LIE,2025-04-29,farms_total_count,56
12,2025-04-29,farms_total_count,18
10,2025-04-29,farms_free_count,958
13,2025-04-29,farms_total_count,327
2,2025-04-29,farms_total_count,3871
15,2025-04-29,farms_total_count,300
16,2025-04-29,farms_total_count,134
19,2025-04-29,farms_total_count,971
1,2025-04-29,farms_blocked_count,54
9,2025-04-29,farms_blocked_count,9
23,2025-04-29,farms_blocked_count,28
22,2025-04-29,farms_blocked_count,53
4,2025-04-29,farms_blocked_count,22
21,2025-04-29,farms_blocked_count,49
20,2025-04-29,farms_blocked_count,70
25,2025-04-29,farms_free_count,118
5,2025-04-29,farms_blocked_count,79
11,2025-04-29,farms_blocked_count,49
14,2025-04-29,farms_blocked_count,10
17,2025-04-29,farms_blocked_count,177
6,2025-04-29,farms_blocked_count,17
7,2025-04-29,farms_blocked_count,14
24,2025-04-29,farms_blocked_count,13
3,2025-04-29,farms_blocked_count,115
26,2025-04-29,farms_free_proportion,92
3,2025-04-29,farms_free_proportion,94
21,2025-04-29,farms_total_count,408
9,2025-04-29,farms_free_proportion,96
20,2025-04-29,farms_free_proportion,88
14,2025-04-29,farms_free_proportion,94
6,2025-04-29,farms_free_proportion,90
CHE,2025-04-29,farms_free_count,15366
21,2025-04-29,farms_free_proportion,88
24,2025-04-29,farms_free_proportion,93
5,2025-04-29,farms_free_proportion,83
CHE,2025-04-29,farms_blocked_count,1486
4,2025-04-29,farms_free_proportion,90
17,2025-04-29,farms_free_proportion,85
7,2025-04-29,farms_free_proportion,88
16,2025-04-29,farms_free_count,117
CHE,2025-04-29,farms_blocked_proportion,9
22,2025-04-29,farms_free_proportion,95
1,2025-04-29,farms_free_proportion,93
23,2025-04-29,farms_free_proportion,97
CHE,2025-04-29,farms_total_count,16852
11,2025-04-29,farms_free_proportion,89
19,2025-05-06,farms_total_count,971
17,2025-05-06,farms_blocked_proportion,14
1,2025-05-06,farms_blocked_count,52
16,2025-05-06,farms_total_count,134
2,2025-05-06,farms_total_count,3877
6,2025-05-06,farms_blocked_proportion,8
22,2025-05-06,farms_free_proportion,95
7,2025-05-06,farms_blocked_proportion,12
14,2025-05-06,farms_free_proportion,94
10,2025-05-06,farms_free_count,961
13,2025-05-06,farms_total_count,327
15,2025-05-06,farms_total_count,300
14,2025-05-06,farms_blocked_proportion,6
23,2025-05-06,farms_blocked_count,27
23,2025-05-06,farms_free_proportion,97
2,2025-05-06,farms_free_count,3518
6,2025-05-06,farms_blocked_count,13
17,2025-05-06,farms_blocked_count,160
14,2025-05-06,farms_blocked_count,10
4,2025-05-06,farms_blocked_proportion,6
11,2025-05-06,farms_blocked_count,46
5,2025-05-06,farms_blocked_count,68
21,2025-05-06,farms_blocked_proportion,12
25,2025-05-06,farms_free_count,119
9,2025-05-06,farms_free_proportion,97
20,2025-05-06,farms_blocked_proportion,12
17,2025-05-06,farms_free_proportion,86
20,2025-05-06,farms_blocked_count,67
21,2025-05-06,farms_blocked_count,50
5,2025-05-06,farms_blocked_proportion,15
4,2025-05-06,farms_blocked_count,15
22,2025-05-06,farms_blocked_count,50
11,2025-05-06,farms_blocked_proportion,10
24,2025-05-06,farms_blocked_proportion,7
9,2025-05-06,farms_blocked_count,7
12,2025-05-06,farms_total_count,18
4,2025-05-06,farms_free_proportion,94
10,2025-05-06,farms_total_count,1061
CHE,2025-05-06,farms_free_proportion,92
5,2025-05-06,farms_total_count,462
20,2025-05-06,farms_free_proportion,88
12,2025-05-06,farms_blocked_proportion,0
20,2025-05-06,farms_total_count,574
26,2025-05-06,farms_free_count,446
21,2025-05-06,farms_total_count,410
13,2025-05-06,farms_blocked_proportion,7
4,2025-05-06,farms_total_count,231
22,2025-05-06,farms_total_count,989
2,2025-05-06,farms_blocked_proportion,9
5,2025-05-06,farms_free_proportion,85
23,2025-05-06,farms_total_count,803
15,2025-05-06,farms_blocked_proportion,11
9,2025-05-06,farms_total_count,238
1,2025-05-06,farms_total_count,814
16,2025-05-06,farms_blocked_proportion,13
12,2025-05-06,farms_free_count,18
16,2025-05-06,farms_free_count,116
LIE,2025-05-06,farms_blocked_proportion,5
LIE,2025-05-06,farms_total_count,56
11,2025-05-06,farms_total_count,459
10,2025-05-06,farms_blocked_proportion,9
3,2025-05-06,farms_blocked_proportion,5
25,2025-05-06,farms_total_count,123
7,2025-05-06,farms_blocked_count,14
8,2025-05-06,farms_total_count,85
13,2025-05-06,farms_free_count,305
18,2025-05-06,farms_total_count,759
26,2025-05-06,farms_blocked_proportion,7
26,2025-05-06,farms_total_count,482
3,2025-05-06,farms_total_count,1979
18,2025-05-06,farms_blocked_proportion,1
24,2025-05-06,farms_total_count,187
7,2025-05-06,farms_total_count,112
8,2025-05-06,farms_blocked_proportion,1
11,2025-05-06,farms_free_proportion,90
21,2025-05-06,farms_free_proportion,88
6,2025-05-06,farms_total_count,169
25,2025-05-06,farms_blocked_proportion,3
LIE,2025-05-06,farms_free_count,53
17,2025-05-06,farms_total_count,1145
14,2025-05-06,farms_total_count,165
22,2025-05-06,farms_blocked_proportion,5
19,2025-05-06,farms_blocked_proportion,9
12,2025-05-06,farms_blocked_count,0
2,2025-05-06,farms_free_proportion,91
15,2025-05-06,farms_blocked_count,32
25,2025-05-06,farms_free_proportion,97
CHE,2025-05-06,farms_blocked_count,1365
2,2025-05-06,farms_blocked_count,359
CHE,2025-05-06,farms_blocked_proportion,8
5,2025-05-06,farms_free_count,394
15,2025-05-06,farms_free_proportion,89
13,2025-05-06,farms_blocked_count,22
24,2025-05-06,farms_free_proportion,93
8,2025-05-06,farms_free_proportion,99
16,2025-05-06,farms_free_proportion,87
LIE,2025-05-06,farms_blocked_count,3
10,2025-05-06,farms_blocked_count,100
11,2025-05-06,farms_free_count,413
14,2025-05-06,farms_free_count,155
16,2025-05-06,farms_blocked_count,18
20,2025-05-06,farms_free_count,507
22,2025-05-06,farms_free_count,939
10,2025-05-06,farms_free_proportion,91
LIE,2025-05-06,farms_free_proportion,95
CHE,2025-05-06,farms_total_count,16874
23,2025-05-06,farms_free_count,776
4,2025-05-06,farms_free_count,216
7,2025-05-06,farms_free_proportion,88
9,2025-05-06,farms_free_count,231
21,2025-05-06,farms_free_count,360
1,2025-05-06,farms_free_count,762
1,2025-05-06,farms_free_proportion,94
19,2025-05-06,farms_blocked_count,88
15,2025-05-06,farms_free_count,268
13,2025-05-06,farms_free_proportion,93
12,2025-05-06,farms_free_proportion,100
17,2025-05-06,farms_free_count,985
18,2025-05-06,farms_free_count,752
9,2025-05-06,farms_blocked_proportion,3
24,2025-05-06,farms_free_count,174
18,2025-05-06,farms_free_proportion,99
18,2025-05-06,farms_blocked_count,7
26,2025-05-06,farms_blocked_count,36
3,2025-05-06,farms_free_count,1873
8,2025-05-06,farms_blocked_count,1
1,2025-05-06,farms_blocked_proportion,6
7,2025-05-06,farms_free_count,98
6,2025-05-06,farms_free_proportion,92
25,2025-05-06,farms_blocked_count,4
CHE,2025-05-06,farms_free_count,15509
3,2025-05-06,farms_blocked_count,106
26,2025-05-06,farms_free_proportion,93
24,2025-05-06,farms_blocked_count,13
6,2025-05-06,farms_free_count,156
19,2025-05-06,farms_free_count,883
19,2025-05-06,farms_free_proportion,91
8,2025-05-06,farms_free_count,84
23,2025-05-06,farms_blocked_proportion,3
3,2025-05-06,farms_free_proportion,95
9,2025-05-13,farms_total_count,238
20,2025-05-13,farms_free_count,511
18,2025-05-13,farms_free_count,753
LIE,2025-05-13,farms_free_count,54
19,2025-05-13,farms_free_count,886
6,2025-05-13,farms_total_count,169
1,2025-05-13,farms_total_count,818
7,2025-05-13,farms_total_count,112
21,2025-05-13,farms_free_count,362
12,2025-05-13,farms_free_count,18
3,2025-05-13,farms_free_count,1881
4,2025-05-13,farms_free_count,218
17,2025-05-13,farms_free_count,994
17,2025-05-13,farms_total_count,1146
21,2025-05-13,farms_total_count,410
20,2025-05-13,farms_total_count,575
14,2025-05-13,farms_free_count,156
6,2025-05-13,farms_free_count,158
4,2025-05-13,farms_total_count,231
21,2025-05-13,farms_free_proportion,88
CHE,2025-05-13,farms_blocked_proportion,8
5,2025-05-13,farms_total_count,463
5,2025-05-13,farms_free_proportion,86
7,2025-05-13,farms_free_count,100
11,2025-05-13,farms_free_count,416
22,2025-05-13,farms_total_count,994
11,2025-05-13,farms_total_count,461
CHE,2025-05-13,farms_free_proportion,92
24,2025-05-13,farms_free_count,175
23,2025-05-13,farms_total_count,804
14,2025-05-13,farms_total_count,165
5,2025-05-13,farms_free_count,398
20,2025-05-13,farms_free_proportion,89
24,2025-05-13,farms_blocked_count,12
4,2025-05-13,farms_free_proportion,94
CHE,2025-05-13,farms_total_count,16905
23,2025-05-13,farms_blocked_count,27
10,2025-05-13,farms_blocked_count,91
8,2025-05-13,farms_free_count,85
23,2025-05-13,farms_free_proportion,97
22,2025-05-13,farms_blocked_count,47
4,2025-05-13,farms_blocked_count,13
CHE,2025-05-13,farms_free_count,15630
21,2025-05-13,farms_blocked_count,48
20,2025-05-13,farms_blocked_count,64
25,2025-05-13,farms_blocked_count,4
16,2025-05-13,farms_free_count,117
LIE,2025-05-13,farms_blocked_count,2
8,2025-05-13,farms_blocked_count,1
5,2025-05-13,farms_blocked_count,65
9,2025-05-13,farms_free_proportion,97
11,2025-05-13,farms_blocked_count,45
18,2025-05-13,farms_blocked_count,7
14,2025-05-13,farms_blocked_count,9
26,2025-05-13,farms_blocked_count,32
17,2025-05-13,farms_blocked_count,152
6,2025-05-13,farms_blocked_count,11
3,2025-05-13,farms_blocked_count,99
1,2025-05-13,farms_free_proportion,94
7,2025-05-13,farms_blocked_count,12
25,2025-05-13,farms_free_count,119
9,2025-05-13,farms_blocked_count,6
12,2025-05-13,farms_blocked_count,0
1,2025-05-13,farms_blocked_count,48
3,2025-05-13,farms_total_count,1980
22,2025-05-13,farms_free_count,947
26,2025-05-13,farms_total_count,484
18,2025-05-13,farms_total_count,760
23,2025-05-13,farms_free_count,777
8,2025-05-13,farms_total_count,86
9,2025-05-13,farms_free_count,232
25,2025-05-13,farms_total_count,123
10,2025-05-13,farms_total_count,1063
1,2025-05-13,farms_free_count,770
LIE,2025-05-13,farms_total_count,56
12,2025-05-13,farms_total_count,18
19,2025-05-13,farms_blocked_count,86
13,2025-05-13,farms_total_count,327
16,2025-05-13,farms_blocked_count,17
CHE,2025-05-13,farms_blocked_count,1275
10,2025-05-13,farms_free_count,972
15,2025-05-13,farms_blocked_count,30
2,2025-05-13,farms_total_count,3884
2,2025-05-13,farms_blocked_count,328
22,2025-05-13,farms_free_proportion,95
15,2025-05-13,farms_total_count,301
16,2025-05-13,farms_total_count,134
13,2025-05-13,farms_blocked_count,21
19,2025-05-13,farms_total_count,972
24,2025-05-13,farms_total_count,187
3,2025-05-13,farms_free_proportion,95
26,2025-05-13,farms_free_count,452
14,2025-05-13,farms_free_proportion,95
LIE,2025-05-13,farms_blocked_proportion,4
10,2025-05-13,farms_free_proportion,91
14,2025-05-13,farms_blocked_proportion,5
1,2025-05-13,farms_blocked_proportion,6
19,2025-05-13,farms_free_proportion,91
LIE,2025-05-13,farms_free_proportion,96
11,2025-05-13,farms_blocked_proportion,10
4,2025-05-13,farms_blocked_proportion,6
12,2025-05-13,farms_free_proportion,100
13,2025-05-13,farms_blocked_proportion,6
2,2025-05-13,farms_blocked_proportion,8
25,2025-05-13,farms_blocked_proportion,3
13,2025-05-13,farms_free_proportion,94
5,2025-05-13,farms_blocked_proportion,14
12,2025-05-13,farms_blocked_proportion,0
2,2025-05-13,farms_free_proportion,92
7,2025-05-13,farms_free_proportion,89
20,2025-05-13,farms_blocked_proportion,11
19,2025-05-13,farms_blocked_proportion,9
15,2025-05-13,farms_free_proportion,90
18,2025-05-13,farms_blocked_proportion,1
16,2025-05-13,farms_free_proportion,87
17,2025-05-13,farms_free_proportion,87
13,2025-05-13,farms_free_count,306
21,2025-05-13,farms_blocked_proportion,12
6,2025-05-13,farms_blocked_proportion,7
16,2025-05-13,farms_blocked_proportion,13
3,2025-05-13,farms_blocked_proportion,5
18,2025-05-13,farms_free_proportion,99
11,2025-05-13,farms_free_proportion,90
26,2025-05-13,farms_blocked_proportion,7
26,2025-05-13,farms_free_proportion,93
7,2025-05-13,farms_blocked_proportion,11
2,2025-05-13,farms_free_count,3556
8,2025-05-13,farms_free_proportion,99
6,2025-05-13,farms_free_proportion,93
15,2025-05-13,farms_blocked_proportion,10
9,2025-05-13,farms_blocked_proportion,3
22,2025-05-13,farms_blocked_proportion,5
10,2025-05-13,farms_blocked_proportion,9
25,2025-05-13,farms_free_proportion,97
24,2025-05-13,farms_free_proportion,94
17,2025-05-13,farms_blocked_proportion,13
8,2025-05-13,farms_blocked_proportion,1
15,2025-05-13,farms_free_count,271
24,2025-05-13,farms_blocked_proportion,6
23,2025-05-13,farms_blocked_proportion,3
21,2025-05-20,farms_blocked_proportion,12
6,2025-05-20,farms_blocked_count,9
9,2025-05-20,farms_free_proportion,97
6,2025-05-20,farms_free_proportion,95
14,2025-05-20,farms_blocked_count,8
7,2025-05-20,farms_blocked_count,11
4,2025-05-20,farms_blocked_proportion,6
2,2025-05-20,farms_free_count,3587
17,2025-05-20,farms_blocked_count,152
11,2025-05-20,farms_blocked_count,46
19,2025-05-20,farms_blocked_proportion,9
4,2025-05-20,farms_blocked_count,13
20,2025-05-20,farms_blocked_proportion,11
13,2025-05-20,farms_total_count,328
24,2025-05-20,farms_blocked_proportion,6
10,2025-05-20,farms_free_count,973
7,2025-05-20,farms_blocked_proportion,10
2,2025-05-20,farms_total_count,3890
15,2025-05-20,farms_total_count,301
6,2025-05-20,farms_blocked_proportion,5
22,2025-05-20,farms_free_proportion,96
16,2025-05-20,farms_total_count,134
19,2025-05-20,farms_total_count,972
25,2025-05-20,farms_free_count,119
17,2025-05-20,farms_blocked_proportion,13
9,2025-05-20,farms_blocked_count,6
14,2025-05-20,farms_blocked_proportion,5
23,2025-05-20,farms_blocked_count,25
17,2025-05-20,farms_free_proportion,87
22,2025-05-20,farms_blocked_count,44
11,2025-05-20,farms_blocked_proportion,10
23,2025-05-20,farms_free_proportion,97
21,2025-05-20,farms_blocked_count,49
5,2025-05-20,farms_blocked_proportion,13
20,2025-05-20,farms_blocked_count,64
1,2025-05-20,farms_blocked_count,46
24,2025-05-20,farms_blocked_count,12
25,2025-05-20,farms_blocked_count,4
3,2025-05-20,farms_blocked_count,97
LIE,2025-05-20,farms_free_proportion,96
18,2025-05-20,farms_free_count,758
CHE,2025-05-20,farms_total_count,16933
4,2025-05-20,farms_free_count,218
10,2025-05-20,farms_free_proportion,91
21,2025-05-20,farms_free_count,363
15,2025-05-20,farms_free_count,274
20,2025-05-20,farms_free_count,512
24,2025-05-20,farms_free_proportion,94
5,2025-05-20,farms_free_count,405
11,2025-05-20,farms_free_count,416
22,2025-05-20,farms_free_count,951
25,2025-05-20,farms_free_proportion,97
8,2025-05-20,farms_free_proportion,99
CHE,2025-05-20,farms_blocked_proportion,7
17,2025-05-20,farms_free_count,996
6,2025-05-20,farms_free_count,160
18,2025-05-20,farms_free_proportion,99
7,2025-05-20,farms_free_count,101
24,2025-05-20,farms_free_count,175
19,2025-05-20,farms_free_count,887
3,2025-05-20,farms_free_count,1885
26,2025-05-20,farms_free_proportion,93
26,2025-05-20,farms_free_count,454
14,2025-05-20,farms_free_count,157
23,2025-05-20,farms_free_count,782
12,2025-05-20,farms_free_proportion,100
9,2025-05-20,farms_free_count,232
1,2025-05-20,farms_free_proportion,94
26,2025-05-20,farms_blocked_count,32
23,2025-05-20,farms_blocked_proportion,3
18,2025-05-20,farms_blocked_count,7
8,2025-05-20,farms_blocked_count,1
9,2025-05-20,farms_blocked_proportion,3
1,2025-05-20,farms_blocked_proportion,6
8,2025-05-20,farms_free_count,85
10,2025-05-20,farms_blocked_count,91
19,2025-05-20,farms_free_proportion,91
CHE,2025-05-20,farms_free_count,15704
LIE,2025-05-20,farms_blocked_count,2
12,2025-05-20,farms_blocked_count,0
16,2025-05-20,farms_free_proportion,87
13,2025-05-20,farms_blocked_count,21
7,2025-05-20,farms_free_proportion,90
2,2025-05-20,farms_blocked_count,303
15,2025-05-20,farms_free_proportion,91
15,2025-05-20,farms_blocked_count,27
16,2025-05-20,farms_blocked_count,18
2,2025-05-20,farms_free_proportion,92
CHE,2025-05-20,farms_blocked_count,1229
19,2025-05-20,farms_blocked_count,85
1,2025-05-20,farms_free_count,773
13,2025-05-20,farms_free_proportion,94
22,2025-05-20,farms_blocked_proportion,4
12,2025-05-20,farms_total_count,18
5,2025-05-20,farms_blocked_count,58
CHE,2025-05-20,farms_free_proportion,93
14,2025-05-20,farms_total_count,165
11,2025-05-20,farms_free_proportion,90
17,2025-05-20,farms_total_count,1148
10,2025-05-20,farms_blocked_proportion,9
6,2025-05-20,farms_total_count,169
LIE,2025-05-20,farms_free_count,55
25,2025-05-20,farms_blocked_proportion,3
7,2025-05-20,farms_total_count,112
8,2025-05-20,farms_blocked_proportion,1
24,2025-05-20,farms_total_count,187
21,2025-05-20,farms_free_proportion,88
3,2025-05-20,farms_free_proportion,95
18,2025-05-20,farms_blocked_proportion,1
26,2025-05-20,farms_total_count,486
18,2025-05-20,farms_total_count,765
20,2025-05-20,farms_free_proportion,89
13,2025-05-20,farms_free_count,307
LIE,2025-05-20,farms_blocked_proportion,4
12,2025-05-20,farms_blocked_proportion,0
16,2025-05-20,farms_free_count,116
12,2025-05-20,farms_free_count,18
1,2025-05-20,farms_total_count,819
16,2025-05-20,farms_blocked_proportion,13
9,2025-05-20,farms_total_count,238
23,2025-05-20,farms_total_count,807
15,2025-05-20,farms_blocked_proportion,9
5,2025-05-20,farms_free_proportion,87
22,2025-05-20,farms_total_count,995
4,2025-05-20,farms_total_count,231
2,2025-05-20,farms_blocked_proportion,8
21,2025-05-20,farms_total_count,412
13,2025-05-20,farms_blocked_proportion,6
20,2025-05-20,farms_total_count,576
5,2025-05-20,farms_total_count,463
11,2025-05-20,farms_total_count,462
8,2025-05-20,farms_total_count,86
3,2025-05-20,farms_total_count,1982
4,2025-05-20,farms_free_proportion,94
26,2025-05-20,farms_blocked_proportion,7
3,2025-05-20,farms_blocked_proportion,5
LIE,2025-05-20,farms_total_count,57
25,2025-05-20,farms_total_count,123
10,2025-05-20,farms_total_count,1064
14,2025-05-20,farms_free_proportion,95
11,2025-05-27,farms_total_count,463
16,2025-05-27,farms_free_proportion,87
2,2025-05-27,farms_blocked_count,275
11,2025-05-27,farms_free_proportion,91
12,2025-05-27,farms_blocked_proportion,0
15,2025-05-27,farms_free_proportion,91
15,2025-05-27,farms_blocked_count,26
5,2025-05-27,farms_total_count,464
2,2025-05-27,farms_free_proportion,93
19,2025-05-27,farms_blocked_count,82
13,2025-05-27,farms_blocked_proportion,6
10,2025-05-27,farms_free_count,977
CHE,2025-05-27,farms_blocked_count,1163
1,2025-05-27,farms_free_count,778
20,2025-05-27,farms_total_count,579
13,2025-05-27,farms_free_proportion,94
16,2025-05-27,farms_blocked_count,18
13,2025-05-27,farms_blocked_count,19
CHE,2025-05-27,farms_free_count,15795
7,2025-05-27,farms_blocked_proportion,9
23,2025-05-27,farms_blocked_proportion,3
1,2025-05-27,farms_free_proportion,95
18,2025-05-27,farms_blocked_count,6
15,2025-05-27,farms_total_count,301
8,2025-05-27,farms_blocked_count,1
17,2025-05-27,farms_total_count,1150
9,2025-05-27,farms_blocked_proportion,3
25,2025-05-27,farms_blocked_count,5
20,2025-05-27,farms_free_proportion,89
9,2025-05-27,farms_free_count,232
1,2025-05-27,farms_blocked_proportion,5
8,2025-05-27,farms_free_count,85
10,2025-05-27,farms_blocked_count,87
14,2025-05-27,farms_total_count,165
19,2025-05-27,farms_free_proportion,92
LIE,2025-05-27,farms_blocked_count,2
LIE,2025-05-27,farms_blocked_proportion,4
7,2025-05-27,farms_free_proportion,91
25,2025-05-27,farms_total_count,123
12,2025-05-27,farms_blocked_count,0
10,2025-05-27,farms_total_count,1064
2,2025-05-27,farms_total_count,3897
21,2025-05-27,farms_total_count,412
6,2025-05-27,farms_total_count,169
16,2025-05-27,farms_free_count,116
9,2025-05-27,farms_total_count,238
17,2025-05-27,farms_free_count,998
8,2025-05-27,farms_free_proportion,99
CHE,2025-05-27,farms_blocked_proportion,7
6,2025-05-27,farms_free_count,161
16,2025-05-27,farms_blocked_proportion,13
3,2025-05-27,farms_blocked_proportion,5
7,2025-05-27,farms_free_count,103
14,2025-05-27,farms_free_count,157
12,2025-05-27,farms_free_count,18
19,2025-05-27,farms_free_count,891
24,2025-05-27,farms_free_count,176
4,2025-05-27,farms_free_proportion,95
3,2025-05-27,farms_free_count,1889
19,2025-05-27,farms_blocked_proportion,8
1,2025-05-27,farms_total_count,822
26,2025-05-27,farms_free_proportion,94
26,2025-05-27,farms_free_count,455
3,2025-05-27,farms_free_proportion,95
18,2025-05-27,farms_free_proportion,99
23,2025-05-27,farms_free_count,787
25,2025-05-27,farms_free_proportion,96
11,2025-05-27,farms_free_count,422
12,2025-05-27,farms_free_proportion,100
22,2025-05-27,farms_free_count,954
2,2025-05-27,farms_blocked_proportion,7
LIE,2025-05-27,farms_free_proportion,96
24,2025-05-27,farms_free_proportion,94
18,2025-05-27,farms_free_count,759
24,2025-05-27,farms_blocked_proportion,6
4,2025-05-27,farms_free_count,220
4,2025-05-27,farms_total_count,232
23,2025-05-27,farms_total_count,809
5,2025-05-27,farms_free_proportion,88
21,2025-05-27,farms_free_count,366
15,2025-05-27,farms_free_count,275
LIE,2025-05-27,farms_total_count,57
20,2025-05-27,farms_free_count,517
22,2025-05-27,farms_total_count,995
10,2025-05-27,farms_free_proportion,92
5,2025-05-27,farms_free_count,408
15,2025-05-27,farms_blocked_proportion,9
13,2025-05-27,farms_total_count,330
CHE,2025-05-27,farms_total_count,16958
26,2025-05-27,farms_blocked_count,31
12,2025-05-27,farms_total_count,18
10,2025-05-27,farms_blocked_proportion,8
23,2025-05-27,farms_blocked_count,22
19,2025-05-27,farms_total_count,973
2,2025-05-27,farms_free_count,3622
6,2025-05-27,farms_blocked_count,8
13,2025-05-27,farms_free_count,311
4,2025-05-27,farms_blocked_proportion,5
22,2025-05-27,farms_blocked_count,41
17,2025-05-27,farms_blocked_count,152
9,2025-05-27,farms_free_proportion,97
18,2025-05-27,farms_total_count,765
24,2025-05-27,farms_total_count,187
11,2025-05-27,farms_blocked_proportion,9
16,2025-05-27,farms_total_count,134
14,2025-05-27,farms_blocked_count,8
4,2025-05-27,farms_blocked_count,12
8,2025-05-27,farms_blocked_proportion,1
23,2025-05-27,farms_free_proportion,97
11,2025-05-27,farms_blocked_count,41
21,2025-05-27,farms_blocked_proportion,11
21,2025-05-27,farms_blocked_count,46
18,2025-05-27,farms_blocked_proportion,1
25,2025-05-27,farms_free_count,118
3,2025-05-27,farms_total_count,1983
22,2025-05-27,farms_free_proportion,96
26,2025-05-27,farms_total_count,486
20,2025-05-27,farms_blocked_proportion,11
20,2025-05-27,farms_blocked_count,62
5,2025-05-27,farms_blocked_proportion,12
5,2025-05-27,farms_blocked_count,56
26,2025-05-27,farms_blocked_proportion,6
7,2025-05-27,farms_blocked_count,10
21,2025-05-27,farms_free_proportion,89
9,2025-05-27,farms_blocked_count,6
24,2025-05-27,farms_blocked_count,11
3,2025-05-27,farms_blocked_count,94
17,2025-05-27,farms_blocked_proportion,13
25,2025-05-27,farms_blocked_proportion,4
LIE,2025-05-27,farms_free_count,55
1,2025-05-27,farms_blocked_count,44
17,2025-05-27,farms_free_proportion,87
CHE,2025-05-27,farms_free_proportion,93
8,2025-05-27,farms_total_count,86
7,2025-05-27,farms_total_count,113
14,2025-05-27,farms_blocked_proportion,5
6,2025-05-27,farms_free_proportion,95
6,2025-05-27,farms_blocked_proportion,5
22,2025-05-27,farms_blocked_proportion,4
14,2025-05-27,farms_free_proportion,95
3,2025-06-03,farms_free_count,1897
21,2025-06-03,farms_blocked_count,45
17,2025-06-03,farms_blocked_proportion,12
20,2025-06-03,farms_free_count,521
CHE,2025-06-03,farms_total_count,16978
19,2025-06-03,farms_blocked_proportion,8
22,2025-06-03,farms_total_count,996
CHE,2025-06-03,farms_blocked_proportion,6
18,2025-06-03,farms_blocked_proportion,1
15,2025-06-03,farms_blocked_proportion,8
26,2025-06-03,farms_free_count,455
21,2025-06-03,farms_free_count,368
23,2025-06-03,farms_free_proportion,98
20,2025-06-03,farms_blocked_count,58
4,2025-06-03,farms_total_count,233
1,2025-06-03,farms_blocked_count,43
26,2025-06-03,farms_total_count,486
4,2025-06-03,farms_free_count,222
1,2025-06-03,farms_total_count,826
5,2025-06-03,farms_blocked_proportion,11
22,2025-06-03,farms_free_proportion,96
26,2025-06-03,farms_free_proportion,94
5,2025-06-03,farms_free_count,413
4,2025-06-03,farms_blocked_count,11
21,2025-06-03,farms_free_proportion,89
23,2025-06-03,farms_blocked_count,19
4,2025-06-03,farms_free_proportion,95
7,2025-06-03,farms_free_count,105
8,2025-06-03,farms_total_count,86
6,2025-06-03,farms_free_count,162
14,2025-06-03,farms_blocked_proportion,5
8,2025-06-03,farms_free_proportion,99
9,2025-06-03,farms_total_count,238
14,2025-06-03,farms_free_proportion,95
17,2025-06-03,farms_free_count,1007
18,2025-06-03,farms_free_proportion,99
22,2025-06-03,farms_blocked_count,38
24,2025-06-03,farms_blocked_proportion,6
16,2025-06-03,farms_blocked_proportion,13
24,2025-06-03,farms_free_count,176
19,2025-06-03,farms_total_count,974
14,2025-06-03,farms_free_count,157
25,2025-06-03,farms_free_proportion,96
9,2025-06-03,farms_blocked_count,6
3,2025-06-03,farms_blocked_proportion,4
23,2025-06-03,farms_total_count,811
3,2025-06-03,farms_free_proportion,96
18,2025-06-03,farms_total_count,765
11,2025-06-03,farms_free_count,426
10,2025-06-03,farms_free_proportion,92
11,2025-06-03,farms_blocked_proportion,8
13,2025-06-03,farms_total_count,330
23,2025-06-03,farms_free_count,792
5,2025-06-03,farms_blocked_count,51
LIE,2025-06-03,farms_blocked_proportion,4
7,2025-06-03,farms_total_count,113
7,2025-06-03,farms_blocked_proportion,7
14,2025-06-03,farms_total_count,165
LIE,2025-06-03,farms_blocked_count,2
7,2025-06-03,farms_blocked_count,8
19,2025-06-03,farms_free_proportion,92
25,2025-06-03,farms_blocked_proportion,4
12,2025-06-03,farms_blocked_count,0
16,2025-06-03,farms_total_count,134
6,2025-06-03,farms_blocked_count,7
9,2025-06-03,farms_free_proportion,97
CHE,2025-06-03,farms_free_count,15890
13,2025-06-03,farms_blocked_count,19
4,2025-06-03,farms_blocked_proportion,5
7,2025-06-03,farms_free_proportion,93
CHE,2025-06-03,farms_free_proportion,94
1,2025-06-03,farms_blocked_proportion,5
24,2025-06-03,farms_blocked_count,11
10,2025-06-03,farms_total_count,1064
10,2025-06-03,farms_blocked_proportion,8
26,2025-06-03,farms_blocked_proportion,6
18,2025-06-03,farms_blocked_count,6
20,2025-06-03,farms_free_proportion,90
23,2025-06-03,farms_blocked_proportion,2
3,2025-06-03,farms_blocked_count,89
1,2025-06-03,farms_free_proportion,95
8,2025-06-03,farms_blocked_count,1
22,2025-06-03,farms_blocked_proportion,4
15,2025-06-03,farms_total_count,301
9,2025-06-03,farms_blocked_proportion,3
25,2025-06-03,farms_blocked_count,5
17,2025-06-03,farms_total_count,1150
12,2025-06-03,farms_total_count,18
10,2025-06-03,farms_blocked_count,84
LIE,2025-06-03,farms_free_proportion,96
16,2025-06-03,farms_free_proportion,87
2,2025-06-03,farms_blocked_count,247
3,2025-06-03,farms_total_count,1986
CHE,2025-06-03,farms_blocked_count,1088
9,2025-06-03,farms_free_count,232
13,2025-06-03,farms_free_proportion,94
2,2025-06-03,farms_blocked_proportion,6
LIE,2025-06-03,farms_total_count,57
26,2025-06-03,farms_blocked_count,31
20,2025-06-03,farms_blocked_proportion,10
6,2025-06-03,farms_blocked_proportion,4
12,2025-06-03,farms_free_proportion,100
24,2025-06-03,farms_free_proportion,94
22,2025-06-03,farms_free_count,958
17,2025-06-03,farms_free_proportion,88
21,2025-06-03,farms_total_count,413
5,2025-06-03,farms_free_proportion,89
20,2025-06-03,farms_total_count,579
11,2025-06-03,farms_total_count,463
11,2025-06-03,farms_blocked_count,37
8,2025-06-03,farms_blocked_proportion,1
17,2025-06-03,farms_blocked_count,143
12,2025-06-03,farms_blocked_proportion,0
24,2025-06-03,farms_total_count,187
15,2025-06-03,farms_blocked_count,25
2,2025-06-03,farms_total_count,3904
15,2025-06-03,farms_free_proportion,92
16,2025-06-03,farms_blocked_count,18
14,2025-06-03,farms_blocked_count,8
5,2025-06-03,farms_total_count,464
11,2025-06-03,farms_free_proportion,92
13,2025-06-03,farms_blocked_proportion,6
19,2025-06-03,farms_blocked_count,78
6,2025-06-03,farms_free_proportion,96
21,2025-06-03,farms_blocked_proportion,11
2,2025-06-03,farms_free_proportion,94
1,2025-06-03,farms_free_count,783
25,2025-06-03,farms_total_count,123
6,2025-06-03,farms_total_count,169
18,2025-06-03,farms_free_count,759
10,2025-06-03,farms_free_count,980
16,2025-06-03,farms_free_count,116
2,2025-06-03,farms_free_count,3657
12,2025-06-03,farms_free_count,18
25,2025-06-03,farms_free_count,118
8,2025-06-03,farms_free_count,85
13,2025-06-03,farms_free_count,311
19,2025-06-03,farms_free_count,896
15,2025-06-03,farms_free_count,276
LIE,2025-06-03,farms_free_count,55
1,2025-06-10,farms_free_count,784
3,2025-06-10,farms_blocked_proportion,4
26,2025-06-10,farms_blocked_proportion,6
8,2025-06-10,farms_free_count,85
14,2025-06-10,farms_total_count,165
17,2025-06-10,farms_total_count,1150
16,2025-06-10,farms_total_count,134
22,2025-06-10,farms_blocked_proportion,4
5,2025-06-10,farms_free_proportion,89
15,2025-06-10,farms_total_count,301
23,2025-06-10,farms_blocked_proportion,2
10,2025-06-10,farms_blocked_count,77
16,2025-06-10,farms_free_count,116
15,2025-06-10,farms_blocked_proportion,8
13,2025-06-10,farms_free_count,312
20,2025-06-10,farms_free_proportion,91
23,2025-06-10,farms_free_count,792
22,2025-06-10,farms_blocked_count,35
20,2025-06-10,farms_total_count,579
8,2025-06-10,farms_blocked_proportion,1
19,2025-06-10,farms_free_proportion,92
23,2025-06-10,farms_blocked_count,20
11,2025-06-10,farms_free_count,427
23,2025-06-10,farms_free_proportion,98
5,2025-06-10,farms_total_count,464
15,2025-06-10,farms_blocked_count,25
9,2025-06-10,farms_blocked_count,6
18,2025-06-10,farms_blocked_proportion,1
25,2025-06-10,farms_blocked_count,5
3,2025-06-10,farms_free_proportion,96
9,2025-06-10,farms_free_count,232
1,2025-06-10,farms_blocked_count,42
9,2025-06-10,farms_blocked_proportion,3
19,2025-06-10,farms_total_count,974
CHE,2025-06-10,farms_total_count,16996
11,2025-06-10,farms_total_count,464
24,2025-06-10,farms_free_proportion,94
24,2025-06-10,farms_free_count,176
2,2025-06-10,farms_total_count,3911
10,2025-06-10,farms_free_count,988
LIE,2025-06-10,farms_total_count,58
3,2025-06-10,farms_total_count,1989
13,2025-06-10,farms_blocked_count,19
17,2025-06-10,farms_blocked_proportion,12
14,2025-06-10,farms_free_proportion,95
16,2025-06-10,farms_blocked_count,18
6,2025-06-10,farms_free_proportion,96
26,2025-06-10,farms_total_count,486
5,2025-06-10,farms_free_count,413
5,2025-06-10,farms_blocked_proportion,11
CHE,2025-06-10,farms_blocked_count,1061
25,2025-06-10,farms_total_count,123
2,2025-06-10,farms_blocked_count,242
11,2025-06-10,farms_blocked_proportion,8
8,2025-06-10,farms_total_count,86
18,2025-06-10,farms_total_count,766
14,2025-06-10,farms_blocked_proportion,5
7,2025-06-10,farms_free_count,105
10,2025-06-10,farms_total_count,1065
6,2025-06-10,farms_free_count,162
20,2025-06-10,farms_blocked_proportion,9
6,2025-06-10,farms_blocked_proportion,4
16,2025-06-10,farms_free_proportion,87
6,2025-06-10,farms_total_count,169
11,2025-06-10,farms_free_proportion,92
24,2025-06-10,farms_blocked_proportion,6
LIE,2025-06-10,farms_free_count,57
CHE,2025-06-10,farms_free_count,15935
LIE,2025-06-10,farms_blocked_count,1
7,2025-06-10,farms_free_proportion,93
12,2025-06-10,farms_total_count,18
19,2025-06-10,farms_blocked_count,77
7,2025-06-10,farms_total_count,113
2,2025-06-10,farms_free_count,3669
7,2025-06-10,farms_blocked_proportion,7
13,2025-06-10,farms_total_count,331
12,2025-06-10,farms_blocked_count,0
21,2025-06-10,farms_blocked_proportion,10
24,2025-06-10,farms_total_count,187
CHE,2025-06-10,farms_free_proportion,94
4,2025-06-10,farms_blocked_proportion,5
8,2025-06-10,farms_blocked_count,1
1,2025-06-10,farms_blocked_proportion,5
26,2025-06-10,farms_blocked_count,31
12,2025-06-10,farms_free_count,18
12,2025-06-10,farms_free_proportion,100
14,2025-06-10,farms_blocked_count,8
12,2025-06-10,farms_blocked_proportion,0
11,2025-06-10,farms_blocked_count,37
CHE,2025-06-10,farms_blocked_proportion,6
19,2025-06-10,farms_free_count,897
1,2025-06-10,farms_total_count,826
18,2025-06-10,farms_free_proportion,99
1,2025-06-10,farms_free_proportion,95
13,2025-06-10,farms_free_proportion,94
9,2025-06-10,farms_total_count,238
18,2025-06-10,farms_free_count,759
4,2025-06-10,farms_free_count,224
25,2025-06-10,farms_free_count,118
5,2025-06-10,farms_blocked_count,51
4,2025-06-10,farms_free_proportion,95
23,2025-06-10,farms_total_count,812
8,2025-06-10,farms_free_proportion,99
3,2025-06-10,farms_blocked_count,85
26,2025-06-10,farms_free_count,455
10,2025-06-10,farms_free_proportion,93
15,2025-06-10,farms_free_count,276
7,2025-06-10,farms_blocked_count,8
22,2025-06-10,farms_free_proportion,96
21,2025-06-10,farms_free_count,372
6,2025-06-10,farms_blocked_count,7
20,2025-06-10,farms_free_count,525
16,2025-06-10,farms_blocked_proportion,13
24,2025-06-10,farms_blocked_count,11
25,2025-06-10,farms_free_proportion,96
14,2025-06-10,farms_free_count,157
LIE,2025-06-10,farms_free_proportion,98
19,2025-06-10,farms_blocked_proportion,8
13,2025-06-10,farms_blocked_proportion,6
17,2025-06-10,farms_blocked_count,142
2,2025-06-10,farms_blocked_proportion,6
LIE,2025-06-10,farms_blocked_proportion,2
17,2025-06-10,farms_free_proportion,88
17,2025-06-10,farms_free_count,1008
3,2025-06-10,farms_free_count,1904
21,2025-06-10,farms_blocked_count,42
10,2025-06-10,farms_blocked_proportion,7
9,2025-06-10,farms_free_proportion,97
22,2025-06-10,farms_total_count,996
4,2025-06-10,farms_blocked_count,11
26,2025-06-10,farms_free_proportion,94
18,2025-06-10,farms_blocked_count,7
21,2025-06-10,farms_free_proportion,90
21,2025-06-10,farms_total_count,414
20,2025-06-10,farms_blocked_count,54
22,2025-06-10,farms_free_count,961
25,2025-06-10,farms_blocked_proportion,4
2,2025-06-10,farms_free_proportion,94
4,2025-06-10,farms_total_count,235
15,2025-06-10,farms_free_proportion,92
14,2025-06-17,farms_free_count,157
LIE,2025-06-17,farms_total_count,58
2,2025-06-17,farms_free_proportion,94
20,2025-06-17,farms_blocked_proportion,9
25,2025-06-17,farms_free_proportion,96
13,2025-06-17,farms_blocked_count,19
12,2025-06-17,farms_total_count,18
11,2025-06-17,farms_free_count,428
1,2025-06-17,farms_blocked_proportion,5
18,2025-06-17,farms_blocked_count,7
LIE,2025-06-17,farms_free_proportion,98
23,2025-06-17,farms_blocked_count,21
6,2025-06-17,farms_free_proportion,96
6,2025-06-17,farms_blocked_count,7
10,2025-06-17,farms_free_proportion,93
7,2025-06-17,farms_free_count,105
15,2025-06-17,farms_blocked_count,25
8,2025-06-17,farms_total_count,86
15,2025-06-17,farms_free_count,276
17,2025-06-17,farms_free_count,1009
25,2025-06-17,farms_total_count,123
4,2025-06-17,farms_blocked_count,10
22,2025-06-17,farms_blocked_count,35
26,2025-06-17,farms_free_proportion,94
10,2025-06-17,farms_total_count,1068
7,2025-06-17,farms_blocked_count,8
24,2025-06-17,farms_blocked_count,11
5,2025-06-17,farms_blocked_proportion,11
17,2025-06-17,farms_blocked_count,141
19,2025-06-17,farms_free_proportion,92
2,2025-06-17,farms_blocked_count,230
21,2025-06-17,farms_blocked_proportion,10
21,2025-06-17,farms_blocked_count,42
3,2025-06-17,farms_blocked_count,83
6,2025-06-17,farms_free_count,162
24,2025-06-17,farms_free_proportion,94
18,2025-06-17,farms_free_proportion,99
13,2025-06-17,farms_free_proportion,94
15,2025-06-17,farms_total_count,301
1,2025-06-17,farms_free_proportion,95
22,2025-06-17,farms_blocked_proportion,4
10,2025-06-17,farms_free_count,993
8,2025-06-17,farms_free_count,85
10,2025-06-17,farms_blocked_count,75
9,2025-06-17,farms_free_proportion,97
25,2025-06-17,farms_free_count,118
20,2025-06-17,farms_blocked_count,54
16,2025-06-17,farms_total_count,134
15,2025-06-17,farms_blocked_proportion,8
5,2025-06-17,farms_blocked_count,49
19,2025-06-17,farms_total_count,974
9,2025-06-17,farms_blocked_proportion,3
8,2025-06-17,farms_blocked_count,1
26,2025-06-17,farms_blocked_count,27
12,2025-06-17,farms_blocked_count,0
13,2025-06-17,farms_total_count,332
23,2025-06-17,farms_blocked_proportion,3
9,2025-06-17,farms_blocked_count,6
2,2025-06-17,farms_free_count,3683
8,2025-06-17,farms_free_proportion,99
12,2025-06-17,farms_free_proportion,100
25,2025-06-17,farms_blocked_count,5
4,2025-06-17,farms_blocked_proportion,4
CHE,2025-06-17,farms_free_count,15977
14,2025-06-17,farms_blocked_count,8
LIE,2025-06-17,farms_blocked_count,1
3,2025-06-17,farms_free_proportion,96
15,2025-06-17,farms_free_proportion,92
2,2025-06-17,farms_total_count,3913
1,2025-06-17,farms_blocked_count,40
11,2025-06-17,farms_blocked_count,36
7,2025-06-17,farms_free_proportion,93
16,2025-06-17,farms_free_proportion,87
11,2025-06-17,farms_blocked_proportion,8
12,2025-06-17,farms_free_count,18
4,2025-06-17,farms_total_count,235
11,2025-06-17,farms_free_proportion,92
6,2025-06-17,farms_total_count,169
24,2025-06-17,farms_blocked_proportion,6
22,2025-06-17,farms_free_count,963
LIE,2025-06-17,farms_free_count,57
3,2025-06-17,farms_free_count,1906
16,2025-06-17,farms_free_count,116
21,2025-06-17,farms_free_proportion,90
2,2025-06-17,farms_blocked_proportion,6
7,2025-06-17,farms_total_count,113
18,2025-06-17,farms_blocked_proportion,1
16,2025-06-17,farms_blocked_proportion,13
7,2025-06-17,farms_blocked_proportion,7
10,2025-06-17,farms_blocked_proportion,7
22,2025-06-17,farms_total_count,998
14,2025-06-17,farms_free_proportion,95
13,2025-06-17,farms_blocked_proportion,6
24,2025-06-17,farms_total_count,187
21,2025-06-17,farms_total_count,414
25,2025-06-17,farms_blocked_proportion,4
9,2025-06-17,farms_free_count,232
17,2025-06-17,farms_free_proportion,88
23,2025-06-17,farms_free_proportion,97
5,2025-06-17,farms_total_count,464
CHE,2025-06-17,farms_total_count,17010
23,2025-06-17,farms_free_count,792
8,2025-06-17,farms_blocked_proportion,1
11,2025-06-17,farms_total_count,464
26,2025-06-17,farms_blocked_proportion,6
5,2025-06-17,farms_free_proportion,89
14,2025-06-17,farms_total_count,165
19,2025-06-17,farms_blocked_proportion,8
3,2025-06-17,farms_blocked_proportion,4
1,2025-06-17,farms_free_count,788
20,2025-06-17,farms_total_count,579
17,2025-06-17,farms_total_count,1150
20,2025-06-17,farms_free_proportion,91
24,2025-06-17,farms_free_count,176
6,2025-06-17,farms_blocked_proportion,4
19,2025-06-17,farms_blocked_count,75
13,2025-06-17,farms_free_count,313
17,2025-06-17,farms_blocked_proportion,12
4,2025-06-17,farms_free_proportion,96
20,2025-06-17,farms_free_count,525
18,2025-06-17,farms_free_count,760
19,2025-06-17,farms_free_count,899
CHE,2025-06-17,farms_blocked_proportion,6
CHE,2025-06-17,farms_blocked_count,1033
16,2025-06-17,farms_blocked_count,18
9,2025-06-17,farms_total_count,238
4,2025-06-17,farms_free_count,225
26,2025-06-17,farms_free_count,461
CHE,2025-06-17,farms_free_proportion,94
23,2025-06-17,farms_total_count,813
3,2025-06-17,farms_total_count,1989
1,2025-06-17,farms_total_count,828
26,2025-06-17,farms_total_count,488
LIE,2025-06-17,farms_blocked_proportion,2
18,2025-06-17,farms_total_count,767
5,2025-06-17,farms_free_count,415
21,2025-06-17,farms_free_count,372
12,2025-06-17,farms_blocked_proportion,0
14,2025-06-17,farms_blocked_proportion,5
22,2025-06-17,farms_free_proportion,96
12,2025-06-24,farms_blocked_proportion,0
13,2025-06-24,farms_free_count,314
22,2025-06-24,farms_blocked_count,33
26,2025-06-24,farms_free_proportion,94
19,2025-06-24,farms_free_count,903
11,2025-06-24,farms_blocked_count,35
14,2025-06-24,farms_blocked_count,8
8,2025-06-24,farms_free_proportion,98
19,2025-06-24,farms_blocked_proportion,8
25,2025-06-24,farms_free_count,118
25,2025-06-24,farms_blocked_count,5
1,2025-06-24,farms_blocked_proportion,5
11,2025-06-24,farms_free_count,431
5,2025-06-24,farms_total_count,464
19,2025-06-24,farms_free_proportion,92
26,2025-06-24,farms_blocked_count,27
LIE,2025-06-24,farms_free_proportion,100
20,2025-06-24,farms_total_count,579
12,2025-06-24,farms_free_proportion,100
23,2025-06-24,farms_blocked_count,21
8,2025-06-24,farms_blocked_proportion,2
23,2025-06-24,farms_free_count,792
1,2025-06-24,farms_total_count,829
9,2025-06-24,farms_free_proportion,97
16,2025-06-24,farms_free_proportion,87
2,2025-06-24,farms_free_proportion,94
4,2025-06-24,farms_free_proportion,96
LIE,2025-06-24,farms_blocked_proportion,0
20,2025-06-24,farms_free_count,526
17,2025-06-24,farms_blocked_count,139
21,2025-06-24,farms_free_proportion,90
22,2025-06-24,farms_total_count,999
20,2025-06-24,farms_blocked_count,53
18,2025-06-24,farms_free_proportion,99
5,2025-06-24,farms_blocked_count,50
13,2025-06-24,farms_blocked_proportion,5
18,2025-06-24,farms_blocked_count,6
15,2025-06-24,farms_free_proportion,92
10,2025-06-24,farms_blocked_proportion,7
23,2025-06-24,farms_total_count,813
4,2025-06-24,farms_free_count,227
3,2025-06-24,farms_free_count,1910
21,2025-06-24,farms_blocked_count,40
1,2025-06-24,farms_free_proportion,95
22,2025-06-24,farms_free_count,966
4,2025-06-24,farms_total_count,237
9,2025-06-24,farms_total_count,238
4,2025-06-24,farms_blocked_count,10
3,2025-06-24,farms_blocked_count,79
17,2025-06-24,farms_free_count,1012
18,2025-06-24,farms_free_count,761
8,2025-06-24,farms_blocked_count,2
13,2025-06-24,farms_free_proportion,95
25,2025-06-24,farms_blocked_proportion,4
20,2025-06-24,farms_free_proportion,91
21,2025-06-24,farms_total_count,414
17,2025-06-24,farms_free_proportion,88
18,2025-06-24,farms_blocked_proportion,1
26,2025-06-24,farms_total_count,488
LIE,2025-06-24,farms_total_count,58
3,2025-06-24,farms_total_count,1989
5,2025-06-24,farms_free_count,414
20,2025-06-24,farms_blocked_proportion,9
13,2025-06-24,farms_blocked_count,18
7,2025-06-24,farms_blocked_count,8
12,2025-06-24,farms_total_count,18
6,2025-06-24,farms_free_proportion,96
6,2025-06-24,farms_blocked_proportion,4
21,2025-06-24,farms_blocked_proportion,10
7,2025-06-24,farms_free_proportion,93
14,2025-06-24,farms_free_proportion,95
24,2025-06-24,farms_blocked_count,11
13,2025-06-24,farms_total_count,332
16,2025-06-24,farms_blocked_proportion,13
7,2025-06-24,farms_blocked_proportion,7
12,2025-06-24,farms_blocked_count,0
24,2025-06-24,farms_total_count,187
2,2025-06-24,farms_free_count,3694
5,2025-06-24,farms_blocked_proportion,11
CHE,2025-06-24,farms_blocked_count,1015
14,2025-06-24,farms_blocked_proportion,5
CHE,2025-06-24,farms_blocked_proportion,6
7,2025-06-24,farms_free_count,105
8,2025-06-24,farms_total_count,86
18,2025-06-24,farms_total_count,767
15,2025-06-24,farms_blocked_count,25
23,2025-06-24,farms_free_proportion,97
10,2025-06-24,farms_free_proportion,93
CHE,2025-06-24,farms_free_proportion,94
11,2025-06-24,farms_blocked_proportion,8
22,2025-06-24,farms_free_proportion,97
25,2025-06-24,farms_total_count,123
16,2025-06-24,farms_blocked_count,18
17,2025-06-24,farms_blocked_proportion,12
2,2025-06-24,farms_blocked_count,225
15,2025-06-24,farms_blocked_proportion,8
15,2025-06-24,farms_free_count,275
10,2025-06-24,farms_total_count,1069
26,2025-06-24,farms_free_count,461
19,2025-06-24,farms_blocked_count,74
7,2025-06-24,farms_total_count,113
16,2025-06-24,farms_free_count,116
22,2025-06-24,farms_blocked_proportion,3
8,2025-06-24,farms_free_count,84
17,2025-06-24,farms_total_count,1151
16,2025-06-24,farms_total_count,134
14,2025-06-24,farms_total_count,165
26,2025-06-24,farms_blocked_proportion,6
23,2025-06-24,farms_blocked_proportion,3
12,2025-06-24,farms_free_count,18
19,2025-06-24,farms_total_count,977
11,2025-06-24,farms_total_count,466
CHE,2025-06-24,farms_total_count,17026
5,2025-06-24,farms_free_proportion,89
9,2025-06-24,farms_blocked_proportion,3
3,2025-06-24,farms_free_proportion,96
1,2025-06-24,farms_blocked_count,40
25,2025-06-24,farms_free_proportion,96
9,2025-06-24,farms_free_count,232
9,2025-06-24,farms_blocked_count,6
1,2025-06-24,farms_free_count,789
3,2025-06-24,farms_blocked_proportion,4
15,2025-06-24,farms_total_count,300
CHE,2025-06-24,farms_free_count,16011
24,2025-06-24,farms_blocked_proportion,6
LIE,2025-06-24,farms_free_count,58
2,2025-06-24,farms_total_count,3919
6,2025-06-24,farms_total_count,169
10,2025-06-24,farms_free_count,994
LIE,2025-06-24,farms_blocked_count,0
14,2025-06-24,farms_free_count,157
24,2025-06-24,farms_free_count,176
11,2025-06-24,farms_free_proportion,92
6,2025-06-24,farms_free_count,162
6,2025-06-24,farms_blocked_count,7
2,2025-06-24,farms_blocked_proportion,6
4,2025-06-24,farms_blocked_proportion,4
24,2025-06-24,farms_free_proportion,94
21,2025-06-24,farms_free_count,374
10,2025-06-24,farms_blocked_count,75
20,2025-07-01,farms_free_count,527
25,2025-07-01,farms_free_proportion,96
3,2025-07-01,farms_blocked_count,76
21,2025-07-01,farms_free_count,374
4,2025-07-01,farms_free_proportion,96
5,2025-07-01,farms_free_proportion,88
26,2025-07-01,farms_blocked_count,25
24,2025-07-01,farms_free_proportion,94
LIE,2025-07-01,farms_blocked_count,0
16,2025-07-01,farms_free_count,116
12,2025-07-01,farms_blocked_count,0
19,2025-07-01,farms_blocked_count,75
14,2025-07-01,farms_free_proportion,95
7,2025-07-01,farms_free_proportion,93
13,2025-07-01,farms_blocked_count,18
5,2025-07-01,farms_free_count,407
6,2025-07-01,farms_free_proportion,96
2,2025-07-01,farms_blocked_count,225
16,2025-07-01,farms_blocked_count,18
15,2025-07-01,farms_blocked_count,25
23,2025-07-01,farms_free_proportion,98
17,2025-07-01,farms_free_proportion,88
11,2025-07-01,farms_free_proportion,93
8,2025-07-01,farms_free_proportion,98
8,2025-07-01,farms_free_count,85
10,2025-07-01,farms_blocked_count,73
18,2025-07-01,farms_free_count,761
18,2025-07-01,farms_free_proportion,99
9,2025-07-01,farms_free_proportion,97
4,2025-07-01,farms_free_count,228
21,2025-07-01,farms_free_proportion,90
18,2025-07-01,farms_blocked_count,6
22,2025-07-01,farms_free_count,968
20,2025-07-01,farms_free_proportion,91
8,2025-07-01,farms_blocked_count,2
26,2025-07-01,farms_free_proportion,95
25,2025-07-01,farms_blocked_count,5
23,2025-07-01,farms_free_count,794
11,2025-07-01,farms_free_count,434
9,2025-07-01,farms_free_count,232
3,2025-07-01,farms_free_proportion,96
1,2025-07-01,farms_free_count,795
24,2025-07-01,farms_blocked_count,11
9,2025-07-01,farms_blocked_count,6
25,2025-07-01,farms_total_count,123
12,2025-07-01,farms_total_count,18
21,2025-07-01,farms_blocked_proportion,10
5,2025-07-01,farms_total_count,465
13,2025-07-01,farms_total_count,332
2,2025-07-01,farms_free_count,3698
8,2025-07-01,farms_blocked_proportion,2
CHE,2025-07-01,farms_free_count,16034
2,2025-07-01,farms_total_count,3923
10,2025-07-01,farms_free_count,997
6,2025-07-01,farms_free_count,162
20,2025-07-01,farms_total_count,579
13,2025-07-01,farms_free_count,314
4,2025-07-01,farms_blocked_proportion,4
21,2025-07-01,farms_total_count,414
15,2025-07-01,farms_total_count,300
22,2025-07-01,farms_blocked_proportion,3
7,2025-07-01,farms_blocked_proportion,7
23,2025-07-01,farms_blocked_proportion,2
4,2025-07-01,farms_total_count,237
19,2025-07-01,farms_total_count,977
3,2025-07-01,farms_free_count,1913
1,2025-07-01,farms_blocked_count,36
9,2025-07-01,farms_blocked_proportion,3
10,2025-07-01,farms_blocked_proportion,7
25,2025-07-01,farms_blocked_proportion,4
18,2025-07-01,farms_blocked_proportion,1
20,2025-07-01,farms_blocked_proportion,9
LIE,2025-07-01,farms_total_count,58
7,2025-07-01,farms_total_count,113
24,2025-07-01,farms_total_count,187
6,2025-07-01,farms_blocked_proportion,4
24,2025-07-01,farms_blocked_proportion,6
CHE,2025-07-01,farms_blocked_proportion,6
3,2025-07-01,farms_total_count,1989
6,2025-07-01,farms_total_count,169
26,2025-07-01,farms_total_count,489
CHE,2025-07-01,farms_blocked_count,1004
17,2025-07-01,farms_blocked_proportion,12
24,2025-07-01,farms_free_count,176
18,2025-07-01,farms_total_count,767
CHE,2025-07-01,farms_free_proportion,94
14,2025-07-01,farms_blocked_proportion,5
3,2025-07-01,farms_blocked_proportion,4
8,2025-07-01,farms_total_count,87
7,2025-07-01,farms_free_count,105
17,2025-07-01,farms_total_count,1151
14,2025-07-01,farms_total_count,165
11,2025-07-01,farms_blocked_proportion,7
26,2025-07-01,farms_blocked_proportion,5
CHE,2025-07-01,farms_total_count,17038
10,2025-07-01,farms_total_count,1070
5,2025-07-01,farms_blocked_proportion,12
11,2025-07-01,farms_total_count,466
22,2025-07-01,farms_total_count,1000
22,2025-07-01,farms_free_proportion,97
16,2025-07-01,farms_total_count,134
5,2025-07-01,farms_blocked_count,58
2,2025-07-01,farms_free_proportion,94
19,2025-07-01,farms_free_count,902
1,2025-07-01,farms_total_count,831
1,2025-07-01,farms_blocked_proportion,4
13,2025-07-01,farms_free_proportion,95
11,2025-07-01,farms_blocked_count,32
25,2025-07-01,farms_free_count,118
13,2025-07-01,farms_blocked_proportion,5
19,2025-07-01,farms_blocked_proportion,8
14,2025-07-01,farms_blocked_count,8
20,2025-07-01,farms_blocked_count,52
12,2025-07-01,farms_free_proportion,100
2,2025-07-01,farms_blocked_proportion,6
15,2025-07-01,farms_free_count,275
16,2025-07-01,farms_blocked_proportion,13
LIE,2025-07-01,farms_free_proportion,100
14,2025-07-01,farms_free_count,157
15,2025-07-01,farms_blocked_proportion,8
6,2025-07-01,farms_blocked_count,7
26,2025-07-01,farms_free_count,464
7,2025-07-01,farms_blocked_count,8
10,2025-07-01,farms_free_proportion,93
17,2025-07-01,farms_blocked_count,137
12,2025-07-01,farms_blocked_proportion,0
LIE,2025-07-01,farms_free_count,58
12,2025-07-01,farms_free_count,18
1,2025-07-01,farms_free_proportion,96
23,2025-07-01,farms_total_count,814
17,2025-07-01,farms_free_count,1014
16,2025-07-01,farms_free_proportion,87
4,2025-07-01,farms_blocked_count,9
21,2025-07-01,farms_blocked_count,40
9,2025-07-01,farms_total_count,238
23,2025-07-01,farms_blocked_count,20
22,2025-07-01,farms_blocked_count,32
15,2025-07-01,farms_free_proportion,92
19,2025-07-01,farms_free_proportion,92
LIE,2025-07-01,farms_blocked_proportion,0
21,2025-07-08,farms_total_count,414
1,2025-07-08,farms_free_count,795
2,2025-07-08,farms_blocked_proportion,5
11,2025-07-08,farms_free_proportion,93
6,2025-07-08,farms_total_count,169
9,2025-07-08,farms_total_count,238
4,2025-07-08,farms_free_count,228
3,2025-07-08,farms_blocked_proportion,4
15,2025-07-08,farms_blocked_proportion,8
4,2025-07-08,farms_total_count,237
21,2025-07-08,farms_free_proportion,90
10,2025-07-08,farms_blocked_proportion,7
24,2025-07-08,farms_blocked_proportion,5
7,2025-07-08,farms_total_count,113
16,2025-07-08,farms_free_count,116
LIE,2025-07-08,farms_blocked_proportion,0
16,2025-07-08,farms_blocked_proportion,13
21,2025-07-08,farms_free_count,374
17,2025-07-08,farms_total_count,1151
20,2025-07-08,farms_free_proportion,91
8,2025-07-08,farms_blocked_proportion,2
5,2025-07-08,farms_total_count,465
12,2025-07-08,farms_blocked_proportion,0
23,2025-07-08,farms_free_count,801
18,2025-07-08,farms_free_count,761
5,2025-07-08,farms_free_proportion,88
13,2025-07-08,farms_free_count,314
20,2025-07-08,farms_total_count,579
18,2025-07-08,farms_blocked_proportion,1
22,2025-07-08,farms_free_count,968
25,2025-07-08,farms_blocked_proportion,4
1,2025-07-08,farms_total_count,831
13,2025-07-08,farms_blocked_proportion,5
12,2025-07-08,farms_free_count,18
9,2025-07-08,farms_free_count,233
23,2025-07-08,farms_total_count,815
14,2025-07-08,farms_total_count,165
19,2025-07-08,farms_blocked_proportion,8
26,2025-07-08,farms_blocked_proportion,5
4,2025-07-08,farms_free_proportion,96
11,2025-07-08,farms_total_count,467
22,2025-07-08,farms_total_count,1000
24,2025-07-08,farms_blocked_count,10
19,2025-07-08,farms_blocked_count,76
21,2025-07-08,farms_blocked_count,40
8,2025-07-08,farms_blocked_count,2
4,2025-07-08,farms_blocked_count,9
16,2025-07-08,farms_free_proportion,87
22,2025-07-08,farms_blocked_count,32
26,2025-07-08,farms_free_proportion,95
25,2025-07-08,farms_blocked_count,5
15,2025-07-08,farms_free_proportion,92
19,2025-07-08,farms_free_proportion,92
1,2025-07-08,farms_blocked_proportion,4
9,2025-07-08,farms_blocked_count,5
9,2025-07-08,farms_blocked_proportion,2
1,2025-07-08,farms_blocked_count,36
3,2025-07-08,farms_free_proportion,96
10,2025-07-08,farms_blocked_count,73
19,2025-07-08,farms_total_count,978
23,2025-07-08,farms_blocked_count,14
23,2025-07-08,farms_blocked_proportion,2
18,2025-07-08,farms_blocked_count,6
20,2025-07-08,farms_blocked_count,54
7,2025-07-08,farms_blocked_count,8
6,2025-07-08,farms_blocked_count,7
LIE,2025-07-08,farms_free_proportion,100
25,2025-07-08,farms_free_proportion,96
3,2025-07-08,farms_blocked_count,73
15,2025-07-08,farms_free_count,277
17,2025-07-08,farms_blocked_count,137
18,2025-07-08,farms_free_proportion,99
12,2025-07-08,farms_free_proportion,100
8,2025-07-08,farms_free_proportion,98
26,2025-07-08,farms_blocked_count,24
25,2025-07-08,farms_free_count,118
11,2025-07-08,farms_blocked_count,31
13,2025-07-08,farms_free_proportion,95
5,2025-07-08,farms_blocked_count,57
2,2025-07-08,farms_free_proportion,95
14,2025-07-08,farms_blocked_count,8
LIE,2025-07-08,farms_free_count,58
16,2025-07-08,farms_total_count,134
15,2025-07-08,farms_total_count,302
10,2025-07-08,farms_free_proportion,93
15,2025-07-08,farms_blocked_count,25
25,2025-07-08,farms_total_count,123
CHE,2025-07-08,farms_free_proportion,94
8,2025-07-08,farms_total_count,87
14,2025-07-08,farms_blocked_proportion,5
17,2025-07-08,farms_free_proportion,88
11,2025-07-08,farms_blocked_proportion,7
18,2025-07-08,farms_total_count,767
17,2025-07-08,farms_blocked_proportion,12
26,2025-07-08,farms_total_count,489
3,2025-07-08,farms_total_count,1991
6,2025-07-08,farms_blocked_proportion,4
24,2025-07-08,farms_total_count,187
7,2025-07-08,farms_blocked_proportion,7
14,2025-07-08,farms_free_proportion,95
16,2025-07-08,farms_blocked_count,18
22,2025-07-08,farms_blocked_proportion,3
10,2025-07-08,farms_total_count,1071
6,2025-07-08,farms_free_proportion,96
4,2025-07-08,farms_blocked_proportion,4
10,2025-07-08,farms_free_count,998
24,2025-07-08,farms_free_proportion,95
LIE,2025-07-08,farms_blocked_count,0
8,2025-07-08,farms_free_count,85
2,2025-07-08,farms_total_count,3926
12,2025-07-08,farms_blocked_count,0
2,2025-07-08,farms_blocked_count,212
2,2025-07-08,farms_free_count,3714
21,2025-07-08,farms_blocked_proportion,10
7,2025-07-08,farms_free_proportion,93
13,2025-07-08,farms_blocked_count,18
12,2025-07-08,farms_total_count,18
20,2025-07-08,farms_blocked_proportion,9
LIE,2025-07-08,farms_total_count,58
5,2025-07-08,farms_blocked_proportion,12
13,2025-07-08,farms_total_count,332
22,2025-07-08,farms_free_proportion,97
CHE,2025-07-08,farms_blocked_proportion,6
19,2025-07-08,farms_free_count,902
20,2025-07-08,farms_free_count,525
9,2025-07-08,farms_free_proportion,98
17,2025-07-08,farms_free_count,1014
CHE,2025-07-08,farms_total_count,17049
11,2025-07-08,farms_free_count,436
14,2025-07-08,farms_free_count,157
CHE,2025-07-08,farms_blocked_count,980
24,2025-07-08,farms_free_count,177
3,2025-07-08,farms_free_count,1918
CHE,2025-07-08,farms_free_count,16069
6,2025-07-08,farms_free_count,162
26,2025-07-08,farms_free_count,465
7,2025-07-08,farms_free_count,105
1,2025-07-08,farms_free_proportion,96
23,2025-07-08,farms_free_proportion,98
5,2025-07-08,farms_free_count,408
CHE,2025-07-15,farms_free_proportion,94
15,2025-07-15,farms_total_count,302
3,2025-07-15,farms_blocked_count,72
12,2025-07-15,farms_free_proportion,100
LIE,2025-07-15,farms_free_count,58
20,2025-07-15,farms_free_proportion,91
4,2025-07-15,farms_free_count,228
18,2025-07-15,farms_free_count,761
9,2025-07-15,farms_total_count,239
3,2025-07-15,farms_free_count,1919
4,2025-07-15,farms_total_count,237
17,2025-07-15,farms_blocked_count,135
7,2025-07-15,farms_total_count,113
12,2025-07-15,farms_free_count,18
22,2025-07-15,farms_total_count,1001
11,2025-07-15,farms_blocked_proportion,6
26,2025-07-15,farms_blocked_count,24
23,2025-07-15,farms_blocked_proportion,2
24,2025-07-15,farms_free_proportion,95
11,2025-07-15,farms_blocked_count,30
16,2025-07-15,farms_total_count,134
11,2025-07-15,farms_total_count,467
25,2025-07-15,farms_free_count,118
CHE,2025-07-15,farms_total_count,17063
19,2025-07-15,farms_free_count,905
4,2025-07-15,farms_free_proportion,96
20,2025-07-15,farms_free_count,530
25,2025-07-15,farms_total_count,123
22,2025-07-15,farms_blocked_proportion,3
11,2025-07-15,farms_free_proportion,94
4,2025-07-15,farms_blocked_proportion,4
8,2025-07-15,farms_free_proportion,98
2,2025-07-15,farms_blocked_count,204
14,2025-07-15,farms_blocked_count,8
10,2025-07-15,farms_total_count,1072
5,2025-07-15,farms_blocked_proportion,12
10,2025-07-15,farms_free_count,1001
LIE,2025-07-15,farms_total_count,58
13,2025-07-15,farms_total_count,333
24,2025-07-15,farms_blocked_count,10
17,2025-07-15,farms_total_count,1153
3,2025-07-15,farms_blocked_proportion,4
24,2025-07-15,farms_blocked_proportion,5
21,2025-07-15,farms_blocked_proportion,10
2,2025-07-15,farms_free_count,3723
20,2025-07-15,farms_blocked_proportion,9
21,2025-07-15,farms_free_proportion,90
24,2025-07-15,farms_free_count,177
7,2025-07-15,farms_free_proportion,93
12,2025-07-15,farms_total_count,18
6,2025-07-15,farms_total_count,169
12,2025-07-15,farms_blocked_count,0
7,2025-07-15,farms_blocked_count,8
22,2025-07-15,farms_free_count,969
1,2025-07-15,farms_free_count,797
6,2025-07-15,farms_free_count,162
14,2025-07-15,farms_free_count,157
10,2025-07-15,farms_blocked_proportion,7
2,2025-07-15,farms_total_count,3927
16,2025-07-15,farms_free_count,117
6,2025-07-15,farms_free_proportion,96
LIE,2025-07-15,farms_blocked_count,0
14,2025-07-15,farms_total_count,165
8,2025-07-15,farms_free_count,85
15,2025-07-15,farms_free_count,276
26,2025-07-15,farms_blocked_proportion,5
19,2025-07-15,farms_blocked_proportion,8
LIE,2025-07-15,farms_free_proportion,100
25,2025-07-15,farms_free_proportion,96
CHE,2025-07-15,farms_free_count,16104
13,2025-07-15,farms_blocked_proportion,5
12,2025-07-15,farms_blocked_proportion,0
CHE,2025-07-15,farms_blocked_proportion,6
13,2025-07-15,farms_blocked_count,18
1,2025-07-15,farms_total_count,831
6,2025-07-15,farms_blocked_count,7
7,2025-07-15,farms_blocked_proportion,7
10,2025-07-15,farms_free_proportion,93
1,2025-07-15,farms_blocked_proportion,4
2,2025-07-15,farms_free_proportion,95
21,2025-07-15,farms_total_count,415
19,2025-07-15,farms_free_proportion,92
18,2025-07-15,farms_blocked_count,6
21,2025-07-15,farms_free_count,375
26,2025-07-15,farms_total_count,489
5,2025-07-15,farms_free_count,408
14,2025-07-15,farms_blocked_proportion,5
23,2025-07-15,farms_free_proportion,98
20,2025-07-15,farms_blocked_count,51
22,2025-07-15,farms_blocked_count,32
8,2025-07-15,farms_blocked_count,2
17,2025-07-15,farms_free_proportion,88
18,2025-07-15,farms_total_count,767
16,2025-07-15,farms_blocked_count,17
9,2025-07-15,farms_free_count,234
9,2025-07-15,farms_blocked_count,5
20,2025-07-15,farms_total_count,581
LIE,2025-07-15,farms_blocked_proportion,0
CHE,2025-07-15,farms_blocked_count,959
21,2025-07-15,farms_blocked_count,40
17,2025-07-15,farms_blocked_proportion,12
22,2025-07-15,farms_free_proportion,97
17,2025-07-15,farms_free_count,1018
8,2025-07-15,farms_blocked_proportion,2
3,2025-07-15,farms_free_proportion,96
23,2025-07-15,farms_total_count,817
5,2025-07-15,farms_free_proportion,88
19,2025-07-15,farms_blocked_count,74
16,2025-07-15,farms_free_proportion,87
18,2025-07-15,farms_blocked_proportion,1
15,2025-07-15,farms_free_proportion,91
4,2025-07-15,farms_blocked_count,9
23,2025-07-15,farms_blocked_count,13
6,2025-07-15,farms_blocked_proportion,4
1,2025-07-15,farms_free_proportion,96
7,2025-07-15,farms_free_count,105
2,2025-07-15,farms_blocked_proportion,5
13,2025-07-15,farms_free_proportion,95
26,2025-07-15,farms_free_count,465
23,2025-07-15,farms_free_count,804
13,2025-07-15,farms_free_count,315
3,2025-07-15,farms_total_count,1991
15,2025-07-15,farms_blocked_proportion,9
19,2025-07-15,farms_total_count,979
5,2025-07-15,farms_blocked_count,58
10,2025-07-15,farms_blocked_count,71
11,2025-07-15,farms_free_count,437
5,2025-07-15,farms_total_count,466
25,2025-07-15,farms_blocked_proportion,4
8,2025-07-15,farms_total_count,87
16,2025-07-15,farms_blocked_proportion,13
24,2025-07-15,farms_total_count,187
15,2025-07-15,farms_blocked_count,26
14,2025-07-15,farms_free_proportion,95
18,2025-07-15,farms_free_proportion,99
26,2025-07-15,farms_free_proportion,95
9,2025-07-15,farms_free_proportion,98
1,2025-07-15,farms_blocked_count,34
25,2025-07-15,farms_blocked_count,5
9,2025-07-15,farms_blocked_proportion,2
LIE,2025-07-22,farms_total_count,58
20,2025-07-22,farms_blocked_proportion,9
26,2025-07-22,farms_total_count,489
22,2025-07-22,farms_free_count,973
LIE,2025-07-22,farms_blocked_proportion,0
11,2025-07-22,farms_free_count,438
1,2025-07-22,farms_total_count,832
24,2025-07-22,farms_free_count,178
8,2025-07-22,farms_blocked_count,1
25,2025-07-22,farms_blocked_count,5
24,2025-07-22,farms_blocked_proportion,5
26,2025-07-22,farms_free_proportion,95
5,2025-07-22,farms_free_proportion,86
10,2025-07-22,farms_blocked_proportion,7
6,2025-07-22,farms_total_count,169
24,2025-07-22,farms_blocked_count,10
7,2025-07-22,farms_blocked_proportion,7
CHE,2025-07-22,farms_blocked_count,953
11,2025-07-22,farms_blocked_proportion,7
24,2025-07-22,farms_total_count,188
8,2025-07-22,farms_free_proportion,99
25,2025-07-22,farms_blocked_proportion,4
9,2025-07-22,farms_free_proportion,97
10,2025-07-22,farms_blocked_count,70
8,2025-07-22,farms_total_count,87
25,2025-07-22,farms_total_count,123
22,2025-07-22,farms_total_count,1003
20,2025-07-22,farms_free_proportion,91
10,2025-07-22,farms_free_proportion,93
23,2025-07-22,farms_free_count,806
24,2025-07-22,farms_free_proportion,95
26,2025-07-22,farms_blocked_count,24
7,2025-07-22,farms_free_count,105
18,2025-07-22,farms_blocked_count,6
LIE,2025-07-22,farms_free_count,58
3,2025-07-22,farms_blocked_count,69
6,2025-07-22,farms_blocked_proportion,4
8,2025-07-22,farms_free_count,86
25,2025-07-22,farms_free_proportion,96
17,2025-07-22,farms_blocked_proportion,12
3,2025-07-22,farms_free_proportion,97
5,2025-07-22,farms_blocked_proportion,14
23,2025-07-22,farms_total_count,818
CHE,2025-07-22,farms_free_proportion,94
12,2025-07-22,farms_blocked_proportion,0
18,2025-07-22,farms_total_count,768
LIE,2025-07-22,farms_blocked_count,0
7,2025-07-22,farms_total_count,113
9,2025-07-22,farms_total_count,239
9,2025-07-22,farms_free_count,233
18,2025-07-22,farms_free_proportion,99
14,2025-07-22,farms_blocked_proportion,5
12,2025-07-22,farms_free_count,18
10,2025-07-22,farms_total_count,1073
16,2025-07-22,farms_free_proportion,88
13,2025-07-22,farms_blocked_proportion,5
22,2025-07-22,farms_free_proportion,97
15,2025-07-22,farms_free_proportion,92
8,2025-07-22,farms_blocked_proportion,1
11,2025-07-22,farms_blocked_count,31
16,2025-07-22,farms_total_count,134
11,2025-07-22,farms_total_count,469
23,2025-07-22,farms_blocked_count,12
25,2025-07-22,farms_free_count,118
4,2025-07-22,farms_free_proportion,96
19,2025-07-22,farms_free_count,910
22,2025-07-22,farms_blocked_proportion,3
11,2025-07-22,farms_free_proportion,93
10,2025-07-22,farms_free_count,1003
21,2025-07-22,farms_blocked_count,38
14,2025-07-22,farms_blocked_count,8
2,2025-07-22,farms_blocked_count,203
20,2025-07-22,farms_total_count,583
15,2025-07-22,farms_total_count,302
19,2025-07-22,farms_free_proportion,93
20,2025-07-22,farms_blocked_count,51
23,2025-07-22,farms_blocked_proportion,1
CHE,2025-07-22,farms_blocked_proportion,6
16,2025-07-22,farms_free_count,118
13,2025-07-22,farms_free_proportion,95
23,2025-07-22,farms_free_proportion,99
17,2025-07-22,farms_free_proportion,88
20,2025-07-22,farms_free_count,532
21,2025-07-22,farms_free_count,377
2,2025-07-22,farms_free_proportion,95
21,2025-07-22,farms_total_count,415
9,2025-07-22,farms_blocked_count,6
15,2025-07-22,farms_blocked_count,25
9,2025-07-22,farms_blocked_proportion,3
1,2025-07-22,farms_blocked_count,34
1,2025-07-22,farms_blocked_proportion,4
19,2025-07-22,farms_blocked_count,70
16,2025-07-22,farms_blocked_proportion,12
5,2025-07-22,farms_total_count,466
13,2025-07-22,farms_free_count,315
5,2025-07-22,farms_blocked_count,66
19,2025-07-22,farms_total_count,980
2,2025-07-22,farms_blocked_proportion,5
CHE,2025-07-22,farms_total_count,17078
18,2025-07-22,farms_blocked_proportion,1
12,2025-07-22,farms_free_proportion,100
18,2025-07-22,farms_free_count,762
7,2025-07-22,farms_free_proportion,93
3,2025-07-22,farms_total_count,1991
17,2025-07-22,farms_free_count,1018
CHE,2025-07-22,farms_free_count,16125
13,2025-07-22,farms_blocked_count,18
26,2025-07-22,farms_free_count,465
4,2025-07-22,farms_blocked_count,9
2,2025-07-22,farms_free_count,3726
5,2025-07-22,farms_free_count,400
6,2025-07-22,farms_blocked_count,7
14,2025-07-22,farms_free_count,157
14,2025-07-22,farms_free_proportion,95
1,2025-07-22,farms_free_count,798
15,2025-07-22,farms_blocked_proportion,8
13,2025-07-22,farms_total_count,333
17,2025-07-22,farms_total_count,1154
1,2025-07-22,farms_free_proportion,96
21,2025-07-22,farms_free_proportion,91
3,2025-07-22,farms_blocked_proportion,3
21,2025-07-22,farms_blocked_proportion,9
LIE,2025-07-22,farms_free_proportion,100
4,2025-07-22,farms_free_count,228
3,2025-07-22,farms_free_count,1922
4,2025-07-22,farms_total_count,237
17,2025-07-22,farms_blocked_count,136
7,2025-07-22,farms_blocked_count,8
16,2025-07-22,farms_blocked_count,16
4,2025-07-22,farms_blocked_proportion,4
26,2025-07-22,farms_blocked_proportion,5
12,2025-07-22,farms_blocked_count,0
6,2025-07-22,farms_free_proportion,96
2,2025-07-22,farms_total_count,3929
22,2025-07-22,farms_blocked_count,30
14,2025-07-22,farms_total_count,165
15,2025-07-22,farms_free_count,277
12,2025-07-22,farms_total_count,18
19,2025-07-22,farms_blocked_proportion,7
6,2025-07-22,farms_free_count,162
20,2025-07-29,farms_total_count,583
8,2025-07-29,farms_blocked_proportion,1
3,2025-07-29,farms_free_proportion,97
14,2025-07-29,farms_free_proportion,95
19,2025-07-29,farms_blocked_count,71
5,2025-07-29,farms_free_count,410
11,2025-07-29,farms_free_count,438
5,2025-07-29,farms_free_proportion,88
13,2025-07-29,farms_free_count,315
16,2025-07-29,farms_free_count,118
16,2025-07-29,farms_blocked_count,16
17,2025-07-29,farms_free_proportion,88
12,2025-07-29,farms_blocked_count,0
11,2025-07-29,farms_total_count,470
6,2025-07-29,farms_blocked_proportion,4
7,2025-07-29,farms_total_count,114
LIE,2025-07-29,farms_blocked_count,0
4,2025-07-29,farms_total_count,237
14,2025-07-29,farms_total_count,165
8,2025-07-29,farms_free_count,86
24,2025-07-29,farms_blocked_proportion,5
3,2025-07-29,farms_free_count,1923
26,2025-07-29,farms_blocked_proportion,5
1,2025-07-29,farms_free_count,800
10,2025-07-29,farms_blocked_proportion,6
17,2025-07-29,farms_total_count,1154
24,2025-07-29,farms_free_count,178
3,2025-07-29,farms_blocked_proportion,3
7,2025-07-29,farms_free_proportion,93
13,2025-07-29,farms_blocked_count,18
9,2025-07-29,farms_free_count,233
6,2025-07-29,farms_free_proportion,96
2,2025-07-29,farms_blocked_count,196
23,2025-07-29,farms_free_proportion,99
21,2025-07-29,farms_total_count,416
15,2025-07-29,farms_blocked_count,25
5,2025-07-29,farms_total_count,466
24,2025-07-29,farms_total_count,188
10,2025-07-29,farms_blocked_count,69
19,2025-07-29,farms_free_count,910
CHE,2025-07-29,farms_total_count,17093
18,2025-07-29,farms_blocked_proportion,1
6,2025-07-29,farms_total_count,169
24,2025-07-29,farms_free_proportion,95
22,2025-07-29,farms_total_count,1004
11,2025-07-29,farms_free_proportion,93
LIE,2025-07-29,farms_free_count,58
7,2025-07-29,farms_blocked_proportion,7
25,2025-07-29,farms_blocked_count,5
25,2025-07-29,farms_blocked_proportion,4
LIE,2025-07-29,farms_total_count,58
21,2025-07-29,farms_blocked_proportion,9
21,2025-07-29,farms_free_proportion,91
1,2025-07-29,farms_blocked_count,34
9,2025-07-29,farms_blocked_proportion,3
2,2025-07-29,farms_free_count,3739
7,2025-07-29,farms_blocked_count,8
12,2025-07-29,farms_total_count,18
2,2025-07-29,farms_free_proportion,95
21,2025-07-29,farms_free_count,380
20,2025-07-29,farms_free_count,534
13,2025-07-29,farms_total_count,333
22,2025-07-29,farms_free_count,974
9,2025-07-29,farms_blocked_count,6
20,2025-07-29,farms_blocked_proportion,8
18,2025-07-29,farms_free_count,762
20,2025-07-29,farms_blocked_count,49
24,2025-07-29,farms_blocked_count,10
CHE,2025-07-29,farms_free_proportion,95
1,2025-07-29,farms_total_count,834
12,2025-07-29,farms_blocked_proportion,0
16,2025-07-29,farms_blocked_proportion,12
5,2025-07-29,farms_blocked_proportion,12
10,2025-07-29,farms_free_proportion,94
26,2025-07-29,farms_free_count,466
5,2025-07-29,farms_blocked_count,56
14,2025-07-29,farms_free_count,157
14,2025-07-29,farms_blocked_count,8
22,2025-07-29,farms_blocked_proportion,3
4,2025-07-29,farms_free_proportion,97
15,2025-07-29,farms_total_count,302
25,2025-07-29,farms_free_count,118
16,2025-07-29,farms_total_count,134
11,2025-07-29,farms_blocked_count,32
12,2025-07-29,farms_free_proportion,100
4,2025-07-29,farms_free_count,229
4,2025-07-29,farms_blocked_proportion,3
23,2025-07-29,farms_blocked_proportion,1
17,2025-07-29,farms_blocked_count,135
6,2025-07-29,farms_free_count,162
2,2025-07-29,farms_total_count,3935
13,2025-07-29,farms_free_proportion,95
2,2025-07-29,farms_blocked_proportion,5
15,2025-07-29,farms_free_count,277
19,2025-07-29,farms_blocked_proportion,7
LIE,2025-07-29,farms_free_proportion,100
13,2025-07-29,farms_blocked_proportion,5
CHE,2025-07-29,farms_free_count,16164
19,2025-07-29,farms_total_count,981
6,2025-07-29,farms_blocked_count,7
25,2025-07-29,farms_free_proportion,96
1,2025-07-29,farms_blocked_proportion,4
10,2025-07-29,farms_free_count,1005
18,2025-07-29,farms_free_proportion,99
8,2025-07-29,farms_blocked_count,1
26,2025-07-29,farms_blocked_count,23
22,2025-07-29,farms_free_proportion,97
CHE,2025-07-29,farms_blocked_proportion,5
18,2025-07-29,farms_blocked_count,6
22,2025-07-29,farms_blocked_count,30
LIE,2025-07-29,farms_blocked_proportion,0
7,2025-07-29,farms_free_count,106
17,2025-07-29,farms_free_count,1019
23,2025-07-29,farms_free_count,807
8,2025-07-29,farms_total_count,87
19,2025-07-29,farms_free_proportion,93
17,2025-07-29,farms_blocked_proportion,12
4,2025-07-29,farms_blocked_count,8
9,2025-07-29,farms_free_proportion,97
20,2025-07-29,farms_free_proportion,92
23,2025-07-29,farms_total_count,819
21,2025-07-29,farms_blocked_count,36
CHE,2025-07-29,farms_blocked_count,929
3,2025-07-29,farms_total_count,1991
15,2025-07-29,farms_free_proportion,92
15,2025-07-29,farms_blocked_proportion,8
26,2025-07-29,farms_free_proportion,95
16,2025-07-29,farms_free_proportion,88
9,2025-07-29,farms_total_count,239
12,2025-07-29,farms_free_count,18
14,2025-07-29,farms_blocked_proportion,5
26,2025-07-29,farms_total_count,489
3,2025-07-29,farms_blocked_count,68
23,2025-07-29,farms_blocked_count,12
11,2025-07-29,farms_blocked_proportion,7
18,2025-07-29,farms_total_count,768
1,2025-07-29,farms_free_proportion,96
8,2025-07-29,farms_free_proportion,99
25,2025-07-29,farms_total_count,123
10,2025-07-29,farms_total_count,1074
1,2025-08-05,farms_blocked_proportion,4
23,2025-08-05,farms_blocked_proportion,1
4,2025-08-05,farms_blocked_count,8
11,2025-08-05,farms_blocked_count,32
1,2025-08-05,farms_free_proportion,96
16,2025-08-05,farms_total_count,135
14,2025-08-05,farms_free_proportion,95
22,2025-08-05,farms_blocked_proportion,3
13,2025-08-05,farms_free_proportion,95
11,2025-08-05,farms_total_count,470
22,2025-08-05,farms_blocked_count,30
19,2025-08-05,farms_total_count,981
15,2025-08-05,farms_free_proportion,92
8,2025-08-05,farms_blocked_proportion,1
17,2025-08-05,farms_free_proportion,88
23,2025-08-05,farms_blocked_count,12
20,2025-08-05,farms_blocked_count,48
10,2025-08-05,farms_free_count,1008
17,2025-08-05,farms_free_count,1021
13,2025-08-05,farms_free_count,316
9,2025-08-05,farms_blocked_count,6
21,2025-08-05,farms_blocked_count,36
16,2025-08-05,farms_free_proportion,88
20,2025-08-05,farms_total_count,584
23,2025-08-05,farms_free_proportion,99
9,2025-08-05,farms_blocked_proportion,3
16,2025-08-05,farms_blocked_count,16
15,2025-08-05,farms_blocked_count,25
5,2025-08-05,farms_total_count,467
19,2025-08-05,farms_free_proportion,93
1,2025-08-05,farms_blocked_count,34
5,2025-08-05,farms_blocked_count,55
16,2025-08-05,farms_free_count,119
CHE,2025-08-05,farms_total_count,17103
2,2025-08-05,farms_free_proportion,95
25,2025-08-05,farms_blocked_count,5
26,2025-08-05,farms_blocked_proportion,5
6,2025-08-05,farms_free_count,162
24,2025-08-05,farms_blocked_proportion,5
8,2025-08-05,farms_free_count,86
5,2025-08-05,farms_blocked_proportion,12
25,2025-08-05,farms_free_proportion,96
10,2025-08-05,farms_total_count,1074
LIE,2025-08-05,farms_blocked_count,0
7,2025-08-05,farms_total_count,114
3,2025-08-05,farms_blocked_count,67
11,2025-08-05,farms_blocked_proportion,7
LIE,2025-08-05,farms_free_count,58
24,2025-08-05,farms_free_proportion,95
25,2025-08-05,farms_total_count,123
26,2025-08-05,farms_blocked_count,23
9,2025-08-05,farms_free_proportion,97
LIE,2025-08-05,farms_total_count,58
7,2025-08-05,farms_free_count,106
8,2025-08-05,farms_total_count,87
10,2025-08-05,farms_blocked_count,66
24,2025-08-05,farms_total_count,188
14,2025-08-05,farms_blocked_proportion,5
18,2025-08-05,farms_blocked_count,6
6,2025-08-05,farms_blocked_proportion,4
18,2025-08-05,farms_free_proportion,99
18,2025-08-05,farms_total_count,768
17,2025-08-05,farms_blocked_proportion,12
11,2025-08-05,farms_free_count,438
8,2025-08-05,farms_blocked_count,1
CHE,2025-08-05,farms_blocked_count,920
26,2025-08-05,farms_total_count,489
26,2025-08-05,farms_free_proportion,95
7,2025-08-05,farms_blocked_proportion,7
24,2025-08-05,farms_free_count,178
24,2025-08-05,farms_blocked_count,10
20,2025-08-05,farms_blocked_proportion,8
25,2025-08-05,farms_free_count,118
2,2025-08-05,farms_blocked_count,195
18,2025-08-05,farms_blocked_proportion,1
19,2025-08-05,farms_free_count,911
15,2025-08-05,farms_total_count,302
6,2025-08-05,farms_free_proportion,96
12,2025-08-05,farms_free_proportion,100
4,2025-08-05,farms_blocked_proportion,3
17,2025-08-05,farms_blocked_count,134
CHE,2025-08-05,farms_blocked_proportion,5
14,2025-08-05,farms_total_count,165
2,2025-08-05,farms_total_count,3937
15,2025-08-05,farms_free_count,277
3,2025-08-05,farms_total_count,1994
CHE,2025-08-05,farms_free_count,16183
6,2025-08-05,farms_blocked_count,7
14,2025-08-05,farms_free_count,157
10,2025-08-05,farms_free_proportion,94
12,2025-08-05,farms_total_count,18
6,2025-08-05,farms_total_count,169
12,2025-08-05,farms_blocked_count,0
7,2025-08-05,farms_blocked_count,8
CHE,2025-08-05,farms_free_proportion,95
14,2025-08-05,farms_blocked_count,8
2,2025-08-05,farms_free_count,3742
3,2025-08-05,farms_blocked_proportion,3
21,2025-08-05,farms_blocked_proportion,9
13,2025-08-05,farms_total_count,334
LIE,2025-08-05,farms_free_proportion,100
17,2025-08-05,farms_total_count,1155
13,2025-08-05,farms_blocked_count,18
7,2025-08-05,farms_free_proportion,93
8,2025-08-05,farms_free_proportion,99
3,2025-08-05,farms_free_proportion,97
11,2025-08-05,farms_free_proportion,93
12,2025-08-05,farms_free_count,18
22,2025-08-05,farms_total_count,1004
18,2025-08-05,farms_free_count,762
13,2025-08-05,farms_blocked_proportion,5
10,2025-08-05,farms_blocked_proportion,6
4,2025-08-05,farms_free_count,229
21,2025-08-05,farms_free_count,380
23,2025-08-05,farms_free_count,807
23,2025-08-05,farms_total_count,819
9,2025-08-05,farms_total_count,239
19,2025-08-05,farms_blocked_count,70
22,2025-08-05,farms_free_proportion,97
3,2025-08-05,farms_free_count,1927
4,2025-08-05,farms_total_count,237
20,2025-08-05,farms_free_proportion,92
19,2025-08-05,farms_blocked_proportion,7
20,2025-08-05,farms_free_count,536
25,2025-08-05,farms_blocked_proportion,4
21,2025-08-05,farms_total_count,416
1,2025-08-05,farms_free_count,800
12,2025-08-05,farms_blocked_proportion,0
4,2025-08-05,farms_free_proportion,97
1,2025-08-05,farms_total_count,834
26,2025-08-05,farms_free_count,466
5,2025-08-05,farms_free_count,412
LIE,2025-08-05,farms_blocked_proportion,0
15,2025-08-05,farms_blocked_proportion,8
5,2025-08-05,farms_free_proportion,88
9,2025-08-05,farms_free_count,233
2,2025-08-05,farms_blocked_proportion,5
16,2025-08-05,farms_blocked_proportion,12
21,2025-08-05,farms_free_proportion,91
22,2025-08-05,farms_free_count,974
17,2025-08-12,farms_total_count,1157
2,2025-08-12,farms_free_count,3744
21,2025-08-12,farms_blocked_proportion,9
13,2025-08-12,farms_blocked_count,19
13,2025-08-12,farms_total_count,334
LIE,2025-08-12,farms_free_proportion,100
13,2025-08-12,farms_blocked_proportion,6
26,2025-08-12,farms_blocked_proportion,5
CHE,2025-08-12,farms_free_count,16200
6,2025-08-12,farms_blocked_count,7
CHE,2025-08-12,farms_free_proportion,95
1,2025-08-12,farms_free_count,801
21,2025-08-12,farms_free_proportion,91
19,2025-08-12,farms_blocked_proportion,7
25,2025-08-12,farms_blocked_proportion,3
2,2025-08-12,farms_total_count,3941
26,2025-08-12,farms_free_count,466
19,2025-08-12,farms_total_count,981
CHE,2025-08-12,farms_total_count,17113
2,2025-08-12,farms_blocked_proportion,5
13,2025-08-12,farms_free_proportion,94
23,2025-08-12,farms_blocked_proportion,1
11,2025-08-12,farms_blocked_count,31
CHE,2025-08-12,farms_blocked_proportion,5
16,2025-08-12,farms_total_count,135
11,2025-08-12,farms_total_count,471
4,2025-08-12,farms_free_proportion,97
22,2025-08-12,farms_blocked_proportion,3
10,2025-08-12,farms_free_count,1009
2,2025-08-12,farms_blocked_count,197
14,2025-08-12,farms_blocked_count,8
6,2025-08-12,farms_free_count,162
25,2025-08-12,farms_free_count,119
18,2025-08-12,farms_blocked_proportion,1
15,2025-08-12,farms_free_count,278
15,2025-08-12,farms_total_count,303
12,2025-08-12,farms_free_proportion,100
19,2025-08-12,farms_free_count,913
4,2025-08-12,farms_blocked_proportion,3
6,2025-08-12,farms_free_proportion,96
17,2025-08-12,farms_blocked_count,133
14,2025-08-12,farms_total_count,165
4,2025-08-12,farms_free_count,229
22,2025-08-12,farms_free_count,975
3,2025-08-12,farms_blocked_proportion,3
7,2025-08-12,farms_total_count,114
8,2025-08-12,farms_total_count,87
14,2025-08-12,farms_blocked_proportion,5
LIE,2025-08-12,farms_free_count,58
18,2025-08-12,farms_blocked_count,6
24,2025-08-12,farms_free_proportion,95
18,2025-08-12,farms_free_proportion,99
22,2025-08-12,farms_total_count,1005
7,2025-08-12,farms_blocked_proportion,7
23,2025-08-12,farms_total_count,820
18,2025-08-12,farms_total_count,768
17,2025-08-12,farms_blocked_proportion,11
12,2025-08-12,farms_free_count,18
8,2025-08-12,farms_blocked_count,1
LIE,2025-08-12,farms_blocked_proportion,0
10,2025-08-12,farms_blocked_count,65
CHE,2025-08-12,farms_blocked_count,913
26,2025-08-12,farms_total_count,489
26,2025-08-12,farms_free_proportion,95
24,2025-08-12,farms_total_count,188
3,2025-08-12,farms_total_count,1993
25,2025-08-12,farms_blocked_count,4
9,2025-08-12,farms_free_count,233
6,2025-08-12,farms_blocked_proportion,4
5,2025-08-12,farms_free_proportion,89
11,2025-08-12,farms_free_count,440
3,2025-08-12,farms_free_proportion,97
23,2025-08-12,farms_free_count,808
11,2025-08-12,farms_free_proportion,93
7,2025-08-12,farms_free_count,106
LIE,2025-08-12,farms_blocked_count,0
7,2025-08-12,farms_blocked_count,8
14,2025-08-12,farms_free_count,157
12,2025-08-12,farms_total_count,18
7,2025-08-12,farms_free_proportion,93
5,2025-08-12,farms_blocked_count,52
10,2025-08-12,farms_free_proportion,94
20,2025-08-12,farms_blocked_proportion,8
12,2025-08-12,farms_blocked_count,0
24,2025-08-12,farms_blocked_count,9
1,2025-08-12,farms_total_count,834
LIE,2025-08-12,farms_total_count,58
5,2025-08-12,farms_blocked_proportion,11
25,2025-08-12,farms_free_proportion,97
6,2025-08-12,farms_total_count,169
9,2025-08-12,farms_total_count,239
10,2025-08-12,farms_total_count,1074
24,2025-08-12,farms_free_count,179
3,2025-08-12,farms_blocked_count,68
10,2025-08-12,farms_blocked_proportion,6
24,2025-08-12,farms_blocked_proportion,5
12,2025-08-12,farms_blocked_proportion,0
11,2025-08-12,farms_blocked_proportion,7
8,2025-08-12,farms_free_proportion,99
8,2025-08-12,farms_free_count,86
20,2025-08-12,farms_free_proportion,92
25,2025-08-12,farms_total_count,123
26,2025-08-12,farms_blocked_count,23
9,2025-08-12,farms_free_proportion,97
5,2025-08-12,farms_total_count,467
4,2025-08-12,farms_total_count,237
23,2025-08-12,farms_free_proportion,99
1,2025-08-12,farms_blocked_proportion,4
19,2025-08-12,farms_free_proportion,93
20,2025-08-12,farms_blocked_count,46
17,2025-08-12,farms_free_count,1024
22,2025-08-12,farms_free_proportion,97
16,2025-08-12,farms_blocked_count,16
22,2025-08-12,farms_blocked_count,30
18,2025-08-12,farms_free_count,762
21,2025-08-12,farms_free_count,378
16,2025-08-12,farms_free_count,119
2,2025-08-12,farms_free_proportion,95
9,2025-08-12,farms_blocked_proportion,3
16,2025-08-12,farms_blocked_proportion,12
3,2025-08-12,farms_free_count,1925
14,2025-08-12,farms_free_proportion,95
13,2025-08-12,farms_free_count,315
20,2025-08-12,farms_total_count,585
16,2025-08-12,farms_free_proportion,88
8,2025-08-12,farms_blocked_proportion,1
5,2025-08-12,farms_free_count,415
17,2025-08-12,farms_free_proportion,89
23,2025-08-12,farms_blocked_count,12
15,2025-08-12,farms_blocked_proportion,8
19,2025-08-12,farms_blocked_count,68
21,2025-08-12,farms_total_count,416
9,2025-08-12,farms_blocked_count,6
15,2025-08-12,farms_free_proportion,92
20,2025-08-12,farms_free_count,539
15,2025-08-12,farms_blocked_count,25
1,2025-08-12,farms_free_proportion,96
1,2025-08-12,farms_blocked_count,33
21,2025-08-12,farms_blocked_count,38
4,2025-08-12,farms_blocked_count,8
13,2025-08-19,farms_total_count,335
5,2025-08-19,farms_blocked_count,51
7,2025-08-19,farms_free_count,106
7,2025-08-19,farms_total_count,114
8,2025-08-19,farms_free_proportion,99
21,2025-08-19,farms_free_proportion,91
16,2025-08-19,farms_blocked_proportion,12
19,2025-08-19,farms_free_proportion,93
21,2025-08-19,farms_blocked_proportion,9
22,2025-08-19,farms_blocked_count,30
23,2025-08-19,farms_free_count,808
5,2025-08-19,farms_free_count,416
19,2025-08-19,farms_blocked_proportion,7
17,2025-08-19,farms_free_proportion,89
24,2025-08-19,farms_free_proportion,95
13,2025-08-19,farms_blocked_proportion,6
20,2025-08-19,farms_free_count,541
CHE,2025-08-19,farms_free_count,16222
22,2025-08-19,farms_free_proportion,97
26,2025-08-19,farms_blocked_proportion,5
18,2025-08-19,farms_blocked_count,6
1,2025-08-19,farms_free_count,801
18,2025-08-19,farms_free_count,762
20,2025-08-19,farms_blocked_count,44
13,2025-08-19,farms_blocked_count,19
14,2025-08-19,farms_blocked_proportion,5
6,2025-08-19,farms_blocked_count,7
8,2025-08-19,farms_total_count,87
LIE,2025-08-19,farms_free_proportion,100
8,2025-08-19,farms_blocked_proportion,1
19,2025-08-19,farms_blocked_count,66
17,2025-08-19,farms_total_count,1157
5,2025-08-19,farms_total_count,467
24,2025-08-19,farms_blocked_proportion,5
16,2025-08-19,farms_blocked_count,16
17,2025-08-19,farms_free_count,1028
12,2025-08-19,farms_blocked_count,0
24,2025-08-19,farms_blocked_count,9
3,2025-08-19,farms_blocked_count,66
1,2025-08-19,farms_total_count,835
22,2025-08-19,farms_free_count,976
20,2025-08-19,farms_total_count,585
24,2025-08-19,farms_free_count,179
5,2025-08-19,farms_blocked_proportion,11
10,2025-08-19,farms_blocked_proportion,6
23,2025-08-19,farms_blocked_count,12
25,2025-08-19,farms_free_proportion,97
6,2025-08-19,farms_total_count,169
10,2025-08-19,farms_total_count,1074
15,2025-08-19,farms_free_proportion,92
LIE,2025-08-19,farms_total_count,58
20,2025-08-19,farms_blocked_proportion,8
8,2025-08-19,farms_free_count,86
12,2025-08-19,farms_blocked_proportion,0
4,2025-08-19,farms_total_count,237
2,2025-08-19,farms_free_count,3746
14,2025-08-19,farms_total_count,166
11,2025-08-19,farms_free_proportion,93
LIE,2025-08-19,farms_blocked_count,0
3,2025-08-19,farms_blocked_proportion,3
26,2025-08-19,farms_blocked_count,23
7,2025-08-19,farms_blocked_count,8
14,2025-08-19,farms_free_count,158
25,2025-08-19,farms_total_count,124
13,2025-08-19,farms_free_count,316
21,2025-08-19,farms_blocked_count,37
7,2025-08-19,farms_free_proportion,93
12,2025-08-19,farms_total_count,18
20,2025-08-19,farms_free_proportion,92
3,2025-08-19,farms_free_count,1927
1,2025-08-19,farms_blocked_proportion,4
10,2025-08-19,farms_free_proportion,94
11,2025-08-19,farms_blocked_proportion,7
9,2025-08-19,farms_free_proportion,97
22,2025-08-19,farms_total_count,1006
9,2025-08-19,farms_total_count,239
2,2025-08-19,farms_total_count,3941
2,2025-08-19,farms_blocked_proportion,5
18,2025-08-19,farms_blocked_proportion,1
23,2025-08-19,farms_free_proportion,99
11,2025-08-19,farms_total_count,472
9,2025-08-19,farms_free_count,233
23,2025-08-19,farms_blocked_proportion,1
8,2025-08-19,farms_blocked_count,1
25,2025-08-19,farms_free_count,120
6,2025-08-19,farms_free_count,162
16,2025-08-19,farms_free_proportion,88
2,2025-08-19,farms_blocked_count,195
14,2025-08-19,farms_blocked_count,8
LIE,2025-08-19,farms_blocked_proportion,0
10,2025-08-19,farms_blocked_count,64
14,2025-08-19,farms_free_proportion,95
21,2025-08-19,farms_total_count,417
10,2025-08-19,farms_free_count,1010
15,2025-08-19,farms_blocked_count,25
3,2025-08-19,farms_total_count,1993
4,2025-08-19,farms_blocked_count,8
4,2025-08-19,farms_free_proportion,97
24,2025-08-19,farms_total_count,188
13,2025-08-19,farms_free_proportion,94
12,2025-08-19,farms_free_count,18
LIE,2025-08-19,farms_free_count,58
9,2025-08-19,farms_blocked_proportion,3
11,2025-08-19,farms_blocked_count,31
22,2025-08-19,farms_blocked_proportion,3
26,2025-08-19,farms_free_proportion,95
26,2025-08-19,farms_total_count,489
25,2025-08-19,farms_blocked_count,4
CHE,2025-08-19,farms_blocked_count,899
2,2025-08-19,farms_free_proportion,95
15,2025-08-19,farms_free_count,278
1,2025-08-19,farms_blocked_count,34
15,2025-08-19,farms_total_count,303
6,2025-08-19,farms_free_proportion,96
16,2025-08-19,farms_free_count,119
23,2025-08-19,farms_total_count,820
9,2025-08-19,farms_blocked_count,6
15,2025-08-19,farms_blocked_proportion,8
17,2025-08-19,farms_blocked_count,129
26,2025-08-19,farms_free_count,466
4,2025-08-19,farms_free_count,229
7,2025-08-19,farms_blocked_proportion,7
11,2025-08-19,farms_free_count,441
CHE,2025-08-19,farms_free_proportion,95
25,2025-08-19,farms_blocked_proportion,3
3,2025-08-19,farms_free_proportion,97
18,2025-08-19,farms_free_proportion,99
21,2025-08-19,farms_free_count,380
4,2025-08-19,farms_blocked_proportion,3
19,2025-08-19,farms_total_count,982
16,2025-08-19,farms_total_count,135
5,2025-08-19,farms_free_proportion,89
12,2025-08-19,farms_free_proportion,100
CHE,2025-08-19,farms_total_count,17121
17,2025-08-19,farms_blocked_proportion,11
1,2025-08-19,farms_free_proportion,96
CHE,2025-08-19,farms_blocked_proportion,5
6,2025-08-19,farms_blocked_proportion,4
18,2025-08-19,farms_total_count,768
19,2025-08-19,farms_free_count,916
3,2025-08-26,farms_blocked_count,65
4,2025-08-26,farms_blocked_count,8
12,2025-08-26,farms_blocked_proportion,0
10,2025-08-26,farms_total_count,1076
10,2025-08-26,farms_blocked_proportion,6
11,2025-08-26,farms_blocked_proportion,7
14,2025-08-26,farms_free_proportion,95
16,2025-08-26,farms_blocked_count,16
24,2025-08-26,farms_free_count,179
25,2025-08-26,farms_blocked_proportion,3
3,2025-08-26,farms_total_count,1995
25,2025-08-26,farms_blocked_count,4
24,2025-08-26,farms_blocked_proportion,5
9,2025-08-26,farms_free_count,235
CHE,2025-08-26,farms_total_count,17154
6,2025-08-26,farms_blocked_proportion,4
5,2025-08-26,farms_free_proportion,89
LIE,2025-08-26,farms_free_count,58
17,2025-08-26,farms_free_count,1030
LIE,2025-08-26,farms_blocked_proportion,0
20,2025-08-26,farms_free_count,542
7,2025-08-26,farms_total_count,114
23,2025-08-26,farms_free_count,808
22,2025-08-26,farms_blocked_count,32
8,2025-08-26,farms_total_count,87
14,2025-08-26,farms_blocked_proportion,5
17,2025-08-26,farms_blocked_proportion,11
18,2025-08-26,farms_total_count,769
19,2025-08-26,farms_free_proportion,93
3,2025-08-26,farms_free_count,1930
23,2025-08-26,farms_total_count,820
7,2025-08-26,farms_blocked_proportion,7
24,2025-08-26,farms_free_proportion,95
15,2025-08-26,farms_free_proportion,92
16,2025-08-26,farms_free_count,119
18,2025-08-26,farms_free_proportion,99
1,2025-08-26,farms_free_proportion,96
18,2025-08-26,farms_blocked_count,6
CHE,2025-08-26,farms_blocked_proportion,5
12,2025-08-26,farms_free_count,18
19,2025-08-26,farms_free_count,918
7,2025-08-26,farms_free_count,106
20,2025-08-26,farms_free_proportion,92
24,2025-08-26,farms_total_count,188
21,2025-08-26,farms_blocked_count,36
26,2025-08-26,farms_total_count,490
26,2025-08-26,farms_free_proportion,96
25,2025-08-26,farms_total_count,124
26,2025-08-26,farms_blocked_count,22
15,2025-08-26,farms_blocked_proportion,8
22,2025-08-26,farms_total_count,1007
10,2025-08-26,farms_blocked_count,63
LIE,2025-08-26,farms_blocked_count,0
9,2025-08-26,farms_free_proportion,98
16,2025-08-26,farms_free_proportion,88
11,2025-08-26,farms_free_count,443
8,2025-08-26,farms_blocked_count,1
8,2025-08-26,farms_free_proportion,99
CHE,2025-08-26,farms_blocked_count,891
22,2025-08-26,farms_free_proportion,97
22,2025-08-26,farms_free_count,975
4,2025-08-26,farms_free_proportion,97
3,2025-08-26,farms_free_proportion,97
13,2025-08-26,farms_blocked_count,19
6,2025-08-26,farms_blocked_count,7
CHE,2025-08-26,farms_free_proportion,95
20,2025-08-26,farms_blocked_count,44
13,2025-08-26,farms_blocked_proportion,6
21,2025-08-26,farms_total_count,417
22,2025-08-26,farms_blocked_proportion,3
LIE,2025-08-26,farms_free_proportion,100
10,2025-08-26,farms_free_count,1013
18,2025-08-26,farms_free_count,763
13,2025-08-26,farms_free_proportion,94
21,2025-08-26,farms_blocked_proportion,9
18,2025-08-26,farms_blocked_proportion,1
21,2025-08-26,farms_free_proportion,91
8,2025-08-26,farms_blocked_proportion,1
17,2025-08-26,farms_total_count,1158
4,2025-08-26,farms_total_count,237
11,2025-08-26,farms_total_count,474
11,2025-08-26,farms_free_proportion,93
13,2025-08-26,farms_total_count,336
19,2025-08-26,farms_blocked_count,66
26,2025-08-26,farms_blocked_proportion,4
1,2025-08-26,farms_free_count,803
15,2025-08-26,farms_total_count,303
12,2025-08-26,farms_free_proportion,100
25,2025-08-26,farms_free_count,120
21,2025-08-26,farms_free_count,381
4,2025-08-26,farms_blocked_proportion,3
6,2025-08-26,farms_free_proportion,96
23,2025-08-26,farms_free_proportion,99
9,2025-08-26,farms_blocked_count,6
2,2025-08-26,farms_free_proportion,95
CHE,2025-08-26,farms_free_count,16263
17,2025-08-26,farms_blocked_count,128
2,2025-08-26,farms_blocked_count,192
14,2025-08-26,farms_blocked_count,8
5,2025-08-26,farms_free_count,416
2,2025-08-26,farms_total_count,3958
14,2025-08-26,farms_total_count,166
19,2025-08-26,farms_blocked_proportion,7
6,2025-08-26,farms_free_count,162
9,2025-08-26,farms_total_count,241
17,2025-08-26,farms_free_proportion,89
4,2025-08-26,farms_free_count,229
16,2025-08-26,farms_total_count,135
15,2025-08-26,farms_free_count,278
8,2025-08-26,farms_free_count,86
12,2025-08-26,farms_blocked_count,0
5,2025-08-26,farms_blocked_proportion,11
10,2025-08-26,farms_free_proportion,94
26,2025-08-26,farms_free_count,468
LIE,2025-08-26,farms_total_count,58
2,2025-08-26,farms_blocked_proportion,5
1,2025-08-26,farms_total_count,835
23,2025-08-26,farms_blocked_proportion,1
15,2025-08-26,farms_blocked_count,25
1,2025-08-26,farms_blocked_proportion,4
23,2025-08-26,farms_blocked_count,12
2,2025-08-26,farms_free_count,3766
19,2025-08-26,farms_total_count,984
1,2025-08-26,farms_blocked_count,32
20,2025-08-26,farms_blocked_proportion,8
6,2025-08-26,farms_total_count,169
20,2025-08-26,farms_total_count,586
24,2025-08-26,farms_blocked_count,9
3,2025-08-26,farms_blocked_proportion,3
7,2025-08-26,farms_blocked_count,8
25,2025-08-26,farms_free_proportion,97
12,2025-08-26,farms_total_count,18
13,2025-08-26,farms_free_count,317
5,2025-08-26,farms_total_count,467
7,2025-08-26,farms_free_proportion,93
9,2025-08-26,farms_blocked_proportion,2
5,2025-08-26,farms_blocked_count,51
16,2025-08-26,farms_blocked_proportion,12
11,2025-08-26,farms_blocked_count,31
14,2025-08-26,farms_free_count,158
19,2025-09-02,farms_free_count,924
3,2025-09-02,farms_total_count,1996
25,2025-09-02,farms_free_count,120
26,2025-09-02,farms_free_count,468
15,2025-09-02,farms_free_count,278
5,2025-09-02,farms_blocked_count,51
12,2025-09-02,farms_free_count,18
8,2025-09-02,farms_blocked_count,1
2,2025-09-02,farms_free_proportion,95
1,2025-09-02,farms_blocked_count,30
CHE,2025-09-02,farms_blocked_count,868
14,2025-09-02,farms_blocked_count,8
4,2025-09-02,farms_free_proportion,97
16,2025-09-02,farms_total_count,135
25,2025-09-02,farms_blocked_count,4
11,2025-09-02,farms_blocked_count,28
13,2025-09-02,farms_free_proportion,94
26,2025-09-02,farms_total_count,490
10,2025-09-02,farms_free_count,1013
22,2025-09-02,farms_blocked_proportion,3
26,2025-09-02,farms_free_proportion,96
19,2025-09-02,farms_total_count,986
9,2025-09-02,farms_blocked_proportion,2
5,2025-09-02,farms_free_proportion,89
18,2025-09-02,farms_free_count,763
2,2025-09-02,farms_blocked_proportion,5
23,2025-09-02,farms_blocked_proportion,1
15,2025-09-02,farms_blocked_proportion,8
LIE,2025-09-02,farms_blocked_proportion,0
6,2025-09-02,farms_free_count,162
21,2025-09-02,farms_free_count,382
4,2025-09-02,farms_blocked_count,8
CHE,2025-09-02,farms_free_proportion,95
9,2025-09-02,farms_total_count,242
2,2025-09-02,farms_total_count,3960
15,2025-09-02,farms_total_count,303
21,2025-09-02,farms_blocked_count,37
26,2025-09-02,farms_blocked_count,22
25,2025-09-02,farms_total_count,124
14,2025-09-02,farms_free_count,158
12,2025-09-02,farms_total_count,18
20,2025-09-02,farms_free_count,543
1,2025-09-02,farms_total_count,835
16,2025-09-02,farms_blocked_proportion,12
20,2025-09-02,farms_free_proportion,93
CHE,2025-09-02,farms_blocked_proportion,5
10,2025-09-02,farms_free_proportion,94
20,2025-09-02,farms_blocked_proportion,7
11,2025-09-02,farms_blocked_proportion,6
22,2025-09-02,farms_free_count,980
2,2025-09-02,farms_free_count,3775
24,2025-09-02,farms_blocked_count,9
1,2025-09-02,farms_blocked_proportion,4
17,2025-09-02,farms_free_count,1033
23,2025-09-02,farms_blocked_count,12
3,2025-09-02,farms_blocked_count,64
10,2025-09-02,farms_total_count,1076
LIE,2025-09-02,farms_total_count,58
5,2025-09-02,farms_blocked_proportion,11
15,2025-09-02,farms_free_proportion,92
25,2025-09-02,farms_free_proportion,97
12,2025-09-02,farms_blocked_proportion,0
9,2025-09-02,farms_free_proportion,98
7,2025-09-02,farms_blocked_count,7
21,2025-09-02,farms_free_proportion,91
17,2025-09-02,farms_blocked_proportion,11
12,2025-09-02,farms_free_proportion,100
18,2025-09-02,farms_total_count,769
4,2025-09-02,farms_blocked_proportion,3
9,2025-09-02,farms_blocked_count,6
17,2025-09-02,farms_blocked_count,126
4,2025-09-02,farms_free_count,229
18,2025-09-02,farms_free_proportion,99
19,2025-09-02,farms_blocked_proportion,6
1,2025-09-02,farms_free_proportion,96
22,2025-09-02,farms_free_proportion,97
23,2025-09-02,farms_total_count,821
16,2025-09-02,farms_free_proportion,88
CHE,2025-09-02,farms_free_count,16305
6,2025-09-02,farms_blocked_count,7
14,2025-09-02,farms_blocked_proportion,5
8,2025-09-02,farms_total_count,87
23,2025-09-02,farms_free_count,809
13,2025-09-02,farms_blocked_proportion,6
21,2025-09-02,farms_blocked_proportion,9
20,2025-09-02,farms_blocked_count,43
22,2025-09-02,farms_blocked_count,29
LIE,2025-09-02,farms_free_proportion,100
19,2025-09-02,farms_free_proportion,94
13,2025-09-02,farms_total_count,339
8,2025-09-02,farms_free_proportion,99
18,2025-09-02,farms_blocked_count,6
3,2025-09-02,farms_free_proportion,97
7,2025-09-02,farms_free_count,109
LIE,2025-09-02,farms_blocked_count,0
3,2025-09-02,farms_blocked_proportion,3
21,2025-09-02,farms_total_count,419
LIE,2025-09-02,farms_free_count,58
9,2025-09-02,farms_free_count,236
18,2025-09-02,farms_blocked_proportion,1
24,2025-09-02,farms_free_proportion,95
20,2025-09-02,farms_total_count,586
22,2025-09-02,farms_total_count,1009
12,2025-09-02,farms_blocked_count,0
3,2025-09-02,farms_free_count,1932
17,2025-09-02,farms_total_count,1159
4,2025-09-02,farms_total_count,237
7,2025-09-02,farms_total_count,116
14,2025-09-02,farms_total_count,166
16,2025-09-02,farms_free_count,119
25,2025-09-02,farms_blocked_proportion,3
8,2025-09-02,farms_blocked_proportion,1
19,2025-09-02,farms_blocked_count,62
13,2025-09-02,farms_free_count,320
7,2025-09-02,farms_blocked_proportion,6
5,2025-09-02,farms_total_count,467
24,2025-09-02,farms_total_count,188
15,2025-09-02,farms_blocked_count,25
11,2025-09-02,farms_free_proportion,94
2,2025-09-02,farms_blocked_count,185
1,2025-09-02,farms_free_count,805
26,2025-09-02,farms_blocked_proportion,4
6,2025-09-02,farms_total_count,169
14,2025-09-02,farms_free_proportion,95
24,2025-09-02,farms_blocked_proportion,5
CHE,2025-09-02,farms_total_count,17173
23,2025-09-02,farms_free_proportion,99
8,2025-09-02,farms_free_count,86
11,2025-09-02,farms_free_count,448
16,2025-09-02,farms_blocked_count,16
24,2025-09-02,farms_free_count,179
5,2025-09-02,farms_free_count,416
13,2025-09-02,farms_blocked_count,19
17,2025-09-02,farms_free_proportion,89
10,2025-09-02,farms_blocked_count,63
7,2025-09-02,farms_free_proportion,94
11,2025-09-02,farms_total_count,476
6,2025-09-02,farms_blocked_proportion,4
6,2025-09-02,farms_free_proportion,96
10,2025-09-02,farms_blocked_proportion,6
18,2025-09-09,farms_total_count,771
17,2025-09-09,farms_blocked_proportion,11
12,2025-09-09,farms_free_proportion,100
20,2025-09-09,farms_blocked_proportion,7
LIE,2025-09-09,farms_total_count,58
12,2025-09-09,farms_free_count,18
8,2025-09-09,farms_free_count,86
5,2025-09-09,farms_free_count,416
25,2025-09-09,farms_free_count,120
16,2025-09-09,farms_blocked_proportion,12
15,2025-09-09,farms_blocked_count,25
22,2025-09-09,farms_free_count,980
15,2025-09-09,farms_free_count,278
11,2025-09-09,farms_blocked_count,28
23,2025-09-09,farms_blocked_count,12
23,2025-09-09,farms_blocked_proportion,1
12,2025-09-09,farms_blocked_count,0
15,2025-09-09,farms_free_proportion,92
18,2025-09-09,farms_blocked_proportion,1
19,2025-09-09,farms_free_count,924
15,2025-09-09,farms_total_count,303
2,2025-09-09,farms_free_count,3780
11,2025-09-09,farms_blocked_proportion,6
21,2025-09-09,farms_free_count,383
24,2025-09-09,farms_blocked_count,8
1,2025-09-09,farms_blocked_proportion,3
23,2025-09-09,farms_free_count,810
18,2025-09-09,farms_free_count,765
22,2025-09-09,farms_blocked_proportion,3
18,2025-09-09,farms_blocked_count,6
16,2025-09-09,farms_total_count,135
17,2025-09-09,farms_free_proportion,89
16,2025-09-09,farms_free_count,119
9,2025-09-09,farms_blocked_count,6
24,2025-09-09,farms_free_count,180
23,2025-09-09,farms_free_proportion,99
14,2025-09-09,farms_blocked_proportion,5
13,2025-09-09,farms_free_proportion,95
3,2025-09-09,farms_blocked_count,63
10,2025-09-09,farms_total_count,1076
9,2025-09-09,farms_blocked_proportion,2
24,2025-09-09,farms_free_proportion,96
9,2025-09-09,farms_total_count,242
20,2025-09-09,farms_blocked_count,42
11,2025-09-09,farms_total_count,476
14,2025-09-09,farms_blocked_count,8
4,2025-09-09,farms_free_proportion,96
7,2025-09-09,farms_blocked_proportion,6
19,2025-09-09,farms_blocked_count,62
7,2025-09-09,farms_total_count,116
10,2025-09-09,farms_free_count,1014
5,2025-09-09,farms_blocked_proportion,11
2,2025-09-09,farms_blocked_count,183
18,2025-09-09,farms_free_proportion,99
22,2025-09-09,farms_total_count,1010
8,2025-09-09,farms_blocked_proportion,1
23,2025-09-09,farms_total_count,822
6,2025-09-09,farms_free_count,161
6,2025-09-09,farms_total_count,169
2,2025-09-09,farms_free_proportion,95
25,2025-09-09,farms_free_proportion,97
CHE,2025-09-09,farms_blocked_proportion,5
17,2025-09-09,farms_free_count,1033
16,2025-09-09,farms_blocked_count,16
19,2025-09-09,farms_blocked_proportion,6
26,2025-09-09,farms_blocked_proportion,4
LIE,2025-09-09,farms_free_count,58
25,2025-09-09,farms_blocked_count,4
1,2025-09-09,farms_free_count,806
3,2025-09-09,farms_free_count,1934
16,2025-09-09,farms_free_proportion,88
9,2025-09-09,farms_free_count,236
17,2025-09-09,farms_total_count,1159
2,2025-09-09,farms_total_count,3963
21,2025-09-09,farms_total_count,420
CHE,2025-09-09,farms_blocked_count,862
22,2025-09-09,farms_free_proportion,97
25,2025-09-09,farms_blocked_proportion,3
14,2025-09-09,farms_total_count,166
4,2025-09-09,farms_blocked_proportion,4
LIE,2025-09-09,farms_blocked_count,0
7,2025-09-09,farms_blocked_count,7
CHE,2025-09-09,farms_free_count,16321
13,2025-09-09,farms_free_count,321
5,2025-09-09,farms_free_proportion,89
12,2025-09-09,farms_blocked_proportion,0
21,2025-09-09,farms_blocked_proportion,9
CHE,2025-09-09,farms_free_proportion,95
LIE,2025-09-09,farms_free_proportion,100
26,2025-09-09,farms_blocked_count,21
13,2025-09-09,farms_blocked_proportion,5
3,2025-09-09,farms_free_proportion,97
25,2025-09-09,farms_total_count,124
4,2025-09-09,farms_blocked_count,9
4,2025-09-09,farms_total_count,237
14,2025-09-09,farms_free_proportion,95
21,2025-09-09,farms_free_proportion,91
15,2025-09-09,farms_blocked_proportion,8
13,2025-09-09,farms_blocked_count,18
6,2025-09-09,farms_blocked_count,8
13,2025-09-09,farms_total_count,339
3,2025-09-09,farms_total_count,1997
6,2025-09-09,farms_blocked_proportion,5
19,2025-09-09,farms_total_count,986
26,2025-09-09,farms_free_count,469
22,2025-09-09,farms_blocked_count,30
8,2025-09-09,farms_total_count,87
7,2025-09-09,farms_free_count,109
17,2025-09-09,farms_blocked_count,126
CHE,2025-09-09,farms_total_count,17183
9,2025-09-09,farms_free_proportion,98
3,2025-09-09,farms_blocked_proportion,3
21,2025-09-09,farms_blocked_count,37
10,2025-09-09,farms_free_proportion,94
2,2025-09-09,farms_blocked_proportion,5
4,2025-09-09,farms_free_count,228
LIE,2025-09-09,farms_blocked_proportion,0
6,2025-09-09,farms_free_proportion,95
20,2025-09-09,farms_total_count,587
24,2025-09-09,farms_blocked_proportion,4
11,2025-09-09,farms_free_count,448
8,2025-09-09,farms_blocked_count,1
10,2025-09-09,farms_blocked_proportion,6
1,2025-09-09,farms_blocked_count,29
10,2025-09-09,farms_blocked_count,62
20,2025-09-09,farms_free_proportion,93
20,2025-09-09,farms_free_count,545
12,2025-09-09,farms_total_count,18
26,2025-09-09,farms_free_proportion,96
1,2025-09-09,farms_free_proportion,97
24,2025-09-09,farms_total_count,188
26,2025-09-09,farms_total_count,490
1,2025-09-09,farms_total_count,835
19,2025-09-09,farms_free_proportion,94
5,2025-09-09,farms_blocked_count,51
11,2025-09-09,farms_free_proportion,94
5,2025-09-09,farms_total_count,467
14,2025-09-09,farms_free_count,158
8,2025-09-09,farms_free_proportion,99
7,2025-09-09,farms_free_proportion,94
2,2025-09-16,farms_blocked_proportion,5
24,2025-09-16,farms_blocked_proportion,4
25,2025-09-16,farms_total_count,124
7,2025-09-16,farms_free_count,110
CHE,2025-09-16,farms_total_count,17196
CHE,2025-09-16,farms_free_count,16344
16,2025-09-16,farms_free_count,119
9,2025-09-16,farms_free_proportion,98
10,2025-09-16,farms_total_count,1076
11,2025-09-16,farms_total_count,476
11,2025-09-16,farms_blocked_count,28
19,2025-09-16,farms_total_count,986
25,2025-09-16,farms_free_proportion,97
4,2025-09-16,farms_free_proportion,96
20,2025-09-16,farms_free_proportion,93
11,2025-09-16,farms_blocked_proportion,6
10,2025-09-16,farms_free_count,1014
3,2025-09-16,farms_free_proportion,97
24,2025-09-16,farms_free_count,180
3,2025-09-16,farms_blocked_proportion,3
17,2025-09-16,farms_blocked_count,125
4,2025-09-16,farms_free_count,228
25,2025-09-16,farms_free_count,120
14,2025-09-16,farms_free_count,158
12,2025-09-16,farms_total_count,18
11,2025-09-16,farms_free_proportion,94
1,2025-09-16,farms_total_count,835
7,2025-09-16,farms_free_proportion,94
CHE,2025-09-16,farms_blocked_proportion,5
19,2025-09-16,farms_blocked_proportion,6
8,2025-09-16,farms_free_count,86
7,2025-09-16,farms_blocked_count,7
1,2025-09-16,farms_free_count,807
2,2025-09-16,farms_total_count,3967
17,2025-09-16,farms_total_count,1159
6,2025-09-16,farms_blocked_count,8
13,2025-09-16,farms_total_count,339
26,2025-09-16,farms_blocked_proportion,4
21,2025-09-16,farms_free_proportion,91
13,2025-09-16,farms_blocked_count,18
13,2025-09-16,farms_blocked_proportion,5
LIE,2025-09-16,farms_free_proportion,100
21,2025-09-16,farms_blocked_proportion,9
14,2025-09-16,farms_total_count,166
5,2025-09-16,farms_free_count,416
10,2025-09-16,farms_free_proportion,94
10,2025-09-16,farms_blocked_proportion,6
3,2025-09-16,farms_blocked_count,63
13,2025-09-16,farms_free_proportion,95
16,2025-09-16,farms_total_count,135
22,2025-09-16,farms_blocked_proportion,3
18,2025-09-16,farms_free_count,767
9,2025-09-16,farms_total_count,243
4,2025-09-16,farms_total_count,237
6,2025-09-16,farms_free_count,161
23,2025-09-16,farms_free_proportion,99
6,2025-09-16,farms_total_count,169
5,2025-09-16,farms_blocked_proportion,11
6,2025-09-16,farms_free_proportion,95
14,2025-09-16,farms_blocked_count,8
LIE,2025-09-16,farms_total_count,58
12,2025-09-16,farms_blocked_count,0
15,2025-09-16,farms_free_count,278
22,2025-09-16,farms_free_count,981
24,2025-09-16,farms_blocked_count,8
18,2025-09-16,farms_blocked_proportion,1
2,2025-09-16,farms_free_count,3787
12,2025-09-16,farms_free_proportion,100
15,2025-09-16,farms_total_count,303
20,2025-09-16,farms_blocked_proportion,7
4,2025-09-16,farms_blocked_proportion,4
2,2025-09-16,farms_blocked_count,180
23,2025-09-16,farms_blocked_proportion,1
26,2025-09-16,farms_free_count,470
18,2025-09-16,farms_total_count,773
23,2025-09-16,farms_free_count,812
17,2025-09-16,farms_blocked_proportion,11
2,2025-09-16,farms_free_proportion,95
8,2025-09-16,farms_blocked_count,1
11,2025-09-16,farms_free_count,448
20,2025-09-16,farms_total_count,589
10,2025-09-16,farms_blocked_count,62
LIE,2025-09-16,farms_blocked_proportion,0
15,2025-09-16,farms_blocked_count,25
4,2025-09-16,farms_blocked_count,9
7,2025-09-16,farms_total_count,117
9,2025-09-16,farms_free_count,237
21,2025-09-16,farms_free_count,383
8,2025-09-16,farms_blocked_proportion,1
3,2025-09-16,farms_total_count,1997
16,2025-09-16,farms_blocked_count,16
CHE,2025-09-16,farms_free_proportion,95
17,2025-09-16,farms_free_count,1034
8,2025-09-16,farms_total_count,87
17,2025-09-16,farms_free_proportion,89
9,2025-09-16,farms_blocked_count,6
18,2025-09-16,farms_blocked_count,6
3,2025-09-16,farms_free_count,1934
14,2025-09-16,farms_blocked_proportion,5
19,2025-09-16,farms_free_count,927
5,2025-09-16,farms_free_proportion,89
CHE,2025-09-16,farms_blocked_count,852
15,2025-09-16,farms_free_proportion,92
12,2025-09-16,farms_free_count,18
24,2025-09-16,farms_free_proportion,96
15,2025-09-16,farms_blocked_proportion,8
9,2025-09-16,farms_blocked_proportion,2
22,2025-09-16,farms_free_proportion,97
20,2025-09-16,farms_blocked_count,41
5,2025-09-16,farms_total_count,467
23,2025-09-16,farms_blocked_count,12
16,2025-09-16,farms_blocked_proportion,12
13,2025-09-16,farms_free_count,321
LIE,2025-09-16,farms_free_count,58
19,2025-09-16,farms_free_proportion,94
LIE,2025-09-16,farms_blocked_count,0
26,2025-09-16,farms_total_count,490
24,2025-09-16,farms_total_count,188
7,2025-09-16,farms_blocked_proportion,6
8,2025-09-16,farms_free_proportion,99
21,2025-09-16,farms_blocked_count,37
20,2025-09-16,farms_free_count,548
1,2025-09-16,farms_free_proportion,97
16,2025-09-16,farms_free_proportion,88
5,2025-09-16,farms_blocked_count,51
12,2025-09-16,farms_blocked_proportion,0
18,2025-09-16,farms_free_proportion,99
26,2025-09-16,farms_free_proportion,96
6,2025-09-16,farms_blocked_proportion,5
25,2025-09-16,farms_blocked_count,4
14,2025-09-16,farms_free_proportion,95
1,2025-09-16,farms_blocked_count,28
23,2025-09-16,farms_total_count,824
25,2025-09-16,farms_blocked_proportion,3
22,2025-09-16,farms_total_count,1011
21,2025-09-16,farms_total_count,420
26,2025-09-16,farms_blocked_count,20
1,2025-09-16,farms_blocked_proportion,3
19,2025-09-16,farms_blocked_count,59
22,2025-09-16,farms_blocked_count,30
22,2025-09-23,farms_free_proportion,97
18,2025-09-23,farms_blocked_proportion,1
2,2025-09-23,farms_blocked_count,178
5,2025-09-23,farms_free_proportion,89
16,2025-09-23,farms_blocked_count,16
22,2025-09-23,farms_free_count,981
12,2025-09-23,farms_blocked_count,0
24,2025-09-23,farms_blocked_count,8
17,2025-09-23,farms_total_count,1162
17,2025-09-23,farms_blocked_proportion,11
23,2025-09-23,farms_blocked_count,11
2,2025-09-23,farms_free_count,3792
15,2025-09-23,farms_free_proportion,92
2,2025-09-23,farms_total_count,3970
23,2025-09-23,farms_blocked_proportion,1
10,2025-09-23,farms_blocked_proportion,6
25,2025-09-23,farms_blocked_count,4
19,2025-09-23,farms_blocked_count,57
CHE,2025-09-23,farms_free_count,16381
12,2025-09-23,farms_free_proportion,100
1,2025-09-23,farms_free_proportion,97
4,2025-09-23,farms_free_count,228
24,2025-09-23,farms_total_count,188
14,2025-09-23,farms_free_count,158
12,2025-09-23,farms_total_count,18
26,2025-09-23,farms_free_proportion,96
20,2025-09-23,farms_free_count,552
14,2025-09-23,farms_total_count,166
26,2025-09-23,farms_total_count,492
7,2025-09-23,farms_blocked_count,7
6,2025-09-23,farms_blocked_proportion,5
7,2025-09-23,farms_free_proportion,94
25,2025-09-23,farms_free_count,120
1,2025-09-23,farms_total_count,835
25,2025-09-23,farms_blocked_proportion,3
22,2025-09-23,farms_blocked_count,30
19,2025-09-23,farms_free_proportion,94
9,2025-09-23,farms_free_count,238
11,2025-09-23,farms_free_proportion,94
21,2025-09-23,farms_blocked_count,37
16,2025-09-23,farms_blocked_proportion,12
16,2025-09-23,farms_free_proportion,88
15,2025-09-23,farms_total_count,303
CHE,2025-09-23,farms_blocked_count,839
11,2025-09-23,farms_free_count,450
17,2025-09-23,farms_free_count,1039
20,2025-09-23,farms_blocked_proportion,6
1,2025-09-23,farms_free_count,808
18,2025-09-23,farms_total_count,773
8,2025-09-23,farms_blocked_count,1
10,2025-09-23,farms_free_proportion,94
LIE,2025-09-23,farms_blocked_proportion,0
20,2025-09-23,farms_total_count,590
8,2025-09-23,farms_free_count,86
17,2025-09-23,farms_blocked_count,123
3,2025-09-23,farms_blocked_proportion,3
10,2025-09-23,farms_blocked_count,62
CHE,2025-09-23,farms_blocked_proportion,5
4,2025-09-23,farms_blocked_proportion,4
19,2025-09-23,farms_blocked_proportion,6
18,2025-09-23,farms_free_count,767
13,2025-09-23,farms_free_count,321
13,2025-09-23,farms_blocked_proportion,5
1,2025-09-23,farms_blocked_count,27
10,2025-09-23,farms_free_count,1017
4,2025-09-23,farms_blocked_count,9
24,2025-09-23,farms_blocked_proportion,4
21,2025-09-23,farms_free_count,383
11,2025-09-23,farms_blocked_proportion,6
13,2025-09-23,farms_blocked_count,18
11,2025-09-23,farms_blocked_count,29
15,2025-09-23,farms_blocked_count,25
4,2025-09-23,farms_free_proportion,96
21,2025-09-23,farms_free_proportion,91
11,2025-09-23,farms_total_count,479
2,2025-09-23,farms_free_proportion,96
25,2025-09-23,farms_free_proportion,97
LIE,2025-09-23,farms_total_count,58
16,2025-09-23,farms_free_count,119
LIE,2025-09-23,farms_free_proportion,100
9,2025-09-23,farms_free_proportion,98
14,2025-09-23,farms_free_proportion,95
26,2025-09-23,farms_blocked_count,20
25,2025-09-23,farms_total_count,124
3,2025-09-23,farms_free_proportion,97
7,2025-09-23,farms_total_count,117
21,2025-09-23,farms_total_count,420
26,2025-09-23,farms_free_count,472
CHE,2025-09-23,farms_total_count,17220
12,2025-09-23,farms_blocked_proportion,0
10,2025-09-23,farms_total_count,1079
19,2025-09-23,farms_total_count,988
LIE,2025-09-23,farms_blocked_count,0
7,2025-09-23,farms_free_count,110
15,2025-09-23,farms_free_count,278
21,2025-09-23,farms_blocked_proportion,9
22,2025-09-23,farms_total_count,1011
8,2025-09-23,farms_free_proportion,99
20,2025-09-23,farms_free_proportion,94
5,2025-09-23,farms_blocked_count,51
26,2025-09-23,farms_blocked_proportion,4
23,2025-09-23,farms_free_count,813
12,2025-09-23,farms_free_count,18
8,2025-09-23,farms_total_count,87
5,2025-09-23,farms_total_count,470
20,2025-09-23,farms_blocked_count,38
4,2025-09-23,farms_total_count,237
6,2025-09-23,farms_blocked_count,8
8,2025-09-23,farms_blocked_proportion,1
6,2025-09-23,farms_free_count,161
23,2025-09-23,farms_total_count,824
CHE,2025-09-23,farms_free_proportion,95
24,2025-09-23,farms_free_proportion,96
19,2025-09-23,farms_free_count,931
23,2025-09-23,farms_free_proportion,99
18,2025-09-23,farms_free_proportion,99
5,2025-09-23,farms_blocked_proportion,11
2,2025-09-23,farms_blocked_proportion,4
LIE,2025-09-23,farms_free_count,58
14,2025-09-23,farms_blocked_count,8
7,2025-09-23,farms_blocked_proportion,6
1,2025-09-23,farms_blocked_proportion,3
6,2025-09-23,farms_total_count,169
13,2025-09-23,farms_total_count,339
9,2025-09-23,farms_total_count,243
6,2025-09-23,farms_free_proportion,95
3,2025-09-23,farms_blocked_count,61
17,2025-09-23,farms_free_proportion,89
9,2025-09-23,farms_blocked_proportion,2
5,2025-09-23,farms_free_count,419
9,2025-09-23,farms_blocked_count,5
13,2025-09-23,farms_free_proportion,95
3,2025-09-23,farms_total_count,2001
14,2025-09-23,farms_blocked_proportion,5
15,2025-09-23,farms_blocked_proportion,8
18,2025-09-23,farms_blocked_count,6
16,2025-09-23,farms_total_count,135
3,2025-09-23,farms_free_count,1940
22,2025-09-23,farms_blocked_proportion,3
24,2025-09-23,farms_free_count,180
25,2025-09-30,farms_blocked_proportion,3
14,2025-09-30,farms_free_proportion,95
8,2025-09-30,farms_free_count,86
13,2025-09-30,farms_blocked_proportion,5
1,2025-09-30,farms_free_count,807
16,2025-09-30,farms_free_proportion,88
6,2025-09-30,farms_blocked_count,8
2,2025-09-30,farms_total_count,3976
4,2025-09-30,farms_blocked_count,9
15,2025-09-30,farms_blocked_proportion,9
3,2025-09-30,farms_free_count,1947
21,2025-09-30,farms_blocked_proportion,9
23,2025-09-30,farms_blocked_proportion,1
14,2025-09-30,farms_total_count,166
17,2025-09-30,farms_free_proportion,89
5,2025-09-30,farms_free_count,420
22,2025-09-30,farms_blocked_proportion,3
16,2025-09-30,farms_total_count,135
13,2025-09-30,farms_free_proportion,95
9,2025-09-30,farms_blocked_count,5
9,2025-09-30,farms_blocked_proportion,2
6,2025-09-30,farms_free_proportion,95
5,2025-09-30,farms_total_count,471
2,2025-09-30,farms_free_proportion,96
11,2025-09-30,farms_total_count,480
4,2025-09-30,farms_free_proportion,96
11,2025-09-30,farms_blocked_count,29
21,2025-09-30,farms_free_count,383
15,2025-09-30,farms_blocked_count,26
10,2025-09-30,farms_free_count,1019
13,2025-09-30,farms_free_count,322
16,2025-09-30,farms_free_count,119
1,2025-09-30,farms_blocked_count,28
5,2025-09-30,farms_blocked_count,51
26,2025-09-30,farms_free_count,472
19,2025-09-30,farms_total_count,988
15,2025-09-30,farms_free_count,277
21,2025-09-30,farms_total_count,420
8,2025-09-30,farms_blocked_proportion,1
20,2025-09-30,farms_blocked_count,40
19,2025-09-30,farms_blocked_proportion,6
6,2025-09-30,farms_free_count,161
2,2025-09-30,farms_blocked_proportion,4
25,2025-09-30,farms_free_count,120
22,2025-09-30,farms_blocked_count,29
19,2025-09-30,farms_free_proportion,94
4,2025-09-30,farms_free_count,228
1,2025-09-30,farms_free_proportion,97
CHE,2025-09-30,farms_free_proportion,95
21,2025-09-30,farms_blocked_count,37
20,2025-09-30,farms_total_count,590
17,2025-09-30,farms_blocked_count,128
4,2025-09-30,farms_blocked_proportion,4
17,2025-09-30,farms_free_count,1035
15,2025-09-30,farms_total_count,303
16,2025-09-30,farms_blocked_proportion,12
12,2025-09-30,farms_free_proportion,100
16,2025-09-30,farms_blocked_count,16
18,2025-09-30,farms_blocked_proportion,1
15,2025-09-30,farms_free_proportion,91
19,2025-09-30,farms_blocked_count,55
23,2025-09-30,farms_blocked_count,11
22,2025-09-30,farms_free_proportion,97
20,2025-09-30,farms_free_count,550
1,2025-09-30,farms_blocked_proportion,3
2,2025-09-30,farms_blocked_count,178
18,2025-09-30,farms_free_count,768
14,2025-09-30,farms_blocked_count,8
23,2025-09-30,farms_free_proportion,99
10,2025-09-30,farms_blocked_proportion,6
13,2025-09-30,farms_blocked_count,18
7,2025-09-30,farms_total_count,118
17,2025-09-30,farms_blocked_proportion,11
12,2025-09-30,farms_blocked_proportion,0
23,2025-09-30,farms_free_count,813
12,2025-09-30,farms_free_count,18
11,2025-09-30,farms_free_count,451
25,2025-09-30,farms_free_proportion,97
12,2025-09-30,farms_total_count,18
24,2025-09-30,farms_total_count,189
10,2025-09-30,farms_total_count,1081
8,2025-09-30,farms_blocked_count,1
24,2025-09-30,farms_blocked_count,7
9,2025-09-30,farms_free_count,238
LIE,2025-09-30,farms_blocked_proportion,0
14,2025-09-30,farms_blocked_proportion,5
CHE,2025-09-30,farms_blocked_proportion,5
8,2025-09-30,farms_total_count,87
11,2025-09-30,farms_blocked_proportion,6
24,2025-09-30,farms_blocked_proportion,4
1,2025-09-30,farms_total_count,835
7,2025-09-30,farms_free_proportion,94
14,2025-09-30,farms_free_count,158
18,2025-09-30,farms_blocked_count,7
24,2025-09-30,farms_free_proportion,96
20,2025-09-30,farms_free_proportion,93
7,2025-09-30,farms_free_count,111
23,2025-09-30,farms_total_count,824
19,2025-09-30,farms_free_count,933
18,2025-09-30,farms_free_proportion,99
11,2025-09-30,farms_free_proportion,94
7,2025-09-30,farms_blocked_proportion,6
7,2025-09-30,farms_blocked_count,7
18,2025-09-30,farms_total_count,775
CHE,2025-09-30,farms_free_count,16398
9,2025-09-30,farms_free_proportion,98
10,2025-09-30,farms_blocked_count,62
17,2025-09-30,farms_total_count,1163
22,2025-09-30,farms_free_count,982
24,2025-09-30,farms_free_count,182
25,2025-09-30,farms_blocked_count,4
21,2025-09-30,farms_free_proportion,91
8,2025-09-30,farms_free_proportion,99
3,2025-09-30,farms_total_count,2003
LIE,2025-09-30,farms_total_count,58
5,2025-09-30,farms_free_proportion,89
9,2025-09-30,farms_total_count,243
6,2025-09-30,farms_total_count,169
LIE,2025-09-30,farms_blocked_count,0
26,2025-09-30,farms_blocked_proportion,4
5,2025-09-30,farms_blocked_proportion,11
22,2025-09-30,farms_total_count,1011
3,2025-09-30,farms_free_proportion,97
LIE,2025-09-30,farms_free_proportion,100
13,2025-09-30,farms_total_count,340
26,2025-09-30,farms_blocked_count,20
3,2025-09-30,farms_blocked_proportion,3
3,2025-09-30,farms_blocked_count,56
26,2025-09-30,farms_free_proportion,96
2,2025-09-30,farms_free_count,3798
26,2025-09-30,farms_total_count,492
25,2025-09-30,farms_total_count,124
10,2025-09-30,farms_free_proportion,94
12,2025-09-30,farms_blocked_count,0
CHE,2025-09-30,farms_total_count,17238
6,2025-09-30,farms_blocked_proportion,5
20,2025-09-30,farms_blocked_proportion,7
LIE,2025-09-30,farms_free_count,58
CHE,2025-09-30,farms_blocked_count,840
4,2025-09-30,farms_total_count,237
26,2025-10-07,farms_blocked_count,20
24,2025-10-07,farms_free_proportion,96
19,2025-10-07,farms_total_count,990
8,2025-10-07,farms_blocked_proportion,1
21,2025-10-07,farms_total_count,420
23,2025-10-07,farms_blocked_proportion,2
7,2025-10-07,farms_total_count,118
1,2025-10-07,farms_blocked_count,28
21,2025-10-07,farms_free_proportion,91
7,2025-10-07,farms_free_count,111
23,2025-10-07,farms_free_proportion,98
6,2025-10-07,farms_total_count,169
9,2025-10-07,farms_total_count,243
6,2025-10-07,farms_free_count,161
2,2025-10-07,farms_free_count,3786
13,2025-10-07,farms_free_count,322
5,2025-10-07,farms_free_count,414
22,2025-10-07,farms_blocked_proportion,3
16,2025-10-07,farms_total_count,135
4,2025-10-07,farms_total_count,237
13,2025-10-07,farms_free_proportion,95
9,2025-10-07,farms_free_proportion,98
3,2025-10-07,farms_blocked_count,55
24,2025-10-07,farms_free_count,183
10,2025-10-07,farms_total_count,1082
25,2025-10-07,farms_free_proportion,97
4,2025-10-07,farms_free_proportion,96
11,2025-10-07,farms_blocked_proportion,6
11,2025-10-07,farms_blocked_count,31
24,2025-10-07,farms_blocked_proportion,4
10,2025-10-07,farms_free_count,1021
CHE,2025-10-07,farms_blocked_proportion,5
20,2025-10-07,farms_free_proportion,93
16,2025-10-07,farms_free_count,119
6,2025-10-07,farms_free_proportion,95
11,2025-10-07,farms_total_count,481
8,2025-10-07,farms_total_count,87
25,2025-10-07,farms_total_count,124
16,2025-10-07,farms_blocked_proportion,12
19,2025-10-07,farms_blocked_count,52
9,2025-10-07,farms_free_count,238
LIE,2025-10-07,farms_blocked_proportion,0
21,2025-10-07,farms_blocked_count,37
10,2025-10-07,farms_blocked_count,61
1,2025-10-07,farms_free_proportion,97
26,2025-10-07,farms_free_proportion,96
20,2025-10-07,farms_total_count,590
26,2025-10-07,farms_total_count,492
22,2025-10-07,farms_blocked_count,29
25,2025-10-07,farms_blocked_proportion,3
8,2025-10-07,farms_blocked_count,1
6,2025-10-07,farms_blocked_proportion,5
16,2025-10-07,farms_free_proportion,88
5,2025-10-07,farms_free_proportion,88
25,2025-10-07,farms_blocked_count,4
15,2025-10-07,farms_blocked_proportion,8
CHE,2025-10-07,farms_blocked_count,860
3,2025-10-07,farms_total_count,2004
3,2025-10-07,farms_free_count,1949
3,2025-10-07,farms_free_proportion,97
4,2025-10-07,farms_blocked_count,9
22,2025-10-07,farms_total_count,1011
19,2025-10-07,farms_free_proportion,95
CHE,2025-10-07,farms_free_proportion,95
LIE,2025-10-07,farms_free_count,58
17,2025-10-07,farms_free_count,1037
11,2025-10-07,farms_free_count,450
24,2025-10-07,farms_total_count,190
8,2025-10-07,farms_free_proportion,99
5,2025-10-07,farms_blocked_count,58
15,2025-10-07,farms_blocked_count,25
21,2025-10-07,farms_free_count,383
12,2025-10-07,farms_blocked_proportion,0
14,2025-10-07,farms_blocked_proportion,5
2,2025-10-07,farms_free_proportion,95
12,2025-10-07,farms_free_count,18
5,2025-10-07,farms_total_count,472
5,2025-10-07,farms_blocked_proportion,12
9,2025-10-07,farms_blocked_proportion,2
9,2025-10-07,farms_blocked_count,5
CHE,2025-10-07,farms_total_count,17253
23,2025-10-07,farms_free_count,814
14,2025-10-07,farms_free_proportion,95
18,2025-10-07,farms_blocked_count,7
17,2025-10-07,farms_free_proportion,89
20,2025-10-07,farms_blocked_count,41
23,2025-10-07,farms_total_count,827
18,2025-10-07,farms_free_proportion,99
7,2025-10-07,farms_blocked_proportion,6
1,2025-10-07,farms_blocked_proportion,3
18,2025-10-07,farms_total_count,775
23,2025-10-07,farms_blocked_count,13
17,2025-10-07,farms_blocked_proportion,11
15,2025-10-07,farms_free_proportion,92
16,2025-10-07,farms_blocked_count,16
LIE,2025-10-07,farms_blocked_count,0
14,2025-10-07,farms_blocked_count,8
15,2025-10-07,farms_free_count,278
20,2025-10-07,farms_free_count,549
CHE,2025-10-07,farms_free_count,16393
26,2025-10-07,farms_blocked_proportion,4
22,2025-10-07,farms_free_count,982
22,2025-10-07,farms_free_proportion,97
24,2025-10-07,farms_blocked_count,7
13,2025-10-07,farms_total_count,340
6,2025-10-07,farms_blocked_count,8
18,2025-10-07,farms_blocked_proportion,1
11,2025-10-07,farms_free_proportion,94
21,2025-10-07,farms_blocked_proportion,9
12,2025-10-07,farms_free_proportion,100
3,2025-10-07,farms_blocked_proportion,3
15,2025-10-07,farms_total_count,303
19,2025-10-07,farms_free_count,938
8,2025-10-07,farms_free_count,86
4,2025-10-07,farms_blocked_proportion,4
20,2025-10-07,farms_blocked_proportion,7
7,2025-10-07,farms_blocked_count,7
19,2025-10-07,farms_blocked_proportion,5
1,2025-10-07,farms_total_count,836
25,2025-10-07,farms_free_count,120
4,2025-10-07,farms_free_count,228
14,2025-10-07,farms_free_count,158
2,2025-10-07,farms_blocked_count,193
1,2025-10-07,farms_free_count,808
12,2025-10-07,farms_total_count,18
2,2025-10-07,farms_total_count,3979
26,2025-10-07,farms_free_count,472
17,2025-10-07,farms_blocked_count,127
10,2025-10-07,farms_free_proportion,94
17,2025-10-07,farms_total_count,1164
14,2025-10-07,farms_total_count,166
12,2025-10-07,farms_blocked_count,0
7,2025-10-07,farms_free_proportion,94
13,2025-10-07,farms_blocked_proportion,5
LIE,2025-10-07,farms_free_proportion,100
18,2025-10-07,farms_free_count,768
10,2025-10-07,farms_blocked_proportion,6
LIE,2025-10-07,farms_total_count,58
2,2025-10-07,farms_blocked_proportion,5
13,2025-10-07,farms_blocked_count,18
22,2025-10-14,farms_blocked_proportion,3
5,2025-10-14,farms_blocked_count,58
8,2025-10-14,farms_free_proportion,99
16,2025-10-14,farms_blocked_proportion,12
25,2025-10-14,farms_total_count,124
15,2025-10-14,farms_blocked_count,26
12,2025-10-14,farms_total_count,18
8,2025-10-14,farms_blocked_count,1
21,2025-10-14,farms_free_count,384
23,2025-10-14,farms_free_proportion,98
LIE,2025-10-14,farms_blocked_count,0
13,2025-10-14,farms_blocked_proportion,5
14,2025-10-14,farms_blocked_proportion,5
11,2025-10-14,farms_free_count,448
6,2025-10-14,farms_total_count,169
17,2025-10-14,farms_blocked_count,127
2,2025-10-14,farms_blocked_proportion,6
12,2025-10-14,farms_blocked_proportion,0
7,2025-10-14,farms_total_count,118
8,2025-10-14,farms_blocked_proportion,1
10,2025-10-14,farms_free_count,1022
5,2025-10-14,farms_free_proportion,88
4,2025-10-14,farms_blocked_proportion,4
21,2025-10-14,farms_blocked_count,36
26,2025-10-14,farms_blocked_count,20
21,2025-10-14,farms_free_proportion,91
7,2025-10-14,farms_free_count,110
23,2025-10-14,farms_blocked_proportion,2
19,2025-10-14,farms_free_proportion,94
1,2025-10-14,farms_blocked_count,31
LIE,2025-10-14,farms_blocked_proportion,0
2,2025-10-14,farms_total_count,3982
19,2025-10-14,farms_blocked_count,57
9,2025-10-14,farms_free_count,239
10,2025-10-14,farms_free_proportion,94
26,2025-10-14,farms_free_count,472
24,2025-10-14,farms_total_count,190
2,2025-10-14,farms_free_proportion,94
1,2025-10-14,farms_free_proportion,96
14,2025-10-14,farms_free_proportion,95
4,2025-10-14,farms_free_count,228
1,2025-10-14,farms_blocked_proportion,4
18,2025-10-14,farms_blocked_count,16
17,2025-10-14,farms_free_count,1038
7,2025-10-14,farms_blocked_count,8
19,2025-10-14,farms_blocked_proportion,6
1,2025-10-14,farms_total_count,838
23,2025-10-14,farms_free_count,1103
7,2025-10-14,farms_blocked_proportion,7
20,2025-10-14,farms_free_count,553
23,2025-10-14,farms_total_count,1120
20,2025-10-14,farms_blocked_count,37
18,2025-10-14,farms_free_proportion,98
7,2025-10-14,farms_free_proportion,93
19,2025-10-14,farms_free_count,935
17,2025-10-14,farms_free_proportion,89
CHE,2025-10-14,farms_total_count,17566
25,2025-10-14,farms_free_count,120
5,2025-10-14,farms_blocked_proportion,12
16,2025-10-14,farms_blocked_count,16
12,2025-10-14,farms_free_count,18
14,2025-10-14,farms_total_count,166
24,2025-10-14,farms_free_count,183
15,2025-10-14,farms_free_proportion,91
14,2025-10-14,farms_free_count,158
5,2025-10-14,farms_total_count,474
13,2025-10-14,farms_blocked_count,18
14,2025-10-14,farms_blocked_count,8
8,2025-10-14,farms_total_count,87
17,2025-10-14,farms_blocked_proportion,11
10,2025-10-14,farms_blocked_proportion,6
9,2025-10-14,farms_blocked_proportion,2
18,2025-10-14,farms_total_count,776
1,2025-10-14,farms_free_count,807
9,2025-10-14,farms_blocked_count,5
23,2025-10-14,farms_blocked_count,17
9,2025-10-14,farms_free_proportion,98
8,2025-10-14,farms_free_count,86
20,2025-10-14,farms_blocked_proportion,6
13,2025-10-14,farms_free_count,322
18,2025-10-14,farms_free_count,760
2,2025-10-14,farms_free_count,3751
6,2025-10-14,farms_blocked_proportion,5
15,2025-10-14,farms_blocked_proportion,9
24,2025-10-14,farms_blocked_proportion,4
25,2025-10-14,farms_blocked_proportion,3
3,2025-10-14,farms_blocked_count,57
LIE,2025-10-14,farms_free_count,58
CHE,2025-10-14,farms_blocked_count,921
6,2025-10-14,farms_free_count,160
12,2025-10-14,farms_blocked_count,0
CHE,2025-10-14,farms_blocked_proportion,5
11,2025-10-14,farms_blocked_count,33
6,2025-10-14,farms_free_proportion,95
18,2025-10-14,farms_blocked_proportion,2
10,2025-10-14,farms_blocked_count,62
11,2025-10-14,farms_blocked_proportion,7
10,2025-10-14,farms_total_count,1084
CHE,2025-10-14,farms_free_proportion,95
25,2025-10-14,farms_blocked_count,4
22,2025-10-14,farms_free_proportion,97
4,2025-10-14,farms_free_proportion,96
22,2025-10-14,farms_total_count,1012
20,2025-10-14,farms_free_proportion,94
24,2025-10-14,farms_blocked_count,7
5,2025-10-14,farms_free_count,416
11,2025-10-14,farms_total_count,481
16,2025-10-14,farms_free_proportion,88
11,2025-10-14,farms_free_proportion,93
26,2025-10-14,farms_blocked_proportion,4
6,2025-10-14,farms_blocked_count,9
13,2025-10-14,farms_total_count,340
4,2025-10-14,farms_blocked_count,10
3,2025-10-14,farms_free_proportion,97
22,2025-10-14,farms_blocked_count,27
16,2025-10-14,farms_total_count,135
20,2025-10-14,farms_total_count,590
19,2025-10-14,farms_total_count,992
24,2025-10-14,farms_free_proportion,96
LIE,2025-10-14,farms_total_count,58
15,2025-10-14,farms_total_count,305
12,2025-10-14,farms_free_proportion,100
3,2025-10-14,farms_total_count,2006
26,2025-10-14,farms_free_proportion,96
LIE,2025-10-14,farms_free_proportion,100
3,2025-10-14,farms_free_count,1949
17,2025-10-14,farms_total_count,1165
9,2025-10-14,farms_total_count,244
21,2025-10-14,farms_total_count,420
15,2025-10-14,farms_free_count,279
2,2025-10-14,farms_blocked_count,231
25,2025-10-14,farms_free_proportion,97
22,2025-10-14,farms_free_count,985
13,2025-10-14,farms_free_proportion,95
16,2025-10-14,farms_free_count,119
CHE,2025-10-14,farms_free_count,16645
26,2025-10-14,farms_total_count,492
4,2025-10-14,farms_total_count,238
21,2025-10-14,farms_blocked_proportion,9
3,2025-10-14,farms_blocked_proportion,3
7,2025-10-21,farms_blocked_proportion,8
7,2025-10-21,farms_blocked_count,10
17,2025-10-21,farms_blocked_proportion,11
18,2025-10-21,farms_total_count,776
LIE,2025-10-21,farms_free_proportion,100
3,2025-10-21,farms_free_proportion,97
3,2025-10-21,farms_free_count,1949
1,2025-10-21,farms_blocked_proportion,4
20,2025-10-21,farms_free_count,555
22,2025-10-21,farms_total_count,1012
23,2025-10-21,farms_blocked_count,16
18,2025-10-21,farms_free_proportion,97
CHE,2025-10-21,farms_blocked_count,958
3,2025-10-21,farms_total_count,2009
15,2025-10-21,farms_blocked_proportion,8
7,2025-10-21,farms_free_proportion,92
4,2025-10-21,farms_blocked_count,10
25,2025-10-21,farms_blocked_count,4
26,2025-10-21,farms_free_count,474
19,2025-10-21,farms_blocked_count,57
21,2025-10-21,farms_blocked_proportion,9
2,2025-10-21,farms_total_count,3984
18,2025-10-21,farms_free_count,756
25,2025-10-21,farms_blocked_proportion,3
LIE,2025-10-21,farms_blocked_proportion,0
5,2025-10-21,farms_free_proportion,87
20,2025-10-21,farms_total_count,590
8,2025-10-21,farms_free_count,86
21,2025-10-21,farms_free_proportion,91
26,2025-10-21,farms_free_proportion,96
21,2025-10-21,farms_blocked_count,36
17,2025-10-21,farms_total_count,1165
1,2025-10-21,farms_free_proportion,96
9,2025-10-21,farms_free_count,239
26,2025-10-21,farms_total_count,494
22,2025-10-21,farms_blocked_count,28
16,2025-10-21,farms_blocked_proportion,12
16,2025-10-21,farms_blocked_count,16
15,2025-10-21,farms_free_proportion,92
1,2025-10-21,farms_total_count,838
13,2025-10-21,farms_blocked_count,18
24,2025-10-21,farms_total_count,190
16,2025-10-21,farms_free_proportion,88
11,2025-10-21,farms_free_count,449
26,2025-10-21,farms_blocked_proportion,4
13,2025-10-21,farms_blocked_proportion,5
CHE,2025-10-21,farms_free_proportion,95
6,2025-10-21,farms_blocked_count,9
LIE,2025-10-21,farms_free_count,58
8,2025-10-21,farms_blocked_count,1
13,2025-10-21,farms_total_count,340
19,2025-10-21,farms_free_proportion,94
6,2025-10-21,farms_blocked_proportion,5
CHE,2025-10-21,farms_free_count,16621
10,2025-10-21,farms_blocked_count,64
10,2025-10-21,farms_blocked_proportion,6
19,2025-10-21,farms_free_count,938
7,2025-10-21,farms_total_count,118
4,2025-10-21,farms_blocked_proportion,4
3,2025-10-21,farms_blocked_count,60
10,2025-10-21,farms_free_count,1020
26,2025-10-21,farms_blocked_count,20
23,2025-10-21,farms_blocked_proportion,1
4,2025-10-21,farms_total_count,238
13,2025-10-21,farms_free_proportion,95
1,2025-10-21,farms_blocked_count,31
20,2025-10-21,farms_blocked_proportion,6
22,2025-10-21,farms_free_count,984
16,2025-10-21,farms_total_count,135
13,2025-10-21,farms_free_count,322
22,2025-10-21,farms_blocked_proportion,3
12,2025-10-21,farms_free_count,18
10,2025-10-21,farms_free_proportion,94
17,2025-10-21,farms_blocked_count,126
5,2025-10-21,farms_blocked_count,60
8,2025-10-21,farms_free_proportion,99
8,2025-10-21,farms_blocked_proportion,1
2,2025-10-21,farms_blocked_count,259
11,2025-10-21,farms_free_proportion,93
6,2025-10-21,farms_free_proportion,95
6,2025-10-21,farms_free_count,161
11,2025-10-21,farms_blocked_count,32
24,2025-10-21,farms_blocked_count,7
24,2025-10-21,farms_blocked_proportion,4
11,2025-10-21,farms_blocked_proportion,7
20,2025-10-21,farms_free_proportion,94
11,2025-10-21,farms_total_count,481
21,2025-10-21,farms_total_count,421
19,2025-10-21,farms_blocked_proportion,6
25,2025-10-21,farms_total_count,124
CHE,2025-10-21,farms_blocked_proportion,5
4,2025-10-21,farms_free_proportion,96
3,2025-10-21,farms_blocked_proportion,3
24,2025-10-21,farms_free_proportion,96
19,2025-10-21,farms_total_count,995
10,2025-10-21,farms_total_count,1084
15,2025-10-21,farms_total_count,305
15,2025-10-21,farms_free_count,280
25,2025-10-21,farms_free_proportion,97
22,2025-10-21,farms_free_proportion,97
12,2025-10-21,farms_free_proportion,100
15,2025-10-21,farms_blocked_count,25
12,2025-10-21,farms_total_count,18
21,2025-10-21,farms_free_count,385
14,2025-10-21,farms_free_count,157
5,2025-10-21,farms_total_count,474
9,2025-10-21,farms_blocked_proportion,2
2,2025-10-21,farms_blocked_proportion,7
LIE,2025-10-21,farms_total_count,58
9,2025-10-21,farms_blocked_count,5
9,2025-10-21,farms_free_proportion,98
CHE,2025-10-21,farms_total_count,17579
25,2025-10-21,farms_free_count,120
14,2025-10-21,farms_free_proportion,95
18,2025-10-21,farms_blocked_count,20
17,2025-10-21,farms_free_count,1039
4,2025-10-21,farms_free_count,228
17,2025-10-21,farms_free_proportion,89
14,2025-10-21,farms_blocked_count,9
23,2025-10-21,farms_free_count,1105
5,2025-10-21,farms_blocked_proportion,13
23,2025-10-21,farms_total_count,1121
20,2025-10-21,farms_blocked_count,35
24,2025-10-21,farms_free_count,183
16,2025-10-21,farms_free_count,119
8,2025-10-21,farms_total_count,87
9,2025-10-21,farms_total_count,244
LIE,2025-10-21,farms_blocked_count,0
1,2025-10-21,farms_free_count,807
7,2025-10-21,farms_free_count,108
14,2025-10-21,farms_blocked_proportion,5
23,2025-10-21,farms_free_proportion,99
2,2025-10-21,farms_free_count,3725
12,2025-10-21,farms_blocked_proportion,0
18,2025-10-21,farms_blocked_proportion,3
6,2025-10-21,farms_total_count,170
14,2025-10-21,farms_total_count,166
12,2025-10-21,farms_blocked_count,0
5,2025-10-21,farms_free_count,414
2,2025-10-21,farms_free_proportion,93
3,2025-10-28,farms_total_count,2011
LIE,2025-10-28,farms_total_count,58
5,2025-10-28,farms_blocked_proportion,13
9,2025-10-28,farms_total_count,244
11,2025-10-28,farms_blocked_proportion,6
11,2025-10-28,farms_total_count,482
7,2025-10-28,farms_free_count,108
6,2025-10-28,farms_free_count,161
22,2025-10-28,farms_blocked_proportion,3
LIE,2025-10-28,farms_blocked_proportion,2
16,2025-10-28,farms_total_count,137
2,2025-10-28,farms_free_count,3709
4,2025-10-28,farms_total_count,238
26,2025-10-28,farms_blocked_proportion,4
19,2025-10-28,farms_blocked_proportion,5
10,2025-10-28,farms_total_count,1084
2,2025-10-28,farms_blocked_proportion,7
CHE,2025-10-28,farms_blocked_count,981
19,2025-10-28,farms_free_proportion,95
22,2025-10-28,farms_total_count,1013
10,2025-10-28,farms_blocked_proportion,6
15,2025-10-28,farms_total_count,305
18,2025-10-28,farms_blocked_proportion,3
12,2025-10-28,farms_free_count,18
15,2025-10-28,farms_blocked_proportion,8
16,2025-10-28,farms_blocked_proportion,11
25,2025-10-28,farms_total_count,124
CHE,2025-10-28,farms_free_count,16647
14,2025-10-28,farms_blocked_proportion,5
14,2025-10-28,farms_total_count,166
13,2025-10-28,farms_blocked_proportion,5
12,2025-10-28,farms_blocked_proportion,0
24,2025-10-28,farms_total_count,190
13,2025-10-28,farms_free_count,324
1,2025-10-28,farms_total_count,840
24,2025-10-28,farms_free_count,183
17,2025-10-28,farms_blocked_proportion,11
18,2025-10-28,farms_total_count,776
9,2025-10-28,farms_blocked_proportion,2
9,2025-10-28,farms_blocked_count,5
23,2025-10-28,farms_blocked_count,19
5,2025-10-28,farms_total_count,475
23,2025-10-28,farms_total_count,1151
19,2025-10-28,farms_free_count,943
3,2025-10-28,farms_free_count,1947
7,2025-10-28,farms_blocked_proportion,8
LIE,2025-10-28,farms_free_count,57
12,2025-10-28,farms_total_count,18
26,2025-10-28,farms_free_count,475
13,2025-10-28,farms_total_count,342
17,2025-10-28,farms_total_count,1166
6,2025-10-28,farms_total_count,170
6,2025-10-28,farms_blocked_proportion,5
26,2025-10-28,farms_total_count,495
21,2025-10-28,farms_total_count,422
22,2025-10-28,farms_blocked_count,31
3,2025-10-28,farms_blocked_proportion,3
25,2025-10-28,farms_blocked_proportion,3
20,2025-10-28,farms_total_count,591
2,2025-10-28,farms_total_count,3988
19,2025-10-28,farms_total_count,995
24,2025-10-28,farms_blocked_proportion,4
CHE,2025-10-28,farms_total_count,17628
7,2025-10-28,farms_total_count,118
4,2025-10-28,farms_blocked_proportion,5
8,2025-10-28,farms_blocked_proportion,1
1,2025-10-28,farms_free_proportion,97
10,2025-10-28,farms_free_count,1020
23,2025-10-28,farms_blocked_proportion,2
1,2025-10-28,farms_blocked_count,29
20,2025-10-28,farms_blocked_proportion,6
21,2025-10-28,farms_blocked_proportion,9
8,2025-10-28,farms_total_count,87
1,2025-10-28,farms_blocked_proportion,3
25,2025-10-28,farms_blocked_count,4
10,2025-10-28,farms_blocked_count,64
3,2025-10-28,farms_free_proportion,97
26,2025-10-28,farms_free_proportion,96
8,2025-10-28,farms_blocked_count,1
18,2025-10-28,farms_free_proportion,97
18,2025-10-28,farms_blocked_count,23
8,2025-10-28,farms_free_proportion,99
26,2025-10-28,farms_blocked_count,20
25,2025-10-28,farms_free_proportion,97
3,2025-10-28,farms_blocked_count,64
24,2025-10-28,farms_blocked_count,7
10,2025-10-28,farms_free_proportion,94
14,2025-10-28,farms_free_count,157
11,2025-10-28,farms_free_count,451
7,2025-10-28,farms_blocked_count,10
25,2025-10-28,farms_free_count,120
6,2025-10-28,farms_blocked_count,9
9,2025-10-28,farms_free_proportion,98
17,2025-10-28,farms_blocked_count,124
12,2025-10-28,farms_free_proportion,100
14,2025-10-28,farms_blocked_count,9
13,2025-10-28,farms_free_proportion,95
11,2025-10-28,farms_blocked_count,31
15,2025-10-28,farms_free_count,280
5,2025-10-28,farms_blocked_count,60
2,2025-10-28,farms_free_proportion,93
17,2025-10-28,farms_free_count,1042
20,2025-10-28,farms_blocked_count,35
LIE,2025-10-28,farms_free_proportion,98
15,2025-10-28,farms_free_proportion,92
LIE,2025-10-28,farms_blocked_count,1
12,2025-10-28,farms_blocked_count,0
20,2025-10-28,farms_free_count,556
21,2025-10-28,farms_free_count,386
4,2025-10-28,farms_free_proportion,95
22,2025-10-28,farms_free_proportion,97
4,2025-10-28,farms_free_count,227
21,2025-10-28,farms_free_proportion,91
22,2025-10-28,farms_free_count,982
20,2025-10-28,farms_free_proportion,94
23,2025-10-28,farms_free_count,1132
5,2025-10-28,farms_free_proportion,87
9,2025-10-28,farms_free_count,239
11,2025-10-28,farms_free_proportion,94
1,2025-10-28,farms_free_count,811
24,2025-10-28,farms_free_proportion,96
5,2025-10-28,farms_free_count,415
19,2025-10-28,farms_blocked_count,52
18,2025-10-28,farms_free_count,753
16,2025-10-28,farms_blocked_count,15
17,2025-10-28,farms_free_proportion,89
15,2025-10-28,farms_blocked_count,25
6,2025-10-28,farms_free_proportion,95
2,2025-10-28,farms_blocked_count,279
23,2025-10-28,farms_free_proportion,98
16,2025-10-28,farms_free_count,122
CHE,2025-10-28,farms_blocked_proportion,6
8,2025-10-28,farms_free_count,86
13,2025-10-28,farms_blocked_count,18
7,2025-10-28,farms_free_proportion,92
14,2025-10-28,farms_free_proportion,95
21,2025-10-28,farms_blocked_count,36
CHE,2025-10-28,farms_free_proportion,94
4,2025-10-28,farms_blocked_count,11
16,2025-10-28,farms_free_proportion,89
4,2025-11-04,farms_blocked_proportion,5
17,2025-11-04,farms_free_proportion,89
20,2025-11-04,farms_free_proportion,94
12,2025-11-04,farms_blocked_proportion,0
LIE,2025-11-04,farms_free_proportion,98
20,2025-11-04,farms_blocked_count,34
3,2025-11-04,farms_free_count,1955
25,2025-11-04,farms_free_count,120
22,2025-11-04,farms_blocked_count,31
18,2025-11-04,farms_blocked_count,22
16,2025-11-04,farms_blocked_count,13
19,2025-11-04,farms_free_proportion,94
18,2025-11-04,farms_free_count,754
23,2025-11-04,farms_total_count,1152
20,2025-11-04,farms_total_count,591
23,2025-11-04,farms_free_count,1134
18,2025-11-04,farms_free_proportion,97
17,2025-11-04,farms_free_count,1041
6,2025-11-04,farms_blocked_count,9
9,2025-11-04,farms_total_count,244
5,2025-11-04,farms_total_count,475
7,2025-11-04,farms_blocked_proportion,7
1,2025-11-04,farms_blocked_proportion,3
1,2025-11-04,farms_total_count,841
13,2025-11-04,farms_free_proportion,95
22,2025-11-04,farms_free_count,983
11,2025-11-04,farms_total_count,482
24,2025-11-04,farms_total_count,191
13,2025-11-04,farms_blocked_proportion,5
19,2025-11-04,farms_total_count,996
10,2025-11-04,farms_blocked_count,64
6,2025-11-04,farms_free_count,161
4,2025-11-04,farms_total_count,238
14,2025-11-04,farms_blocked_proportion,5
8,2025-11-04,farms_blocked_proportion,1
24,2025-11-04,farms_blocked_count,7
21,2025-11-04,farms_blocked_proportion,8
8,2025-11-04,farms_total_count,87
15,2025-11-04,farms_blocked_count,23
11,2025-11-04,farms_blocked_count,31
9,2025-11-04,farms_blocked_count,5
3,2025-11-04,farms_free_proportion,97
13,2025-11-04,farms_total_count,342
5,2025-11-04,farms_free_count,416
2,2025-11-04,farms_free_proportion,93
CHE,2025-11-04,farms_free_count,16679
17,2025-11-04,farms_blocked_proportion,11
10,2025-11-04,farms_blocked_proportion,6
22,2025-11-04,farms_total_count,1014
12,2025-11-04,farms_free_count,18
9,2025-11-04,farms_free_count,239
1,2025-11-04,farms_free_count,812
7,2025-11-04,farms_blocked_count,8
26,2025-11-04,farms_total_count,496
20,2025-11-04,farms_blocked_proportion,6
11,2025-11-04,farms_free_proportion,94
13,2025-11-04,farms_free_count,324
26,2025-11-04,farms_free_proportion,96
1,2025-11-04,farms_blocked_count,29
8,2025-11-04,farms_blocked_count,1
6,2025-11-04,farms_blocked_proportion,5
16,2025-11-04,farms_total_count,137
LIE,2025-11-04,farms_free_count,57
14,2025-11-04,farms_free_count,157
18,2025-11-04,farms_total_count,776
25,2025-11-04,farms_blocked_proportion,3
3,2025-11-04,farms_total_count,2012
19,2025-11-04,farms_blocked_count,55
14,2025-11-04,farms_free_proportion,95
10,2025-11-04,farms_free_count,1020
CHE,2025-11-04,farms_total_count,17642
12,2025-11-04,farms_total_count,18
10,2025-11-04,farms_free_proportion,94
CHE,2025-11-04,farms_free_proportion,95
25,2025-11-04,farms_blocked_count,4
5,2025-11-04,farms_free_proportion,88
LIE,2025-11-04,farms_blocked_proportion,2
21,2025-11-04,farms_total_count,424
9,2025-11-04,farms_blocked_proportion,2
23,2025-11-04,farms_blocked_proportion,2
15,2025-11-04,farms_free_count,282
16,2025-11-04,farms_free_proportion,91
25,2025-11-04,farms_total_count,124
5,2025-11-04,farms_blocked_count,59
19,2025-11-04,farms_free_count,941
14,2025-11-04,farms_total_count,166
23,2025-11-04,farms_free_proportion,98
21,2025-11-04,farms_free_count,388
14,2025-11-04,farms_blocked_count,9
15,2025-11-04,farms_free_proportion,92
11,2025-11-04,farms_free_count,451
26,2025-11-04,farms_free_count,476
16,2025-11-04,farms_free_count,124
12,2025-11-04,farms_free_proportion,100
17,2025-11-04,farms_blocked_count,125
9,2025-11-04,farms_free_proportion,98
8,2025-11-04,farms_free_count,86
7,2025-11-04,farms_free_proportion,93
CHE,2025-11-04,farms_blocked_count,963
4,2025-11-04,farms_blocked_count,11
1,2025-11-04,farms_free_proportion,97
21,2025-11-04,farms_blocked_count,36
LIE,2025-11-04,farms_blocked_count,1
7,2025-11-04,farms_total_count,118
13,2025-11-04,farms_blocked_count,18
19,2025-11-04,farms_blocked_proportion,6
22,2025-11-04,farms_free_proportion,97
16,2025-11-04,farms_blocked_proportion,9
26,2025-11-04,farms_blocked_proportion,4
11,2025-11-04,farms_blocked_proportion,6
4,2025-11-04,farms_free_count,227
3,2025-11-04,farms_blocked_count,57
25,2025-11-04,farms_free_proportion,97
15,2025-11-04,farms_blocked_proportion,8
2,2025-11-04,farms_total_count,3993
21,2025-11-04,farms_free_proportion,92
4,2025-11-04,farms_free_proportion,95
6,2025-11-04,farms_free_proportion,95
2,2025-11-04,farms_blocked_proportion,7
6,2025-11-04,farms_total_count,170
17,2025-11-04,farms_total_count,1166
2,2025-11-04,farms_free_count,3719
8,2025-11-04,farms_free_proportion,99
2,2025-11-04,farms_blocked_count,274
20,2025-11-04,farms_free_count,557
5,2025-11-04,farms_blocked_proportion,12
LIE,2025-11-04,farms_total_count,58
12,2025-11-04,farms_blocked_count,0
CHE,2025-11-04,farms_blocked_proportion,5
24,2025-11-04,farms_free_proportion,96
22,2025-11-04,farms_blocked_proportion,3
23,2025-11-04,farms_blocked_count,18
26,2025-11-04,farms_blocked_count,20
24,2025-11-04,farms_blocked_proportion,4
18,2025-11-04,farms_blocked_proportion,3
3,2025-11-04,farms_blocked_proportion,3
7,2025-11-04,farms_free_count,110
24,2025-11-04,farms_free_count,184
15,2025-11-04,farms_total_count,305
10,2025-11-04,farms_total_count,1084
23,2025-11-11,farms_blocked_proportion,1
12,2025-11-11,farms_free_proportion,100
15,2025-11-11,farms_total_count,305
21,2025-11-11,farms_total_count,424
25,2025-11-11,farms_blocked_count,4
CHE,2025-11-11,farms_blocked_proportion,6
CHE,2025-11-11,farms_blocked_count,982
LIE,2025-11-11,farms_free_count,57
6,2025-11-11,farms_total_count,170
19,2025-11-11,farms_free_proportion,94
1,2025-11-11,farms_blocked_count,28
26,2025-11-11,farms_free_proportion,96
11,2025-11-11,farms_free_proportion,93
12,2025-11-11,farms_blocked_count,0
3,2025-11-11,farms_blocked_proportion,3
5,2025-11-11,farms_free_count,415
1,2025-11-11,farms_free_count,814
4,2025-11-11,farms_blocked_proportion,4
26,2025-11-11,farms_total_count,496
7,2025-11-11,farms_free_proportion,93
12,2025-11-11,farms_free_count,18
17,2025-11-11,farms_blocked_count,126
CHE,2025-11-11,farms_free_count,16672
6,2025-11-11,farms_blocked_proportion,5
9,2025-11-11,farms_free_proportion,98
10,2025-11-11,farms_blocked_proportion,6
3,2025-11-11,farms_free_proportion,97
10,2025-11-11,farms_free_count,1020
14,2025-11-11,farms_total_count,166
15,2025-11-11,farms_blocked_count,23
21,2025-11-11,farms_blocked_proportion,8
2,2025-11-11,farms_total_count,3997
8,2025-11-11,farms_blocked_proportion,1
10,2025-11-11,farms_blocked_count,65
18,2025-11-11,farms_blocked_proportion,3
11,2025-11-11,farms_blocked_count,32
22,2025-11-11,farms_blocked_proportion,3
5,2025-11-11,farms_total_count,476
11,2025-11-11,farms_total_count,482
24,2025-11-11,farms_total_count,191
2,2025-11-11,farms_blocked_count,283
CHE,2025-11-11,farms_free_proportion,94
13,2025-11-11,farms_free_proportion,94
7,2025-11-11,farms_blocked_proportion,7
8,2025-11-11,farms_free_count,86
11,2025-11-11,farms_free_count,450
6,2025-11-11,farms_free_proportion,95
16,2025-11-11,farms_total_count,137
24,2025-11-11,farms_free_count,184
6,2025-11-11,farms_blocked_count,9
23,2025-11-11,farms_free_proportion,99
17,2025-11-11,farms_free_proportion,89
14,2025-11-11,farms_free_proportion,95
17,2025-11-11,farms_total_count,1166
19,2025-11-11,farms_blocked_count,63
24,2025-11-11,farms_free_proportion,96
25,2025-11-11,farms_blocked_proportion,3
13,2025-11-11,farms_total_count,342
24,2025-11-11,farms_blocked_proportion,4
3,2025-11-11,farms_total_count,2013
20,2025-11-11,farms_total_count,591
14,2025-11-11,farms_blocked_count,8
19,2025-11-11,farms_total_count,996
26,2025-11-11,farms_blocked_proportion,4
18,2025-11-11,farms_free_count,754
7,2025-11-11,farms_total_count,119
13,2025-11-11,farms_blocked_count,19
16,2025-11-11,farms_blocked_count,14
3,2025-11-11,farms_free_count,1957
LIE,2025-11-11,farms_free_proportion,98
LIE,2025-11-11,farms_blocked_count,1
16,2025-11-11,farms_free_count,123
25,2025-11-11,farms_free_count,120
19,2025-11-11,farms_free_count,933
6,2025-11-11,farms_free_count,161
22,2025-11-11,farms_blocked_count,34
15,2025-11-11,farms_free_count,282
11,2025-11-11,farms_blocked_proportion,7
21,2025-11-11,farms_free_proportion,92
CHE,2025-11-11,farms_total_count,17654
12,2025-11-11,farms_total_count,18
19,2025-11-11,farms_blocked_proportion,6
20,2025-11-11,farms_free_proportion,95
22,2025-11-11,farms_free_proportion,97
5,2025-11-11,farms_free_proportion,87
14,2025-11-11,farms_free_count,158
9,2025-11-11,farms_blocked_proportion,2
25,2025-11-11,farms_total_count,124
2,2025-11-11,farms_blocked_proportion,7
4,2025-11-11,farms_free_proportion,96
LIE,2025-11-11,farms_blocked_proportion,2
1,2025-11-11,farms_blocked_proportion,3
25,2025-11-11,farms_free_proportion,97
20,2025-11-11,farms_blocked_count,32
12,2025-11-11,farms_blocked_proportion,0
8,2025-11-11,farms_free_proportion,99
26,2025-11-11,farms_blocked_count,20
26,2025-11-11,farms_free_count,476
23,2025-11-11,farms_free_count,1137
18,2025-11-11,farms_free_proportion,97
9,2025-11-11,farms_blocked_count,5
23,2025-11-11,farms_blocked_count,16
LIE,2025-11-11,farms_total_count,58
17,2025-11-11,farms_free_count,1040
15,2025-11-11,farms_free_proportion,92
18,2025-11-11,farms_blocked_count,22
10,2025-11-11,farms_free_proportion,94
4,2025-11-11,farms_blocked_count,10
1,2025-11-11,farms_free_proportion,97
21,2025-11-11,farms_blocked_count,36
18,2025-11-11,farms_total_count,776
4,2025-11-11,farms_free_count,228
5,2025-11-11,farms_blocked_proportion,13
23,2025-11-11,farms_total_count,1153
16,2025-11-11,farms_free_proportion,90
2,2025-11-11,farms_free_count,3714
7,2025-11-11,farms_free_count,111
15,2025-11-11,farms_blocked_proportion,8
8,2025-11-11,farms_blocked_count,1
14,2025-11-11,farms_blocked_proportion,5
13,2025-11-11,farms_free_count,323
24,2025-11-11,farms_blocked_count,7
13,2025-11-11,farms_blocked_proportion,6
22,2025-11-11,farms_free_count,982
20,2025-11-11,farms_free_count,559
9,2025-11-11,farms_free_count,239
22,2025-11-11,farms_total_count,1016
3,2025-11-11,farms_blocked_count,56
20,2025-11-11,farms_blocked_proportion,5
10,2025-11-11,farms_total_count,1085
2,2025-11-11,farms_free_proportion,93
17,2025-11-11,farms_blocked_proportion,11
8,2025-11-11,farms_total_count,87
5,2025-11-11,farms_blocked_count,61
21,2025-11-11,farms_free_count,388
4,2025-11-11,farms_total_count,238
16,2025-11-11,farms_blocked_proportion,10
7,2025-11-11,farms_blocked_count,8
9,2025-11-11,farms_total_count,244
1,2025-11-11,farms_total_count,842
24,2025-11-18,farms_free_count,184
13,2025-11-18,farms_blocked_proportion,5
11,2025-11-18,farms_total_count,483
14,2025-11-18,farms_blocked_proportion,5
2,2025-11-18,farms_blocked_count,274
20,2025-11-18,farms_blocked_count,32
23,2025-11-18,farms_blocked_count,16
13,2025-11-18,farms_free_proportion,95
4,2025-11-18,farms_blocked_count,10
8,2025-11-18,farms_free_count,86
1,2025-11-18,farms_total_count,842
11,2025-11-18,farms_free_count,453
22,2025-11-18,farms_free_count,982
21,2025-11-18,farms_free_proportion,92
24,2025-11-18,farms_total_count,191
8,2025-11-18,farms_free_proportion,99
22,2025-11-18,farms_free_proportion,97
16,2025-11-18,farms_total_count,137
25,2025-11-18,farms_total_count,124
6,2025-11-18,farms_free_proportion,94
26,2025-11-18,farms_blocked_count,20
2,2025-11-18,farms_free_count,3724
5,2025-11-18,farms_blocked_count,62
21,2025-11-18,farms_blocked_count,36
26,2025-11-18,farms_free_count,476
4,2025-11-18,farms_free_proportion,96
12,2025-11-18,farms_free_proportion,100
10,2025-11-18,farms_total_count,1085
CHE,2025-11-18,farms_blocked_count,977
21,2025-11-18,farms_free_count,389
15,2025-11-18,farms_total_count,305
16,2025-11-18,farms_blocked_proportion,9
9,2025-11-18,farms_free_proportion,98
3,2025-11-18,farms_blocked_count,62
7,2025-11-18,farms_free_proportion,93
15,2025-11-18,farms_blocked_proportion,8
3,2025-11-18,farms_blocked_proportion,3
17,2025-11-18,farms_blocked_count,126
12,2025-11-18,farms_blocked_count,0
20,2025-11-18,farms_free_count,559
6,2025-11-18,farms_total_count,170
7,2025-11-18,farms_free_count,111
22,2025-11-18,farms_blocked_count,35
4,2025-11-18,farms_blocked_proportion,4
5,2025-11-18,farms_blocked_proportion,13
18,2025-11-18,farms_blocked_proportion,3
2,2025-11-18,farms_blocked_proportion,7
CHE,2025-11-18,farms_free_proportion,94
2,2025-11-18,farms_total_count,3998
14,2025-11-18,farms_total_count,166
15,2025-11-18,farms_free_proportion,92
LIE,2025-11-18,farms_total_count,58
23,2025-11-18,farms_free_proportion,99
16,2025-11-18,farms_free_count,124
LIE,2025-11-18,farms_blocked_count,1
25,2025-11-18,farms_free_proportion,97
11,2025-11-18,farms_blocked_count,30
4,2025-11-18,farms_free_count,228
13,2025-11-18,farms_blocked_count,18
1,2025-11-18,farms_blocked_proportion,4
7,2025-11-18,farms_total_count,119
26,2025-11-18,farms_blocked_proportion,4
14,2025-11-18,farms_blocked_count,8
19,2025-11-18,farms_blocked_proportion,6
24,2025-11-18,farms_blocked_proportion,4
11,2025-11-18,farms_blocked_proportion,6
24,2025-11-18,farms_free_proportion,96
17,2025-11-18,farms_total_count,1166
1,2025-11-18,farms_free_proportion,96
1,2025-11-18,farms_free_count,810
17,2025-11-18,farms_free_count,1040
18,2025-11-18,farms_free_proportion,97
23,2025-11-18,farms_free_count,1137
22,2025-11-18,farms_total_count,1017
3,2025-11-18,farms_total_count,2015
CHE,2025-11-18,farms_free_count,16685
20,2025-11-18,farms_total_count,591
19,2025-11-18,farms_free_count,937
10,2025-11-18,farms_free_proportion,94
9,2025-11-18,farms_blocked_count,5
19,2025-11-18,farms_total_count,996
3,2025-11-18,farms_free_proportion,97
26,2025-11-18,farms_total_count,496
12,2025-11-18,farms_free_count,18
15,2025-11-18,farms_free_count,281
23,2025-11-18,farms_total_count,1153
13,2025-11-18,farms_total_count,342
25,2025-11-18,farms_blocked_proportion,3
10,2025-11-18,farms_blocked_count,63
10,2025-11-18,farms_blocked_proportion,6
21,2025-11-18,farms_total_count,425
2,2025-11-18,farms_free_proportion,93
25,2025-11-18,farms_blocked_count,4
LIE,2025-11-18,farms_blocked_proportion,2
9,2025-11-18,farms_blocked_proportion,2
5,2025-11-18,farms_free_proportion,87
6,2025-11-18,farms_blocked_proportion,6
18,2025-11-18,farms_free_count,755
10,2025-11-18,farms_free_count,1022
17,2025-11-18,farms_blocked_proportion,11
14,2025-11-18,farms_free_proportion,95
CHE,2025-11-18,farms_total_count,17662
12,2025-11-18,farms_total_count,18
19,2025-11-18,farms_blocked_count,59
19,2025-11-18,farms_free_proportion,94
18,2025-11-18,farms_total_count,777
CHE,2025-11-18,farms_blocked_proportion,6
16,2025-11-18,farms_blocked_count,13
23,2025-11-18,farms_blocked_proportion,1
6,2025-11-18,farms_blocked_count,10
1,2025-11-18,farms_blocked_count,32
15,2025-11-18,farms_blocked_count,24
20,2025-11-18,farms_blocked_proportion,5
21,2025-11-18,farms_blocked_proportion,8
11,2025-11-18,farms_free_proportion,94
24,2025-11-18,farms_blocked_count,7
9,2025-11-18,farms_total_count,245
5,2025-11-18,farms_total_count,476
7,2025-11-18,farms_blocked_count,8
8,2025-11-18,farms_total_count,87
6,2025-11-18,farms_free_count,160
4,2025-11-18,farms_total_count,238
13,2025-11-18,farms_free_count,324
22,2025-11-18,farms_blocked_proportion,3
26,2025-11-18,farms_free_proportion,96
17,2025-11-18,farms_free_proportion,89
7,2025-11-18,farms_blocked_proportion,7
9,2025-11-18,farms_free_count,240
LIE,2025-11-18,farms_free_proportion,98
18,2025-11-18,farms_blocked_count,22
8,2025-11-18,farms_blocked_proportion,1
8,2025-11-18,farms_blocked_count,1
20,2025-11-18,farms_free_proportion,95
3,2025-11-18,farms_free_count,1953
5,2025-11-18,farms_free_count,414
LIE,2025-11-18,farms_free_count,57
16,2025-11-18,farms_free_proportion,91
25,2025-11-18,farms_free_count,120
12,2025-11-18,farms_blocked_proportion,0
14,2025-11-18,farms_free_count,158
LIE,2025-11-25,farms_free_count,57
25,2025-11-25,farms_blocked_count,4
17,2025-11-25,farms_blocked_proportion,11
20,2025-11-25,farms_blocked_proportion,5
3,2025-11-25,farms_blocked_count,56
12,2025-11-25,farms_free_proportion,100
CHE,2025-11-25,farms_free_proportion,95
12,2025-11-25,farms_blocked_count,0
17,2025-11-25,farms_blocked_count,129
CHE,2025-11-25,farms_blocked_proportion,5
26,2025-11-25,farms_free_proportion,96
CHE,2025-11-25,farms_free_count,16707
26,2025-11-25,farms_total_count,497
8,2025-11-25,farms_blocked_count,1
7,2025-11-25,farms_blocked_count,8
6,2025-11-25,farms_blocked_proportion,6
10,2025-11-25,farms_blocked_count,64
18,2025-11-25,farms_free_proportion,97
5,2025-11-25,farms_blocked_proportion,13
18,2025-11-25,farms_blocked_count,22
11,2025-11-25,farms_free_count,454
25,2025-11-25,farms_free_count,120
24,2025-11-25,farms_blocked_count,7
8,2025-11-25,farms_total_count,87
16,2025-11-25,farms_free_proportion,90
25,2025-11-25,farms_total_count,124
24,2025-11-25,farms_total_count,191
8,2025-11-25,farms_free_proportion,99
6,2025-11-25,farms_blocked_count,10
14,2025-11-25,farms_free_count,158
2,2025-11-25,farms_free_count,3733
19,2025-11-25,farms_free_proportion,94
21,2025-11-25,farms_blocked_proportion,9
14,2025-11-25,farms_blocked_proportion,5
24,2025-11-25,farms_free_count,184
24,2025-11-25,farms_free_proportion,96
LIE,2025-11-25,farms_free_proportion,98
4,2025-11-25,farms_blocked_count,9
10,2025-11-25,farms_total_count,1085
11,2025-11-25,farms_blocked_proportion,6
18,2025-11-25,farms_free_count,755
24,2025-11-25,farms_blocked_proportion,4
7,2025-11-25,farms_total_count,119
12,2025-11-25,farms_total_count,18
18,2025-11-25,farms_total_count,777
13,2025-11-25,farms_total_count,344
25,2025-11-25,farms_free_proportion,97
LIE,2025-11-25,farms_total_count,58
3,2025-11-25,farms_total_count,2016
26,2025-11-25,farms_blocked_count,20
2,2025-11-25,farms_total_count,3999
LIE,2025-11-25,farms_blocked_count,1
3,2025-11-25,farms_free_proportion,97
10,2025-11-25,farms_free_proportion,94
7,2025-11-25,farms_blocked_proportion,7
18,2025-11-25,farms_blocked_proportion,3
1,2025-11-25,farms_free_count,811
11,2025-11-25,farms_total_count,484
LIE,2025-11-25,farms_blocked_proportion,2
1,2025-11-25,farms_free_proportion,96
6,2025-11-25,farms_free_proportion,94
20,2025-11-25,farms_blocked_count,31
13,2025-11-25,farms_free_proportion,95
16,2025-11-25,farms_total_count,137
22,2025-11-25,farms_total_count,1017
25,2025-11-25,farms_blocked_proportion,3
8,2025-11-25,farms_free_count,86
22,2025-11-25,farms_free_count,982
9,2025-11-25,farms_free_count,240
2,2025-11-25,farms_blocked_count,266
19,2025-11-25,farms_blocked_count,56
1,2025-11-25,farms_total_count,842
7,2025-11-25,farms_free_count,111
14,2025-11-25,farms_free_proportion,95
22,2025-11-25,farms_free_proportion,97
10,2025-11-25,farms_free_count,1021
13,2025-11-25,farms_blocked_proportion,5
20,2025-11-25,farms_total_count,591
5,2025-11-25,farms_free_count,414
11,2025-11-25,farms_blocked_count,30
CHE,2025-11-25,farms_total_count,17671
23,2025-11-25,farms_free_count,1136
17,2025-11-25,farms_free_proportion,89
6,2025-11-25,farms_free_count,160
9,2025-11-25,farms_blocked_count,5
15,2025-11-25,farms_free_count,282
16,2025-11-25,farms_blocked_count,14
5,2025-11-25,farms_total_count,476
15,2025-11-25,farms_blocked_count,24
23,2025-11-25,farms_blocked_count,17
23,2025-11-25,farms_total_count,1153
12,2025-11-25,farms_blocked_proportion,0
19,2025-11-25,farms_total_count,996
22,2025-11-25,farms_blocked_proportion,3
9,2025-11-25,farms_blocked_proportion,2
8,2025-11-25,farms_blocked_proportion,1
19,2025-11-25,farms_free_count,940
20,2025-11-25,farms_free_proportion,95
17,2025-11-25,farms_free_count,1038
9,2025-11-25,farms_total_count,245
5,2025-11-25,farms_free_proportion,87
14,2025-11-25,farms_total_count,166
21,2025-11-25,farms_free_proportion,91
5,2025-11-25,farms_blocked_count,62
17,2025-11-25,farms_total_count,1167
9,2025-11-25,farms_free_proportion,98
16,2025-11-25,farms_free_count,123
11,2025-11-25,farms_free_proportion,94
2,2025-11-25,farms_blocked_proportion,7
1,2025-11-25,farms_blocked_count,31
CHE,2025-11-25,farms_blocked_count,964
21,2025-11-25,farms_free_count,389
15,2025-11-25,farms_total_count,306
19,2025-11-25,farms_blocked_proportion,6
4,2025-11-25,farms_free_proportion,96
7,2025-11-25,farms_free_proportion,93
3,2025-11-25,farms_blocked_proportion,3
10,2025-11-25,farms_blocked_proportion,6
15,2025-11-25,farms_blocked_proportion,8
4,2025-11-25,farms_blocked_proportion,4
20,2025-11-25,farms_free_count,560
12,2025-11-25,farms_free_count,18
22,2025-11-25,farms_blocked_count,35
6,2025-11-25,farms_total_count,170
16,2025-11-25,farms_blocked_proportion,10
21,2025-11-25,farms_blocked_count,37
3,2025-11-25,farms_free_count,1960
23,2025-11-25,farms_blocked_proportion,1
21,2025-11-25,farms_total_count,426
2,2025-11-25,farms_free_proportion,93
13,2025-11-25,farms_free_count,326
26,2025-11-25,farms_free_count,477
4,2025-11-25,farms_total_count,238
13,2025-11-25,farms_blocked_count,18
4,2025-11-25,farms_free_count,229
15,2025-11-25,farms_free_proportion,92
14,2025-11-25,farms_blocked_count,8
26,2025-11-25,farms_blocked_proportion,4
23,2025-11-25,farms_free_proportion,99
1,2025-11-25,farms_blocked_proportion,4
12,2025-12-02,farms_total_count,18
CHE,2025-12-02,farms_free_count,16720
26,2025-12-02,farms_free_proportion,96
CHE,2025-12-02,farms_total_count,17682
10,2025-12-02,farms_free_count,1022
5,2025-12-02,farms_free_proportion,87
LIE,2025-12-02,farms_blocked_proportion,2
9,2025-12-02,farms_blocked_proportion,2
1,2025-12-02,farms_blocked_count,30
9,2025-12-02,farms_free_count,242
4,2025-12-02,farms_total_count,238
20,2025-12-02,farms_blocked_proportion,5
8,2025-12-02,farms_blocked_count,1
4,2025-12-02,farms_blocked_count,10
17,2025-12-02,farms_free_count,1037
11,2025-12-02,farms_free_proportion,94
22,2025-12-02,farms_total_count,1017
5,2025-12-02,farms_blocked_count,64
5,2025-12-02,farms_free_count,412
LIE,2025-12-02,farms_free_count,57
4,2025-12-02,farms_blocked_proportion,4
18,2025-12-02,farms_total_count,777
10,2025-12-02,farms_free_proportion,94
26,2025-12-02,farms_free_count,477
26,2025-12-02,farms_blocked_count,20
15,2025-12-02,farms_free_proportion,92
2,2025-12-02,farms_blocked_proportion,6
LIE,2025-12-02,farms_total_count,58
25,2025-12-02,farms_free_proportion,98
4,2025-12-02,farms_free_count,228
1,2025-12-02,farms_blocked_proportion,4
19,2025-12-02,farms_blocked_proportion,5
11,2025-12-02,farms_blocked_proportion,6
10,2025-12-02,farms_total_count,1086
5,2025-12-02,farms_blocked_proportion,13
21,2025-12-02,farms_blocked_count,36
21,2025-12-02,farms_free_count,391
4,2025-12-02,farms_free_proportion,96
16,2025-12-02,farms_blocked_proportion,10
15,2025-12-02,farms_blocked_proportion,8
3,2025-12-02,farms_blocked_count,59
20,2025-12-02,farms_free_count,564
22,2025-12-02,farms_blocked_count,37
23,2025-12-02,farms_blocked_count,18
17,2025-12-02,farms_blocked_proportion,11
21,2025-12-02,farms_free_proportion,92
25,2025-12-02,farms_total_count,124
13,2025-12-02,farms_free_count,328
18,2025-12-02,farms_free_proportion,96
23,2025-12-02,farms_free_count,1137
9,2025-12-02,farms_blocked_count,5
15,2025-12-02,farms_free_count,282
23,2025-12-02,farms_total_count,1155
12,2025-12-02,farms_blocked_proportion,0
18,2025-12-02,farms_blocked_count,30
8,2025-12-02,farms_total_count,87
24,2025-12-02,farms_blocked_count,7
20,2025-12-02,farms_free_proportion,95
9,2025-12-02,farms_total_count,247
13,2025-12-02,farms_blocked_proportion,5
1,2025-12-02,farms_free_proportion,96
14,2025-12-02,farms_free_count,158
20,2025-12-02,farms_blocked_count,28
14,2025-12-02,farms_blocked_proportion,5
2,2025-12-02,farms_free_count,3744
22,2025-12-02,farms_free_count,980
8,2025-12-02,farms_free_proportion,99
22,2025-12-02,farms_free_proportion,96
1,2025-12-02,farms_total_count,843
CHE,2025-12-02,farms_blocked_proportion,5
7,2025-12-02,farms_free_count,111
7,2025-12-02,farms_blocked_count,8
7,2025-12-02,farms_total_count,119
22,2025-12-02,farms_blocked_proportion,4
15,2025-12-02,farms_blocked_count,24
7,2025-12-02,farms_blocked_proportion,7
6,2025-12-02,farms_blocked_count,10
5,2025-12-02,farms_total_count,476
16,2025-12-02,farms_free_proportion,90
6,2025-12-02,farms_free_count,160
17,2025-12-02,farms_free_proportion,89
24,2025-12-02,farms_blocked_proportion,4
25,2025-12-02,farms_free_count,121
26,2025-12-02,farms_blocked_proportion,4
LIE,2025-12-02,farms_blocked_count,1
CHE,2025-12-02,farms_free_proportion,95
9,2025-12-02,farms_free_proportion,98
3,2025-12-02,farms_free_count,1958
16,2025-12-02,farms_blocked_count,14
21,2025-12-02,farms_blocked_proportion,8
LIE,2025-12-02,farms_free_proportion,98
8,2025-12-02,farms_blocked_proportion,1
14,2025-12-02,farms_blocked_count,8
2,2025-12-02,farms_blocked_count,256
18,2025-12-02,farms_blocked_proportion,4
24,2025-12-02,farms_free_count,184
2,2025-12-02,farms_total_count,4000
11,2025-12-02,farms_free_count,455
8,2025-12-02,farms_free_count,86
14,2025-12-02,farms_total_count,166
16,2025-12-02,farms_total_count,137
13,2025-12-02,farms_free_proportion,95
24,2025-12-02,farms_total_count,191
6,2025-12-02,farms_free_proportion,94
23,2025-12-02,farms_free_proportion,98
19,2025-12-02,farms_free_proportion,95
11,2025-12-02,farms_total_count,484
1,2025-12-02,farms_free_count,813
11,2025-12-02,farms_blocked_count,29
13,2025-12-02,farms_blocked_count,16
10,2025-12-02,farms_blocked_count,64
24,2025-12-02,farms_free_proportion,96
17,2025-12-02,farms_total_count,1168
3,2025-12-02,farms_free_proportion,97
14,2025-12-02,farms_free_proportion,95
18,2025-12-02,farms_free_count,747
16,2025-12-02,farms_free_count,123
2,2025-12-02,farms_free_proportion,94
25,2025-12-02,farms_blocked_count,3
3,2025-12-02,farms_blocked_proportion,3
23,2025-12-02,farms_blocked_proportion,2
21,2025-12-02,farms_total_count,427
17,2025-12-02,farms_blocked_count,131
6,2025-12-02,farms_blocked_proportion,6
12,2025-12-02,farms_blocked_count,0
26,2025-12-02,farms_total_count,497
10,2025-12-02,farms_blocked_proportion,6
12,2025-12-02,farms_free_count,18
6,2025-12-02,farms_total_count,170
19,2025-12-02,farms_blocked_count,54
13,2025-12-02,farms_total_count,344
7,2025-12-02,farms_free_proportion,93
15,2025-12-02,farms_total_count,306
19,2025-12-02,farms_total_count,996
CHE,2025-12-02,farms_blocked_count,962
19,2025-12-02,farms_free_count,942
3,2025-12-02,farms_total_count,2017
25,2025-12-02,farms_blocked_proportion,2
20,2025-12-02,farms_total_count,592
12,2025-12-02,farms_free_proportion,100
12,2025-12-09,farms_blocked_count,0
3,2025-12-09,farms_blocked_count,58
26,2025-12-09,farms_free_count,478
13,2025-12-09,farms_blocked_count,16
20,2025-12-09,farms_free_count,566
18,2025-12-09,farms_blocked_proportion,4
14,2025-12-09,farms_total_count,166
24,2025-12-09,farms_free_proportion,96
3,2025-12-09,farms_blocked_proportion,3
21,2025-12-09,farms_free_proportion,92
10,2025-12-09,farms_total_count,1087
6,2025-12-09,farms_total_count,170
11,2025-12-09,farms_blocked_proportion,5
CHE,2025-12-09,farms_blocked_count,961
2,2025-12-09,farms_blocked_proportion,7
24,2025-12-09,farms_blocked_proportion,4
16,2025-12-09,farms_free_count,125
7,2025-12-09,farms_total_count,119
25,2025-12-09,farms_free_proportion,98
CHE,2025-12-09,farms_blocked_proportion,5
7,2025-12-09,farms_free_proportion,93
26,2025-12-09,farms_blocked_count,21
4,2025-12-09,farms_free_proportion,95
19,2025-12-09,farms_free_proportion,95
21,2025-12-09,farms_free_count,392
4,2025-12-09,farms_free_count,227
16,2025-12-09,farms_blocked_proportion,9
15,2025-12-09,farms_blocked_proportion,8
26,2025-12-09,farms_blocked_proportion,4
23,2025-12-09,farms_free_proportion,98
11,2025-12-09,farms_free_count,458
17,2025-12-09,farms_total_count,1168
19,2025-12-09,farms_blocked_proportion,5
1,2025-12-09,farms_total_count,843
22,2025-12-09,farms_free_count,980
2,2025-12-09,farms_blocked_count,263
16,2025-12-09,farms_blocked_count,13
5,2025-12-09,farms_free_proportion,87
7,2025-12-09,farms_blocked_proportion,7
3,2025-12-09,farms_total_count,2017
20,2025-12-09,farms_total_count,592
22,2025-12-09,farms_total_count,1018
25,2025-12-09,farms_blocked_proportion,2
8,2025-12-09,farms_blocked_count,1
19,2025-12-09,farms_blocked_count,50
4,2025-12-09,farms_blocked_count,11
LIE,2025-12-09,farms_free_count,57
18,2025-12-09,farms_free_count,744
14,2025-12-09,farms_free_proportion,95
9,2025-12-09,farms_free_count,242
LIE,2025-12-09,farms_blocked_proportion,2
4,2025-12-09,farms_total_count,238
25,2025-12-09,farms_blocked_count,3
21,2025-12-09,farms_total_count,428
11,2025-12-09,farms_free_proportion,95
10,2025-12-09,farms_blocked_proportion,6
6,2025-12-09,farms_blocked_proportion,6
26,2025-12-09,farms_total_count,499
5,2025-12-09,farms_free_count,412
12,2025-12-09,farms_free_count,18
1,2025-12-09,farms_free_count,811
17,2025-12-09,farms_blocked_proportion,11
LIE,2025-12-09,farms_blocked_count,1
18,2025-12-09,farms_total_count,779
13,2025-12-09,farms_free_count,328
25,2025-12-09,farms_total_count,124
22,2025-12-09,farms_free_proportion,96
24,2025-12-09,farms_free_count,184
8,2025-12-09,farms_free_count,86
2,2025-12-09,farms_free_count,3737
14,2025-12-09,farms_blocked_proportion,5
24,2025-12-09,farms_total_count,191
6,2025-12-09,farms_free_proportion,94
8,2025-12-09,farms_free_proportion,99
13,2025-12-09,farms_blocked_proportion,5
9,2025-12-09,farms_total_count,247
11,2025-12-09,farms_total_count,484
8,2025-12-09,farms_blocked_proportion,1
20,2025-12-09,farms_free_proportion,96
10,2025-12-09,farms_blocked_count,64
8,2025-12-09,farms_total_count,87
18,2025-12-09,farms_blocked_count,35
15,2025-12-09,farms_blocked_count,23
12,2025-12-09,farms_blocked_proportion,0
23,2025-12-09,farms_total_count,1155
5,2025-12-09,farms_total_count,476
17,2025-12-09,farms_free_proportion,89
18,2025-12-09,farms_free_proportion,96
23,2025-12-09,farms_free_count,1135
CHE,2025-12-09,farms_total_count,17691
3,2025-12-09,farms_free_count,1959
26,2025-12-09,farms_free_proportion,96
3,2025-12-09,farms_free_proportion,97
CHE,2025-12-09,farms_free_proportion,95
14,2025-12-09,farms_free_count,158
9,2025-12-09,farms_free_proportion,98
1,2025-12-09,farms_free_proportion,96
20,2025-12-09,farms_blocked_count,26
5,2025-12-09,farms_blocked_proportion,13
14,2025-12-09,farms_blocked_count,8
22,2025-12-09,farms_blocked_proportion,4
21,2025-12-09,farms_blocked_proportion,8
6,2025-12-09,farms_blocked_count,10
LIE,2025-12-09,farms_free_proportion,98
10,2025-12-09,farms_free_count,1023
2,2025-12-09,farms_free_proportion,93
5,2025-12-09,farms_blocked_count,64
11,2025-12-09,farms_blocked_count,26
21,2025-12-09,farms_blocked_count,36
1,2025-12-09,farms_blocked_count,32
23,2025-12-09,farms_blocked_proportion,2
7,2025-12-09,farms_free_count,111
12,2025-12-09,farms_total_count,18
13,2025-12-09,farms_free_proportion,95
1,2025-12-09,farms_blocked_proportion,4
16,2025-12-09,farms_total_count,138
15,2025-12-09,farms_free_proportion,92
6,2025-12-09,farms_free_count,160
10,2025-12-09,farms_free_proportion,94
19,2025-12-09,farms_free_count,947
22,2025-12-09,farms_blocked_count,38
23,2025-12-09,farms_blocked_count,20
15,2025-12-09,farms_free_count,283
9,2025-12-09,farms_blocked_count,5
2,2025-12-09,farms_total_count,4000
7,2025-12-09,farms_blocked_count,8
20,2025-12-09,farms_blocked_proportion,4
24,2025-12-09,farms_blocked_count,7
12,2025-12-09,farms_free_proportion,100
16,2025-12-09,farms_free_proportion,91
CHE,2025-12-09,farms_free_count,16730
13,2025-12-09,farms_total_count,344
17,2025-12-09,farms_blocked_count,123
15,2025-12-09,farms_total_count,306
17,2025-12-09,farms_free_count,1045
LIE,2025-12-09,farms_total_count,58
9,2025-12-09,farms_blocked_proportion,2
25,2025-12-09,farms_free_count,121
4,2025-12-09,farms_blocked_proportion,5
19,2025-12-09,farms_total_count,997
7,2025-12-16,farms_total_count,119
23,2025-12-16,farms_blocked_proportion,2
20,2025-12-16,farms_blocked_proportion,4
14,2025-12-16,farms_free_proportion,95
12,2025-12-16,farms_free_count,18
2,2025-12-16,farms_free_proportion,94
25,2025-12-16,farms_free_count,121
CHE,2025-12-16,farms_free_count,16752
LIE,2025-12-16,farms_free_count,57
8,2025-12-16,farms_blocked_count,1
18,2025-12-16,farms_free_proportion,96
17,2025-12-16,farms_blocked_proportion,10
23,2025-12-16,farms_total_count,1156
9,2025-12-16,farms_blocked_count,5
23,2025-12-16,farms_free_count,1134
CHE,2025-12-16,farms_total_count,17699
24,2025-12-16,farms_blocked_count,7
8,2025-12-16,farms_total_count,87
13,2025-12-16,farms_free_count,329
5,2025-12-16,farms_free_proportion,86
18,2025-12-16,farms_blocked_count,34
9,2025-12-16,farms_blocked_proportion,2
4,2025-12-16,farms_blocked_count,13
17,2025-12-16,farms_free_count,1049
12,2025-12-16,farms_total_count,18
22,2025-12-16,farms_total_count,1019
9,2025-12-16,farms_free_count,242
LIE,2025-12-16,farms_blocked_proportion,2
5,2025-12-16,farms_free_count,411
11,2025-12-16,farms_free_proportion,95
4,2025-12-16,farms_total_count,238
5,2025-12-16,farms_blocked_count,65
19,2025-12-16,farms_blocked_count,48
1,2025-12-16,farms_blocked_count,34
1,2025-12-16,farms_free_count,809
18,2025-12-16,farms_total_count,779
10,2025-12-16,farms_blocked_proportion,6
21,2025-12-16,farms_total_count,429
10,2025-12-16,farms_free_count,1022
18,2025-12-16,farms_free_count,745
6,2025-12-16,farms_free_count,161
26,2025-12-16,farms_free_proportion,96
21,2025-12-16,farms_blocked_proportion,8
26,2025-12-16,farms_blocked_proportion,4
17,2025-12-16,farms_total_count,1168
10,2025-12-16,farms_blocked_count,66
9,2025-12-16,farms_free_proportion,98
13,2025-12-16,farms_blocked_count,15
7,2025-12-16,farms_free_proportion,93
6,2025-12-16,farms_blocked_count,9
24,2025-12-16,farms_total_count,191
CHE,2025-12-16,farms_blocked_count,947
15,2025-12-16,farms_total_count,306
3,2025-12-16,farms_blocked_proportion,3
7,2025-12-16,farms_blocked_proportion,7
6,2025-12-16,farms_total_count,170
24,2025-12-16,farms_free_count,184
17,2025-12-16,farms_blocked_count,119
12,2025-12-16,farms_blocked_count,0
16,2025-12-16,farms_free_proportion,92
16,2025-12-16,farms_free_count,127
24,2025-12-16,farms_free_proportion,96
12,2025-12-16,farms_free_proportion,100
LIE,2025-12-16,farms_blocked_count,1
2,2025-12-16,farms_total_count,4003
19,2025-12-16,farms_free_proportion,95
24,2025-12-16,farms_blocked_proportion,4
11,2025-12-16,farms_free_count,459
4,2025-12-16,farms_blocked_proportion,5
14,2025-12-16,farms_blocked_count,8
23,2025-12-16,farms_free_proportion,98
14,2025-12-16,farms_total_count,166
20,2025-12-16,farms_total_count,592
7,2025-12-16,farms_blocked_count,8
26,2025-12-16,farms_total_count,499
19,2025-12-16,farms_total_count,998
16,2025-12-16,farms_blocked_count,11
3,2025-12-16,farms_free_count,1957
17,2025-12-16,farms_free_proportion,90
12,2025-12-16,farms_blocked_proportion,0
6,2025-12-16,farms_blocked_proportion,5
5,2025-12-16,farms_total_count,476
15,2025-12-16,farms_blocked_count,20
22,2025-12-16,farms_blocked_proportion,4
11,2025-12-16,farms_blocked_count,25
8,2025-12-16,farms_blocked_proportion,1
25,2025-12-16,farms_blocked_count,3
11,2025-12-16,farms_total_count,484
19,2025-12-16,farms_free_count,950
6,2025-12-16,farms_free_proportion,95
13,2025-12-16,farms_total_count,344
13,2025-12-16,farms_free_proportion,96
8,2025-12-16,farms_free_count,86
16,2025-12-16,farms_total_count,138
3,2025-12-16,farms_total_count,2017
2,2025-12-16,farms_blocked_count,254
18,2025-12-16,farms_blocked_proportion,4
LIE,2025-12-16,farms_free_proportion,98
3,2025-12-16,farms_free_proportion,97
25,2025-12-16,farms_blocked_proportion,2
8,2025-12-16,farms_free_proportion,99
7,2025-12-16,farms_free_count,111
13,2025-12-16,farms_blocked_proportion,4
15,2025-12-16,farms_free_count,286
14,2025-12-16,farms_blocked_proportion,5
20,2025-12-16,farms_blocked_count,26
22,2025-12-16,farms_free_proportion,96
1,2025-12-16,farms_total_count,843
4,2025-12-16,farms_free_count,225
CHE,2025-12-16,farms_blocked_proportion,5
CHE,2025-12-16,farms_free_proportion,95
21,2025-12-16,farms_free_count,395
22,2025-12-16,farms_blocked_count,39
4,2025-12-16,farms_free_proportion,95
10,2025-12-16,farms_free_proportion,94
LIE,2025-12-16,farms_total_count,58
5,2025-12-16,farms_blocked_proportion,14
21,2025-12-16,farms_free_proportion,92
1,2025-12-16,farms_blocked_proportion,4
3,2025-12-16,farms_blocked_count,60
9,2025-12-16,farms_total_count,247
15,2025-12-16,farms_free_proportion,93
15,2025-12-16,farms_blocked_proportion,7
1,2025-12-16,farms_free_proportion,96
2,2025-12-16,farms_free_count,3749
16,2025-12-16,farms_blocked_proportion,8
11,2025-12-16,farms_blocked_proportion,5
10,2025-12-16,farms_total_count,1088
20,2025-12-16,farms_free_proportion,96
26,2025-12-16,farms_blocked_count,21
19,2025-12-16,farms_blocked_proportion,5
14,2025-12-16,farms_free_count,158
23,2025-12-16,farms_blocked_count,22
25,2025-12-16,farms_total_count,124
26,2025-12-16,farms_free_count,478
25,2025-12-16,farms_free_proportion,98
22,2025-12-16,farms_free_count,980
2,2025-12-16,farms_blocked_proportion,6
21,2025-12-16,farms_blocked_count,34
20,2025-12-16,farms_free_count,566
CHE,2025-12-23,farms_free_count,16777
25,2025-12-23,farms_free_count,121
10,2025-12-23,farms_free_proportion,94
8,2025-12-23,farms_blocked_count,1
3,2025-12-23,farms_blocked_count,56
18,2025-12-23,farms_free_count,745
1,2025-12-23,farms_blocked_proportion,4
18,2025-12-23,farms_total_count,779
19,2025-12-23,farms_blocked_proportion,4
25,2025-12-23,farms_total_count,124
10,2025-12-23,farms_blocked_proportion,6
13,2025-12-23,farms_free_proportion,96
2,2025-12-23,farms_blocked_count,248
21,2025-12-23,farms_total_count,431
3,2025-12-23,farms_blocked_proportion,3
12,2025-12-23,farms_free_count,18
17,2025-12-23,farms_blocked_proportion,10
CHE,2025-12-23,farms_blocked_proportion,5
23,2025-12-23,farms_blocked_proportion,2
22,2025-12-23,farms_free_proportion,96
16,2025-12-23,farms_free_count,127
14,2025-12-23,farms_free_proportion,95
3,2025-12-23,farms_total_count,2019
2,2025-12-23,farms_free_proportion,94
16,2025-12-23,farms_total_count,138
7,2025-12-23,farms_free_count,112
1,2025-12-23,farms_total_count,844
19,2025-12-23,farms_blocked_count,44
11,2025-12-23,farms_blocked_proportion,5
24,2025-12-23,farms_free_count,184
15,2025-12-23,farms_free_proportion,94
16,2025-12-23,farms_blocked_count,11
8,2025-12-23,farms_blocked_proportion,1
3,2025-12-23,farms_free_count,1963
17,2025-12-23,farms_free_proportion,90
1,2025-12-23,farms_free_proportion,96
11,2025-12-23,farms_blocked_count,25
25,2025-12-23,farms_blocked_count,3
2,2025-12-23,farms_blocked_proportion,6
5,2025-12-23,farms_total_count,476
LIE,2025-12-23,farms_total_count,59
6,2025-12-23,farms_blocked_proportion,5
25,2025-12-23,farms_free_proportion,98
16,2025-12-23,farms_blocked_proportion,8
8,2025-12-23,farms_free_count,86
4,2025-12-23,farms_blocked_proportion,6
22,2025-12-23,farms_blocked_proportion,4
19,2025-12-23,farms_free_proportion,96
26,2025-12-23,farms_blocked_count,20
19,2025-12-23,farms_total_count,998
26,2025-12-23,farms_total_count,500
20,2025-12-23,farms_blocked_proportion,4
15,2025-12-23,farms_free_count,288
6,2025-12-23,farms_free_count,161
13,2025-12-23,farms_total_count,344
12,2025-12-23,farms_blocked_count,0
6,2025-12-23,farms_free_proportion,95
6,2025-12-23,farms_blocked_count,9
19,2025-12-23,farms_free_count,954
6,2025-12-23,farms_total_count,170
23,2025-12-23,farms_blocked_count,22
14,2025-12-23,farms_free_count,158
4,2025-12-23,farms_free_count,223
20,2025-12-23,farms_total_count,592
26,2025-12-23,farms_free_proportion,96
11,2025-12-23,farms_total_count,484
21,2025-12-23,farms_free_proportion,92
7,2025-12-23,farms_blocked_count,7
17,2025-12-23,farms_blocked_count,121
25,2025-12-23,farms_blocked_proportion,2
12,2025-12-23,farms_total_count,18
18,2025-12-23,farms_blocked_proportion,4
LIE,2025-12-23,farms_free_proportion,98
9,2025-12-23,farms_total_count,247
8,2025-12-23,farms_total_count,87
17,2025-12-23,farms_total_count,1168
13,2025-12-23,farms_free_count,329
24,2025-12-23,farms_blocked_proportion,4
22,2025-12-23,farms_blocked_count,39
5,2025-12-23,farms_free_proportion,87
CHE,2025-12-23,farms_blocked_count,931
14,2025-12-23,farms_blocked_proportion,5
24,2025-12-23,farms_blocked_count,7
9,2025-12-23,farms_blocked_proportion,2
26,2025-12-23,farms_blocked_proportion,4
5,2025-12-23,farms_blocked_proportion,13
2,2025-12-23,farms_free_count,3756
17,2025-12-23,farms_free_count,1047
22,2025-12-23,farms_total_count,1019
10,2025-12-23,farms_total_count,1090
10,2025-12-23,farms_free_count,1024
4,2025-12-23,farms_free_proportion,94
13,2025-12-23,farms_blocked_proportion,4
CHE,2025-12-23,farms_total_count,17708
18,2025-12-23,farms_blocked_count,34
8,2025-12-23,farms_free_proportion,99
CHE,2025-12-23,farms_free_proportion,95
7,2025-12-23,farms_free_proportion,94
7,2025-12-23,farms_total_count,119
12,2025-12-23,farms_blocked_proportion,0
24,2025-12-23,farms_total_count,191
13,2025-12-23,farms_blocked_count,15
21,2025-12-23,farms_blocked_count,34
10,2025-12-23,farms_blocked_count,66
16,2025-12-23,farms_free_proportion,92
20,2025-12-23,farms_free_proportion,96
4,2025-12-23,farms_blocked_count,15
9,2025-12-23,farms_free_proportion,98
9,2025-12-23,farms_blocked_count,4
23,2025-12-23,farms_free_count,1134
21,2025-12-23,farms_blocked_proportion,8
11,2025-12-23,farms_free_count,459
15,2025-12-23,farms_blocked_proportion,6
23,2025-12-23,farms_total_count,1156
9,2025-12-23,farms_free_count,243
22,2025-12-23,farms_free_count,980
2,2025-12-23,farms_total_count,4004
LIE,2025-12-23,farms_free_count,58
20,2025-12-23,farms_blocked_count,25
14,2025-12-23,farms_blocked_count,8
15,2025-12-23,farms_total_count,306
4,2025-12-23,farms_total_count,238
12,2025-12-23,farms_free_proportion,100
21,2025-12-23,farms_free_count,397
5,2025-12-23,farms_blocked_count,63
18,2025-12-23,farms_free_proportion,96
14,2025-12-23,farms_total_count,166
1,2025-12-23,farms_blocked_count,36
24,2025-12-23,farms_free_proportion,96
1,2025-12-23,farms_free_count,808
3,2025-12-23,farms_free_proportion,97
26,2025-12-23,farms_free_count,480
11,2025-12-23,farms_free_proportion,95
23,2025-12-23,farms_free_proportion,98
15,2025-12-23,farms_blocked_count,18
20,2025-12-23,farms_free_count,567
LIE,2025-12-23,farms_blocked_count,1
LIE,2025-12-23,farms_blocked_proportion,2
7,2025-12-23,farms_blocked_proportion,6
5,2025-12-23,farms_free_count,413
5,2025-12-30,farms_blocked_proportion,13
15,2025-12-30,farms_free_count,289
14,2025-12-30,farms_total_count,166
23,2025-12-30,farms_free_proportion,98
2,2025-12-30,farms_blocked_count,233
11,2025-12-30,farms_blocked_count,25
18,2025-12-30,farms_blocked_proportion,4
LIE,2025-12-30,farms_total_count,59
13,2025-12-30,farms_blocked_count,15
13,2025-12-30,farms_free_proportion,96
7,2025-12-30,farms_free_proportion,94
4,2025-12-30,farms_blocked_proportion,6
10,2025-12-30,farms_total_count,1091
3,2025-12-30,farms_free_proportion,97
15,2025-12-30,farms_blocked_count,17
4,2025-12-30,farms_free_proportion,94
21,2025-12-30,farms_blocked_count,35
11,2025-12-30,farms_blocked_proportion,5
19,2025-12-30,farms_blocked_proportion,5
19,2025-12-30,farms_free_proportion,95
9,2025-12-30,farms_free_proportion,98
6,2025-12-30,farms_free_proportion,95
26,2025-12-30,farms_blocked_proportion,4
CHE,2025-12-30,farms_blocked_count,918
1,2025-12-30,farms_blocked_proportion,4
13,2025-12-30,farms_total_count,344
17,2025-12-30,farms_total_count,1168
7,2025-12-30,farms_blocked_proportion,6
3,2025-12-30,farms_total_count,2019
LIE,2025-12-30,farms_free_proportion,98
16,2025-12-30,farms_total_count,138
24,2025-12-30,farms_total_count,191
15,2025-12-30,farms_total_count,306
11,2025-12-30,farms_total_count,484
10,2025-12-30,farms_blocked_count,66
15,2025-12-30,farms_blocked_proportion,6
21,2025-12-30,farms_free_count,397
4,2025-12-30,farms_free_count,223
14,2025-12-30,farms_blocked_count,7
3,2025-12-30,farms_blocked_proportion,3
16,2025-12-30,farms_free_proportion,91
21,2025-12-30,farms_blocked_proportion,8
25,2025-12-30,farms_blocked_count,3
6,2025-12-30,farms_total_count,170
8,2025-12-30,farms_blocked_proportion,1
CHE,2025-12-30,farms_blocked_proportion,5
22,2025-12-30,farms_blocked_proportion,4
22,2025-12-30,farms_total_count,1019
10,2025-12-30,farms_free_count,1025
2,2025-12-30,farms_free_count,3771
9,2025-12-30,farms_free_count,243
5,2025-12-30,farms_free_count,414
LIE,2025-12-30,farms_blocked_proportion,2
7,2025-12-30,farms_free_count,112
11,2025-12-30,farms_free_proportion,95
LIE,2025-12-30,farms_free_count,58
LIE,2025-12-30,farms_blocked_count,1
4,2025-12-30,farms_total_count,238
20,2025-12-30,farms_free_count,566
5,2025-12-30,farms_blocked_count,62
26,2025-12-30,farms_free_count,480
17,2025-12-30,farms_free_count,1047
18,2025-12-30,farms_free_proportion,96
20,2025-12-30,farms_blocked_count,26
2,2025-12-30,farms_total_count,4004
1,2025-12-30,farms_blocked_count,36
24,2025-12-30,farms_free_proportion,96
3,2025-12-30,farms_free_count,1964
13,2025-12-30,farms_blocked_proportion,4
12,2025-12-30,farms_free_proportion,100
9,2025-12-30,farms_blocked_proportion,2
24,2025-12-30,farms_blocked_count,8
8,2025-12-30,farms_free_proportion,99
4,2025-12-30,farms_blocked_count,15
1,2025-12-30,farms_free_proportion,96
12,2025-12-30,farms_blocked_proportion,0
7,2025-12-30,farms_total_count,119
CHE,2025-12-30,farms_free_count,16792
23,2025-12-30,farms_total_count,1156
20,2025-12-30,farms_free_proportion,96
24,2025-12-30,farms_blocked_proportion,4
19,2025-12-30,farms_free_count,952
12,2025-12-30,farms_total_count,18
9,2025-12-30,farms_blocked_count,4
11,2025-12-30,farms_free_count,459
18,2025-12-30,farms_blocked_count,34
CHE,2025-12-30,farms_total_count,17710
14,2025-12-30,farms_blocked_proportion,4
9,2025-12-30,farms_total_count,247
8,2025-12-30,farms_total_count,87
13,2025-12-30,farms_free_count,329
5,2025-12-30,farms_free_proportion,87
22,2025-12-30,farms_blocked_count,39
22,2025-12-30,farms_free_count,980
23,2025-12-30,farms_free_count,1134
25,2025-12-30,farms_total_count,124
1,2025-12-30,farms_free_count,808
18,2025-12-30,farms_free_count,745
18,2025-12-30,farms_total_count,779
23,2025-12-30,farms_blocked_count,22
19,2025-12-30,farms_blocked_count,46
16,2025-12-30,farms_blocked_proportion,9
14,2025-12-30,farms_free_count,159
20,2025-12-30,farms_total_count,592
26,2025-12-30,farms_free_proportion,96
7,2025-12-30,farms_blocked_count,7
21,2025-12-30,farms_free_proportion,92
26,2025-12-30,farms_total_count,500
12,2025-12-30,farms_blocked_count,0
15,2025-12-30,farms_free_proportion,94
16,2025-12-30,farms_blocked_count,12
25,2025-12-30,farms_blocked_proportion,2
24,2025-12-30,farms_free_count,183
17,2025-12-30,farms_blocked_count,121
17,2025-12-30,farms_free_proportion,90
2,2025-12-30,farms_blocked_proportion,6
5,2025-12-30,farms_total_count,476
6,2025-12-30,farms_blocked_proportion,5
25,2025-12-30,farms_free_proportion,98
8,2025-12-30,farms_free_count,86
19,2025-12-30,farms_total_count,998
12,2025-12-30,farms_free_count,18
6,2025-12-30,farms_blocked_count,9
CHE,2025-12-30,farms_free_proportion,95
21,2025-12-30,farms_total_count,432
22,2025-12-30,farms_free_proportion,96
14,2025-12-30,farms_free_proportion,96
1,2025-12-30,farms_total_count,844
23,2025-12-30,farms_blocked_proportion,2
2,2025-12-30,farms_free_proportion,94
3,2025-12-30,farms_blocked_count,55
20,2025-12-30,farms_blocked_proportion,4
6,2025-12-30,farms_free_count,161
16,2025-12-30,farms_free_count,126
8,2025-12-30,farms_blocked_count,1
25,2025-12-30,farms_free_count,121
10,2025-12-30,farms_free_proportion,94
26,2025-12-30,farms_blocked_count,20
10,2025-12-30,farms_blocked_proportion,6
17,2025-12-30,farms_blocked_proportion,10
16,2026-01-06,farms_free_count,127
7,2026-01-06,farms_total_count,119
3,2026-01-06,farms_blocked_proportion,3
4,2026-01-06,farms_blocked_proportion,6
24,2026-01-06,farms_free_proportion,96
16,2026-01-06,farms_blocked_proportion,8
21,2026-01-06,farms_blocked_count,35
24,2026-01-06,farms_blocked_proportion,4
20,2026-01-06,farms_free_count,566
23,2026-01-06,farms_free_proportion,98
15,2026-01-06,farms_free_count,289
15,2026-01-06,farms_total_count,306
12,2026-01-06,farms_free_proportion,100
6,2026-01-06,farms_total_count,170
22,2026-01-06,farms_blocked_count,38
12,2026-01-06,farms_blocked_count,0
17,2026-01-06,farms_blocked_count,117
4,2026-01-06,farms_free_proportion,94
10,2026-01-06,farms_free_count,1024
13,2026-01-06,farms_blocked_count,14
26,2026-01-06,farms_free_count,480
5,2026-01-06,farms_blocked_count,62
17,2026-01-06,farms_free_count,1051
20,2026-01-06,farms_blocked_count,26
1,2026-01-06,farms_blocked_count,32
22,2026-01-06,farms_free_proportion,96
4,2026-01-06,farms_total_count,238
1,2026-01-06,farms_free_count,812
10,2026-01-06,farms_blocked_proportion,6
21,2026-01-06,farms_total_count,432
14,2026-01-06,farms_free_proportion,96
6,2026-01-06,farms_free_count,161
1,2026-01-06,farms_total_count,844
4,2026-01-06,farms_blocked_count,15
23,2026-01-06,farms_blocked_proportion,2
11,2026-01-06,farms_free_proportion,95
LIE,2026-01-06,farms_blocked_proportion,2
5,2026-01-06,farms_free_count,414
1,2026-01-06,farms_free_proportion,96
12,2026-01-06,farms_blocked_proportion,0
13,2026-01-06,farms_free_count,331
23,2026-01-06,farms_total_count,1156
20,2026-01-06,farms_free_proportion,96
23,2026-01-06,farms_free_count,1134
CHE,2026-01-06,farms_total_count,17712
9,2026-01-06,farms_blocked_count,4
9,2026-01-06,farms_total_count,247
5,2026-01-06,farms_free_proportion,87
22,2026-01-06,farms_free_count,981
9,2026-01-06,farms_blocked_proportion,2
13,2026-01-06,farms_blocked_proportion,4
22,2026-01-06,farms_total_count,1019
9,2026-01-06,farms_free_count,243
12,2026-01-06,farms_free_count,18
7,2026-01-06,farms_free_proportion,94
2,2026-01-06,farms_free_proportion,94
19,2026-01-06,farms_blocked_count,42
1,2026-01-06,farms_blocked_proportion,4
13,2026-01-06,farms_free_proportion,96
19,2026-01-06,farms_blocked_proportion,4
18,2026-01-06,farms_blocked_proportion,4
14,2026-01-06,farms_total_count,166
21,2026-01-06,farms_free_count,397
16,2026-01-06,farms_total_count,138
CHE,2026-01-06,farms_blocked_proportion,5
19,2026-01-06,farms_free_proportion,96
15,2026-01-06,farms_blocked_proportion,6
26,2026-01-06,farms_blocked_proportion,4
CHE,2026-01-06,farms_blocked_count,893
17,2026-01-06,farms_total_count,1168
9,2026-01-06,farms_free_proportion,98
14,2026-01-06,farms_blocked_count,7
16,2026-01-06,farms_free_proportion,92
6,2026-01-06,farms_free_proportion,95
11,2026-01-06,farms_total_count,484
17,2026-01-06,farms_free_proportion,90
20,2026-01-06,farms_total_count,592
21,2026-01-06,farms_free_proportion,92
15,2026-01-06,farms_free_proportion,94
19,2026-01-06,farms_total_count,998
25,2026-01-06,farms_blocked_proportion,2
16,2026-01-06,farms_blocked_count,11
11,2026-01-06,farms_blocked_count,22
5,2026-01-06,farms_total_count,476
8,2026-01-06,farms_free_count,86
22,2026-01-06,farms_blocked_proportion,4
3,2026-01-06,farms_free_count,1963
15,2026-01-06,farms_blocked_count,17
4,2026-01-06,farms_free_count,223
8,2026-01-06,farms_blocked_proportion,1
23,2026-01-06,farms_blocked_count,22
2,2026-01-06,farms_blocked_proportion,6
2,2026-01-06,farms_blocked_count,224
26,2026-01-06,farms_total_count,500
26,2026-01-06,farms_blocked_count,20
7,2026-01-06,farms_free_count,112
20,2026-01-06,farms_blocked_proportion,4
8,2026-01-06,farms_blocked_count,1
2,2026-01-06,farms_total_count,4005
10,2026-01-06,farms_total_count,1091
6,2026-01-06,farms_blocked_count,9
7,2026-01-06,farms_blocked_proportion,6
14,2026-01-06,farms_free_count,159
25,2026-01-06,farms_total_count,124
17,2026-01-06,farms_blocked_proportion,10
7,2026-01-06,farms_blocked_count,7
19,2026-01-06,farms_free_count,956
3,2026-01-06,farms_blocked_count,56
11,2026-01-06,farms_blocked_proportion,5
10,2026-01-06,farms_free_proportion,94
3,2026-01-06,farms_total_count,2019
CHE,2026-01-06,farms_free_count,16819
25,2026-01-06,farms_free_count,121
13,2026-01-06,farms_total_count,345
8,2026-01-06,farms_free_proportion,99
25,2026-01-06,farms_blocked_count,3
24,2026-01-06,farms_blocked_count,8
LIE,2026-01-06,farms_blocked_count,1
18,2026-01-06,farms_blocked_count,34
2,2026-01-06,farms_free_count,3781
25,2026-01-06,farms_free_proportion,98
21,2026-01-06,farms_blocked_proportion,8
6,2026-01-06,farms_blocked_proportion,5
10,2026-01-06,farms_blocked_count,67
24,2026-01-06,farms_free_count,183
24,2026-01-06,farms_total_count,191
LIE,2026-01-06,farms_total_count,59
26,2026-01-06,farms_free_proportion,96
8,2026-01-06,farms_total_count,87
18,2026-01-06,farms_free_proportion,96
CHE,2026-01-06,farms_free_proportion,95
LIE,2026-01-06,farms_free_count,58
18,2026-01-06,farms_free_count,745
12,2026-01-06,farms_total_count,18
18,2026-01-06,farms_total_count,779
LIE,2026-01-06,farms_free_proportion,98
11,2026-01-06,farms_free_count,462
14,2026-01-06,farms_blocked_proportion,4
5,2026-01-06,farms_blocked_proportion,13
3,2026-01-06,farms_free_proportion,97
LIE,2026-01-13,farms_total_count,59
14,2026-01-13,farms_blocked_count,7
23,2026-01-13,farms_total_count,1156
14,2026-01-13,farms_total_count,166
6,2026-01-13,farms_free_count,163
8,2026-01-13,farms_blocked_count,1
12,2026-01-13,farms_free_count,19
4,2026-01-13,farms_free_count,224
19,2026-01-13,farms_free_proportion,96
4,2026-01-13,farms_blocked_count,14
8,2026-01-13,farms_total_count,87
21,2026-01-13,farms_blocked_proportion,8
9,2026-01-13,farms_free_proportion,98
24,2026-01-13,farms_free_count,183
17,2026-01-13,farms_total_count,1169
23,2026-01-13,farms_blocked_proportion,1
18,2026-01-13,farms_total_count,780
10,2026-01-13,farms_blocked_count,60
10,2026-01-13,farms_blocked_proportion,5
26,2026-01-13,farms_blocked_proportion,4
23,2026-01-13,farms_free_count,1140
18,2026-01-13,farms_blocked_count,31
7,2026-01-13,farms_blocked_proportion,6
21,2026-01-13,farms_total_count,432
25,2026-01-13,farms_free_proportion,97
25,2026-01-13,farms_free_count,120
19,2026-01-13,farms_blocked_proportion,4
1,2026-01-13,farms_blocked_proportion,4
7,2026-01-13,farms_free_proportion,94
CHE,2026-01-13,farms_blocked_count,864
14,2026-01-13,farms_free_proportion,96
11,2026-01-13,farms_blocked_proportion,5
2,2026-01-13,farms_blocked_proportion,5
13,2026-01-13,farms_free_proportion,96
CHE,2026-01-13,farms_free_proportion,95
20,2026-01-13,farms_blocked_count,27
25,2026-01-13,farms_total_count,124
19,2026-01-13,farms_total_count,998
20,2026-01-13,farms_free_proportion,95
26,2026-01-13,farms_free_count,481
8,2026-01-13,farms_blocked_proportion,1
25,2026-01-13,farms_blocked_count,4
25,2026-01-13,farms_blocked_proportion,3
15,2026-01-13,farms_blocked_count,18
7,2026-01-13,farms_free_count,112
3,2026-01-13,farms_free_count,1971
22,2026-01-13,farms_free_proportion,96
26,2026-01-13,farms_free_proportion,96
22,2026-01-13,farms_blocked_proportion,4
16,2026-01-13,farms_blocked_count,12
13,2026-01-13,farms_blocked_proportion,4
8,2026-01-13,farms_free_count,86
14,2026-01-13,farms_blocked_proportion,4
9,2026-01-13,farms_total_count,249
22,2026-01-13,farms_free_count,986
7,2026-01-13,farms_blocked_count,7
6,2026-01-13,farms_blocked_proportion,4
5,2026-01-13,farms_total_count,476
11,2026-01-13,farms_blocked_count,22
5,2026-01-13,farms_blocked_proportion,13
2,2026-01-13,farms_free_proportion,95
26,2026-01-13,farms_total_count,501
11,2026-01-13,farms_total_count,484
20,2026-01-13,farms_blocked_proportion,5
19,2026-01-13,farms_blocked_count,40
15,2026-01-13,farms_free_proportion,94
18,2026-01-13,farms_blocked_proportion,4
3,2026-01-13,farms_free_proportion,97
LIE,2026-01-13,farms_free_proportion,98
12,2026-01-13,farms_blocked_proportion,0
13,2026-01-13,farms_blocked_count,14
21,2026-01-13,farms_free_proportion,92
2,2026-01-13,farms_blocked_count,217
17,2026-01-13,farms_free_proportion,90
CHE,2026-01-13,farms_blocked_proportion,5
26,2026-01-13,farms_blocked_count,20
3,2026-01-13,farms_total_count,2022
1,2026-01-13,farms_free_proportion,96
8,2026-01-13,farms_free_proportion,99
23,2026-01-13,farms_blocked_count,16
20,2026-01-13,farms_total_count,592
13,2026-01-13,farms_total_count,346
6,2026-01-13,farms_free_proportion,96
1,2026-01-13,farms_total_count,844
10,2026-01-13,farms_free_count,1033
16,2026-01-13,farms_free_proportion,91
CHE,2026-01-13,farms_total_count,17733
16,2026-01-13,farms_total_count,138
1,2026-01-13,farms_free_count,814
13,2026-01-13,farms_free_count,332
17,2026-01-13,farms_blocked_count,120
12,2026-01-13,farms_blocked_count,0
15,2026-01-13,farms_total_count,306
5,2026-01-13,farms_blocked_count,61
LIE,2026-01-13,farms_blocked_proportion,2
22,2026-01-13,farms_blocked_count,38
12,2026-01-13,farms_free_proportion,100
24,2026-01-13,farms_blocked_count,8
6,2026-01-13,farms_blocked_count,7
23,2026-01-13,farms_free_proportion,99
14,2026-01-13,farms_free_count,159
LIE,2026-01-13,farms_blocked_count,1
10,2026-01-13,farms_free_proportion,95
20,2026-01-13,farms_free_count,565
4,2026-01-13,farms_free_proportion,94
22,2026-01-13,farms_total_count,1024
1,2026-01-13,farms_blocked_count,30
2,2026-01-13,farms_total_count,4009
9,2026-01-13,farms_blocked_proportion,2
CHE,2026-01-13,farms_free_count,16869
24,2026-01-13,farms_free_proportion,96
5,2026-01-13,farms_free_count,415
3,2026-01-13,farms_blocked_proportion,3
18,2026-01-13,farms_free_proportion,96
21,2026-01-13,farms_blocked_count,35
17,2026-01-13,farms_blocked_proportion,10
4,2026-01-13,farms_blocked_proportion,6
17,2026-01-13,farms_free_count,1049
10,2026-01-13,farms_total_count,1093
3,2026-01-13,farms_blocked_count,51
4,2026-01-13,farms_total_count,238
15,2026-01-13,farms_blocked_proportion,6
16,2026-01-13,farms_free_count,126
7,2026-01-13,farms_total_count,119
24,2026-01-13,farms_total_count,191
9,2026-01-13,farms_free_count,245
11,2026-01-13,farms_free_proportion,95
9,2026-01-13,farms_blocked_count,4
16,2026-01-13,farms_blocked_proportion,9
24,2026-01-13,farms_blocked_proportion,4
11,2026-01-13,farms_free_count,462
12,2026-01-13,farms_total_count,19
15,2026-01-13,farms_free_count,288
6,2026-01-13,farms_total_count,170
19,2026-01-13,farms_free_count,958
21,2026-01-13,farms_free_count,397
2,2026-01-13,farms_free_count,3792
LIE,2026-01-13,farms_free_count,58
5,2026-01-13,farms_free_proportion,87
18,2026-01-13,farms_free_count,749
11,2026-01-20,farms_free_proportion,95
13,2026-01-20,farms_total_count,346
10,2026-01-20,farms_free_count,1036
22,2026-01-20,farms_blocked_count,37
4,2026-01-20,farms_blocked_count,13
CHE,2026-01-20,farms_free_count,16915
24,2026-01-20,farms_blocked_proportion,4
15,2026-01-20,farms_free_proportion,94
1,2026-01-20,farms_free_proportion,96
3,2026-01-20,farms_total_count,2024
11,2026-01-20,farms_free_count,462
17,2026-01-20,farms_free_proportion,90
19,2026-01-20,farms_free_count,959
20,2026-01-20,farms_blocked_proportion,4
1,2026-01-20,farms_total_count,844
26,2026-01-20,farms_blocked_count,22
2,2026-01-20,farms_free_proportion,95
16,2026-01-20,farms_total_count,138
22,2026-01-20,farms_total_count,1025
20,2026-01-20,farms_total_count,594
CHE,2026-01-20,farms_free_proportion,95
23,2026-01-20,farms_blocked_count,15
16,2026-01-20,farms_blocked_proportion,8
12,2026-01-20,farms_blocked_count,0
6,2026-01-20,farms_free_proportion,96
LIE,2026-01-20,farms_blocked_proportion,2
13,2026-01-20,farms_blocked_count,13
16,2026-01-20,farms_free_proportion,92
26,2026-01-20,farms_free_proportion,96
3,2026-01-20,farms_blocked_count,51
9,2026-01-20,farms_free_count,244
5,2026-01-20,farms_blocked_proportion,12
22,2026-01-20,farms_blocked_proportion,4
16,2026-01-20,farms_blocked_count,11
7,2026-01-20,farms_blocked_count,6
8,2026-01-20,farms_free_count,85
3,2026-01-20,farms_free_count,1973
13,2026-01-20,farms_blocked_proportion,4
9,2026-01-20,farms_total_count,249
5,2026-01-20,farms_free_count,417
2,2026-01-20,farms_free_count,3803
7,2026-01-20,farms_total_count,119
6,2026-01-20,farms_blocked_proportion,4
18,2026-01-20,farms_free_count,754
5,2026-01-20,farms_total_count,476
11,2026-01-20,farms_blocked_count,23
14,2026-01-20,farms_blocked_proportion,4
7,2026-01-20,farms_free_count,113
12,2026-01-20,farms_free_proportion,100
15,2026-01-20,farms_blocked_count,17
CHE,2026-01-20,farms_total_count,17757
17,2026-01-20,farms_blocked_proportion,10
20,2026-01-20,farms_free_count,569
26,2026-01-20,farms_total_count,501
25,2026-01-20,farms_free_count,120
22,2026-01-20,farms_free_proportion,96
8,2026-01-20,farms_free_proportion,98
24,2026-01-20,farms_free_proportion,96
2,2026-01-20,farms_total_count,4014
25,2026-01-20,farms_total_count,124
19,2026-01-20,farms_total_count,998
20,2026-01-20,farms_free_proportion,96
LIE,2026-01-20,farms_blocked_count,1
8,2026-01-20,farms_blocked_proportion,2
14,2026-01-20,farms_free_count,160
25,2026-01-20,farms_blocked_count,4
22,2026-01-20,farms_free_count,988
26,2026-01-20,farms_free_count,479
25,2026-01-20,farms_blocked_proportion,3
11,2026-01-20,farms_total_count,485
20,2026-01-20,farms_blocked_count,25
2,2026-01-20,farms_blocked_count,211
LIE,2026-01-20,farms_free_proportion,98
4,2026-01-20,farms_blocked_proportion,5
21,2026-01-20,farms_total_count,432
23,2026-01-20,farms_free_proportion,99
7,2026-01-20,farms_blocked_proportion,5
10,2026-01-20,farms_free_proportion,95
19,2026-01-20,farms_blocked_proportion,4
CHE,2026-01-20,farms_blocked_proportion,5
13,2026-01-20,farms_free_count,333
18,2026-01-20,farms_blocked_count,29
1,2026-01-20,farms_blocked_proportion,4
18,2026-01-20,farms_free_proportion,96
7,2026-01-20,farms_free_proportion,95
CHE,2026-01-20,farms_blocked_count,842
14,2026-01-20,farms_free_proportion,96
21,2026-01-20,farms_blocked_count,35
11,2026-01-20,farms_blocked_proportion,5
17,2026-01-20,farms_free_count,1053
19,2026-01-20,farms_free_proportion,96
21,2026-01-20,farms_free_proportion,92
1,2026-01-20,farms_blocked_count,30
9,2026-01-20,farms_free_proportion,98
15,2026-01-20,farms_total_count,309
1,2026-01-20,farms_free_count,814
21,2026-01-20,farms_free_count,397
3,2026-01-20,farms_free_proportion,97
8,2026-01-20,farms_total_count,87
12,2026-01-20,farms_total_count,19
21,2026-01-20,farms_blocked_proportion,8
9,2026-01-20,farms_blocked_count,5
10,2026-01-20,farms_total_count,1093
24,2026-01-20,farms_free_count,185
17,2026-01-20,farms_total_count,1171
23,2026-01-20,farms_blocked_proportion,1
15,2026-01-20,farms_blocked_proportion,6
5,2026-01-20,farms_free_proportion,88
24,2026-01-20,farms_total_count,193
18,2026-01-20,farms_total_count,783
10,2026-01-20,farms_blocked_proportion,5
26,2026-01-20,farms_blocked_proportion,4
10,2026-01-20,farms_blocked_count,57
23,2026-01-20,farms_free_count,1144
14,2026-01-20,farms_blocked_count,6
23,2026-01-20,farms_total_count,1159
5,2026-01-20,farms_blocked_count,59
6,2026-01-20,farms_total_count,170
19,2026-01-20,farms_blocked_count,39
12,2026-01-20,farms_blocked_proportion,0
14,2026-01-20,farms_total_count,166
4,2026-01-20,farms_total_count,238
4,2026-01-20,farms_free_proportion,95
25,2026-01-20,farms_free_proportion,97
LIE,2026-01-20,farms_total_count,59
9,2026-01-20,farms_blocked_proportion,2
24,2026-01-20,farms_blocked_count,8
8,2026-01-20,farms_blocked_count,2
4,2026-01-20,farms_free_count,225
3,2026-01-20,farms_blocked_proportion,3
12,2026-01-20,farms_free_count,19
2,2026-01-20,farms_blocked_proportion,5
18,2026-01-20,farms_blocked_proportion,4
16,2026-01-20,farms_free_count,127
LIE,2026-01-20,farms_free_count,58
17,2026-01-20,farms_blocked_count,118
13,2026-01-20,farms_free_proportion,96
15,2026-01-20,farms_free_count,292
6,2026-01-20,farms_free_count,164
6,2026-01-20,farms_blocked_count,6
24,2026-01-27,farms_blocked_count,8
2,2026-01-27,farms_free_proportion,95
4,2026-01-27,farms_total_count,238
18,2026-01-27,farms_total_count,783
23,2026-01-27,farms_free_proportion,99
23,2026-01-27,farms_blocked_proportion,1
10,2026-01-27,farms_blocked_proportion,5
1,2026-01-27,farms_blocked_count,32
6,2026-01-27,farms_free_count,162
19,2026-01-27,farms_blocked_count,36
5,2026-01-27,farms_free_proportion,87
12,2026-01-27,farms_total_count,19
5,2026-01-27,farms_free_count,417
5,2026-01-27,farms_blocked_proportion,13
2,2026-01-27,farms_free_count,3811
11,2026-01-27,farms_free_proportion,95
9,2026-01-27,farms_total_count,249
9,2026-01-27,farms_blocked_count,4
14,2026-01-27,farms_blocked_proportion,4
17,2026-01-27,farms_free_proportion,90
11,2026-01-27,farms_blocked_count,24
1,2026-01-27,farms_free_count,812
16,2026-01-27,farms_blocked_count,12
9,2026-01-27,farms_free_count,245
LIE,2026-01-27,farms_blocked_proportion,2
12,2026-01-27,farms_blocked_proportion,0
8,2026-01-27,farms_total_count,87
10,2026-01-27,farms_free_count,1039
8,2026-01-27,farms_free_proportion,98
8,2026-01-27,farms_blocked_count,2
CHE,2026-01-27,farms_total_count,17772
CHE,2026-01-27,farms_free_count,16951
14,2026-01-27,farms_free_proportion,96
15,2026-01-27,farms_free_proportion,94
17,2026-01-27,farms_blocked_proportion,10
17,2026-01-27,farms_free_count,1059
26,2026-01-27,farms_total_count,502
15,2026-01-27,farms_free_count,292
16,2026-01-27,farms_free_proportion,91
19,2026-01-27,farms_total_count,999
19,2026-01-27,farms_free_count,963
20,2026-01-27,farms_free_proportion,96
12,2026-01-27,farms_free_count,19
9,2026-01-27,farms_blocked_proportion,2
23,2026-01-27,farms_free_count,1147
5,2026-01-27,farms_blocked_count,60
23,2026-01-27,farms_total_count,1160
25,2026-01-27,farms_blocked_proportion,3
LIE,2026-01-27,farms_free_count,59
1,2026-01-27,farms_free_proportion,96
20,2026-01-27,farms_blocked_proportion,4
22,2026-01-27,farms_free_count,989
22,2026-01-27,farms_free_proportion,96
22,2026-01-27,farms_total_count,1025
18,2026-01-27,farms_blocked_count,27
20,2026-01-27,farms_total_count,595
7,2026-01-27,farms_free_count,113
21,2026-01-27,farms_total_count,433
18,2026-01-27,farms_free_proportion,97
4,2026-01-27,farms_blocked_count,13
7,2026-01-27,farms_blocked_proportion,5
17,2026-01-27,farms_total_count,1173
21,2026-01-27,farms_free_count,401
21,2026-01-27,farms_free_proportion,93
26,2026-01-27,farms_blocked_proportion,4
10,2026-01-27,farms_blocked_count,57
9,2026-01-27,farms_free_proportion,98
4,2026-01-27,farms_blocked_proportion,5
19,2026-01-27,farms_blocked_proportion,4
6,2026-01-27,farms_blocked_proportion,5
1,2026-01-27,farms_blocked_proportion,4
CHE,2026-01-27,farms_blocked_count,821
7,2026-01-27,farms_free_proportion,95
11,2026-01-27,farms_blocked_proportion,5
24,2026-01-27,farms_free_count,185
14,2026-01-27,farms_blocked_count,6
LIE,2026-01-27,farms_total_count,60
4,2026-01-27,farms_free_count,225
14,2026-01-27,farms_total_count,166
2,2026-01-27,farms_blocked_proportion,5
25,2026-01-27,farms_free_proportion,97
18,2026-01-27,farms_blocked_proportion,3
13,2026-01-27,farms_free_proportion,97
2,2026-01-27,farms_blocked_count,204
3,2026-01-27,farms_total_count,2025
26,2026-01-27,farms_blocked_count,22
16,2026-01-27,farms_total_count,139
LIE,2026-01-27,farms_free_proportion,98
23,2026-01-27,farms_blocked_count,13
19,2026-01-27,farms_free_proportion,96
1,2026-01-27,farms_total_count,844
21,2026-01-27,farms_blocked_proportion,7
3,2026-01-27,farms_free_proportion,98
18,2026-01-27,farms_free_count,756
7,2026-01-27,farms_total_count,119
3,2026-01-27,farms_blocked_count,48
12,2026-01-27,farms_free_proportion,100
24,2026-01-27,farms_free_proportion,96
20,2026-01-27,farms_free_count,571
LIE,2026-01-27,farms_blocked_count,1
22,2026-01-27,farms_blocked_count,36
24,2026-01-27,farms_blocked_proportion,4
12,2026-01-27,farms_blocked_count,0
16,2026-01-27,farms_blocked_proportion,9
2,2026-01-27,farms_total_count,4015
CHE,2026-01-27,farms_blocked_proportion,5
CHE,2026-01-27,farms_free_proportion,95
11,2026-01-27,farms_free_count,462
6,2026-01-27,farms_blocked_count,8
16,2026-01-27,farms_free_count,127
6,2026-01-27,farms_total_count,170
4,2026-01-27,farms_free_proportion,95
14,2026-01-27,farms_free_count,160
3,2026-01-27,farms_blocked_proportion,2
21,2026-01-27,farms_blocked_count,32
10,2026-01-27,farms_free_proportion,95
15,2026-01-27,farms_total_count,309
24,2026-01-27,farms_total_count,193
15,2026-01-27,farms_blocked_proportion,6
10,2026-01-27,farms_total_count,1096
13,2026-01-27,farms_blocked_count,12
17,2026-01-27,farms_blocked_count,114
13,2026-01-27,farms_total_count,346
8,2026-01-27,farms_blocked_proportion,2
15,2026-01-27,farms_blocked_count,17
20,2026-01-27,farms_blocked_count,24
25,2026-01-27,farms_free_count,120
7,2026-01-27,farms_blocked_count,6
8,2026-01-27,farms_free_count,85
13,2026-01-27,farms_blocked_proportion,3
25,2026-01-27,farms_total_count,124
3,2026-01-27,farms_free_count,1977
22,2026-01-27,farms_blocked_proportion,4
6,2026-01-27,farms_free_proportion,95
26,2026-01-27,farms_free_count,480
5,2026-01-27,farms_total_count,477
26,2026-01-27,farms_free_proportion,96
11,2026-01-27,farms_total_count,486
25,2026-01-27,farms_blocked_count,4
13,2026-01-27,farms_free_count,334
18,2026-02-03,farms_free_proportion,97
21,2026-02-03,farms_free_count,402
10,2026-02-03,farms_free_proportion,95
24,2026-02-03,farms_free_count,184
11,2026-02-03,farms_free_count,462
15,2026-02-03,farms_total_count,309
21,2026-02-03,farms_blocked_count,32
21,2026-02-03,farms_blocked_proportion,7
12,2026-02-03,farms_total_count,19
26,2026-02-03,farms_free_proportion,96
8,2026-02-03,farms_total_count,87
3,2026-02-03,farms_blocked_proportion,2
21,2026-02-03,farms_free_proportion,93
14,2026-02-03,farms_free_count,161
12,2026-02-03,farms_free_count,19
9,2026-02-03,farms_blocked_proportion,2
17,2026-02-03,farms_total_count,1177
15,2026-02-03,farms_free_count,292
1,2026-02-03,farms_free_count,811
26,2026-02-03,farms_free_count,481
13,2026-02-03,farms_blocked_count,13
10,2026-02-03,farms_total_count,1096
3,2026-02-03,farms_free_proportion,98
10,2026-02-03,farms_free_count,1040
9,2026-02-03,farms_blocked_count,4
6,2026-02-03,farms_free_count,161
15,2026-02-03,farms_blocked_proportion,6
5,2026-02-03,farms_free_proportion,88
22,2026-02-03,farms_free_count,990
17,2026-02-03,farms_blocked_count,113
25,2026-02-03,farms_blocked_proportion,3
1,2026-02-03,farms_blocked_count,34
24,2026-02-03,farms_total_count,193
25,2026-02-03,farms_blocked_count,4
13,2026-02-03,farms_total_count,346
6,2026-02-03,farms_total_count,170
4,2026-02-03,farms_free_proportion,94
20,2026-02-03,farms_free_count,571
13,2026-02-03,farms_free_count,333
24,2026-02-03,farms_free_proportion,95
17,2026-02-03,farms_blocked_proportion,10
CHE,2026-02-03,farms_free_count,16973
5,2026-02-03,farms_blocked_count,59
14,2026-02-03,farms_blocked_proportion,3
CHE,2026-02-03,farms_free_proportion,95
9,2026-02-03,farms_free_count,245
12,2026-02-03,farms_free_proportion,100
5,2026-02-03,farms_total_count,477
3,2026-02-03,farms_blocked_count,45
5,2026-02-03,farms_free_count,418
2,2026-02-03,farms_free_count,3808
4,2026-02-03,farms_blocked_count,14
7,2026-02-03,farms_total_count,119
18,2026-02-03,farms_free_count,757
LIE,2026-02-03,farms_blocked_count,0
19,2026-02-03,farms_free_count,973
LIE,2026-02-03,farms_blocked_proportion,0
9,2026-02-03,farms_total_count,249
1,2026-02-03,farms_free_proportion,96
7,2026-02-03,farms_blocked_count,7
4,2026-02-03,farms_total_count,240
16,2026-02-03,farms_free_count,128
24,2026-02-03,farms_blocked_count,9
16,2026-02-03,farms_blocked_count,12
6,2026-02-03,farms_blocked_count,9
22,2026-02-03,farms_blocked_proportion,4
2,2026-02-03,farms_total_count,4016
11,2026-02-03,farms_free_proportion,95
11,2026-02-03,farms_blocked_count,24
13,2026-02-03,farms_blocked_proportion,4
24,2026-02-03,farms_blocked_proportion,5
16,2026-02-03,farms_free_proportion,91
12,2026-02-03,farms_blocked_count,0
22,2026-02-03,farms_total_count,1026
16,2026-02-03,farms_blocked_proportion,9
22,2026-02-03,farms_blocked_count,36
26,2026-02-03,farms_blocked_proportion,4
23,2026-02-03,farms_blocked_proportion,1
CHE,2026-02-03,farms_blocked_proportion,5
2,2026-02-03,farms_blocked_count,208
23,2026-02-03,farms_free_proportion,99
2,2026-02-03,farms_blocked_proportion,5
6,2026-02-03,farms_free_proportion,95
12,2026-02-03,farms_blocked_proportion,0
14,2026-02-03,farms_total_count,166
13,2026-02-03,farms_free_proportion,96
25,2026-02-03,farms_free_proportion,97
4,2026-02-03,farms_free_count,226
19,2026-02-03,farms_free_proportion,97
LIE,2026-02-03,farms_total_count,60
8,2026-02-03,farms_blocked_count,2
23,2026-02-03,farms_total_count,1162
26,2026-02-03,farms_total_count,502
14,2026-02-03,farms_blocked_count,5
3,2026-02-03,farms_free_count,1981
10,2026-02-03,farms_blocked_proportion,5
18,2026-02-03,farms_blocked_proportion,3
19,2026-02-03,farms_blocked_count,35
8,2026-02-03,farms_free_count,85
1,2026-02-03,farms_total_count,845
9,2026-02-03,farms_free_proportion,98
20,2026-02-03,farms_total_count,596
23,2026-02-03,farms_blocked_count,13
22,2026-02-03,farms_free_proportion,96
20,2026-02-03,farms_blocked_proportion,4
11,2026-02-03,farms_total_count,486
LIE,2026-02-03,farms_free_proportion,100
2,2026-02-03,farms_free_proportion,95
20,2026-02-03,farms_blocked_count,25
16,2026-02-03,farms_total_count,140
25,2026-02-03,farms_free_count,120
26,2026-02-03,farms_blocked_count,21
3,2026-02-03,farms_total_count,2026
17,2026-02-03,farms_free_proportion,90
LIE,2026-02-03,farms_free_count,60
CHE,2026-02-03,farms_total_count,17797
8,2026-02-03,farms_free_proportion,98
15,2026-02-03,farms_blocked_count,17
6,2026-02-03,farms_blocked_proportion,5
19,2026-02-03,farms_blocked_proportion,3
23,2026-02-03,farms_free_count,1149
25,2026-02-03,farms_total_count,124
18,2026-02-03,farms_blocked_count,27
18,2026-02-03,farms_total_count,784
7,2026-02-03,farms_blocked_proportion,6
20,2026-02-03,farms_free_proportion,96
5,2026-02-03,farms_blocked_proportion,12
19,2026-02-03,farms_total_count,1008
17,2026-02-03,farms_free_count,1064
1,2026-02-03,farms_blocked_proportion,4
4,2026-02-03,farms_blocked_proportion,6
10,2026-02-03,farms_blocked_count,56
7,2026-02-03,farms_free_proportion,94
15,2026-02-03,farms_free_proportion,94
CHE,2026-02-03,farms_blocked_count,824
14,2026-02-03,farms_free_proportion,97
7,2026-02-03,farms_free_count,112
21,2026-02-03,farms_total_count,434
8,2026-02-03,farms_blocked_proportion,2
11,2026-02-03,farms_blocked_proportion,5
1,2026-02-10,farms_blocked_proportion,4
13,2026-02-10,farms_free_count,333
5,2026-02-10,farms_free_proportion,89
26,2026-02-10,farms_blocked_count,20
20,2026-02-10,farms_free_count,572
8,2026-02-10,farms_free_proportion,98
5,2026-02-10,farms_free_count,425
20,2026-02-10,farms_free_proportion,96
20,2026-02-10,farms_blocked_count,24
22,2026-02-10,farms_free_proportion,96
9,2026-02-10,farms_total_count,249
21,2026-02-10,farms_free_count,401
23,2026-02-10,farms_free_count,1154
CHE,2026-02-10,farms_blocked_proportion,4
1,2026-02-10,farms_total_count,847
3,2026-02-10,farms_blocked_count,46
21,2026-02-10,farms_free_proportion,92
22,2026-02-10,farms_free_count,991
25,2026-02-10,farms_free_count,120
14,2026-02-10,farms_blocked_proportion,3
23,2026-02-10,farms_blocked_count,11
5,2026-02-10,farms_blocked_count,54
16,2026-02-10,farms_free_proportion,89
13,2026-02-10,farms_blocked_proportion,4
22,2026-02-10,farms_blocked_count,36
10,2026-02-10,farms_free_proportion,95
4,2026-02-10,farms_blocked_count,15
9,2026-02-10,farms_blocked_proportion,1
11,2026-02-10,farms_blocked_proportion,4
21,2026-02-10,farms_blocked_count,33
8,2026-02-10,farms_total_count,87
15,2026-02-10,farms_free_proportion,94
14,2026-02-10,farms_free_count,161
LIE,2026-02-10,farms_total_count,60
23,2026-02-10,farms_total_count,1165
9,2026-02-10,farms_blocked_count,2
4,2026-02-10,farms_free_proportion,94
4,2026-02-10,farms_free_count,225
LIE,2026-02-10,farms_free_count,60
12,2026-02-10,farms_blocked_proportion,0
15,2026-02-10,farms_blocked_proportion,6
25,2026-02-10,farms_total_count,124
26,2026-02-10,farms_free_count,482
18,2026-02-10,farms_blocked_count,26
2,2026-02-10,farms_blocked_proportion,5
5,2026-02-10,farms_blocked_proportion,11
10,2026-02-10,farms_total_count,1097
25,2026-02-10,farms_free_proportion,97
10,2026-02-10,farms_free_count,1043
22,2026-02-10,farms_total_count,1027
CHE,2026-02-10,farms_total_count,17811
19,2026-02-10,farms_blocked_proportion,3
16,2026-02-10,farms_blocked_proportion,11
19,2026-02-10,farms_free_count,975
7,2026-02-10,farms_free_count,112
18,2026-02-10,farms_free_count,758
1,2026-02-10,farms_free_proportion,96
9,2026-02-10,farms_free_proportion,99
13,2026-02-10,farms_total_count,346
11,2026-02-10,farms_total_count,486
6,2026-02-10,farms_free_proportion,95
3,2026-02-10,farms_free_count,1980
15,2026-02-10,farms_blocked_count,17
CHE,2026-02-10,farms_free_count,17015
8,2026-02-10,farms_blocked_proportion,2
25,2026-02-10,farms_blocked_count,4
26,2026-02-10,farms_free_proportion,96
7,2026-02-10,farms_blocked_count,8
22,2026-02-10,farms_blocked_proportion,4
5,2026-02-10,farms_total_count,479
6,2026-02-10,farms_blocked_proportion,5
11,2026-02-10,farms_blocked_count,20
16,2026-02-10,farms_blocked_count,15
25,2026-02-10,farms_blocked_proportion,3
17,2026-02-10,farms_free_count,1074
14,2026-02-10,farms_free_proportion,97
8,2026-02-10,farms_blocked_count,2
23,2026-02-10,farms_free_proportion,99
19,2026-02-10,farms_blocked_count,35
17,2026-02-10,farms_free_proportion,91
LIE,2026-02-10,farms_free_proportion,100
2,2026-02-10,farms_free_proportion,95
20,2026-02-10,farms_blocked_proportion,4
8,2026-02-10,farms_free_count,85
19,2026-02-10,farms_total_count,1010
26,2026-02-10,farms_total_count,502
12,2026-02-10,farms_free_count,19
2,2026-02-10,farms_free_count,3817
20,2026-02-10,farms_total_count,596
19,2026-02-10,farms_free_proportion,97
16,2026-02-10,farms_total_count,140
3,2026-02-10,farms_total_count,2026
11,2026-02-10,farms_free_count,466
15,2026-02-10,farms_total_count,309
3,2026-02-10,farms_free_proportion,98
3,2026-02-10,farms_blocked_proportion,2
6,2026-02-10,farms_total_count,170
16,2026-02-10,farms_free_count,125
CHE,2026-02-10,farms_free_proportion,96
2,2026-02-10,farms_total_count,4017
12,2026-02-10,farms_blocked_count,0
LIE,2026-02-10,farms_blocked_count,0
24,2026-02-10,farms_free_proportion,95
6,2026-02-10,farms_blocked_count,9
12,2026-02-10,farms_free_proportion,100
7,2026-02-10,farms_total_count,120
24,2026-02-10,farms_blocked_proportion,5
18,2026-02-10,farms_total_count,784
24,2026-02-10,farms_total_count,193
13,2026-02-10,farms_blocked_count,13
18,2026-02-10,farms_blocked_proportion,3
2,2026-02-10,farms_blocked_count,200
14,2026-02-10,farms_total_count,166
13,2026-02-10,farms_free_proportion,96
14,2026-02-10,farms_blocked_count,5
7,2026-02-10,farms_free_proportion,93
17,2026-02-10,farms_blocked_count,104
CHE,2026-02-10,farms_blocked_count,796
4,2026-02-10,farms_blocked_proportion,6
24,2026-02-10,farms_free_count,184
10,2026-02-10,farms_blocked_count,54
26,2026-02-10,farms_blocked_proportion,4
17,2026-02-10,farms_total_count,1178
21,2026-02-10,farms_blocked_proportion,8
7,2026-02-10,farms_blocked_proportion,7
21,2026-02-10,farms_total_count,434
10,2026-02-10,farms_blocked_proportion,5
LIE,2026-02-10,farms_blocked_proportion,0
18,2026-02-10,farms_free_proportion,97
9,2026-02-10,farms_free_count,247
17,2026-02-10,farms_blocked_proportion,9
15,2026-02-10,farms_free_count,292
4,2026-02-10,farms_total_count,240
24,2026-02-10,farms_blocked_count,9
12,2026-02-10,farms_total_count,19
11,2026-02-10,farms_free_proportion,96
6,2026-02-10,farms_free_count,161
1,2026-02-10,farms_free_count,813
1,2026-02-10,farms_blocked_count,34
23,2026-02-10,farms_blocked_proportion,1
17,2026-02-17,farms_total_count,1179
21,2026-02-17,farms_free_count,399
7,2026-02-17,farms_blocked_count,8
CHE,2026-02-17,farms_blocked_proportion,4
26,2026-02-17,farms_free_proportion,96
9,2026-02-17,farms_blocked_count,2
4,2026-02-17,farms_blocked_count,15
CHE,2026-02-17,farms_free_count,17034
26,2026-02-17,farms_blocked_proportion,4
25,2026-02-17,farms_blocked_count,4
21,2026-02-17,farms_free_proportion,92
10,2026-02-17,farms_total_count,1098
25,2026-02-17,farms_total_count,124
13,2026-02-17,farms_blocked_proportion,4
22,2026-02-17,farms_blocked_proportion,4
1,2026-02-17,farms_free_count,813
11,2026-02-17,farms_blocked_count,20
LIE,2026-02-17,farms_blocked_proportion,0
11,2026-02-17,farms_free_count,466
16,2026-02-17,farms_blocked_count,15
9,2026-02-17,farms_total_count,249
24,2026-02-17,farms_total_count,193
23,2026-02-17,farms_blocked_proportion,1
14,2026-02-17,farms_blocked_proportion,2
17,2026-02-17,farms_blocked_count,105
26,2026-02-17,farms_free_count,484
15,2026-02-17,farms_blocked_proportion,6
5,2026-02-17,farms_total_count,480
21,2026-02-17,farms_blocked_proportion,8
13,2026-02-17,farms_free_count,333
13,2026-02-17,farms_blocked_count,13
22,2026-02-17,farms_total_count,1028
6,2026-02-17,farms_free_count,161
1,2026-02-17,farms_blocked_proportion,4
8,2026-02-17,farms_blocked_proportion,2
3,2026-02-17,farms_free_count,1985
19,2026-02-17,farms_free_proportion,96
8,2026-02-17,farms_total_count,87
24,2026-02-17,farms_blocked_count,9
16,2026-02-17,farms_total_count,140
10,2026-02-17,farms_free_count,1042
26,2026-02-17,farms_blocked_count,18
LIE,2026-02-17,farms_total_count,60
14,2026-02-17,farms_blocked_count,4
3,2026-02-17,farms_total_count,2027
25,2026-02-17,farms_free_proportion,97
18,2026-02-17,farms_blocked_proportion,3
13,2026-02-17,farms_free_proportion,96
4,2026-02-17,farms_total_count,240
4,2026-02-17,farms_free_count,225
2,2026-02-17,farms_blocked_proportion,5
24,2026-02-17,farms_free_count,184
2,2026-02-17,farms_blocked_count,196
LIE,2026-02-17,farms_free_proportion,100
1,2026-02-17,farms_blocked_count,35
7,2026-02-17,farms_free_proportion,93
1,2026-02-17,farms_total_count,848
2,2026-02-17,farms_free_count,3823
10,2026-02-17,farms_blocked_count,56
19,2026-02-17,farms_blocked_proportion,4
6,2026-02-17,farms_free_proportion,95
4,2026-02-17,farms_blocked_proportion,6
11,2026-02-17,farms_total_count,486
20,2026-02-17,farms_blocked_count,26
13,2026-02-17,farms_total_count,346
11,2026-02-17,farms_blocked_proportion,4
23,2026-02-17,farms_blocked_count,10
12,2026-02-17,farms_total_count,19
11,2026-02-17,farms_free_proportion,96
25,2026-02-17,farms_free_count,120
7,2026-02-17,farms_blocked_proportion,7
CHE,2026-02-17,farms_free_proportion,96
9,2026-02-17,farms_free_proportion,99
CHE,2026-02-17,farms_blocked_count,788
21,2026-02-17,farms_total_count,434
15,2026-02-17,farms_blocked_count,17
6,2026-02-17,farms_blocked_proportion,5
7,2026-02-17,farms_free_count,113
10,2026-02-17,farms_blocked_proportion,5
19,2026-02-17,farms_blocked_count,36
16,2026-02-17,farms_blocked_proportion,11
LIE,2026-02-17,farms_free_count,60
17,2026-02-17,farms_free_proportion,91
16,2026-02-17,farms_free_proportion,89
12,2026-02-17,farms_blocked_count,0
22,2026-02-17,farms_blocked_count,36
9,2026-02-17,farms_blocked_proportion,1
2,2026-02-17,farms_free_proportion,95
19,2026-02-17,farms_free_count,974
24,2026-02-17,farms_blocked_proportion,5
17,2026-02-17,farms_blocked_proportion,9
22,2026-02-17,farms_free_proportion,96
2,2026-02-17,farms_total_count,4019
20,2026-02-17,farms_total_count,597
9,2026-02-17,farms_free_count,247
23,2026-02-17,farms_free_proportion,99
12,2026-02-17,farms_blocked_proportion,0
LIE,2026-02-17,farms_blocked_count,0
7,2026-02-17,farms_total_count,121
18,2026-02-17,farms_total_count,784
18,2026-02-17,farms_blocked_count,24
12,2026-02-17,farms_free_proportion,100
18,2026-02-17,farms_free_proportion,97
3,2026-02-17,farms_blocked_count,42
15,2026-02-17,farms_free_proportion,94
6,2026-02-17,farms_blocked_count,9
14,2026-02-17,farms_free_proportion,98
8,2026-02-17,farms_free_proportion,98
5,2026-02-17,farms_free_count,429
24,2026-02-17,farms_free_proportion,95
17,2026-02-17,farms_free_count,1074
8,2026-02-17,farms_blocked_count,2
20,2026-02-17,farms_free_count,571
15,2026-02-17,farms_free_count,292
23,2026-02-17,farms_total_count,1166
18,2026-02-17,farms_free_count,760
23,2026-02-17,farms_free_count,1156
14,2026-02-17,farms_total_count,166
10,2026-02-17,farms_free_proportion,95
20,2026-02-17,farms_free_proportion,96
20,2026-02-17,farms_blocked_proportion,4
26,2026-02-17,farms_total_count,502
3,2026-02-17,farms_blocked_proportion,2
22,2026-02-17,farms_free_count,992
3,2026-02-17,farms_free_proportion,98
5,2026-02-17,farms_free_proportion,89
5,2026-02-17,farms_blocked_proportion,11
6,2026-02-17,farms_total_count,170
14,2026-02-17,farms_free_count,162
5,2026-02-17,farms_blocked_count,51
12,2026-02-17,farms_free_count,19
CHE,2026-02-17,farms_total_count,17822
16,2026-02-17,farms_free_count,125
19,2026-02-17,farms_total_count,1010
21,2026-02-17,farms_blocked_count,35
1,2026-02-17,farms_free_proportion,96
4,2026-02-17,farms_free_proportion,94
15,2026-02-17,farms_total_count,309
25,2026-02-17,farms_blocked_proportion,3
8,2026-02-17,farms_free_count,85
24,2026-02-24,farms_free_proportion,96
10,2026-02-24,farms_blocked_count,54
24,2026-02-24,farms_free_count,185
16,2026-02-24,farms_free_proportion,89
7,2026-02-24,farms_free_proportion,93
24,2026-02-24,farms_total_count,193
10,2026-02-24,farms_free_count,1044
LIE,2026-02-24,farms_blocked_proportion,0
3,2026-02-24,farms_free_proportion,98
7,2026-02-24,farms_blocked_proportion,7
4,2026-02-24,farms_total_count,240
LIE,2026-02-24,farms_total_count,60
3,2026-02-24,farms_blocked_count,43
7,2026-02-24,farms_total_count,121
4,2026-02-24,farms_free_count,229
15,2026-02-24,farms_total_count,309
14,2026-02-24,farms_blocked_count,5
12,2026-02-24,farms_free_proportion,100
13,2026-02-24,farms_free_proportion,96
17,2026-02-24,farms_blocked_proportion,9
11,2026-02-24,farms_free_count,467
6,2026-02-24,farms_blocked_count,9
5,2026-02-24,farms_free_count,432
4,2026-02-24,farms_blocked_count,11
21,2026-02-24,farms_blocked_count,36
2,2026-02-24,farms_total_count,4021
21,2026-02-24,farms_free_proportion,92
21,2026-02-24,farms_free_count,398
10,2026-02-24,farms_free_proportion,95
26,2026-02-24,farms_blocked_proportion,4
17,2026-02-24,farms_total_count,1180
4,2026-02-24,farms_free_proportion,95
24,2026-02-24,farms_blocked_proportion,4
1,2026-02-24,farms_blocked_proportion,4
9,2026-02-24,farms_free_count,247
22,2026-02-24,farms_total_count,1028
6,2026-02-24,farms_free_count,161
19,2026-02-24,farms_blocked_proportion,4
11,2026-02-24,farms_free_proportion,96
13,2026-02-24,farms_blocked_count,13
4,2026-02-24,farms_blocked_proportion,5
CHE,2026-02-24,farms_free_count,17060
5,2026-02-24,farms_blocked_count,49
20,2026-02-24,farms_free_count,572
LIE,2026-02-24,farms_blocked_count,0
17,2026-02-24,farms_blocked_count,103
12,2026-02-24,farms_blocked_count,0
1,2026-02-24,farms_free_proportion,96
3,2026-02-24,farms_blocked_proportion,2
15,2026-02-24,farms_blocked_proportion,6
11,2026-02-24,farms_blocked_proportion,4
22,2026-02-24,farms_blocked_count,36
16,2026-02-24,farms_blocked_proportion,11
21,2026-02-24,farms_blocked_proportion,8
10,2026-02-24,farms_total_count,1098
6,2026-02-24,farms_total_count,170
14,2026-02-24,farms_free_count,161
21,2026-02-24,farms_total_count,434
CHE,2026-02-24,farms_blocked_count,772
5,2026-02-24,farms_free_proportion,90
26,2026-02-24,farms_total_count,502
19,2026-02-24,farms_total_count,1012
22,2026-02-24,farms_free_count,992
11,2026-02-24,farms_blocked_count,19
12,2026-02-24,farms_free_count,19
1,2026-02-24,farms_free_count,816
25,2026-02-24,farms_blocked_proportion,3
9,2026-02-24,farms_blocked_proportion,1
2,2026-02-24,farms_free_count,3831
5,2026-02-24,farms_blocked_proportion,10
16,2026-02-24,farms_blocked_count,15
6,2026-02-24,farms_blocked_proportion,5
14,2026-02-24,farms_total_count,166
26,2026-02-24,farms_free_count,484
5,2026-02-24,farms_total_count,481
23,2026-02-24,farms_blocked_proportion,1
13,2026-02-24,farms_blocked_proportion,4
22,2026-02-24,farms_blocked_proportion,4
19,2026-02-24,farms_free_proportion,96
14,2026-02-24,farms_blocked_proportion,3
CHE,2026-02-24,farms_blocked_proportion,4
9,2026-02-24,farms_total_count,249
26,2026-02-24,farms_free_proportion,96
CHE,2026-02-24,farms_total_count,17832
8,2026-02-24,farms_free_count,85
14,2026-02-24,farms_free_proportion,97
18,2026-02-24,farms_total_count,784
18,2026-02-24,farms_blocked_count,24
8,2026-02-24,farms_free_proportion,98
15,2026-02-24,farms_free_proportion,94
18,2026-02-24,farms_free_proportion,97
8,2026-02-24,farms_blocked_count,2
23,2026-02-24,farms_total_count,1168
15,2026-02-24,farms_free_count,292
12,2026-02-24,farms_blocked_proportion,0
23,2026-02-24,farms_free_count,1157
23,2026-02-24,farms_free_proportion,99
19,2026-02-24,farms_blocked_count,36
17,2026-02-24,farms_free_proportion,91
LIE,2026-02-24,farms_free_count,60
19,2026-02-24,farms_free_count,976
22,2026-02-24,farms_free_proportion,96
2,2026-02-24,farms_free_proportion,95
20,2026-02-24,farms_total_count,598
7,2026-02-24,farms_free_count,113
20,2026-02-24,farms_blocked_proportion,4
17,2026-02-24,farms_free_count,1077
10,2026-02-24,farms_blocked_proportion,5
25,2026-02-24,farms_blocked_count,4
1,2026-02-24,farms_total_count,849
16,2026-02-24,farms_free_count,125
16,2026-02-24,farms_total_count,140
13,2026-02-24,farms_free_count,333
11,2026-02-24,farms_total_count,486
20,2026-02-24,farms_blocked_count,26
23,2026-02-24,farms_blocked_count,11
25,2026-02-24,farms_free_count,120
9,2026-02-24,farms_free_proportion,99
6,2026-02-24,farms_free_proportion,95
18,2026-02-24,farms_blocked_proportion,3
25,2026-02-24,farms_free_proportion,97
12,2026-02-24,farms_total_count,19
LIE,2026-02-24,farms_free_proportion,100
26,2026-02-24,farms_blocked_count,18
8,2026-02-24,farms_total_count,87
CHE,2026-02-24,farms_free_proportion,96
24,2026-02-24,farms_blocked_count,8
3,2026-02-24,farms_total_count,2027
15,2026-02-24,farms_blocked_count,17
20,2026-02-24,farms_free_proportion,96
1,2026-02-24,farms_blocked_count,33
2,2026-02-24,farms_blocked_count,190
2,2026-02-24,farms_blocked_proportion,5
9,2026-02-24,farms_blocked_count,2
18,2026-02-24,farms_free_count,760
25,2026-02-24,farms_total_count,124
3,2026-02-24,farms_free_count,1984
8,2026-02-24,farms_blocked_proportion,2
13,2026-02-24,farms_total_count,346
7,2026-02-24,farms_blocked_count,8
12,2026-03-03,farms_free_proportion,100
19,2026-03-03,farms_free_count,979
25,2026-03-03,farms_free_proportion,97
17,2026-03-03,farms_free_proportion,92
22,2026-03-03,farms_free_proportion,97
17,2026-03-03,farms_blocked_proportion,8
CHE,2026-03-03,farms_free_count,17100
CHE,2026-03-03,farms_blocked_count,746
7,2026-03-03,farms_blocked_proportion,6
8,2026-03-03,farms_free_proportion,98
13,2026-03-03,farms_free_proportion,96
12,2026-03-03,farms_blocked_proportion,0
15,2026-03-03,farms_free_proportion,94
18,2026-03-03,farms_blocked_proportion,3
2,2026-03-03,farms_blocked_proportion,4
4,2026-03-03,farms_free_proportion,96
10,2026-03-03,farms_blocked_proportion,5
24,2026-03-03,farms_free_proportion,95
14,2026-03-03,farms_free_proportion,97
13,2026-03-03,farms_free_count,334
23,2026-03-03,farms_free_proportion,99
18,2026-03-03,farms_free_proportion,97
1,2026-03-03,farms_free_proportion,96
LIE,2026-03-03,farms_free_proportion,100
24,2026-03-03,farms_blocked_proportion,5
1,2026-03-03,farms_blocked_proportion,4
10,2026-03-03,farms_free_proportion,95
6,2026-03-03,farms_blocked_proportion,4
6,2026-03-03,farms_free_proportion,96
LIE,2026-03-03,farms_blocked_proportion,0
CHE,2026-03-03,farms_total_count,17846
21,2026-03-03,farms_blocked_proportion,8
15,2026-03-03,farms_blocked_proportion,6
11,2026-03-03,farms_free_proportion,96
CHE,2026-03-03,farms_blocked_proportion,4
13,2026-03-03,farms_blocked_proportion,4
8,2026-03-03,farms_blocked_proportion,2
23,2026-03-03,farms_blocked_proportion,1
19,2026-03-03,farms_free_proportion,97
14,2026-03-03,farms_blocked_proportion,3
26,2026-03-03,farms_blocked_proportion,4
22,2026-03-03,farms_blocked_proportion,3
16,2026-03-03,farms_free_proportion,89
2,2026-03-03,farms_free_count,3843
20,2026-03-03,farms_free_proportion,95
7,2026-03-03,farms_free_proportion,94
5,2026-03-03,farms_blocked_proportion,10
20,2026-03-03,farms_blocked_proportion,5
2,2026-03-03,farms_free_proportion,96
21,2026-03-03,farms_free_proportion,92
16,2026-03-03,farms_free_count,125
25,2026-03-03,farms_blocked_proportion,3
26,2026-03-03,farms_free_proportion,96
3,2026-03-03,farms_blocked_proportion,2
5,2026-03-03,farms_free_proportion,90
9,2026-03-03,farms_free_proportion,99
3,2026-03-03,farms_free_proportion,98
11,2026-03-03,farms_blocked_proportion,4
4,2026-03-03,farms_blocked_proportion,4
15,2026-03-03,farms_free_count,291
9,2026-03-03,farms_blocked_proportion,1
20,2026-03-03,farms_total_count,598
CHE,2026-03-03,farms_free_proportion,96
22,2026-03-03,farms_free_count,995
18,2026-03-03,farms_blocked_count,23
23,2026-03-03,farms_free_count,1157
13,2026-03-03,farms_total_count,347
1,2026-03-03,farms_blocked_count,32
5,2026-03-03,farms_blocked_count,47
22,2026-03-03,farms_total_count,1030
LIE,2026-03-03,farms_blocked_count,0
LIE,2026-03-03,farms_free_count,60
8,2026-03-03,farms_total_count,87
1,2026-03-03,farms_total_count,850
7,2026-03-03,farms_total_count,121
11,2026-03-03,farms_blocked_count,18
19,2026-03-03,farms_total_count,1013
9,2026-03-03,farms_free_count,247
2,2026-03-03,farms_blocked_count,181
26,2026-03-03,farms_blocked_count,18
14,2026-03-03,farms_blocked_count,5
18,2026-03-03,farms_total_count,785
4,2026-03-03,farms_total_count,240
14,2026-03-03,farms_free_count,161
6,2026-03-03,farms_free_count,164
17,2026-03-03,farms_blocked_count,99
19,2026-03-03,farms_blocked_proportion,3
1,2026-03-03,farms_free_count,818
11,2026-03-03,farms_free_count,468
25,2026-03-03,farms_total_count,124
12,2026-03-03,farms_total_count,19
8,2026-03-03,farms_blocked_count,2
20,2026-03-03,farms_free_count,571
22,2026-03-03,farms_blocked_count,35
24,2026-03-03,farms_free_count,185
25,2026-03-03,farms_blocked_count,4
10,2026-03-03,farms_free_count,1044
23,2026-03-03,farms_blocked_count,11
LIE,2026-03-03,farms_total_count,60
17,2026-03-03,farms_total_count,1181
21,2026-03-03,farms_free_count,399
12,2026-03-03,farms_blocked_count,0
6,2026-03-03,farms_total_count,170
5,2026-03-03,farms_free_count,435
9,2026-03-03,farms_total_count,249
4,2026-03-03,farms_blocked_count,10
13,2026-03-03,farms_blocked_count,13
9,2026-03-03,farms_blocked_count,2
10,2026-03-03,farms_total_count,1098
21,2026-03-03,farms_blocked_count,35
4,2026-03-03,farms_free_count,230
11,2026-03-03,farms_total_count,486
20,2026-03-03,farms_blocked_count,27
23,2026-03-03,farms_total_count,1168
2,2026-03-03,farms_total_count,4024
14,2026-03-03,farms_total_count,166
24,2026-03-03,farms_total_count,194
25,2026-03-03,farms_free_count,120
7,2026-03-03,farms_free_count,114
3,2026-03-03,farms_blocked_count,41
26,2026-03-03,farms_free_count,484
16,2026-03-03,farms_total_count,140
16,2026-03-03,farms_blocked_proportion,11
8,2026-03-03,farms_free_count,85
16,2026-03-03,farms_blocked_count,15
19,2026-03-03,farms_blocked_count,34
24,2026-03-03,farms_blocked_count,9
17,2026-03-03,farms_free_count,1082
6,2026-03-03,farms_blocked_count,6
12,2026-03-03,farms_free_count,19
5,2026-03-03,farms_total_count,482
10,2026-03-03,farms_blocked_count,54
21,2026-03-03,farms_total_count,434
3,2026-03-03,farms_free_count,1988
7,2026-03-03,farms_blocked_count,7
15,2026-03-03,farms_blocked_count,18
26,2026-03-03,farms_total_count,502
15,2026-03-03,farms_total_count,309
3,2026-03-03,farms_total_count,2029
18,2026-03-03,farms_free_count,762
10,2026-03-10,farms_free_proportion,95
16,2026-03-10,farms_free_proportion,89
4,2026-03-10,farms_blocked_count,10
1,2026-03-10,farms_free_count,819
21,2026-03-10,farms_free_proportion,93
25,2026-03-10,farms_blocked_proportion,3
24,2026-03-10,farms_blocked_count,9
3,2026-03-10,farms_free_count,1990
7,2026-03-10,farms_free_proportion,95
23,2026-03-10,farms_total_count,1170
12,2026-03-10,farms_blocked_proportion,0
21,2026-03-10,farms_blocked_count,32
12,2026-03-10,farms_free_count,19
13,2026-03-10,farms_blocked_count,13
11,2026-03-10,farms_blocked_proportion,4
6,2026-03-10,farms_total_count,170
9,2026-03-10,farms_total_count,249
CHE,2026-03-10,farms_free_count,17134
15,2026-03-10,farms_blocked_count,18
CHE,2026-03-10,farms_total_count,17861
20,2026-03-10,farms_free_count,574
8,2026-03-10,farms_blocked_count,2
15,2026-03-10,farms_free_count,292
22,2026-03-10,farms_blocked_count,35
13,2026-03-10,farms_blocked_proportion,4
7,2026-03-10,farms_blocked_proportion,5
18,2026-03-10,farms_blocked_proportion,3
24,2026-03-10,farms_total_count,194
16,2026-03-10,farms_blocked_count,15
5,2026-03-10,farms_blocked_proportion,10
8,2026-03-10,farms_free_count,85
19,2026-03-10,farms_free_proportion,97
CHE,2026-03-10,farms_free_proportion,96
LIE,2026-03-10,farms_total_count,60
4,2026-03-10,farms_free_proportion,96
17,2026-03-10,farms_free_proportion,92
21,2026-03-10,farms_free_count,402
12,2026-03-10,farms_blocked_count,0
3,2026-03-10,farms_blocked_proportion,2
24,2026-03-10,farms_free_count,185
4,2026-03-10,farms_free_count,230
25,2026-03-10,farms_total_count,124
20,2026-03-10,farms_blocked_count,26
2,2026-03-10,farms_blocked_count,173
25,2026-03-10,farms_free_count,120
9,2026-03-10,farms_free_count,247
24,2026-03-10,farms_blocked_proportion,5
14,2026-03-10,farms_blocked_count,5
13,2026-03-10,farms_free_proportion,96
6,2026-03-10,farms_blocked_proportion,4
26,2026-03-10,farms_blocked_count,17
17,2026-03-10,farms_blocked_proportion,8
25,2026-03-10,farms_free_proportion,97
18,2026-03-10,farms_total_count,786
4,2026-03-10,farms_total_count,240
6,2026-03-10,farms_blocked_count,7
11,2026-03-10,farms_free_proportion,96
2,2026-03-10,farms_free_count,3852
8,2026-03-10,farms_blocked_proportion,2
10,2026-03-10,farms_blocked_proportion,5
17,2026-03-10,farms_blocked_count,93
26,2026-03-10,farms_total_count,502
12,2026-03-10,farms_free_proportion,100
6,2026-03-10,farms_free_proportion,96
7,2026-03-10,farms_blocked_count,6
11,2026-03-10,farms_blocked_count,19
7,2026-03-10,farms_total_count,121
14,2026-03-10,farms_free_proportion,97
20,2026-03-10,farms_total_count,600
15,2026-03-10,farms_free_proportion,94
11,2026-03-10,farms_total_count,486
5,2026-03-10,farms_total_count,482
3,2026-03-10,farms_total_count,2029
20,2026-03-10,farms_free_proportion,96
19,2026-03-10,farms_blocked_count,34
22,2026-03-10,farms_free_count,996
18,2026-03-10,farms_blocked_count,23
3,2026-03-10,farms_blocked_count,39
18,2026-03-10,farms_free_proportion,97
14,2026-03-10,farms_blocked_proportion,3
LIE,2026-03-10,farms_free_proportion,100
22,2026-03-10,farms_total_count,1031
2,2026-03-10,farms_free_proportion,96
8,2026-03-10,farms_free_proportion,98
5,2026-03-10,farms_free_proportion,90
23,2026-03-10,farms_free_count,1159
LIE,2026-03-10,farms_blocked_proportion,0
LIE,2026-03-10,farms_free_count,60
21,2026-03-10,farms_total_count,434
8,2026-03-10,farms_total_count,87
5,2026-03-10,farms_blocked_count,47
1,2026-03-10,farms_total_count,850
10,2026-03-10,farms_total_count,1102
19,2026-03-10,farms_blocked_proportion,3
24,2026-03-10,farms_free_proportion,95
13,2026-03-10,farms_free_count,334
23,2026-03-10,farms_blocked_proportion,1
14,2026-03-10,farms_total_count,166
26,2026-03-10,farms_blocked_proportion,3
23,2026-03-10,farms_blocked_count,11
21,2026-03-10,farms_blocked_proportion,7
LIE,2026-03-10,farms_blocked_count,0
16,2026-03-10,farms_blocked_proportion,11
2,2026-03-10,farms_blocked_proportion,4
16,2026-03-10,farms_total_count,141
22,2026-03-10,farms_blocked_proportion,3
26,2026-03-10,farms_free_proportion,97
10,2026-03-10,farms_free_count,1046
20,2026-03-10,farms_blocked_proportion,4
19,2026-03-10,farms_free_count,981
1,2026-03-10,farms_free_proportion,96
19,2026-03-10,farms_total_count,1015
9,2026-03-10,farms_free_proportion,99
17,2026-03-10,farms_total_count,1181
9,2026-03-10,farms_blocked_count,2
15,2026-03-10,farms_blocked_proportion,6
9,2026-03-10,farms_blocked_proportion,1
5,2026-03-10,farms_free_count,435
7,2026-03-10,farms_free_count,115
16,2026-03-10,farms_free_count,126
10,2026-03-10,farms_blocked_count,56
2,2026-03-10,farms_total_count,4025
26,2026-03-10,farms_free_count,485
15,2026-03-10,farms_total_count,310
14,2026-03-10,farms_free_count,161
1,2026-03-10,farms_blocked_count,31
18,2026-03-10,farms_free_count,763
23,2026-03-10,farms_free_proportion,99
13,2026-03-10,farms_total_count,347
4,2026-03-10,farms_blocked_proportion,4
CHE,2026-03-10,farms_blocked_count,727
CHE,2026-03-10,farms_blocked_proportion,4
12,2026-03-10,farms_total_count,19
11,2026-03-10,farms_free_count,467
3,2026-03-10,farms_free_proportion,98
17,2026-03-10,farms_free_count,1088
22,2026-03-10,farms_free_proportion,97
6,2026-03-10,farms_free_count,163
1,2026-03-10,farms_blocked_proportion,4
25,2026-03-10,farms_blocked_count,4
19,2026-03-17,farms_total_count,1015
14,2026-03-17,farms_blocked_proportion,3
18,2026-03-17,farms_blocked_count,25
23,2026-03-17,farms_free_count,1162
24,2026-03-17,farms_blocked_proportion,5
17,2026-03-17,farms_blocked_proportion,8
15,2026-03-17,farms_free_proportion,95
CHE,2026-03-17,farms_blocked_proportion,4
22,2026-03-17,farms_free_count,1001
26,2026-03-17,farms_blocked_count,18
4,2026-03-17,farms_total_count,241
14,2026-03-17,farms_free_count,161
13,2026-03-17,farms_free_proportion,96
13,2026-03-17,farms_total_count,347
26,2026-03-17,farms_free_count,484
14,2026-03-17,farms_total_count,166
5,2026-03-17,farms_free_proportion,89
LIE,2026-03-17,farms_blocked_proportion,0
23,2026-03-17,farms_blocked_proportion,1
23,2026-03-17,farms_free_proportion,99
8,2026-03-17,farms_free_proportion,100
11,2026-03-17,farms_free_proportion,97
2,2026-03-17,farms_free_proportion,96
21,2026-03-17,farms_blocked_proportion,8
11,2026-03-17,farms_blocked_count,17
7,2026-03-17,farms_free_count,113
2,2026-03-17,farms_blocked_count,158
22,2026-03-17,farms_total_count,1033
LIE,2026-03-17,farms_blocked_count,0
1,2026-03-17,farms_blocked_count,29
1,2026-03-17,farms_free_proportion,97
5,2026-03-17,farms_blocked_count,51
9,2026-03-17,farms_free_count,247
14,2026-03-17,farms_blocked_count,5
7,2026-03-17,farms_total_count,121
25,2026-03-17,farms_blocked_count,3
8,2026-03-17,farms_blocked_proportion,0
17,2026-03-17,farms_total_count,1183
3,2026-03-17,farms_total_count,2029
15,2026-03-17,farms_total_count,310
5,2026-03-17,farms_total_count,482
20,2026-03-17,farms_total_count,600
6,2026-03-17,farms_free_count,163
3,2026-03-17,farms_blocked_count,37
3,2026-03-17,farms_free_count,1992
24,2026-03-17,farms_blocked_count,9
CHE,2026-03-17,farms_blocked_count,714
12,2026-03-17,farms_free_count,19
25,2026-03-17,farms_blocked_proportion,2
10,2026-03-17,farms_free_proportion,95
17,2026-03-17,farms_free_count,1083
17,2026-03-17,farms_free_proportion,92
18,2026-03-17,farms_free_count,761
16,2026-03-17,farms_blocked_count,14
15,2026-03-17,farms_blocked_count,17
7,2026-03-17,farms_blocked_proportion,7
4,2026-03-17,farms_blocked_proportion,4
CHE,2026-03-17,farms_total_count,17873
3,2026-03-17,farms_free_proportion,98
24,2026-03-17,farms_total_count,195
19,2026-03-17,farms_blocked_count,37
26,2026-03-17,farms_blocked_proportion,4
8,2026-03-17,farms_free_count,87
17,2026-03-17,farms_blocked_count,100
10,2026-03-17,farms_blocked_count,56
2,2026-03-17,farms_total_count,4028
1,2026-03-17,farms_free_count,822
12,2026-03-17,farms_free_proportion,100
6,2026-03-17,farms_free_proportion,96
15,2026-03-17,farms_blocked_proportion,5
10,2026-03-17,farms_blocked_proportion,5
19,2026-03-17,farms_blocked_proportion,4
2,2026-03-17,farms_free_count,3870
6,2026-03-17,farms_blocked_count,7
9,2026-03-17,farms_free_proportion,99
25,2026-03-17,farms_free_proportion,98
6,2026-03-17,farms_blocked_proportion,4
25,2026-03-17,farms_free_count,121
22,2026-03-17,farms_blocked_proportion,3
14,2026-03-17,farms_free_proportion,97
7,2026-03-17,farms_blocked_count,8
21,2026-03-17,farms_total_count,434
16,2026-03-17,farms_total_count,141
16,2026-03-17,farms_blocked_proportion,10
LIE,2026-03-17,farms_free_proportion,100
CHE,2026-03-17,farms_free_proportion,96
18,2026-03-17,farms_total_count,786
26,2026-03-17,farms_total_count,502
8,2026-03-17,farms_total_count,87
19,2026-03-17,farms_free_count,978
20,2026-03-17,farms_blocked_proportion,4
20,2026-03-17,farms_blocked_count,25
16,2026-03-17,farms_free_proportion,90
8,2026-03-17,farms_blocked_count,0
21,2026-03-17,farms_free_count,401
22,2026-03-17,farms_blocked_count,32
23,2026-03-17,farms_total_count,1171
9,2026-03-17,farms_blocked_proportion,1
2,2026-03-17,farms_blocked_proportion,4
13,2026-03-17,farms_blocked_count,13
12,2026-03-17,farms_blocked_proportion,0
4,2026-03-17,farms_free_count,232
4,2026-03-17,farms_free_proportion,96
9,2026-03-17,farms_total_count,249
12,2026-03-17,farms_blocked_count,0
13,2026-03-17,farms_blocked_proportion,4
18,2026-03-17,farms_free_proportion,97
13,2026-03-17,farms_free_count,334
9,2026-03-17,farms_blocked_count,2
21,2026-03-17,farms_blocked_count,33
LIE,2026-03-17,farms_total_count,60
23,2026-03-17,farms_blocked_count,9
18,2026-03-17,farms_blocked_proportion,3
CHE,2026-03-17,farms_free_count,17159
21,2026-03-17,farms_free_proportion,92
7,2026-03-17,farms_free_proportion,93
22,2026-03-17,farms_free_proportion,97
19,2026-03-17,farms_free_proportion,96
5,2026-03-17,farms_free_count,431
26,2026-03-17,farms_free_proportion,96
20,2026-03-17,farms_free_proportion,96
11,2026-03-17,farms_blocked_proportion,3
4,2026-03-17,farms_blocked_count,9
1,2026-03-17,farms_total_count,851
24,2026-03-17,farms_free_proportion,95
10,2026-03-17,farms_total_count,1102
12,2026-03-17,farms_total_count,19
25,2026-03-17,farms_total_count,124
11,2026-03-17,farms_free_count,470
10,2026-03-17,farms_free_count,1046
3,2026-03-17,farms_blocked_proportion,2
5,2026-03-17,farms_blocked_proportion,11
LIE,2026-03-17,farms_free_count,60
1,2026-03-17,farms_blocked_proportion,3
15,2026-03-17,farms_free_count,293
11,2026-03-17,farms_total_count,487
16,2026-03-17,farms_free_count,127
24,2026-03-17,farms_free_count,186
6,2026-03-17,farms_total_count,170
20,2026-03-17,farms_free_count,575
19,2026-03-24,farms_free_proportion,97
12,2026-03-24,farms_blocked_count,0
6,2026-03-24,farms_total_count,170
LIE,2026-03-24,farms_free_proportion,97
20,2026-03-24,farms_free_proportion,96
23,2026-03-24,farms_blocked_count,9
6,2026-03-24,farms_free_proportion,95
26,2026-03-24,farms_total_count,502
4,2026-03-24,farms_blocked_count,11
25,2026-03-24,farms_free_proportion,97
6,2026-03-24,farms_blocked_count,8
5,2026-03-24,farms_free_count,433
24,2026-03-24,farms_free_count,186
16,2026-03-24,farms_total_count,141
9,2026-03-24,farms_free_proportion,99
21,2026-03-24,farms_free_count,402
25,2026-03-24,farms_free_count,120
7,2026-03-24,farms_blocked_count,7
14,2026-03-24,farms_free_proportion,97
LIE,2026-03-24,farms_total_count,60
4,2026-03-24,farms_free_proportion,95
21,2026-03-24,farms_total_count,435
6,2026-03-24,farms_blocked_proportion,5
16,2026-03-24,farms_blocked_proportion,10
15,2026-03-24,farms_total_count,310
8,2026-03-24,farms_free_count,87
20,2026-03-24,farms_free_count,577
10,2026-03-24,farms_free_proportion,95
17,2026-03-24,farms_free_count,1079
15,2026-03-24,farms_blocked_count,17
17,2026-03-24,farms_free_proportion,91
15,2026-03-24,farms_free_count,293
18,2026-03-24,farms_free_count,766
6,2026-03-24,farms_free_count,162
3,2026-03-24,farms_free_proportion,98
12,2026-03-24,farms_total_count,19
16,2026-03-24,farms_blocked_count,14
7,2026-03-24,farms_blocked_proportion,6
1,2026-03-24,farms_total_count,852
4,2026-03-24,farms_blocked_proportion,5
25,2026-03-24,farms_blocked_count,4
1,2026-03-24,farms_blocked_proportion,3
3,2026-03-24,farms_blocked_count,36
22,2026-03-24,farms_free_proportion,97
CHE,2026-03-24,farms_blocked_count,699
25,2026-03-24,farms_blocked_proportion,3
22,2026-03-24,farms_blocked_count,28
13,2026-03-24,farms_free_count,334
5,2026-03-24,farms_blocked_proportion,10
19,2026-03-24,farms_blocked_count,35
12,2026-03-24,farms_free_count,19
CHE,2026-03-24,farms_free_count,17183
3,2026-03-24,farms_total_count,2029
2,2026-03-24,farms_free_count,3877
5,2026-03-24,farms_total_count,482
26,2026-03-24,farms_blocked_proportion,4
20,2026-03-24,farms_total_count,601
3,2026-03-24,farms_free_count,1993
10,2026-03-24,farms_free_count,1049
17,2026-03-24,farms_total_count,1183
18,2026-03-24,farms_blocked_proportion,3
CHE,2026-03-24,farms_total_count,17882
19,2026-03-24,farms_free_count,980
24,2026-03-24,farms_total_count,195
24,2026-03-24,farms_blocked_count,9
13,2026-03-24,farms_blocked_proportion,4
10,2026-03-24,farms_blocked_proportion,5
22,2026-03-24,farms_blocked_proportion,3
20,2026-03-24,farms_blocked_proportion,4
14,2026-03-24,farms_total_count,166
4,2026-03-24,farms_free_count,230
23,2026-03-24,farms_free_count,1162
9,2026-03-24,farms_blocked_count,2
LIE,2026-03-24,farms_blocked_proportion,3
23,2026-03-24,farms_blocked_proportion,1
CHE,2026-03-24,farms_blocked_proportion,4
8,2026-03-24,farms_total_count,87
21,2026-03-24,farms_blocked_count,33
2,2026-03-24,farms_blocked_count,152
9,2026-03-24,farms_total_count,249
7,2026-03-24,farms_free_proportion,94
21,2026-03-24,farms_blocked_proportion,8
12,2026-03-24,farms_blocked_proportion,0
26,2026-03-24,farms_free_count,484
23,2026-03-24,farms_total_count,1171
14,2026-03-24,farms_blocked_count,5
23,2026-03-24,farms_free_proportion,99
5,2026-03-24,farms_free_proportion,90
20,2026-03-24,farms_blocked_count,24
8,2026-03-24,farms_free_proportion,100
19,2026-03-24,farms_blocked_proportion,3
11,2026-03-24,farms_total_count,487
22,2026-03-24,farms_free_count,1005
8,2026-03-24,farms_blocked_count,0
25,2026-03-24,farms_total_count,124
15,2026-03-24,farms_free_proportion,95
7,2026-03-24,farms_free_count,115
18,2026-03-24,farms_blocked_count,23
2,2026-03-24,farms_blocked_proportion,4
11,2026-03-24,farms_free_count,469
LIE,2026-03-24,farms_free_count,58
5,2026-03-24,farms_blocked_count,49
1,2026-03-24,farms_blocked_count,26
22,2026-03-24,farms_total_count,1033
13,2026-03-24,farms_total_count,347
1,2026-03-24,farms_free_proportion,97
16,2026-03-24,farms_free_count,127
2,2026-03-24,farms_free_proportion,96
14,2026-03-24,farms_blocked_proportion,3
9,2026-03-24,farms_free_count,247
11,2026-03-24,farms_blocked_count,18
13,2026-03-24,farms_free_proportion,96
11,2026-03-24,farms_free_proportion,96
24,2026-03-24,farms_free_proportion,95
16,2026-03-24,farms_free_proportion,90
18,2026-03-24,farms_total_count,789
10,2026-03-24,farms_total_count,1103
8,2026-03-24,farms_blocked_proportion,0
10,2026-03-24,farms_blocked_count,54
17,2026-03-24,farms_blocked_count,104
CHE,2026-03-24,farms_free_proportion,96
13,2026-03-24,farms_blocked_count,13
2,2026-03-24,farms_total_count,4029
3,2026-03-24,farms_blocked_proportion,2
1,2026-03-24,farms_free_count,826
26,2026-03-24,farms_blocked_count,18
26,2026-03-24,farms_free_proportion,96
12,2026-03-24,farms_free_proportion,100
15,2026-03-24,farms_blocked_proportion,5
9,2026-03-24,farms_blocked_proportion,1
14,2026-03-24,farms_free_count,161
7,2026-03-24,farms_total_count,122
LIE,2026-03-24,farms_blocked_count,2
4,2026-03-24,farms_total_count,241
24,2026-03-24,farms_blocked_proportion,5
11,2026-03-24,farms_blocked_proportion,4
19,2026-03-24,farms_total_count,1015
21,2026-03-24,farms_free_proportion,92
18,2026-03-24,farms_free_proportion,97
17,2026-03-24,farms_blocked_proportion,9
13,2026-03-31,farms_blocked_count,11
3,2026-03-31,farms_blocked_proportion,2
26,2026-03-31,farms_blocked_proportion,3
6,2026-03-31,farms_total_count,171
CHE,2026-03-31,farms_free_count,17218
7,2026-03-31,farms_total_count,122
24,2026-03-31,farms_blocked_proportion,5
12,2026-03-31,farms_free_count,19
12,2026-03-31,farms_blocked_count,0
25,2026-03-31,farms_blocked_count,3
6,2026-03-31,farms_free_proportion,95
26,2026-03-31,farms_blocked_count,17
11,2026-03-31,farms_total_count,487
25,2026-03-31,farms_free_proportion,98
8,2026-03-31,farms_blocked_count,0
8,2026-03-31,farms_free_proportion,100
18,2026-03-31,farms_free_proportion,97
7,2026-03-31,farms_free_count,115
24,2026-03-31,farms_total_count,195
10,2026-03-31,farms_blocked_count,52
26,2026-03-31,farms_free_proportion,97
5,2026-03-31,farms_total_count,484
18,2026-03-31,farms_blocked_proportion,3
16,2026-03-31,farms_free_count,128
7,2026-03-31,farms_free_proportion,94
2,2026-03-31,farms_blocked_count,144
3,2026-03-31,farms_free_proportion,98
25,2026-03-31,farms_free_count,121
LIE,2026-03-31,farms_blocked_count,4
14,2026-03-31,farms_total_count,166
24,2026-03-31,farms_free_proportion,95
15,2026-03-31,farms_blocked_count,16
18,2026-03-31,farms_blocked_count,20
8,2026-03-31,farms_blocked_proportion,0
CHE,2026-03-31,farms_blocked_count,676
21,2026-03-31,farms_free_proportion,93
10,2026-03-31,farms_total_count,1104
23,2026-03-31,farms_total_count,1171
12,2026-03-31,farms_blocked_proportion,0
4,2026-03-31,farms_free_count,230
20,2026-03-31,farms_blocked_count,24
LIE,2026-03-31,farms_free_count,56
25,2026-03-31,farms_total_count,124
20,2026-03-31,farms_free_proportion,96
22,2026-03-31,farms_free_count,1005
13,2026-03-31,farms_total_count,347
26,2026-03-31,farms_free_count,485
15,2026-03-31,farms_free_proportion,95
11,2026-03-31,farms_free_count,472
19,2026-03-31,farms_blocked_proportion,4
1,2026-03-31,farms_free_proportion,97
23,2026-03-31,farms_free_proportion,99
14,2026-03-31,farms_blocked_proportion,2
5,2026-03-31,farms_blocked_count,47
23,2026-03-31,farms_blocked_proportion,1
22,2026-03-31,farms_total_count,1033
2,2026-03-31,farms_free_proportion,96
1,2026-03-31,farms_blocked_count,25
5,2026-03-31,farms_free_proportion,90
23,2026-03-31,farms_free_count,1163
LIE,2026-03-31,farms_blocked_proportion,7
3,2026-03-31,farms_blocked_count,40
17,2026-03-31,farms_total_count,1185
11,2026-03-31,farms_blocked_proportion,3
2,2026-03-31,farms_blocked_proportion,4
15,2026-03-31,farms_free_count,294
20,2026-03-31,farms_free_count,577
CHE,2026-03-31,farms_blocked_proportion,4
1,2026-03-31,farms_blocked_proportion,3
22,2026-03-31,farms_blocked_count,28
19,2026-03-31,farms_free_count,980
13,2026-03-31,farms_blocked_proportion,3
10,2026-03-31,farms_free_count,1052
12,2026-03-31,farms_total_count,19
22,2026-03-31,farms_free_proportion,97
5,2026-03-31,farms_blocked_proportion,10
19,2026-03-31,farms_free_proportion,96
13,2026-03-31,farms_free_count,336
4,2026-03-31,farms_free_proportion,95
21,2026-03-31,farms_free_count,404
LIE,2026-03-31,farms_total_count,60
23,2026-03-31,farms_blocked_count,8
4,2026-03-31,farms_blocked_count,11
9,2026-03-31,farms_total_count,249
24,2026-03-31,farms_free_count,186
5,2026-03-31,farms_free_count,437
20,2026-03-31,farms_blocked_proportion,4
9,2026-03-31,farms_blocked_proportion,1
21,2026-03-31,farms_blocked_count,31
16,2026-03-31,farms_free_proportion,91
9,2026-03-31,farms_blocked_count,3
8,2026-03-31,farms_total_count,87
1,2026-03-31,farms_total_count,854
6,2026-03-31,farms_blocked_proportion,5
10,2026-03-31,farms_blocked_proportion,5
25,2026-03-31,farms_blocked_proportion,2
24,2026-03-31,farms_blocked_count,9
26,2026-03-31,farms_total_count,502
15,2026-03-31,farms_blocked_proportion,5
6,2026-03-31,farms_blocked_count,9
9,2026-03-31,farms_free_proportion,99
21,2026-03-31,farms_blocked_proportion,7
16,2026-03-31,farms_blocked_proportion,9
16,2026-03-31,farms_total_count,141
7,2026-03-31,farms_blocked_count,7
14,2026-03-31,farms_free_proportion,98
6,2026-03-31,farms_free_count,162
17,2026-03-31,farms_free_count,1082
LIE,2026-03-31,farms_free_proportion,93
CHE,2026-03-31,farms_total_count,17894
8,2026-03-31,farms_free_count,87
19,2026-03-31,farms_blocked_count,36
20,2026-03-31,farms_total_count,601
3,2026-03-31,farms_free_count,1991
3,2026-03-31,farms_total_count,2031
15,2026-03-31,farms_total_count,310
10,2026-03-31,farms_free_proportion,95
21,2026-03-31,farms_total_count,435
4,2026-03-31,farms_blocked_proportion,5
11,2026-03-31,farms_blocked_count,15
19,2026-03-31,farms_total_count,1016
CHE,2026-03-31,farms_free_proportion,96
16,2026-03-31,farms_blocked_count,13
14,2026-03-31,farms_blocked_count,4
9,2026-03-31,farms_free_count,246
13,2026-03-31,farms_free_proportion,97
17,2026-03-31,farms_free_proportion,91
7,2026-03-31,farms_blocked_proportion,6
22,2026-03-31,farms_blocked_proportion,3
2,2026-03-31,farms_free_count,3885
11,2026-03-31,farms_free_proportion,97
4,2026-03-31,farms_total_count,241
18,2026-03-31,farms_total_count,790
14,2026-03-31,farms_free_count,162
18,2026-03-31,farms_free_count,770
17,2026-03-31,farms_blocked_count,103
1,2026-03-31,farms_free_count,829
12,2026-03-31,farms_free_proportion,100
2,2026-03-31,farms_total_count,4029
17,2026-03-31,farms_blocked_proportion,9
12,2026-04-07,farms_total_count,19
1,2026-04-07,farms_blocked_proportion,3
CHE,2026-04-07,farms_blocked_count,686
4,2026-04-07,farms_blocked_proportion,4
21,2026-04-07,farms_blocked_proportion,7
15,2026-04-07,farms_total_count,310
16,2026-04-07,farms_total_count,141
20,2026-04-07,farms_blocked_proportion,4
9,2026-04-07,farms_blocked_proportion,2
26,2026-04-07,farms_blocked_proportion,3
9,2026-04-07,farms_blocked_count,4
26,2026-04-07,farms_free_proportion,97
13,2026-04-07,farms_total_count,348
22,2026-04-07,farms_blocked_proportion,3
10,2026-04-07,farms_blocked_count,59
23,2026-04-07,farms_blocked_proportion,1
2,2026-04-07,farms_total_count,4038
19,2026-04-07,farms_total_count,1016
25,2026-04-07,farms_blocked_count,3
23,2026-04-07,farms_blocked_count,10
1,2026-04-07,farms_blocked_count,26
3,2026-04-07,farms_blocked_count,54
16,2026-04-07,farms_free_count,132
11,2026-04-07,farms_blocked_count,19
14,2026-04-07,farms_blocked_count,4
13,2026-04-07,farms_free_proportion,97
17,2026-04-07,farms_blocked_proportion,9
24,2026-04-07,farms_blocked_proportion,5
18,2026-04-07,farms_total_count,790
17,2026-04-07,farms_blocked_count,101
26,2026-04-07,farms_blocked_count,17
25,2026-04-07,farms_free_proportion,98
12,2026-04-07,farms_free_proportion,100
6,2026-04-07,farms_blocked_count,10
6,2026-04-07,farms_blocked_proportion,6
25,2026-04-07,farms_free_count,121
26,2026-04-07,farms_total_count,502
7,2026-04-07,farms_blocked_count,7
LIE,2026-04-07,farms_free_proportion,90
3,2026-04-07,farms_free_count,1977
3,2026-04-07,farms_total_count,2031
2,2026-04-07,farms_free_count,3897
24,2026-04-07,farms_total_count,195
24,2026-04-07,farms_blocked_count,9
10,2026-04-07,farms_free_proportion,95
7,2026-04-07,farms_blocked_proportion,6
8,2026-04-07,farms_total_count,88
7,2026-04-07,farms_total_count,122
2,2026-04-07,farms_free_proportion,97
8,2026-04-07,farms_free_proportion,100
22,2026-04-07,farms_blocked_count,28
10,2026-04-07,farms_free_count,1045
5,2026-04-07,farms_blocked_proportion,8
6,2026-04-07,farms_total_count,171
19,2026-04-07,farms_free_proportion,96
LIE,2026-04-07,farms_total_count,60
4,2026-04-07,farms_blocked_count,10
24,2026-04-07,farms_free_count,186
CHE,2026-04-07,farms_blocked_proportion,4
3,2026-04-07,farms_blocked_proportion,3
18,2026-04-07,farms_free_proportion,98
15,2026-04-07,farms_free_count,299
21,2026-04-07,farms_blocked_count,32
11,2026-04-07,farms_blocked_proportion,4
10,2026-04-07,farms_total_count,1104
20,2026-04-07,farms_blocked_count,24
LIE,2026-04-07,farms_free_count,54
25,2026-04-07,farms_total_count,124
8,2026-04-07,farms_blocked_count,0
CHE,2026-04-07,farms_free_count,17226
15,2026-04-07,farms_free_proportion,96
5,2026-04-07,farms_blocked_count,41
14,2026-04-07,farms_blocked_proportion,2
18,2026-04-07,farms_blocked_count,17
16,2026-04-07,farms_free_proportion,94
17,2026-04-07,farms_total_count,1186
6,2026-04-07,farms_free_count,161
9,2026-04-07,farms_total_count,250
5,2026-04-07,farms_total_count,484
22,2026-04-07,farms_total_count,1033
2,2026-04-07,farms_blocked_proportion,3
5,2026-04-07,farms_free_proportion,92
LIE,2026-04-07,farms_blocked_proportion,10
15,2026-04-07,farms_blocked_count,11
4,2026-04-07,farms_free_proportion,96
23,2026-04-07,farms_free_count,1162
26,2026-04-07,farms_free_count,485
11,2026-04-07,farms_free_count,469
19,2026-04-07,farms_blocked_proportion,4
18,2026-04-07,farms_free_count,773
23,2026-04-07,farms_free_proportion,99
9,2026-04-07,farms_free_count,246
12,2026-04-07,farms_blocked_count,0
16,2026-04-07,farms_blocked_count,9
17,2026-04-07,farms_free_proportion,91
12,2026-04-07,farms_free_count,19
CHE,2026-04-07,farms_free_proportion,96
1,2026-04-07,farms_free_proportion,97
5,2026-04-07,farms_free_count,443
CHE,2026-04-07,farms_total_count,17912
19,2026-04-07,farms_free_count,977
2,2026-04-07,farms_blocked_count,141
21,2026-04-07,farms_free_proportion,93
13,2026-04-07,farms_blocked_proportion,3
23,2026-04-07,farms_total_count,1172
7,2026-04-07,farms_free_proportion,94
12,2026-04-07,farms_blocked_proportion,0
7,2026-04-07,farms_free_count,115
20,2026-04-07,farms_free_count,578
1,2026-04-07,farms_total_count,854
4,2026-04-07,farms_free_count,231
11,2026-04-07,farms_total_count,488
13,2026-04-07,farms_blocked_count,11
20,2026-04-07,farms_free_proportion,96
22,2026-04-07,farms_free_proportion,97
22,2026-04-07,farms_free_count,1005
6,2026-04-07,farms_free_proportion,94
8,2026-04-07,farms_blocked_proportion,0
13,2026-04-07,farms_free_count,337
18,2026-04-07,farms_blocked_proportion,2
21,2026-04-07,farms_free_count,405
21,2026-04-07,farms_total_count,437
1,2026-04-07,farms_free_count,828
3,2026-04-07,farms_free_proportion,97
20,2026-04-07,farms_total_count,602
LIE,2026-04-07,farms_blocked_count,6
17,2026-04-07,farms_free_count,1085
15,2026-04-07,farms_blocked_proportion,4
14,2026-04-07,farms_free_count,162
14,2026-04-07,farms_total_count,166
9,2026-04-07,farms_free_proportion,98
10,2026-04-07,farms_blocked_proportion,5
19,2026-04-07,farms_blocked_count,39
11,2026-04-07,farms_free_proportion,96
4,2026-04-07,farms_total_count,241
25,2026-04-07,farms_blocked_proportion,2
14,2026-04-07,farms_free_proportion,98
8,2026-04-07,farms_free_count,88
24,2026-04-07,farms_free_proportion,95
16,2026-04-07,farms_blocked_proportion,6
8,2026-04-14,farms_blocked_proportion,1
1,2026-04-14,farms_free_count,830
19,2026-04-14,farms_blocked_count,37
12,2026-04-14,farms_blocked_proportion,0
20,2026-04-14,farms_free_proportion,97
3,2026-04-14,farms_total_count,2031
26,2026-04-14,farms_total_count,502
LIE,2026-04-14,farms_free_count,52
4,2026-04-14,farms_free_count,232
20,2026-04-14,farms_blocked_count,21
6,2026-04-14,farms_blocked_proportion,5
CHE,2026-04-14,farms_free_proportion,96
26,2026-04-14,farms_blocked_count,17
14,2026-04-14,farms_free_proportion,97
10,2026-04-14,farms_total_count,1105
LIE,2026-04-14,farms_total_count,60
6,2026-04-14,farms_free_count,162
4,2026-04-14,farms_blocked_count,9
7,2026-04-14,farms_total_count,122
9,2026-04-14,farms_total_count,250
2,2026-04-14,farms_blocked_count,133
8,2026-04-14,farms_free_count,88
25,2026-04-14,farms_free_count,121
21,2026-04-14,farms_blocked_count,31
24,2026-04-14,farms_free_count,186
11,2026-04-14,farms_blocked_proportion,4
21,2026-04-14,farms_free_proportion,93
LIE,2026-04-14,farms_free_proportion,87
24,2026-04-14,farms_blocked_proportion,5
23,2026-04-14,farms_total_count,1175
7,2026-04-14,farms_blocked_count,7
16,2026-04-14,farms_free_proportion,94
6,2026-04-14,farms_blocked_count,9
17,2026-04-14,farms_blocked_proportion,9
25,2026-04-14,farms_total_count,124
3,2026-04-14,farms_blocked_count,47
8,2026-04-14,farms_total_count,89
18,2026-04-14,farms_total_count,792
11,2026-04-14,farms_blocked_count,18
24,2026-04-14,farms_blocked_count,9
14,2026-04-14,farms_blocked_count,5
18,2026-04-14,farms_free_count,777
23,2026-04-14,farms_free_count,1161
9,2026-04-14,farms_free_count,246
4,2026-04-14,farms_total_count,241
25,2026-04-14,farms_blocked_proportion,2
17,2026-04-14,farms_free_proportion,91
7,2026-04-14,farms_blocked_proportion,6
11,2026-04-14,farms_free_proportion,96
13,2026-04-14,farms_free_proportion,97
10,2026-04-14,farms_free_proportion,95
16,2026-04-14,farms_blocked_count,9
LIE,2026-04-14,farms_blocked_proportion,13
17,2026-04-14,farms_blocked_count,107
12,2026-04-14,farms_free_proportion,100
25,2026-04-14,farms_free_proportion,98
15,2026-04-14,farms_blocked_count,8
6,2026-04-14,farms_free_proportion,95
22,2026-04-14,farms_free_count,1007
15,2026-04-14,farms_free_proportion,97
10,2026-04-14,farms_blocked_proportion,5
5,2026-04-14,farms_blocked_count,35
20,2026-04-14,farms_total_count,603
14,2026-04-14,farms_blocked_proportion,3
12,2026-04-14,farms_free_count,19
22,2026-04-14,farms_total_count,1034
2,2026-04-14,farms_free_count,3911
24,2026-04-14,farms_total_count,195
5,2026-04-14,farms_total_count,486
5,2026-04-14,farms_free_proportion,93
2,2026-04-14,farms_free_proportion,97
21,2026-04-14,farms_total_count,438
3,2026-04-14,farms_free_count,1984
CHE,2026-04-14,farms_blocked_proportion,4
CHE,2026-04-14,farms_total_count,17935
4,2026-04-14,farms_free_proportion,96
7,2026-04-14,farms_free_count,115
14,2026-04-14,farms_free_count,162
20,2026-04-14,farms_blocked_proportion,3
1,2026-04-14,farms_free_proportion,97
2,2026-04-14,farms_total_count,4044
13,2026-04-14,farms_blocked_count,10
3,2026-04-14,farms_blocked_proportion,2
19,2026-04-14,farms_total_count,1017
5,2026-04-14,farms_free_count,451
22,2026-04-14,farms_blocked_proportion,3
25,2026-04-14,farms_blocked_count,3
18,2026-04-14,farms_free_proportion,98
15,2026-04-14,farms_blocked_proportion,3
12,2026-04-14,farms_total_count,19
10,2026-04-14,farms_blocked_count,58
LIE,2026-04-14,farms_blocked_count,8
23,2026-04-14,farms_blocked_count,14
9,2026-04-14,farms_free_proportion,98
9,2026-04-14,farms_blocked_proportion,2
6,2026-04-14,farms_total_count,171
23,2026-04-14,farms_free_proportion,99
1,2026-04-14,farms_blocked_count,24
23,2026-04-14,farms_blocked_proportion,1
13,2026-04-14,farms_free_count,338
19,2026-04-14,farms_blocked_proportion,4
16,2026-04-14,farms_free_count,132
18,2026-04-14,farms_blocked_proportion,2
26,2026-04-14,farms_free_proportion,97
26,2026-04-14,farms_free_count,485
24,2026-04-14,farms_free_proportion,95
21,2026-04-14,farms_blocked_proportion,7
14,2026-04-14,farms_total_count,167
21,2026-04-14,farms_free_count,407
9,2026-04-14,farms_blocked_count,4
11,2026-04-14,farms_free_count,471
2,2026-04-14,farms_blocked_proportion,3
13,2026-04-14,farms_total_count,348
11,2026-04-14,farms_total_count,489
22,2026-04-14,farms_free_proportion,97
12,2026-04-14,farms_blocked_count,0
10,2026-04-14,farms_free_count,1047
15,2026-04-14,farms_total_count,310
5,2026-04-14,farms_blocked_proportion,7
CHE,2026-04-14,farms_free_count,17277
1,2026-04-14,farms_total_count,854
19,2026-04-14,farms_free_count,980
18,2026-04-14,farms_blocked_count,15
17,2026-04-14,farms_free_count,1081
26,2026-04-14,farms_blocked_proportion,3
8,2026-04-14,farms_free_proportion,99
19,2026-04-14,farms_free_proportion,96
13,2026-04-14,farms_blocked_proportion,3
CHE,2026-04-14,farms_blocked_count,658
7,2026-04-14,farms_free_proportion,94
3,2026-04-14,farms_free_proportion,98
8,2026-04-14,farms_blocked_count,1
16,2026-04-14,farms_total_count,141
4,2026-04-14,farms_blocked_proportion,4
1,2026-04-14,farms_blocked_proportion,3
20,2026-04-14,farms_free_count,582
16,2026-04-14,farms_blocked_proportion,6
22,2026-04-14,farms_blocked_count,27
15,2026-04-14,farms_free_count,302
17,2026-04-14,farms_total_count,1188
17,2026-04-21,farms_blocked_proportion,8
21,2026-04-21,farms_blocked_proportion,7
4,2026-04-21,farms_blocked_proportion,4
17,2026-04-21,farms_free_count,1098
11,2026-04-21,farms_free_proportion,97
14,2026-04-21,farms_free_proportion,97
6,2026-04-21,farms_free_count,162
13,2026-04-21,farms_free_count,334
13,2026-04-21,farms_free_proportion,96
1,2026-04-21,farms_blocked_count,24
7,2026-04-21,farms_blocked_count,7
9,2026-04-21,farms_free_proportion,99
4,2026-04-21,farms_total_count,241
10,2026-04-21,farms_blocked_proportion,5
3,2026-04-21,farms_free_count,1994
15,2026-04-21,farms_blocked_proportion,3
6,2026-04-21,farms_blocked_count,9
12,2026-04-21,farms_free_proportion,100
22,2026-04-21,farms_blocked_proportion,3
21,2026-04-21,farms_total_count,438
CHE,2026-04-21,farms_blocked_count,654
26,2026-04-21,farms_total_count,503
18,2026-04-21,farms_total_count,792
2,2026-04-21,farms_total_count,4044
15,2026-04-21,farms_total_count,311
9,2026-04-21,farms_free_count,249
1,2026-04-21,farms_free_count,830
19,2026-04-21,farms_total_count,1018
6,2026-04-21,farms_blocked_proportion,5
14,2026-04-21,farms_free_count,162
16,2026-04-21,farms_blocked_proportion,6
16,2026-04-21,farms_total_count,141
17,2026-04-21,farms_blocked_count,94
2,2026-04-21,farms_free_proportion,96
18,2026-04-21,farms_free_count,779
4,2026-04-21,farms_free_count,232
1,2026-04-21,farms_total_count,854
20,2026-04-21,farms_blocked_count,20
12,2026-04-21,farms_blocked_proportion,0
1,2026-04-21,farms_blocked_proportion,3
10,2026-04-21,farms_total_count,1105
22,2026-04-21,farms_blocked_count,26
20,2026-04-21,farms_free_count,584
23,2026-04-21,farms_total_count,1178
CHE,2026-04-21,farms_free_proportion,96
13,2026-04-21,farms_blocked_proportion,4
21,2026-04-21,farms_free_proportion,93
11,2026-04-21,farms_blocked_proportion,3
24,2026-04-21,farms_free_count,186
16,2026-04-21,farms_free_proportion,94
10,2026-04-21,farms_free_count,1047
5,2026-04-21,farms_blocked_proportion,7
21,2026-04-21,farms_blocked_count,31
21,2026-04-21,farms_free_count,407
19,2026-04-21,farms_free_count,983
9,2026-04-21,farms_total_count,252
19,2026-04-21,farms_free_proportion,97
4,2026-04-21,farms_blocked_count,9
4,2026-04-21,farms_free_proportion,96
LIE,2026-04-21,farms_total_count,60
LIE,2026-04-21,farms_free_count,52
23,2026-04-21,farms_free_proportion,99
12,2026-04-21,farms_total_count,19
5,2026-04-21,farms_free_count,452
23,2026-04-21,farms_blocked_proportion,1
14,2026-04-21,farms_blocked_count,5
CHE,2026-04-21,farms_blocked_proportion,4
19,2026-04-21,farms_blocked_proportion,3
23,2026-04-21,farms_free_count,1164
8,2026-04-21,farms_total_count,89
LIE,2026-04-21,farms_blocked_proportion,13
13,2026-04-21,farms_total_count,348
9,2026-04-21,farms_blocked_count,3
11,2026-04-21,farms_free_count,472
5,2026-04-21,farms_free_proportion,93
2,2026-04-21,farms_blocked_proportion,4
22,2026-04-21,farms_total_count,1036
9,2026-04-21,farms_blocked_proportion,1
15,2026-04-21,farms_free_count,302
20,2026-04-21,farms_blocked_proportion,3
14,2026-04-21,farms_blocked_proportion,3
5,2026-04-21,farms_blocked_count,35
15,2026-04-21,farms_free_proportion,97
22,2026-04-21,farms_free_count,1010
25,2026-04-21,farms_total_count,124
23,2026-04-21,farms_blocked_count,14
1,2026-04-21,farms_free_proportion,97
26,2026-04-21,farms_free_count,486
22,2026-04-21,farms_free_proportion,97
20,2026-04-21,farms_free_proportion,97
11,2026-04-21,farms_blocked_count,17
16,2026-04-21,farms_free_count,132
7,2026-04-21,farms_free_proportion,94
10,2026-04-21,farms_blocked_count,58
15,2026-04-21,farms_blocked_count,9
26,2026-04-21,farms_blocked_count,17
8,2026-04-21,farms_free_proportion,99
20,2026-04-21,farms_total_count,604
2,2026-04-21,farms_free_count,3890
CHE,2026-04-21,farms_free_count,17298
25,2026-04-21,farms_free_proportion,98
6,2026-04-21,farms_free_proportion,95
26,2026-04-21,farms_free_proportion,97
8,2026-04-21,farms_blocked_count,1
11,2026-04-21,farms_total_count,489
24,2026-04-21,farms_blocked_count,9
24,2026-04-21,farms_free_proportion,95
12,2026-04-21,farms_free_count,19
17,2026-04-21,farms_free_proportion,92
18,2026-04-21,farms_free_proportion,98
14,2026-04-21,farms_total_count,167
3,2026-04-21,farms_blocked_count,38
10,2026-04-21,farms_free_proportion,95
16,2026-04-21,farms_blocked_count,9
7,2026-04-21,farms_free_count,115
18,2026-04-21,farms_blocked_proportion,2
LIE,2026-04-21,farms_blocked_count,8
7,2026-04-21,farms_blocked_proportion,6
3,2026-04-21,farms_blocked_proportion,2
5,2026-04-21,farms_total_count,487
24,2026-04-21,farms_total_count,195
25,2026-04-21,farms_blocked_count,3
12,2026-04-21,farms_blocked_count,0
25,2026-04-21,farms_blocked_proportion,2
13,2026-04-21,farms_blocked_count,14
18,2026-04-21,farms_blocked_count,13
6,2026-04-21,farms_total_count,171
24,2026-04-21,farms_blocked_proportion,5
3,2026-04-21,farms_free_proportion,98
CHE,2026-04-21,farms_total_count,17952
26,2026-04-21,farms_blocked_proportion,3
25,2026-04-21,farms_free_count,121
17,2026-04-21,farms_total_count,1192
19,2026-04-21,farms_blocked_count,35
2,2026-04-21,farms_blocked_count,154
8,2026-04-21,farms_blocked_proportion,1
LIE,2026-04-21,farms_free_proportion,87
7,2026-04-21,farms_total_count,122
8,2026-04-21,farms_free_count,88
3,2026-04-21,farms_total_count,2032
2,2026-04-28,farms_blocked_proportion,3
21,2026-04-28,farms_free_count,407
5,2026-04-28,farms_free_proportion,90
26,2026-04-28,farms_free_count,488
2,2026-04-28,farms_blocked_count,134
11,2026-04-28,farms_blocked_proportion,3
16,2026-04-28,farms_blocked_count,6
22,2026-04-28,farms_free_proportion,98
23,2026-04-28,farms_free_count,1170
22,2026-04-28,farms_total_count,1040
18,2026-04-28,farms_free_proportion,98
25,2026-04-28,farms_free_count,121
7,2026-04-28,farms_free_count,116
5,2026-04-28,farms_total_count,487
24,2026-04-28,farms_total_count,196
21,2026-04-28,farms_free_proportion,93
2,2026-04-28,farms_free_proportion,97
3,2026-04-28,farms_blocked_proportion,2
23,2026-04-28,farms_blocked_count,12
LIE,2026-04-28,farms_free_count,53
11,2026-04-28,farms_blocked_count,16
CHE,2026-04-28,farms_free_count,17364
13,2026-04-28,farms_blocked_count,8
16,2026-04-28,farms_free_proportion,96
20,2026-04-28,farms_blocked_proportion,3
LIE,2026-04-28,farms_blocked_proportion,13
21,2026-04-28,farms_blocked_count,31
8,2026-04-28,farms_total_count,89
15,2026-04-28,farms_free_count,303
3,2026-04-28,farms_blocked_count,36
1,2026-04-28,farms_free_proportion,98
CHE,2026-04-28,farms_free_proportion,97
12,2026-04-28,farms_free_count,19
24,2026-04-28,farms_free_count,184
20,2026-04-28,farms_free_proportion,97
24,2026-04-28,farms_blocked_proportion,6
10,2026-04-28,farms_free_count,1054
13,2026-04-28,farms_blocked_proportion,2
5,2026-04-28,farms_blocked_proportion,10
8,2026-04-28,farms_free_proportion,99
4,2026-04-28,farms_free_count,227
10,2026-04-28,farms_total_count,1107
LIE,2026-04-28,farms_total_count,61
19,2026-04-28,farms_free_count,986
26,2026-04-28,farms_blocked_count,17
18,2026-04-28,farms_blocked_count,12
15,2026-04-28,farms_blocked_count,8
12,2026-04-28,farms_blocked_proportion,0
20,2026-04-28,farms_blocked_count,18
4,2026-04-28,farms_free_proportion,94
19,2026-04-28,farms_free_proportion,97
7,2026-04-28,farms_free_proportion,95
5,2026-04-28,farms_free_count,438
25,2026-04-28,farms_free_proportion,98
25,2026-04-28,farms_total_count,124
1,2026-04-28,farms_total_count,854
14,2026-04-28,farms_blocked_proportion,3
9,2026-04-28,farms_total_count,252
12,2026-04-28,farms_total_count,19
7,2026-04-28,farms_total_count,122
4,2026-04-28,farms_blocked_count,14
5,2026-04-28,farms_blocked_count,49
23,2026-04-28,farms_total_count,1182
8,2026-04-28,farms_blocked_count,1
1,2026-04-28,farms_blocked_proportion,2
11,2026-04-28,farms_total_count,490
15,2026-04-28,farms_free_proportion,97
22,2026-04-28,farms_blocked_count,24
22,2026-04-28,farms_free_count,1016
6,2026-04-28,farms_free_proportion,95
8,2026-04-28,farms_blocked_proportion,1
14,2026-04-28,farms_total_count,167
20,2026-04-28,farms_free_count,587
CHE,2026-04-28,farms_total_count,17982
9,2026-04-28,farms_blocked_proportion,1
14,2026-04-28,farms_free_count,162
12,2026-04-28,farms_blocked_count,0
1,2026-04-28,farms_free_count,833
16,2026-04-28,farms_total_count,141
13,2026-04-28,farms_free_count,340
18,2026-04-28,farms_total_count,794
24,2026-04-28,farms_blocked_count,12
20,2026-04-28,farms_total_count,605
9,2026-04-28,farms_free_count,249
2,2026-04-28,farms_total_count,4051
15,2026-04-28,farms_total_count,311
17,2026-04-28,farms_free_proportion,93
3,2026-04-28,farms_free_count,1999
16,2026-04-28,farms_blocked_proportion,4
17,2026-04-28,farms_blocked_count,89
24,2026-04-28,farms_free_proportion,94
3,2026-04-28,farms_total_count,2035
26,2026-04-28,farms_blocked_proportion,3
21,2026-04-28,farms_blocked_proportion,7
2,2026-04-28,farms_free_count,3917
CHE,2026-04-28,farms_blocked_count,618
10,2026-04-28,farms_blocked_proportion,5
22,2026-04-28,farms_blocked_proportion,2
12,2026-04-28,farms_free_proportion,100
CHE,2026-04-28,farms_blocked_proportion,3
10,2026-04-28,farms_blocked_count,53
LIE,2026-04-28,farms_blocked_count,8
19,2026-04-28,farms_total_count,1018
21,2026-04-28,farms_total_count,438
9,2026-04-28,farms_free_proportion,99
26,2026-04-28,farms_free_proportion,97
8,2026-04-28,farms_free_count,88
6,2026-04-28,farms_total_count,171
6,2026-04-28,farms_blocked_count,8
1,2026-04-28,farms_blocked_count,21
6,2026-04-28,farms_blocked_proportion,5
7,2026-04-28,farms_blocked_count,6
23,2026-04-28,farms_free_proportion,99
7,2026-04-28,farms_blocked_proportion,5
14,2026-04-28,farms_free_proportion,97
6,2026-04-28,farms_free_count,163
16,2026-04-28,farms_free_count,135
19,2026-04-28,farms_blocked_count,32
13,2026-04-28,farms_total_count,348
18,2026-04-28,farms_free_count,782
10,2026-04-28,farms_free_proportion,95
26,2026-04-28,farms_total_count,505
17,2026-04-28,farms_total_count,1195
14,2026-04-28,farms_blocked_count,5
9,2026-04-28,farms_blocked_count,3
4,2026-04-28,farms_blocked_proportion,6
LIE,2026-04-28,farms_free_proportion,87
11,2026-04-28,farms_free_count,474
18,2026-04-28,farms_blocked_proportion,2
13,2026-04-28,farms_free_proportion,98
11,2026-04-28,farms_free_proportion,97
15,2026-04-28,farms_blocked_proportion,3
19,2026-04-28,farms_blocked_proportion,3
3,2026-04-28,farms_free_proportion,98
4,2026-04-28,farms_total_count,241
17,2026-04-28,farms_free_count,1106
25,2026-04-28,farms_blocked_proportion,2
25,2026-04-28,farms_blocked_count,3
23,2026-04-28,farms_blocked_proportion,1
17,2026-04-28,farms_blocked_proportion,7
16,2026-05-05,farms_blocked_proportion,4
4,2026-05-05,farms_blocked_proportion,3
4,2026-05-05,farms_blocked_count,7
10,2026-05-05,farms_blocked_count,49
4,2026-05-05,farms_free_proportion,97
17,2026-05-05,farms_free_count,1117
21,2026-05-05,farms_blocked_count,27
6,2026-05-05,farms_free_count,163
2,2026-05-05,farms_blocked_count,118
LIE,2026-05-05,farms_free_count,53
3,2026-05-05,farms_free_proportion,99
9,2026-05-05,farms_total_count,252
19,2026-05-05,farms_free_proportion,97
9,2026-05-05,farms_free_proportion,99
26,2026-05-05,farms_blocked_proportion,3
LIE,2026-05-05,farms_total_count,61
7,2026-05-05,farms_total_count,122
16,2026-05-05,farms_total_count,141
18,2026-05-05,farms_blocked_count,10
LIE,2026-05-05,farms_blocked_count,8
15,2026-05-05,farms_total_count,311
11,2026-05-05,farms_free_count,474
5,2026-05-05,farms_blocked_proportion,7
2,2026-05-05,farms_total_count,4054
1,2026-05-05,farms_blocked_count,20
18,2026-05-05,farms_free_proportion,99
23,2026-05-05,farms_free_proportion,99
22,2026-05-05,farms_free_proportion,98
25,2026-05-05,farms_blocked_count,2
23,2026-05-05,farms_blocked_proportion,1
3,2026-05-05,farms_blocked_proportion,1
19,2026-05-05,farms_blocked_proportion,3
18,2026-05-05,farms_blocked_proportion,1
23,2026-05-05,farms_blocked_count,11
13,2026-05-05,farms_blocked_count,7
20,2026-05-05,farms_blocked_proportion,3
16,2026-05-05,farms_free_count,136
15,2026-05-05,farms_free_count,305
13,2026-05-05,farms_total_count,348
9,2026-05-05,farms_blocked_count,3
9,2026-05-05,farms_blocked_proportion,1
14,2026-05-05,farms_total_count,167
2,2026-05-05,farms_blocked_proportion,3
6,2026-05-05,farms_total_count,171
5,2026-05-05,farms_free_count,452
8,2026-05-05,farms_free_proportion,100
1,2026-05-05,farms_total_count,855
7,2026-05-05,farms_free_count,117
13,2026-05-05,farms_blocked_proportion,2
15,2026-05-05,farms_blocked_proportion,2
10,2026-05-05,farms_free_count,1059
CHE,2026-05-05,farms_blocked_count,541
7,2026-05-05,farms_free_proportion,96
22,2026-05-05,farms_blocked_proportion,2
19,2026-05-05,farms_total_count,1020
20,2026-05-05,farms_free_count,591
26,2026-05-05,farms_free_proportion,97
14,2026-05-05,farms_free_count,164
11,2026-05-05,farms_total_count,490
21,2026-05-05,farms_blocked_proportion,6
22,2026-05-05,farms_blocked_count,24
12,2026-05-05,farms_blocked_count,0
CHE,2026-05-05,farms_free_proportion,97
1,2026-05-05,farms_free_proportion,98
1,2026-05-05,farms_blocked_proportion,2
8,2026-05-05,farms_blocked_count,0
13,2026-05-05,farms_free_count,341
12,2026-05-05,farms_free_count,19
12,2026-05-05,farms_total_count,19
24,2026-05-05,farms_free_proportion,94
19,2026-05-05,farms_free_count,991
21,2026-05-05,farms_free_count,411
17,2026-05-05,farms_total_count,1198
17,2026-05-05,farms_blocked_count,81
15,2026-05-05,farms_free_proportion,98
17,2026-05-05,farms_free_proportion,93
6,2026-05-05,farms_free_proportion,95
22,2026-05-05,farms_free_count,1016
2,2026-05-05,farms_free_count,3936
18,2026-05-05,farms_total_count,795
24,2026-05-05,farms_blocked_count,12
4,2026-05-05,farms_total_count,243
9,2026-05-05,farms_free_count,249
20,2026-05-05,farms_free_proportion,97
8,2026-05-05,farms_free_count,89
21,2026-05-05,farms_total_count,438
12,2026-05-05,farms_free_proportion,100
4,2026-05-05,farms_free_count,236
26,2026-05-05,farms_blocked_count,16
20,2026-05-05,farms_blocked_count,17
3,2026-05-05,farms_free_count,2008
25,2026-05-05,farms_free_proportion,98
25,2026-05-05,farms_blocked_proportion,2
5,2026-05-05,farms_blocked_count,35
17,2026-05-05,farms_blocked_proportion,7
16,2026-05-05,farms_blocked_count,5
8,2026-05-05,farms_total_count,89
11,2026-05-05,farms_blocked_count,16
3,2026-05-05,farms_blocked_count,30
23,2026-05-05,farms_free_count,1172
2,2026-05-05,farms_free_proportion,97
5,2026-05-05,farms_total_count,487
14,2026-05-05,farms_blocked_count,3
5,2026-05-05,farms_free_proportion,93
24,2026-05-05,farms_total_count,197
10,2026-05-05,farms_free_proportion,96
22,2026-05-05,farms_total_count,1040
18,2026-05-05,farms_free_count,785
25,2026-05-05,farms_total_count,124
11,2026-05-05,farms_free_proportion,97
7,2026-05-05,farms_blocked_proportion,4
13,2026-05-05,farms_free_proportion,98
26,2026-05-05,farms_free_count,489
14,2026-05-05,farms_blocked_proportion,2
CHE,2026-05-05,farms_blocked_proportion,3
10,2026-05-05,farms_blocked_proportion,4
LIE,2026-05-05,farms_blocked_proportion,13
19,2026-05-05,farms_blocked_count,29
11,2026-05-05,farms_blocked_proportion,3
25,2026-05-05,farms_free_count,122
8,2026-05-05,farms_blocked_proportion,0
7,2026-05-05,farms_blocked_count,5
23,2026-05-05,farms_total_count,1183
24,2026-05-05,farms_blocked_proportion,6
1,2026-05-05,farms_free_count,835
14,2026-05-05,farms_free_proportion,98
3,2026-05-05,farms_total_count,2038
6,2026-05-05,farms_blocked_proportion,5
26,2026-05-05,farms_total_count,505
10,2026-05-05,farms_total_count,1108
16,2026-05-05,farms_free_proportion,96
LIE,2026-05-05,farms_free_proportion,87
20,2026-05-05,farms_total_count,608
CHE,2026-05-05,farms_total_count,18003
CHE,2026-05-05,farms_free_count,17462
6,2026-05-05,farms_blocked_count,8
12,2026-05-05,farms_blocked_proportion,0
24,2026-05-05,farms_free_count,185
15,2026-05-05,farms_blocked_count,6
21,2026-05-05,farms_free_proportion,94
11,2026-05-12,farms_free_proportion,97
1,2026-05-12,farms_free_count,838
20,2026-05-12,farms_total_count,609
23,2026-05-12,farms_free_count,1176
15,2026-05-12,farms_free_count,306
4,2026-05-12,farms_blocked_proportion,3
9,2026-05-12,farms_blocked_count,3
13,2026-05-12,farms_free_proportion,98
17,2026-05-12,farms_blocked_proportion,6
19,2026-05-12,farms_blocked_proportion,3
23,2026-05-12,farms_blocked_proportion,1
18,2026-05-12,farms_blocked_proportion,1
16,2026-05-12,farms_blocked_proportion,4
16,2026-05-12,farms_total_count,141
3,2026-05-12,farms_blocked_count,29
14,2026-05-12,farms_free_proportion,98
18,2026-05-12,farms_free_count,789
8,2026-05-12,farms_total_count,90
14,2026-05-12,farms_total_count,167
6,2026-05-12,farms_free_count,164
17,2026-05-12,farms_total_count,1201
13,2026-05-12,farms_total_count,350
10,2026-05-12,farms_free_proportion,96
2,2026-05-12,farms_blocked_proportion,3
26,2026-05-12,farms_total_count,505
6,2026-05-12,farms_total_count,171
14,2026-05-12,farms_blocked_count,3
11,2026-05-12,farms_free_count,477
16,2026-05-12,farms_free_count,136
10,2026-05-12,farms_blocked_count,48
4,2026-05-12,farms_total_count,243
25,2026-05-12,farms_blocked_count,1
14,2026-05-12,farms_free_count,164
8,2026-05-12,farms_free_count,90
21,2026-05-12,farms_total_count,439
3,2026-05-12,farms_total_count,2038
24,2026-05-12,farms_blocked_count,12
19,2026-05-12,farms_total_count,1021
22,2026-05-12,farms_blocked_proportion,2
13,2026-05-12,farms_free_count,344
19,2026-05-12,farms_blocked_count,27
CHE,2026-05-12,farms_blocked_count,507
12,2026-05-12,farms_free_proportion,100
26,2026-05-12,farms_free_proportion,97
12,2026-05-12,farms_blocked_count,0
17,2026-05-12,farms_free_count,1123
15,2026-05-12,farms_blocked_proportion,2
6,2026-05-12,farms_blocked_count,7
LIE,2026-05-12,farms_blocked_count,8
9,2026-05-12,farms_free_proportion,99
LIE,2026-05-12,farms_blocked_proportion,13
9,2026-05-12,farms_free_count,249
25,2026-05-12,farms_blocked_proportion,1
3,2026-05-12,farms_free_proportion,99
LIE,2026-05-12,farms_free_proportion,87
6,2026-05-12,farms_blocked_proportion,4
23,2026-05-12,farms_free_proportion,99
24,2026-05-12,farms_free_proportion,94
17,2026-05-12,farms_blocked_count,78
1,2026-05-12,farms_blocked_count,19
2,2026-05-12,farms_total_count,4059
3,2026-05-12,farms_free_count,2009
7,2026-05-12,farms_blocked_count,4
CHE,2026-05-12,farms_total_count,18030
15,2026-05-12,farms_total_count,311
17,2026-05-12,farms_free_proportion,94
18,2026-05-12,farms_total_count,798
10,2026-05-12,farms_blocked_proportion,4
26,2026-05-12,farms_blocked_proportion,3
7,2026-05-12,farms_blocked_proportion,3
21,2026-05-12,farms_blocked_proportion,6
9,2026-05-12,farms_blocked_proportion,1
16,2026-05-12,farms_blocked_count,5
22,2026-05-12,farms_blocked_count,23
LIE,2026-05-12,farms_total_count,61
15,2026-05-12,farms_free_proportion,98
1,2026-05-12,farms_free_proportion,98
19,2026-05-12,farms_free_proportion,97
7,2026-05-12,farms_total_count,122
9,2026-05-12,farms_total_count,252
24,2026-05-12,farms_blocked_proportion,6
8,2026-05-12,farms_blocked_count,0
23,2026-05-12,farms_total_count,1184
1,2026-05-12,farms_blocked_proportion,2
24,2026-05-12,farms_free_count,185
4,2026-05-12,farms_free_proportion,97
5,2026-05-12,farms_blocked_count,34
6,2026-05-12,farms_free_proportion,96
26,2026-05-12,farms_free_count,489
4,2026-05-12,farms_blocked_count,7
15,2026-05-12,farms_blocked_count,5
11,2026-05-12,farms_total_count,491
CHE,2026-05-12,farms_blocked_proportion,3
12,2026-05-12,farms_blocked_proportion,0
7,2026-05-12,farms_free_proportion,97
26,2026-05-12,farms_blocked_count,16
13,2026-05-12,farms_blocked_proportion,2
4,2026-05-12,farms_free_count,236
8,2026-05-12,farms_free_proportion,100
7,2026-05-12,farms_free_count,118
2,2026-05-12,farms_free_count,3955
CHE,2026-05-12,farms_free_count,17523
20,2026-05-12,farms_blocked_count,18
20,2026-05-12,farms_free_proportion,97
20,2026-05-12,farms_blocked_proportion,3
10,2026-05-12,farms_total_count,1112
25,2026-05-12,farms_free_proportion,99
18,2026-05-12,farms_blocked_count,9
20,2026-05-12,farms_free_count,591
5,2026-05-12,farms_blocked_proportion,7
12,2026-05-12,farms_total_count,19
8,2026-05-12,farms_blocked_proportion,0
14,2026-05-12,farms_blocked_proportion,2
25,2026-05-12,farms_free_count,123
3,2026-05-12,farms_blocked_proportion,1
5,2026-05-12,farms_total_count,488
22,2026-05-12,farms_free_count,1018
2,2026-05-12,farms_free_proportion,97
23,2026-05-12,farms_blocked_count,8
22,2026-05-12,farms_free_proportion,98
21,2026-05-12,farms_blocked_count,27
11,2026-05-12,farms_blocked_count,14
CHE,2026-05-12,farms_free_proportion,97
13,2026-05-12,farms_blocked_count,6
16,2026-05-12,farms_free_proportion,96
21,2026-05-12,farms_free_proportion,94
19,2026-05-12,farms_free_count,994
LIE,2026-05-12,farms_free_count,53
18,2026-05-12,farms_free_proportion,99
21,2026-05-12,farms_free_count,412
25,2026-05-12,farms_total_count,124
2,2026-05-12,farms_blocked_count,104
12,2026-05-12,farms_free_count,19
11,2026-05-12,farms_blocked_proportion,3
24,2026-05-12,farms_total_count,197
5,2026-05-12,farms_free_count,454
10,2026-05-12,farms_free_count,1064
5,2026-05-12,farms_free_proportion,93
1,2026-05-12,farms_total_count,857
22,2026-05-12,farms_total_count,1041
10,2026-05-19,farms_free_count,1068
15,2026-05-19,farms_blocked_count,5
1,2026-05-19,farms_free_count,840
25,2026-05-19,farms_free_count,123
21,2026-05-19,farms_free_count,413
7,2026-05-19,farms_blocked_count,3
LIE,2026-05-19,farms_blocked_count,6
7,2026-05-19,farms_free_proportion,98
18,2026-05-19,farms_free_count,789
9,2026-05-19,farms_free_proportion,99
24,2026-05-19,farms_blocked_count,8
10,2026-05-19,farms_blocked_count,44
16,2026-05-19,farms_free_proportion,97
3,2026-05-19,farms_free_proportion,99
20,2026-05-19,farms_blocked_count,15
LIE,2026-05-19,farms_free_proportion,90
7,2026-05-19,farms_free_count,119
16,2026-05-19,farms_total_count,141
12,2026-05-19,farms_free_proportion,100
6,2026-05-19,farms_blocked_count,7
2,2026-05-19,farms_blocked_count,103
4,2026-05-19,farms_blocked_count,7
6,2026-05-19,farms_free_count,164
21,2026-05-19,farms_blocked_count,26
18,2026-05-19,farms_blocked_count,9
14,2026-05-19,farms_free_proportion,98
17,2026-05-19,farms_free_count,1140
8,2026-05-19,farms_free_proportion,100
4,2026-05-19,farms_free_proportion,97
23,2026-05-19,farms_blocked_proportion,1
CHE,2026-05-19,farms_free_proportion,97
9,2026-05-19,farms_blocked_count,2
25,2026-05-19,farms_blocked_count,1
22,2026-05-19,farms_free_count,1020
5,2026-05-19,farms_free_proportion,94
11,2026-05-19,farms_free_proportion,97
22,2026-05-19,farms_free_proportion,98
10,2026-05-19,farms_free_proportion,96
18,2026-05-19,farms_free_proportion,99
14,2026-05-19,farms_blocked_count,3
3,2026-05-19,farms_blocked_count,26
23,2026-05-19,farms_free_count,1179
2,2026-05-19,farms_free_proportion,97
23,2026-05-19,farms_blocked_count,7
11,2026-05-19,farms_blocked_count,14
11,2026-05-19,farms_free_count,480
6,2026-05-19,farms_free_proportion,96
13,2026-05-19,farms_blocked_count,6
21,2026-05-19,farms_free_proportion,94
9,2026-05-19,farms_blocked_proportion,1
15,2026-05-19,farms_free_count,306
16,2026-05-19,farms_blocked_count,4
5,2026-05-19,farms_blocked_count,31
24,2026-05-19,farms_free_count,190
1,2026-05-19,farms_blocked_proportion,2
13,2026-05-19,farms_free_proportion,98
26,2026-05-19,farms_free_proportion,97
1,2026-05-19,farms_free_proportion,98
22,2026-05-19,farms_blocked_proportion,2
19,2026-05-19,farms_total_count,1021
19,2026-05-19,farms_blocked_count,25
CHE,2026-05-19,farms_free_count,17582
4,2026-05-19,farms_free_count,237
25,2026-05-19,farms_free_proportion,99
20,2026-05-19,farms_free_proportion,98
8,2026-05-19,farms_free_count,90
14,2026-05-19,farms_free_count,164
12,2026-05-19,farms_blocked_count,0
1,2026-05-19,farms_blocked_count,17
9,2026-05-19,farms_free_count,250
20,2026-05-19,farms_free_count,595
17,2026-05-19,farms_free_proportion,95
26,2026-05-19,farms_blocked_count,16
22,2026-05-19,farms_blocked_count,22
8,2026-05-19,farms_blocked_count,0
15,2026-05-19,farms_free_proportion,98
5,2026-05-19,farms_free_count,457
24,2026-05-19,farms_free_proportion,96
23,2026-05-19,farms_free_proportion,99
17,2026-05-19,farms_blocked_count,63
16,2026-05-19,farms_free_count,137
19,2026-05-19,farms_free_count,996
19,2026-05-19,farms_free_proportion,98
25,2026-05-19,farms_blocked_proportion,1
10,2026-05-19,farms_blocked_proportion,4
21,2026-05-19,farms_total_count,439
18,2026-05-19,farms_total_count,798
3,2026-05-19,farms_free_count,2013
CHE,2026-05-19,farms_blocked_proportion,3
13,2026-05-19,farms_blocked_proportion,2
15,2026-05-19,farms_blocked_proportion,2
12,2026-05-19,farms_total_count,19
CHE,2026-05-19,farms_total_count,18046
16,2026-05-19,farms_blocked_proportion,3
14,2026-05-19,farms_total_count,167
18,2026-05-19,farms_blocked_proportion,1
4,2026-05-19,farms_total_count,244
17,2026-05-19,farms_blocked_proportion,5
3,2026-05-19,farms_blocked_proportion,1
6,2026-05-19,farms_total_count,171
8,2026-05-19,farms_total_count,90
1,2026-05-19,farms_total_count,857
5,2026-05-19,farms_blocked_proportion,6
20,2026-05-19,farms_blocked_proportion,2
6,2026-05-19,farms_blocked_proportion,4
2,2026-05-19,farms_free_count,3960
8,2026-05-19,farms_blocked_proportion,0
19,2026-05-19,farms_blocked_proportion,2
24,2026-05-19,farms_total_count,198
5,2026-05-19,farms_total_count,488
2,2026-05-19,farms_blocked_proportion,3
2,2026-05-19,farms_total_count,4063
21,2026-05-19,farms_blocked_proportion,6
24,2026-05-19,farms_blocked_proportion,4
13,2026-05-19,farms_total_count,350
7,2026-05-19,farms_blocked_proportion,2
26,2026-05-19,farms_free_count,489
7,2026-05-19,farms_total_count,122
3,2026-05-19,farms_total_count,2039
26,2026-05-19,farms_total_count,505
11,2026-05-19,farms_total_count,494
12,2026-05-19,farms_free_count,19
20,2026-05-19,farms_total_count,610
9,2026-05-19,farms_total_count,252
CHE,2026-05-19,farms_blocked_count,464
11,2026-05-19,farms_blocked_proportion,3
LIE,2026-05-19,farms_total_count,61
14,2026-05-19,farms_blocked_proportion,2
25,2026-05-19,farms_total_count,124
26,2026-05-19,farms_blocked_proportion,3
13,2026-05-19,farms_free_count,344
15,2026-05-19,farms_total_count,311
22,2026-05-19,farms_total_count,1042
12,2026-05-19,farms_blocked_proportion,0
17,2026-05-19,farms_total_count,1203
4,2026-05-19,farms_blocked_proportion,3
LIE,2026-05-19,farms_blocked_proportion,10
LIE,2026-05-19,farms_free_count,55
10,2026-05-19,farms_total_count,1112
23,2026-05-19,farms_total_count,1186
26,2026-05-26,farms_total_count,508
6,2026-05-26,farms_blocked_proportion,3
7,2026-05-26,farms_blocked_proportion,2
16,2026-05-26,farms_blocked_count,4
24,2026-05-26,farms_blocked_count,8
25,2026-05-26,farms_blocked_proportion,1
20,2026-05-26,farms_blocked_count,13
11,2026-05-26,farms_blocked_proportion,3
17,2026-05-26,farms_free_proportion,95
10,2026-05-26,farms_total_count,1113
LIE,2026-05-26,farms_free_proportion,90
3,2026-05-26,farms_total_count,2040
21,2026-05-26,farms_free_proportion,95
9,2026-05-26,farms_blocked_proportion,1
22,2026-05-26,farms_free_proportion,98
19,2026-05-26,farms_blocked_count,25
21,2026-05-26,farms_blocked_count,24
9,2026-05-26,farms_total_count,253
9,2026-05-26,farms_blocked_count,2
10,2026-05-26,farms_free_count,1069
LIE,2026-05-26,farms_free_count,55
15,2026-05-26,farms_blocked_count,4
26,2026-05-26,farms_blocked_count,17
8,2026-05-26,farms_blocked_proportion,0
CHE,2026-05-26,farms_free_count,17639
19,2026-05-26,farms_blocked_proportion,2
CHE,2026-05-26,farms_blocked_count,438
24,2026-05-26,farms_total_count,198
12,2026-05-26,farms_blocked_proportion,0
23,2026-05-26,farms_total_count,1187
6,2026-05-26,farms_free_proportion,97
11,2026-05-26,farms_free_count,481
16,2026-05-26,farms_free_proportion,97
3,2026-05-26,farms_blocked_count,22
2,2026-05-26,farms_blocked_proportion,2
5,2026-05-26,farms_total_count,490
10,2026-05-26,farms_free_proportion,96
7,2026-05-26,farms_blocked_count,3
4,2026-05-26,farms_free_count,238
13,2026-05-26,farms_total_count,353
4,2026-05-26,farms_blocked_count,6
20,2026-05-26,farms_free_proportion,98
20,2026-05-26,farms_total_count,610
14,2026-05-26,farms_blocked_proportion,2
CHE,2026-05-26,farms_total_count,18077
1,2026-05-26,farms_blocked_proportion,2
25,2026-05-26,farms_total_count,125
5,2026-05-26,farms_free_proportion,94
4,2026-05-26,farms_total_count,244
11,2026-05-26,farms_free_proportion,97
1,2026-05-26,farms_free_proportion,98
13,2026-05-26,farms_free_proportion,99
22,2026-05-26,farms_total_count,1043
17,2026-05-26,farms_blocked_proportion,5
3,2026-05-26,farms_free_count,2018
4,2026-05-26,farms_free_proportion,98
14,2026-05-26,farms_blocked_count,3
22,2026-05-26,farms_blocked_count,22
8,2026-05-26,farms_total_count,90
11,2026-05-26,farms_blocked_count,14
23,2026-05-26,farms_free_count,1181
2,2026-05-26,farms_free_proportion,98
5,2026-05-26,farms_blocked_proportion,6
LIE,2026-05-26,farms_blocked_proportion,10
9,2026-05-26,farms_free_count,251
15,2026-05-26,farms_free_count,307
12,2026-05-26,farms_total_count,19
2,2026-05-26,farms_free_count,3971
20,2026-05-26,farms_blocked_proportion,2
21,2026-05-26,farms_free_count,416
1,2026-05-26,farms_total_count,858
22,2026-05-26,farms_free_count,1021
5,2026-05-26,farms_free_count,459
6,2026-05-26,farms_blocked_count,6
14,2026-05-26,farms_free_proportion,98
23,2026-05-26,farms_blocked_count,6
12,2026-05-26,farms_free_proportion,100
1,2026-05-26,farms_free_count,841
10,2026-05-26,farms_blocked_proportion,4
15,2026-05-26,farms_free_proportion,99
21,2026-05-26,farms_total_count,440
20,2026-05-26,farms_free_count,597
18,2026-05-26,farms_total_count,800
19,2026-05-26,farms_free_count,999
24,2026-05-26,farms_free_count,190
19,2026-05-26,farms_free_proportion,98
LIE,2026-05-26,farms_total_count,61
13,2026-05-26,farms_blocked_proportion,1
8,2026-05-26,farms_free_count,90
5,2026-05-26,farms_blocked_count,31
17,2026-05-26,farms_blocked_count,55
10,2026-05-26,farms_blocked_count,44
17,2026-05-26,farms_free_count,1151
1,2026-05-26,farms_blocked_count,17
13,2026-05-26,farms_free_count,348
18,2026-05-26,farms_blocked_proportion,1
26,2026-05-26,farms_free_proportion,97
CHE,2026-05-26,farms_blocked_proportion,2
3,2026-05-26,farms_blocked_proportion,1
24,2026-05-26,farms_blocked_proportion,4
18,2026-05-26,farms_free_proportion,99
LIE,2026-05-26,farms_blocked_count,6
25,2026-05-26,farms_blocked_count,1
19,2026-05-26,farms_total_count,1024
7,2026-05-26,farms_free_proportion,98
26,2026-05-26,farms_free_count,491
16,2026-05-26,farms_total_count,141
8,2026-05-26,farms_free_proportion,100
15,2026-05-26,farms_total_count,311
16,2026-05-26,farms_blocked_proportion,3
12,2026-05-26,farms_blocked_count,0
12,2026-05-26,farms_free_count,19
11,2026-05-26,farms_total_count,495
18,2026-05-26,farms_blocked_count,9
7,2026-05-26,farms_total_count,122
14,2026-05-26,farms_free_count,164
21,2026-05-26,farms_blocked_proportion,5
6,2026-05-26,farms_total_count,172
9,2026-05-26,farms_free_proportion,99
14,2026-05-26,farms_total_count,167
CHE,2026-05-26,farms_free_proportion,98
13,2026-05-26,farms_blocked_count,5
23,2026-05-26,farms_free_proportion,99
16,2026-05-26,farms_free_count,137
18,2026-05-26,farms_free_count,791
15,2026-05-26,farms_blocked_proportion,1
25,2026-05-26,farms_free_count,124
26,2026-05-26,farms_blocked_proportion,3
25,2026-05-26,farms_free_proportion,99
6,2026-05-26,farms_free_count,166
2,2026-05-26,farms_total_count,4068
22,2026-05-26,farms_blocked_proportion,2
7,2026-05-26,farms_free_count,119
17,2026-05-26,farms_total_count,1206
23,2026-05-26,farms_blocked_proportion,1
24,2026-05-26,farms_free_proportion,96
2,2026-05-26,farms_blocked_count,97
3,2026-05-26,farms_free_proportion,99
8,2026-05-26,farms_blocked_count,0
4,2026-05-26,farms_blocked_proportion,2
8,2026-06-02,farms_blocked_count,0
9,2026-06-02,farms_free_proportion,100
9,2026-06-02,farms_free_count,252
24,2026-06-02,farms_free_proportion,96
8,2026-06-02,farms_total_count,90
16,2026-06-02,farms_blocked_proportion,3
22,2026-06-02,farms_blocked_count,22
14,2026-06-02,farms_blocked_count,3
1,2026-06-02,farms_blocked_proportion,2
20,2026-06-02,farms_free_count,599
12,2026-06-02,farms_total_count,19
25,2026-06-02,farms_free_count,124
4,2026-06-02,farms_total_count,244
CHE,2026-06-02,farms_total_count,18090
4,2026-06-02,farms_free_proportion,98
14,2026-06-02,farms_total_count,167
13,2026-06-02,farms_blocked_proportion,1
3,2026-06-02,farms_free_count,2023
18,2026-06-02,farms_free_proportion,99
10,2026-06-02,farms_blocked_count,41
13,2026-06-02,farms_free_proportion,99
8,2026-06-02,farms_free_count,90
3,2026-06-02,farms_blocked_proportion,1
11,2026-06-02,farms_free_proportion,98
17,2026-06-02,farms_blocked_proportion,4
18,2026-06-02,farms_blocked_proportion,1
22,2026-06-02,farms_blocked_proportion,2
23,2026-06-02,farms_blocked_proportion,0
1,2026-06-02,farms_free_proportion,98
22,2026-06-02,farms_free_count,1023
LIE,2026-06-02,farms_total_count,61
13,2026-06-02,farms_free_count,348
4,2026-06-02,farms_blocked_count,6
20,2026-06-02,farms_free_proportion,98
3,2026-06-02,farms_free_proportion,99
20,2026-06-02,farms_blocked_count,12
10,2026-06-02,farms_total_count,1115
17,2026-06-02,farms_total_count,1207
CHE,2026-06-02,farms_free_proportion,98
21,2026-06-02,farms_free_proportion,95
10,2026-06-02,farms_free_count,1074
4,2026-06-02,farms_free_count,238
LIE,2026-06-02,farms_free_count,58
16,2026-06-02,farms_free_proportion,97
11,2026-06-02,farms_blocked_proportion,2
23,2026-06-02,farms_total_count,1187
12,2026-06-02,farms_blocked_proportion,0
18,2026-06-02,farms_free_count,792
26,2026-06-02,farms_blocked_proportion,3
6,2026-06-02,farms_free_count,166
19,2026-06-02,farms_free_count,1001
15,2026-06-02,farms_free_proportion,99
26,2026-06-02,farms_free_proportion,97
23,2026-06-02,farms_free_count,1182
2,2026-06-02,farms_free_proportion,98
6,2026-06-02,farms_total_count,172
5,2026-06-02,farms_blocked_proportion,5
4,2026-06-02,farms_blocked_proportion,2
LIE,2026-06-02,farms_blocked_proportion,5
9,2026-06-02,farms_total_count,253
18,2026-06-02,farms_total_count,800
12,2026-06-02,farms_blocked_count,0
21,2026-06-02,farms_free_count,417
15,2026-06-02,farms_total_count,311
25,2026-06-02,farms_blocked_count,1
5,2026-06-02,farms_free_proportion,95
25,2026-06-02,farms_total_count,125
16,2026-06-02,farms_total_count,141
14,2026-06-02,farms_blocked_proportion,2
LIE,2026-06-02,farms_blocked_count,3
5,2026-06-02,farms_blocked_count,24
19,2026-06-02,farms_free_proportion,98
22,2026-06-02,farms_total_count,1045
24,2026-06-02,farms_free_count,190
11,2026-06-02,farms_blocked_count,12
CHE,2026-06-02,farms_blocked_proportion,2
17,2026-06-02,farms_blocked_count,46
21,2026-06-02,farms_blocked_count,24
9,2026-06-02,farms_blocked_proportion,0
19,2026-06-02,farms_blocked_count,23
6,2026-06-02,farms_free_proportion,97
11,2026-06-02,farms_free_count,483
2,2026-06-02,farms_total_count,4071
26,2026-06-02,farms_total_count,509
CHE,2026-06-02,farms_blocked_count,402
11,2026-06-02,farms_total_count,495
22,2026-06-02,farms_free_proportion,98
2,2026-06-02,farms_blocked_proportion,2
6,2026-06-02,farms_blocked_proportion,3
15,2026-06-02,farms_free_count,307
2,2026-06-02,farms_blocked_count,93
7,2026-06-02,farms_blocked_count,3
24,2026-06-02,farms_total_count,198
7,2026-06-02,farms_total_count,122
1,2026-06-02,farms_total_count,859
3,2026-06-02,farms_blocked_count,18
LIE,2026-06-02,farms_free_proportion,95
24,2026-06-02,farms_blocked_proportion,4
10,2026-06-02,farms_free_proportion,96
7,2026-06-02,farms_free_proportion,98
13,2026-06-02,farms_total_count,353
7,2026-06-02,farms_blocked_proportion,2
16,2026-06-02,farms_blocked_count,4
5,2026-06-02,farms_total_count,490
3,2026-06-02,farms_total_count,2041
18,2026-06-02,farms_blocked_count,8
24,2026-06-02,farms_blocked_count,8
21,2026-06-02,farms_total_count,441
25,2026-06-02,farms_blocked_proportion,1
14,2026-06-02,farms_free_count,164
17,2026-06-02,farms_free_proportion,96
1,2026-06-02,farms_blocked_count,16
21,2026-06-02,farms_blocked_proportion,5
8,2026-06-02,farms_free_proportion,100
12,2026-06-02,farms_free_count,19
20,2026-06-02,farms_total_count,611
14,2026-06-02,farms_free_proportion,98
23,2026-06-02,farms_blocked_count,5
26,2026-06-02,farms_blocked_count,17
13,2026-06-02,farms_blocked_count,5
8,2026-06-02,farms_blocked_proportion,0
5,2026-06-02,farms_free_count,466
25,2026-06-02,farms_free_proportion,99
12,2026-06-02,farms_free_proportion,100
1,2026-06-02,farms_free_count,843
15,2026-06-02,farms_blocked_count,4
23,2026-06-02,farms_free_proportion,100
10,2026-06-02,farms_blocked_proportion,4
16,2026-06-02,farms_free_count,137
17,2026-06-02,farms_free_count,1161
2,2026-06-02,farms_free_count,3978
6,2026-06-02,farms_blocked_count,6
9,2026-06-02,farms_blocked_count,1
26,2026-06-02,farms_free_count,492
CHE,2026-06-02,farms_free_count,17688
7,2026-06-02,farms_free_count,119
20,2026-06-02,farms_blocked_proportion,2
19,2026-06-02,farms_blocked_proportion,2
19,2026-06-02,farms_total_count,1024
15,2026-06-02,farms_blocked_proportion,1
24,2026-06-09,farms_total_count,198
LIE,2026-06-09,farms_blocked_count,3
22,2026-06-09,farms_total_count,1046
4,2026-06-09,farms_free_count,238
24,2026-06-09,farms_blocked_proportion,4
15,2026-06-09,farms_blocked_count,4
17,2026-06-09,farms_total_count,1209
5,2026-06-09,farms_total_count,491
5,2026-06-09,farms_blocked_count,24
10,2026-06-09,farms_blocked_count,40
10,2026-06-09,farms_free_proportion,96
26,2026-06-09,farms_blocked_proportion,3
8,2026-06-09,farms_blocked_proportion,0
5,2026-06-09,farms_free_proportion,95
11,2026-06-09,farms_total_count,496
18,2026-06-09,farms_free_count,795
16,2026-06-09,farms_free_proportion,97
3,2026-06-09,farms_free_proportion,99
20,2026-06-09,farms_free_proportion,98
2,2026-06-09,farms_blocked_count,91
26,2026-06-09,farms_blocked_count,16
6,2026-06-09,farms_free_proportion,97
20,2026-06-09,farms_blocked_count,12
7,2026-06-09,farms_free_count,120
25,2026-06-09,farms_free_proportion,99
11,2026-06-09,farms_blocked_proportion,2
CHE,2026-06-09,farms_free_count,17717
3,2026-06-09,farms_blocked_count,18
26,2026-06-09,farms_free_proportion,97
12,2026-06-09,farms_blocked_proportion,0
2,2026-06-09,farms_free_count,3983
10,2026-06-09,farms_total_count,1115
15,2026-06-09,farms_free_proportion,99
22,2026-06-09,farms_free_count,1026
21,2026-06-09,farms_total_count,441
3,2026-06-09,farms_total_count,2041
CHE,2026-06-09,farms_free_proportion,98
11,2026-06-09,farms_free_proportion,98
17,2026-06-09,farms_blocked_proportion,4
8,2026-06-09,farms_free_proportion,100
3,2026-06-09,farms_blocked_proportion,1
12,2026-06-09,farms_free_count,19
13,2026-06-09,farms_free_proportion,99
18,2026-06-09,farms_blocked_proportion,1
4,2026-06-09,farms_total_count,244
20,2026-06-09,farms_total_count,611
26,2026-06-09,farms_free_count,493
7,2026-06-09,farms_blocked_count,3
6,2026-06-09,farms_blocked_count,5
17,2026-06-09,farms_blocked_count,43
14,2026-06-09,farms_free_proportion,98
8,2026-06-09,farms_blocked_count,0
12,2026-06-09,farms_free_proportion,100
13,2026-06-09,farms_blocked_count,5
1,2026-06-09,farms_free_count,842
14,2026-06-09,farms_total_count,167
25,2026-06-09,farms_free_count,124
16,2026-06-09,farms_free_count,138
10,2026-06-09,farms_blocked_proportion,4
18,2026-06-09,farms_total_count,803
9,2026-06-09,farms_free_count,252
6,2026-06-09,farms_blocked_proportion,3
18,2026-06-09,farms_free_proportion,99
CHE,2026-06-09,farms_total_count,18107
7,2026-06-09,farms_free_proportion,98
7,2026-06-09,farms_blocked_proportion,2
25,2026-06-09,farms_total_count,125
24,2026-06-09,farms_free_count,190
16,2026-06-09,farms_blocked_count,4
25,2026-06-09,farms_blocked_count,1
18,2026-06-09,farms_blocked_count,8
12,2026-06-09,farms_blocked_count,0
24,2026-06-09,farms_blocked_count,8
6,2026-06-09,farms_total_count,172
17,2026-06-09,farms_free_proportion,96
LIE,2026-06-09,farms_blocked_proportion,5
LIE,2026-06-09,farms_free_proportion,95
2,2026-06-09,farms_free_proportion,98
19,2026-06-09,farms_blocked_count,24
23,2026-06-09,farms_free_count,1186
11,2026-06-09,farms_blocked_count,12
7,2026-06-09,farms_total_count,123
3,2026-06-09,farms_free_count,2023
26,2026-06-09,farms_total_count,509
24,2026-06-09,farms_free_proportion,96
8,2026-06-09,farms_total_count,90
CHE,2026-06-09,farms_blocked_proportion,2
8,2026-06-09,farms_free_count,90
14,2026-06-09,farms_blocked_count,3
14,2026-06-09,farms_blocked_proportion,2
25,2026-06-09,farms_blocked_proportion,1
4,2026-06-09,farms_blocked_proportion,2
LIE,2026-06-09,farms_free_count,58
22,2026-06-09,farms_blocked_count,20
23,2026-06-09,farms_free_proportion,100
13,2026-06-09,farms_free_count,348
6,2026-06-09,farms_free_count,167
17,2026-06-09,farms_free_count,1166
15,2026-06-09,farms_blocked_proportion,1
9,2026-06-09,farms_blocked_count,1
5,2026-06-09,farms_free_count,467
13,2026-06-09,farms_total_count,353
1,2026-06-09,farms_free_proportion,98
23,2026-06-09,farms_blocked_count,3
16,2026-06-09,farms_blocked_proportion,3
LIE,2026-06-09,farms_total_count,61
5,2026-06-09,farms_blocked_proportion,5
9,2026-06-09,farms_total_count,253
21,2026-06-09,farms_free_count,419
21,2026-06-09,farms_blocked_proportion,5
14,2026-06-09,farms_free_count,164
20,2026-06-09,farms_blocked_proportion,2
1,2026-06-09,farms_total_count,859
19,2026-06-09,farms_free_count,1001
2,2026-06-09,farms_total_count,4074
16,2026-06-09,farms_total_count,142
4,2026-06-09,farms_blocked_count,6
21,2026-06-09,farms_blocked_count,22
1,2026-06-09,farms_blocked_count,17
9,2026-06-09,farms_blocked_proportion,0
19,2026-06-09,farms_free_proportion,98
22,2026-06-09,farms_free_proportion,98
21,2026-06-09,farms_free_proportion,95
23,2026-06-09,farms_blocked_proportion,0
2,2026-06-09,farms_blocked_proportion,2
15,2026-06-09,farms_total_count,312
19,2026-06-09,farms_total_count,1025
15,2026-06-09,farms_free_count,308
12,2026-06-09,farms_total_count,19
CHE,2026-06-09,farms_blocked_count,390
23,2026-06-09,farms_total_count,1189
22,2026-06-09,farms_blocked_proportion,2
9,2026-06-09,farms_free_proportion,100
20,2026-06-09,farms_free_count,599
13,2026-06-09,farms_blocked_proportion,1
4,2026-06-09,farms_free_proportion,98
10,2026-06-09,farms_free_count,1075
19,2026-06-09,farms_blocked_proportion,2
1,2026-06-09,farms_blocked_proportion,2
11,2026-06-09,farms_free_count,484
22,2026-06-16,farms_blocked_proportion,2
21,2026-06-16,farms_free_count,421
1,2026-06-16,farms_blocked_proportion,2
6,2026-06-16,farms_blocked_proportion,2
6,2026-06-16,farms_total_count,172
7,2026-06-16,farms_total_count,123
21,2026-06-16,farms_blocked_proportion,5
14,2026-06-16,farms_total_count,167
20,2026-06-16,farms_total_count,612
8,2026-06-16,farms_blocked_count,0
13,2026-06-16,farms_blocked_proportion,1
20,2026-06-16,farms_blocked_proportion,2
CHE,2026-06-16,farms_total_count,18132
9,2026-06-16,farms_free_count,253
19,2026-06-16,farms_blocked_count,23
13,2026-06-16,farms_free_proportion,99
14,2026-06-16,farms_free_count,164
9,2026-06-16,farms_blocked_proportion,0
26,2026-06-16,farms_free_count,495
7,2026-06-16,farms_blocked_count,3
1,2026-06-16,farms_total_count,860
24,2026-06-16,farms_free_count,192
5,2026-06-16,farms_blocked_count,24
LIE,2026-06-16,farms_free_count,58
4,2026-06-16,farms_blocked_count,6
25,2026-06-16,farms_total_count,127
4,2026-06-16,farms_total_count,244
18,2026-06-16,farms_blocked_count,8
26,2026-06-16,farms_total_count,511
7,2026-06-16,farms_free_proportion,98
14,2026-06-16,farms_blocked_proportion,2
12,2026-06-16,farms_total_count,19
22,2026-06-16,farms_blocked_count,20
17,2026-06-16,farms_blocked_proportion,3
9,2026-06-16,farms_total_count,254
8,2026-06-16,farms_total_count,90
10,2026-06-16,farms_blocked_proportion,3
6,2026-06-16,farms_blocked_count,4
3,2026-06-16,farms_blocked_proportion,1
16,2026-06-16,farms_free_count,138
17,2026-06-16,farms_free_count,1171
12,2026-06-16,farms_free_count,19
13,2026-06-16,farms_blocked_count,4
8,2026-06-16,farms_free_count,90
2,2026-06-16,farms_free_count,4000
18,2026-06-16,farms_blocked_proportion,1
19,2026-06-16,farms_total_count,1027
21,2026-06-16,farms_total_count,441
14,2026-06-16,farms_blocked_count,3
18,2026-06-16,farms_total_count,803
9,2026-06-16,farms_free_proportion,100
18,2026-06-16,farms_free_proportion,99
5,2026-06-16,farms_free_count,468
11,2026-06-16,farms_free_proportion,98
LIE,2026-06-16,farms_blocked_proportion,5
2,2026-06-16,farms_free_proportion,98
1,2026-06-16,farms_free_count,843
16,2026-06-16,farms_blocked_proportion,3
25,2026-06-16,farms_free_count,126
24,2026-06-16,farms_free_proportion,96
23,2026-06-16,farms_free_count,1187
23,2026-06-16,farms_blocked_count,4
17,2026-06-16,farms_blocked_count,38
8,2026-06-16,farms_free_proportion,100
14,2026-06-16,farms_free_proportion,98
11,2026-06-16,farms_blocked_count,12
12,2026-06-16,farms_free_proportion,100
20,2026-06-16,farms_free_count,600
15,2026-06-16,farms_blocked_proportion,1
15,2026-06-16,farms_total_count,312
3,2026-06-16,farms_free_count,2027
4,2026-06-16,farms_free_proportion,98
5,2026-06-16,farms_blocked_proportion,5
21,2026-06-16,farms_blocked_count,20
5,2026-06-16,farms_free_proportion,95
3,2026-06-16,farms_blocked_count,16
10,2026-06-16,farms_free_count,1078
CHE,2026-06-16,farms_free_count,17764
16,2026-06-16,farms_blocked_count,4
CHE,2026-06-16,farms_blocked_count,368
7,2026-06-16,farms_free_count,120
20,2026-06-16,farms_free_proportion,98
26,2026-06-16,farms_blocked_proportion,3
26,2026-06-16,farms_blocked_count,16
25,2026-06-16,farms_free_proportion,99
LIE,2026-06-16,farms_total_count,61
16,2026-06-16,farms_free_proportion,97
15,2026-06-16,farms_blocked_count,4
2,2026-06-16,farms_blocked_proportion,2
LIE,2026-06-16,farms_blocked_count,3
3,2026-06-16,farms_free_proportion,99
26,2026-06-16,farms_free_proportion,97
4,2026-06-16,farms_free_count,238
23,2026-06-16,farms_blocked_proportion,0
23,2026-06-16,farms_free_proportion,100
6,2026-06-16,farms_free_count,168
CHE,2026-06-16,farms_free_proportion,98
17,2026-06-16,farms_total_count,1209
13,2026-06-16,farms_free_count,349
18,2026-06-16,farms_free_count,795
10,2026-06-16,farms_free_proportion,97
CHE,2026-06-16,farms_blocked_proportion,2
19,2026-06-16,farms_free_count,1004
5,2026-06-16,farms_total_count,492
3,2026-06-16,farms_total_count,2043
20,2026-06-16,farms_blocked_count,12
13,2026-06-16,farms_total_count,353
21,2026-06-16,farms_free_proportion,95
19,2026-06-16,farms_free_proportion,98
7,2026-06-16,farms_blocked_proportion,2
9,2026-06-16,farms_blocked_count,1
8,2026-06-16,farms_blocked_proportion,0
10,2026-06-16,farms_total_count,1116
6,2026-06-16,farms_free_proportion,98
12,2026-06-16,farms_blocked_proportion,0
24,2026-06-16,farms_total_count,200
17,2026-06-16,farms_free_proportion,97
11,2026-06-16,farms_total_count,496
24,2026-06-16,farms_blocked_proportion,4
22,2026-06-16,farms_free_count,1026
2,2026-06-16,farms_blocked_count,82
1,2026-06-16,farms_blocked_count,17
10,2026-06-16,farms_blocked_count,38
25,2026-06-16,farms_blocked_proportion,1
15,2026-06-16,farms_free_count,308
22,2026-06-16,farms_free_proportion,98
LIE,2026-06-16,farms_free_proportion,95
15,2026-06-16,farms_free_proportion,99
16,2026-06-16,farms_total_count,142
19,2026-06-16,farms_blocked_proportion,2
11,2026-06-16,farms_free_count,484
24,2026-06-16,farms_blocked_count,8
22,2026-06-16,farms_total_count,1046
4,2026-06-16,farms_blocked_proportion,2
23,2026-06-16,farms_total_count,1191
11,2026-06-16,farms_blocked_proportion,2
1,2026-06-16,farms_free_proportion,98
2,2026-06-16,farms_total_count,4082
12,2026-06-16,farms_blocked_count,0
25,2026-06-16,farms_blocked_count,1
5,2026-06-23,farms_total_count,493
7,2026-06-23,farms_free_count,120
14,2026-06-23,farms_total_count,168
21,2026-06-23,farms_total_count,441
19,2026-06-23,farms_blocked_proportion,2
9,2026-06-23,farms_free_count,253
24,2026-06-23,farms_total_count,200
18,2026-06-23,farms_total_count,803
15,2026-06-23,farms_free_count,308
6,2026-06-23,farms_free_proportion,98
CHE,2026-06-23,farms_free_count,17792
22,2026-06-23,farms_blocked_proportion,2
2,2026-06-23,farms_free_count,4002
23,2026-06-23,farms_blocked_proportion,0
9,2026-06-23,farms_total_count,254
13,2026-06-23,farms_blocked_count,4
25,2026-06-23,farms_free_count,126
26,2026-06-23,farms_blocked_count,15
17,2026-06-23,farms_blocked_count,35
12,2026-06-23,farms_total_count,19
11,2026-06-23,farms_free_count,485
13,2026-06-23,farms_total_count,353
16,2026-06-23,farms_free_count,138
20,2026-06-23,farms_total_count,613
CHE,2026-06-23,farms_free_proportion,98
24,2026-06-23,farms_blocked_count,8
2,2026-06-23,farms_total_count,4084
14,2026-06-23,farms_free_count,165
7,2026-06-23,farms_blocked_count,3
25,2026-06-23,farms_blocked_proportion,1
1,2026-06-23,farms_total_count,860
2,2026-06-23,farms_blocked_count,82
2,2026-06-23,farms_blocked_proportion,2
22,2026-06-23,farms_free_proportion,98
9,2026-06-23,farms_blocked_proportion,0
17,2026-06-23,farms_free_proportion,97
26,2026-06-23,farms_total_count,511
7,2026-06-23,farms_free_proportion,98
24,2026-06-23,farms_blocked_proportion,4
1,2026-06-23,farms_blocked_count,16
LIE,2026-06-23,farms_free_proportion,97
20,2026-06-23,farms_blocked_proportion,2
19,2026-06-23,farms_blocked_count,22
18,2026-06-23,farms_blocked_count,8
8,2026-06-23,farms_blocked_proportion,0
CHE,2026-06-23,farms_blocked_count,354
25,2026-06-23,farms_free_proportion,99
10,2026-06-23,farms_free_proportion,97
6,2026-06-23,farms_blocked_count,4
10,2026-06-23,farms_blocked_proportion,3
5,2026-06-23,farms_free_count,470
9,2026-06-23,farms_blocked_count,1
15,2026-06-23,farms_blocked_count,4
3,2026-06-23,farms_total_count,2044
12,2026-06-23,farms_free_proportion,100
8,2026-06-23,farms_free_proportion,100
14,2026-06-23,farms_free_proportion,98
7,2026-06-23,farms_blocked_proportion,2
3,2026-06-23,farms_blocked_count,15
23,2026-06-23,farms_free_proportion,100
16,2026-06-23,farms_blocked_count,4
15,2026-06-23,farms_blocked_proportion,1
23,2026-06-23,farms_blocked_count,3
CHE,2026-06-23,farms_blocked_proportion,2
1,2026-06-23,farms_free_count,844
21,2026-06-23,farms_blocked_proportion,4
7,2026-06-23,farms_total_count,123
6,2026-06-23,farms_blocked_proportion,2
17,2026-06-23,farms_free_count,1175
11,2026-06-23,farms_total_count,496
1,2026-06-23,farms_blocked_proportion,2
4,2026-06-23,farms_total_count,245
22,2026-06-23,farms_free_count,1028
25,2026-06-23,farms_blocked_count,1
19,2026-06-23,farms_free_proportion,98
12,2026-06-23,farms_blocked_count,0
5,2026-06-23,farms_blocked_count,23
14,2026-06-23,farms_blocked_proportion,2
LIE,2026-06-23,farms_free_count,59
15,2026-06-23,farms_total_count,312
26,2026-06-23,farms_free_count,496
21,2026-06-23,farms_free_count,424
4,2026-06-23,farms_blocked_count,6
24,2026-06-23,farms_free_count,192
CHE,2026-06-23,farms_total_count,18146
25,2026-06-23,farms_total_count,127
6,2026-06-23,farms_total_count,172
16,2026-06-23,farms_blocked_proportion,3
LIE,2026-06-23,farms_blocked_proportion,3
5,2026-06-23,farms_blocked_proportion,5
2,2026-06-23,farms_free_proportion,98
23,2026-06-23,farms_free_count,1188
24,2026-06-23,farms_free_proportion,96
11,2026-06-23,farms_blocked_count,11
18,2026-06-23,farms_free_proportion,99
15,2026-06-23,farms_free_proportion,99
12,2026-06-23,farms_free_count,19
1,2026-06-23,farms_free_proportion,98
22,2026-06-23,farms_total_count,1048
21,2026-06-23,farms_blocked_count,17
10,2026-06-23,farms_blocked_count,38
12,2026-06-23,farms_blocked_proportion,0
11,2026-06-23,farms_blocked_proportion,2
23,2026-06-23,farms_total_count,1191
26,2026-06-23,farms_blocked_proportion,3
16,2026-06-23,farms_free_proportion,97
4,2026-06-23,farms_blocked_proportion,2
13,2026-06-23,farms_free_count,349
4,2026-06-23,farms_free_count,239
21,2026-06-23,farms_free_proportion,96
20,2026-06-23,farms_free_count,602
10,2026-06-23,farms_free_count,1080
10,2026-06-23,farms_total_count,1118
17,2026-06-23,farms_total_count,1210
19,2026-06-23,farms_free_count,1006
20,2026-06-23,farms_blocked_count,11
26,2026-06-23,farms_free_proportion,97
3,2026-06-23,farms_free_proportion,99
20,2026-06-23,farms_free_proportion,98
LIE,2026-06-23,farms_total_count,61
LIE,2026-06-23,farms_blocked_count,2
3,2026-06-23,farms_free_count,2029
16,2026-06-23,farms_total_count,142
6,2026-06-23,farms_free_count,168
8,2026-06-23,farms_total_count,91
5,2026-06-23,farms_free_proportion,95
4,2026-06-23,farms_free_proportion,98
13,2026-06-23,farms_free_proportion,99
13,2026-06-23,farms_blocked_proportion,1
14,2026-06-23,farms_blocked_count,3
18,2026-06-23,farms_free_count,795
9,2026-06-23,farms_free_proportion,100
8,2026-06-23,farms_free_count,91
18,2026-06-23,farms_blocked_proportion,1
3,2026-06-23,farms_blocked_proportion,1
11,2026-06-23,farms_free_proportion,98
19,2026-06-23,farms_total_count,1028
8,2026-06-23,farms_blocked_count,0
22,2026-06-23,farms_blocked_count,20
17,2026-06-23,farms_blocked_proportion,3
LIE,2026-06-30,farms_total_count,61
2,2026-06-30,farms_free_count,4007
8,2026-06-30,farms_blocked_count,0
24,2026-06-30,farms_blocked_count,8
11,2026-06-30,farms_free_proportion,98
25,2026-06-30,farms_blocked_proportion,1
25,2026-06-30,farms_free_count,127
12,2026-06-30,farms_free_count,19
17,2026-06-30,farms_total_count,1211
19,2026-06-30,farms_free_count,1007
16,2026-06-30,farms_free_proportion,97
15,2026-06-30,farms_free_proportion,99
16,2026-06-30,farms_free_count,138
10,2026-06-30,farms_blocked_proportion,3
22,2026-06-30,farms_blocked_count,20
24,2026-06-30,farms_blocked_proportion,4
22,2026-06-30,farms_free_proportion,98
22,2026-06-30,farms_free_count,1029
26,2026-06-30,farms_blocked_count,14
16,2026-06-30,farms_blocked_proportion,3
17,2026-06-30,farms_free_proportion,97
17,2026-06-30,farms_blocked_count,34
25,2026-06-30,farms_blocked_count,1
11,2026-06-30,farms_free_count,485
26,2026-06-30,farms_free_count,497
6,2026-06-30,farms_free_count,170
19,2026-06-30,farms_free_proportion,98
1,2026-06-30,farms_blocked_count,15
LIE,2026-06-30,farms_free_proportion,97
13,2026-06-30,farms_blocked_proportion,1
8,2026-06-30,farms_blocked_proportion,0
3,2026-06-30,farms_total_count,2045
2,2026-06-30,farms_blocked_proportion,2
22,2026-06-30,farms_total_count,1049
13,2026-06-30,farms_total_count,353
10,2026-06-30,farms_total_count,1118
5,2026-06-30,farms_total_count,493
13,2026-06-30,farms_free_count,349
3,2026-06-30,farms_free_proportion,99
3,2026-06-30,farms_blocked_count,14
15,2026-06-30,farms_blocked_count,4
21,2026-06-30,farms_free_proportion,97
7,2026-06-30,farms_free_count,120
4,2026-06-30,farms_free_proportion,98
23,2026-06-30,farms_free_proportion,100
9,2026-06-30,farms_blocked_count,1
16,2026-06-30,farms_blocked_count,4
4,2026-06-30,farms_free_count,239
17,2026-06-30,farms_blocked_proportion,3
20,2026-06-30,farms_free_proportion,99
18,2026-06-30,farms_free_count,794
23,2026-06-30,farms_blocked_proportion,0
4,2026-06-30,farms_blocked_proportion,2
3,2026-06-30,farms_free_count,2031
2,2026-06-30,farms_total_count,4087
12,2026-06-30,farms_blocked_count,0
9,2026-06-30,farms_free_count,253
26,2026-06-30,farms_free_proportion,97
22,2026-06-30,farms_blocked_proportion,2
10,2026-06-30,farms_free_count,1082
25,2026-06-30,farms_free_proportion,99
13,2026-06-30,farms_blocked_count,4
7,2026-06-30,farms_blocked_proportion,2
20,2026-06-30,farms_blocked_count,9
CHE,2026-06-30,farms_free_count,17819
LIE,2026-06-30,farms_blocked_count,2
16,2026-06-30,farms_total_count,142
11,2026-06-30,farms_total_count,496
10,2026-06-30,farms_free_proportion,97
12,2026-06-30,farms_blocked_proportion,0
18,2026-06-30,farms_blocked_proportion,1
23,2026-06-30,farms_blocked_count,1
19,2026-06-30,farms_blocked_proportion,2
15,2026-06-30,farms_free_count,308
2,2026-06-30,farms_free_proportion,98
1,2026-06-30,farms_free_count,845
21,2026-06-30,farms_blocked_proportion,3
5,2026-06-30,farms_blocked_proportion,5
10,2026-06-30,farms_blocked_count,36
7,2026-06-30,farms_total_count,123
6,2026-06-30,farms_blocked_count,2
6,2026-06-30,farms_blocked_proportion,1
3,2026-06-30,farms_blocked_proportion,1
25,2026-06-30,farms_total_count,128
15,2026-06-30,farms_blocked_proportion,1
LIE,2026-06-30,farms_blocked_proportion,3
19,2026-06-30,farms_total_count,1029
23,2026-06-30,farms_free_count,1191
5,2026-06-30,farms_free_count,470
8,2026-06-30,farms_total_count,91
9,2026-06-30,farms_free_proportion,100
4,2026-06-30,farms_total_count,245
21,2026-06-30,farms_blocked_count,15
20,2026-06-30,farms_free_count,605
14,2026-06-30,farms_total_count,168
5,2026-06-30,farms_free_proportion,95
18,2026-06-30,farms_free_proportion,99
12,2026-06-30,farms_free_proportion,100
1,2026-06-30,farms_free_proportion,98
8,2026-06-30,farms_free_proportion,100
24,2026-06-30,farms_total_count,201
14,2026-06-30,farms_free_proportion,98
24,2026-06-30,farms_free_proportion,96
17,2026-06-30,farms_free_count,1177
CHE,2026-06-30,farms_blocked_proportion,2
20,2026-06-30,farms_total_count,614
CHE,2026-06-30,farms_blocked_count,339
6,2026-06-30,farms_total_count,172
9,2026-06-30,farms_total_count,254
15,2026-06-30,farms_total_count,312
14,2026-06-30,farms_blocked_count,3
26,2026-06-30,farms_total_count,511
26,2026-06-30,farms_blocked_proportion,3
LIE,2026-06-30,farms_free_count,59
21,2026-06-30,farms_total_count,442
14,2026-06-30,farms_blocked_proportion,2
18,2026-06-30,farms_total_count,803
5,2026-06-30,farms_blocked_count,23
1,2026-06-30,farms_blocked_proportion,2
19,2026-06-30,farms_blocked_count,22
7,2026-06-30,farms_free_proportion,98
6,2026-06-30,farms_free_proportion,99
20,2026-06-30,farms_blocked_proportion,1
11,2026-06-30,farms_blocked_count,11
23,2026-06-30,farms_total_count,1192
9,2026-06-30,farms_blocked_proportion,0
21,2026-06-30,farms_free_count,427
11,2026-06-30,farms_blocked_proportion,2
CHE,2026-06-30,farms_total_count,18158
12,2026-06-30,farms_total_count,19
7,2026-06-30,farms_blocked_count,3
18,2026-06-30,farms_blocked_count,9
24,2026-06-30,farms_free_count,193
4,2026-06-30,farms_blocked_count,6
1,2026-06-30,farms_total_count,860
14,2026-06-30,farms_free_count,165
13,2026-06-30,farms_free_proportion,99
CHE,2026-06-30,farms_free_proportion,98
8,2026-06-30,farms_free_count,91
2,2026-06-30,farms_blocked_count,80
23,2026-07-07,farms_blocked_proportion,0
13,2026-07-07,farms_blocked_count,4
8,2026-07-07,farms_blocked_count,0
26,2026-07-07,farms_blocked_proportion,3
10,2026-07-07,farms_blocked_count,36
19,2026-07-07,farms_blocked_proportion,2
4,2026-07-07,farms_blocked_proportion,2
26,2026-07-07,farms_blocked_count,14
14,2026-07-07,farms_total_count,168
6,2026-07-07,farms_free_count,170
18,2026-07-07,farms_blocked_count,8
14,2026-07-07,farms_free_count,165
15,2026-07-07,farms_total_count,312
25,2026-07-07,farms_free_count,127
18,2026-07-07,farms_blocked_proportion,1
6,2026-07-07,farms_total_count,172
3,2026-07-07,farms_blocked_proportion,1
7,2026-07-07,farms_total_count,123
3,2026-07-07,farms_free_count,2033
21,2026-07-07,farms_blocked_proportion,3
15,2026-07-07,farms_blocked_proportion,1
24,2026-07-07,farms_free_proportion,96
17,2026-07-07,farms_free_count,1179
8,2026-07-07,farms_free_proportion,100
18,2026-07-07,farms_free_proportion,99
19,2026-07-07,farms_total_count,1029
9,2026-07-07,farms_free_proportion,100
1,2026-07-07,farms_blocked_count,15
17,2026-07-07,farms_total_count,1211
7,2026-07-07,farms_free_proportion,98
12,2026-07-07,farms_blocked_count,0
26,2026-07-07,farms_free_proportion,97
13,2026-07-07,farms_free_count,350
15,2026-07-07,farms_blocked_count,4
16,2026-07-07,farms_total_count,142
23,2026-07-07,farms_free_proportion,100
3,2026-07-07,farms_free_proportion,99
LIE,2026-07-07,farms_blocked_count,2
25,2026-07-07,farms_free_proportion,99
2,2026-07-07,farms_total_count,4093
22,2026-07-07,farms_blocked_proportion,2
2,2026-07-07,farms_free_count,4019
12,2026-07-07,farms_free_count,19
8,2026-07-07,farms_blocked_proportion,0
16,2026-07-07,farms_free_count,138
24,2026-07-07,farms_blocked_proportion,4
16,2026-07-07,farms_blocked_proportion,3
25,2026-07-07,farms_blocked_count,1
2,2026-07-07,farms_blocked_count,74
26,2026-07-07,farms_free_count,498
17,2026-07-07,farms_free_proportion,97
9,2026-07-07,farms_blocked_proportion,0
13,2026-07-07,farms_total_count,354
10,2026-07-07,farms_blocked_proportion,3
11,2026-07-07,farms_blocked_count,11
23,2026-07-07,farms_blocked_count,1
1,2026-07-07,farms_free_count,845
4,2026-07-07,farms_blocked_count,6
21,2026-07-07,farms_free_count,428
6,2026-07-07,farms_blocked_proportion,1
LIE,2026-07-07,farms_free_count,59
5,2026-07-07,farms_blocked_count,22
20,2026-07-07,farms_total_count,614
5,2026-07-07,farms_free_proportion,96
7,2026-07-07,farms_blocked_count,3
1,2026-07-07,farms_total_count,860
19,2026-07-07,farms_free_proportion,98
14,2026-07-07,farms_blocked_proportion,2
11,2026-07-07,farms_free_proportion,98
22,2026-07-07,farms_free_count,1032
26,2026-07-07,farms_total_count,512
CHE,2026-07-07,farms_free_proportion,98
19,2026-07-07,farms_blocked_count,21
15,2026-07-07,farms_free_proportion,99
22,2026-07-07,farms_total_count,1050
20,2026-07-07,farms_blocked_proportion,2
LIE,2026-07-07,farms_free_proportion,97
14,2026-07-07,farms_free_proportion,98
CHE,2026-07-07,farms_total_count,18170
25,2026-07-07,farms_total_count,128
4,2026-07-07,farms_total_count,245
4,2026-07-07,farms_free_proportion,98
13,2026-07-07,farms_blocked_proportion,1
14,2026-07-07,farms_blocked_count,3
11,2026-07-07,farms_total_count,496
13,2026-07-07,farms_free_proportion,99
8,2026-07-07,farms_free_count,91
1,2026-07-07,farms_blocked_proportion,2
12,2026-07-07,farms_total_count,19
9,2026-07-07,farms_free_count,253
LIE,2026-07-07,farms_blocked_proportion,3
8,2026-07-07,farms_total_count,91
17,2026-07-07,farms_blocked_count,32
22,2026-07-07,farms_blocked_count,18
21,2026-07-07,farms_total_count,442
18,2026-07-07,farms_free_count,795
20,2026-07-07,farms_free_count,603
9,2026-07-07,farms_total_count,254
CHE,2026-07-07,farms_blocked_count,325
24,2026-07-07,farms_free_count,196
6,2026-07-07,farms_blocked_count,2
18,2026-07-07,farms_total_count,803
23,2026-07-07,farms_free_count,1191
5,2026-07-07,farms_free_count,471
5,2026-07-07,farms_blocked_proportion,4
2,2026-07-07,farms_free_proportion,98
12,2026-07-07,farms_free_proportion,100
CHE,2026-07-07,farms_blocked_proportion,2
17,2026-07-07,farms_blocked_proportion,3
16,2026-07-07,farms_blocked_count,4
23,2026-07-07,farms_total_count,1192
11,2026-07-07,farms_free_count,485
24,2026-07-07,farms_blocked_count,8
2,2026-07-07,farms_blocked_proportion,2
25,2026-07-07,farms_blocked_proportion,1
20,2026-07-07,farms_blocked_count,11
19,2026-07-07,farms_free_count,1008
16,2026-07-07,farms_free_proportion,97
9,2026-07-07,farms_blocked_count,1
5,2026-07-07,farms_total_count,493
4,2026-07-07,farms_free_count,239
10,2026-07-07,farms_free_proportion,97
7,2026-07-07,farms_blocked_proportion,2
CHE,2026-07-07,farms_free_count,17845
3,2026-07-07,farms_total_count,2045
3,2026-07-07,farms_blocked_count,12
10,2026-07-07,farms_free_count,1082
11,2026-07-07,farms_blocked_proportion,2
7,2026-07-07,farms_free_count,120
21,2026-07-07,farms_free_proportion,97
24,2026-07-07,farms_total_count,204
12,2026-07-07,farms_blocked_proportion,0
21,2026-07-07,farms_blocked_count,14
6,2026-07-07,farms_free_proportion,99
22,2026-07-07,farms_free_proportion,98
1,2026-07-07,farms_free_proportion,98
20,2026-07-07,farms_free_proportion,98
10,2026-07-07,farms_total_count,1118
LIE,2026-07-07,farms_total_count,61
15,2026-07-07,farms_free_count,308
24,2026-07-14,farms_free_count,196
26,2026-07-14,farms_blocked_proportion,3
14,2026-07-14,farms_blocked_count,3
CHE,2026-07-14,farms_blocked_proportion,2
11,2026-07-14,farms_free_proportion,98
5,2026-07-14,farms_blocked_proportion,4
12,2026-07-14,farms_blocked_proportion,0
18,2026-07-14,farms_free_proportion,99
16,2026-07-14,farms_free_proportion,97
21,2026-07-14,farms_blocked_count,13
23,2026-07-14,farms_total_count,1192
9,2026-07-14,farms_free_proportion,100
CHE,2026-07-14,farms_blocked_count,317
13,2026-07-14,farms_blocked_proportion,1
24,2026-07-14,farms_free_proportion,96
3,2026-07-14,farms_blocked_proportion,1
4,2026-07-14,farms_blocked_proportion,2
8,2026-07-14,farms_free_count,91
11,2026-07-14,farms_blocked_proportion,2
10,2026-07-14,farms_blocked_count,36
LIE,2026-07-14,farms_blocked_proportion,3
8,2026-07-14,farms_total_count,91
20,2026-07-14,farms_free_count,605
19,2026-07-14,farms_total_count,1029
CHE,2026-07-14,farms_total_count,18178
2,2026-07-14,farms_free_proportion,98
LIE,2026-07-14,farms_total_count,61
12,2026-07-14,farms_blocked_count,0
25,2026-07-14,farms_blocked_count,1
14,2026-07-14,farms_blocked_proportion,2
19,2026-07-14,farms_free_proportion,98
22,2026-07-14,farms_free_count,1032
10,2026-07-14,farms_total_count,1118
16,2026-07-14,farms_blocked_proportion,3
15,2026-07-14,farms_free_proportion,99
16,2026-07-14,farms_total_count,142
19,2026-07-14,farms_free_count,1008
21,2026-07-14,farms_free_count,430
12,2026-07-14,farms_free_count,19
26,2026-07-14,farms_free_count,499
20,2026-07-14,farms_free_proportion,98
22,2026-07-14,farms_total_count,1050
3,2026-07-14,farms_free_proportion,99
5,2026-07-14,farms_free_proportion,96
3,2026-07-14,farms_free_count,2033
26,2026-07-14,farms_free_proportion,97
5,2026-07-14,farms_blocked_count,22
21,2026-07-14,farms_free_proportion,97
15,2026-07-14,farms_total_count,312
25,2026-07-14,farms_total_count,129
LIE,2026-07-14,farms_blocked_count,2
10,2026-07-14,farms_free_count,1082
4,2026-07-14,farms_free_count,240
11,2026-07-14,farms_blocked_count,10
6,2026-07-14,farms_total_count,172
4,2026-07-14,farms_total_count,246
18,2026-07-14,farms_blocked_proportion,1
25,2026-07-14,farms_free_count,128
1,2026-07-14,farms_free_proportion,99
CHE,2026-07-14,farms_free_proportion,98
4,2026-07-14,farms_blocked_count,6
20,2026-07-14,farms_blocked_count,10
LIE,2026-07-14,farms_free_count,59
17,2026-07-14,farms_total_count,1211
6,2026-07-14,farms_free_count,170
11,2026-07-14,farms_total_count,496
8,2026-07-14,farms_blocked_count,0
13,2026-07-14,farms_free_count,350
24,2026-07-14,farms_blocked_proportion,4
22,2026-07-14,farms_free_proportion,98
17,2026-07-14,farms_free_proportion,98
LIE,2026-07-14,farms_free_proportion,97
20,2026-07-14,farms_blocked_proportion,2
2,2026-07-14,farms_blocked_count,74
7,2026-07-14,farms_free_proportion,98
19,2026-07-14,farms_blocked_count,21
17,2026-07-14,farms_blocked_proportion,2
1,2026-07-14,farms_blocked_count,12
14,2026-07-14,farms_free_count,165
18,2026-07-14,farms_blocked_count,8
9,2026-07-14,farms_blocked_proportion,0
1,2026-07-14,farms_total_count,860
7,2026-07-14,farms_blocked_count,3
23,2026-07-14,farms_blocked_count,1
20,2026-07-14,farms_total_count,615
6,2026-07-14,farms_blocked_proportion,1
7,2026-07-14,farms_total_count,123
2,2026-07-14,farms_blocked_proportion,2
CHE,2026-07-14,farms_free_count,17861
16,2026-07-14,farms_free_count,138
7,2026-07-14,farms_free_count,120
24,2026-07-14,farms_total_count,204
26,2026-07-14,farms_blocked_count,14
3,2026-07-14,farms_total_count,2045
6,2026-07-14,farms_free_proportion,99
19,2026-07-14,farms_blocked_proportion,2
23,2026-07-14,farms_blocked_proportion,0
11,2026-07-14,farms_free_count,486
9,2026-07-14,farms_blocked_count,1
10,2026-07-14,farms_free_proportion,97
1,2026-07-14,farms_free_count,848
3,2026-07-14,farms_blocked_count,12
16,2026-07-14,farms_blocked_count,4
7,2026-07-14,farms_blocked_proportion,2
5,2026-07-14,farms_total_count,493
25,2026-07-14,farms_free_proportion,99
23,2026-07-14,farms_free_proportion,100
2,2026-07-14,farms_total_count,4096
25,2026-07-14,farms_blocked_proportion,1
8,2026-07-14,farms_blocked_proportion,0
24,2026-07-14,farms_blocked_count,8
15,2026-07-14,farms_blocked_count,4
21,2026-07-14,farms_blocked_proportion,3
26,2026-07-14,farms_total_count,513
23,2026-07-14,farms_free_count,1191
9,2026-07-14,farms_total_count,254
2,2026-07-14,farms_free_count,4022
22,2026-07-14,farms_blocked_proportion,2
22,2026-07-14,farms_blocked_count,18
17,2026-07-14,farms_blocked_count,30
6,2026-07-14,farms_blocked_count,2
18,2026-07-14,farms_total_count,803
17,2026-07-14,farms_free_count,1181
9,2026-07-14,farms_free_count,253
18,2026-07-14,farms_free_count,795
5,2026-07-14,farms_free_count,471
14,2026-07-14,farms_total_count,168
12,2026-07-14,farms_total_count,19
13,2026-07-14,farms_free_proportion,99
13,2026-07-14,farms_blocked_count,4
21,2026-07-14,farms_total_count,443
13,2026-07-14,farms_total_count,354
10,2026-07-14,farms_blocked_proportion,3
14,2026-07-14,farms_free_proportion,98
1,2026-07-14,farms_blocked_proportion,1
15,2026-07-14,farms_free_count,308
15,2026-07-14,farms_blocked_proportion,1
12,2026-07-14,farms_free_proportion,100
8,2026-07-14,farms_free_proportion,100
4,2026-07-14,farms_free_proportion,98
1,2026-07-21,farms_free_proportion,99
5,2026-07-21,farms_total_count,493
15,2026-07-21,farms_blocked_count,4
25,2026-07-21,farms_blocked_proportion,1
17,2026-07-21,farms_total_count,1212
11,2026-07-21,farms_total_count,496
6,2026-07-21,farms_free_count,170
13,2026-07-21,farms_free_count,349
8,2026-07-21,farms_blocked_proportion,0
11,2026-07-21,farms_free_proportion,98
4,2026-07-21,farms_free_count,240
19,2026-07-21,farms_blocked_proportion,2
23,2026-07-21,farms_free_count,1192
CHE,2026-07-21,farms_free_proportion,98
16,2026-07-21,farms_blocked_count,4
LIE,2026-07-21,farms_blocked_proportion,3
23,2026-07-21,farms_total_count,1193
4,2026-07-21,farms_free_proportion,98
6,2026-07-21,farms_free_proportion,99
26,2026-07-21,farms_blocked_proportion,3
12,2026-07-21,farms_blocked_proportion,0
13,2026-07-21,farms_blocked_count,5
11,2026-07-21,farms_free_count,486
24,2026-07-21,farms_free_proportion,98
21,2026-07-21,farms_total_count,444
9,2026-07-21,farms_free_count,253
18,2026-07-21,farms_blocked_proportion,1
13,2026-07-21,farms_blocked_proportion,1
21,2026-07-21,farms_free_count,431
14,2026-07-21,farms_total_count,168
17,2026-07-21,farms_free_count,1182
23,2026-07-21,farms_free_proportion,100
22,2026-07-21,farms_free_count,1032
14,2026-07-21,farms_free_count,165
8,2026-07-21,farms_free_count,91
21,2026-07-21,farms_free_proportion,97
14,2026-07-21,farms_free_proportion,98
CHE,2026-07-21,farms_blocked_proportion,2
1,2026-07-21,farms_total_count,860
5,2026-07-21,farms_free_proportion,96
20,2026-07-21,farms_total_count,615
10,2026-07-21,farms_blocked_proportion,3
1,2026-07-21,farms_free_count,848
15,2026-07-21,farms_blocked_proportion,1
12,2026-07-21,farms_blocked_count,0
9,2026-07-21,farms_free_proportion,100
7,2026-07-21,farms_free_proportion,98
2,2026-07-21,farms_blocked_count,66
16,2026-07-21,farms_blocked_proportion,3
2,2026-07-21,farms_blocked_proportion,2
22,2026-07-21,farms_free_proportion,98
4,2026-07-21,farms_total_count,246
20,2026-07-21,farms_free_proportion,98
20,2026-07-21,farms_free_count,604
9,2026-07-21,farms_total_count,254
12,2026-07-21,farms_free_count,19
5,2026-07-21,farms_free_count,472
LIE,2026-07-21,farms_blocked_count,2
17,2026-07-21,farms_free_proportion,98
CHE,2026-07-21,farms_total_count,18187
7,2026-07-21,farms_free_count,120
19,2026-07-21,farms_blocked_count,19
22,2026-07-21,farms_total_count,1050
26,2026-07-21,farms_free_count,499
3,2026-07-21,farms_free_proportion,99
19,2026-07-21,farms_free_count,1010
25,2026-07-21,farms_free_count,128
24,2026-07-21,farms_blocked_count,4
16,2026-07-21,farms_free_count,138
13,2026-07-21,farms_total_count,354
23,2026-07-21,farms_blocked_count,1
5,2026-07-21,farms_blocked_count,21
18,2026-07-21,farms_free_count,797
11,2026-07-21,farms_blocked_count,10
25,2026-07-21,farms_total_count,129
2,2026-07-21,farms_free_proportion,98
9,2026-07-21,farms_blocked_proportion,0
24,2026-07-21,farms_blocked_proportion,2
20,2026-07-21,farms_blocked_proportion,2
9,2026-07-21,farms_blocked_count,1
25,2026-07-21,farms_free_proportion,99
14,2026-07-21,farms_blocked_count,3
8,2026-07-21,farms_total_count,91
24,2026-07-21,farms_total_count,204
26,2026-07-21,farms_blocked_count,14
23,2026-07-21,farms_blocked_proportion,0
2,2026-07-21,farms_total_count,4097
1,2026-07-21,farms_blocked_count,12
24,2026-07-21,farms_free_count,200
6,2026-07-21,farms_total_count,172
15,2026-07-21,farms_free_proportion,99
22,2026-07-21,farms_blocked_count,18
2,2026-07-21,farms_free_count,4031
21,2026-07-21,farms_blocked_count,13
11,2026-07-21,farms_blocked_proportion,2
16,2026-07-21,farms_free_proportion,97
19,2026-07-21,farms_free_proportion,98
4,2026-07-21,farms_blocked_count,6
10,2026-07-21,farms_free_count,1084
8,2026-07-21,farms_blocked_count,0
5,2026-07-21,farms_blocked_proportion,4
8,2026-07-21,farms_free_proportion,100
20,2026-07-21,farms_blocked_count,11
10,2026-07-21,farms_total_count,1119
CHE,2026-07-21,farms_blocked_count,305
7,2026-07-21,farms_total_count,123
12,2026-07-21,farms_total_count,19
18,2026-07-21,farms_blocked_count,10
3,2026-07-21,farms_blocked_proportion,1
18,2026-07-21,farms_free_proportion,99
1,2026-07-21,farms_blocked_proportion,1
LIE,2026-07-21,farms_free_count,59
14,2026-07-21,farms_blocked_proportion,2
17,2026-07-21,farms_blocked_proportion,2
13,2026-07-21,farms_free_proportion,99
25,2026-07-21,farms_blocked_count,1
LIE,2026-07-21,farms_total_count,61
19,2026-07-21,farms_total_count,1029
3,2026-07-21,farms_blocked_count,12
7,2026-07-21,farms_blocked_count,3
10,2026-07-21,farms_free_proportion,97
26,2026-07-21,farms_total_count,513
3,2026-07-21,farms_free_count,2033
6,2026-07-21,farms_blocked_proportion,1
LIE,2026-07-21,farms_free_proportion,97
15,2026-07-21,farms_total_count,312
26,2026-07-21,farms_free_proportion,97
16,2026-07-21,farms_total_count,142
12,2026-07-21,farms_free_proportion,100
7,2026-07-21,farms_blocked_proportion,2
15,2026-07-21,farms_free_count,308
18,2026-07-21,farms_total_count,807
22,2026-07-21,farms_blocked_proportion,2
CHE,2026-07-21,farms_free_count,17882
10,2026-07-21,farms_blocked_count,35
3,2026-07-21,farms_total_count,2045
6,2026-07-21,farms_blocked_count,2
17,2026-07-21,farms_blocked_count,30
4,2026-07-21,farms_blocked_proportion,2
21,2026-07-21,farms_blocked_proportion,3
18,2026-07-28,farms_blocked_count,10
20,2026-07-28,farms_free_proportion,99
CHE,2026-07-28,farms_total_count,18196
22,2026-07-28,farms_total_count,1050
25,2026-07-28,farms_blocked_proportion,1
21,2026-07-28,farms_blocked_count,13
14,2026-07-28,farms_blocked_proportion,2
7,2026-07-28,farms_free_proportion,98
3,2026-07-28,farms_blocked_count,12
16,2026-07-28,farms_blocked_count,4
14,2026-07-28,farms_total_count,168
24,2026-07-28,farms_blocked_count,4
17,2026-07-28,farms_free_proportion,98
8,2026-07-28,farms_free_proportion,100
LIE,2026-07-28,farms_free_proportion,97
10,2026-07-28,farms_free_count,1087
12,2026-07-28,farms_blocked_proportion,0
4,2026-07-28,farms_free_count,240
5,2026-07-28,farms_total_count,494
7,2026-07-28,farms_free_count,120
26,2026-07-28,farms_total_count,513
1,2026-07-28,farms_free_proportion,99
7,2026-07-28,farms_blocked_count,3
19,2026-07-28,farms_blocked_count,18
10,2026-07-28,farms_total_count,1122
16,2026-07-28,farms_free_proportion,97
7,2026-07-28,farms_total_count,123
CHE,2026-07-28,farms_free_count,17901
7,2026-07-28,farms_blocked_proportion,2
20,2026-07-28,farms_blocked_count,8
21,2026-07-28,farms_total_count,445
15,2026-07-28,farms_free_proportion,99
23,2026-07-28,farms_total_count,1193
24,2026-07-28,farms_free_count,200
15,2026-07-28,farms_blocked_count,3
18,2026-07-28,farms_total_count,807
14,2026-07-28,farms_blocked_count,3
LIE,2026-07-28,farms_blocked_proportion,3
6,2026-07-28,farms_free_proportion,99
24,2026-07-28,farms_total_count,204
6,2026-07-28,farms_blocked_count,2
26,2026-07-28,farms_blocked_count,14
8,2026-07-28,farms_total_count,91
11,2026-07-28,farms_free_proportion,98
17,2026-07-28,farms_blocked_proportion,2
3,2026-07-28,farms_total_count,2046
11,2026-07-28,farms_total_count,496
9,2026-07-28,farms_free_count,253
13,2026-07-28,farms_free_proportion,99
23,2026-07-28,farms_free_count,1192
14,2026-07-28,farms_free_proportion,98
2,2026-07-28,farms_free_proportion,98
25,2026-07-28,farms_free_proportion,99
22,2026-07-28,farms_free_count,1032
8,2026-07-28,farms_free_count,91
2,2026-07-28,farms_blocked_count,64
17,2026-07-28,farms_blocked_count,29
5,2026-07-28,farms_free_proportion,96
24,2026-07-28,farms_blocked_proportion,2
16,2026-07-28,farms_free_count,138
5,2026-07-28,farms_blocked_count,21
20,2026-07-28,farms_total_count,616
10,2026-07-28,farms_free_proportion,97
CHE,2026-07-28,farms_free_proportion,98
8,2026-07-28,farms_blocked_proportion,0
4,2026-07-28,farms_total_count,246
11,2026-07-28,farms_blocked_count,10
6,2026-07-28,farms_blocked_proportion,1
25,2026-07-28,farms_total_count,129
10,2026-07-28,farms_blocked_proportion,3
12,2026-07-28,farms_free_proportion,100
1,2026-07-28,farms_free_count,850
19,2026-07-28,farms_free_count,1011
26,2026-07-28,farms_blocked_proportion,3
11,2026-07-28,farms_blocked_proportion,2
9,2026-07-28,farms_blocked_proportion,0
1,2026-07-28,farms_total_count,861
26,2026-07-28,farms_free_count,499
18,2026-07-28,farms_free_count,797
23,2026-07-28,farms_blocked_count,1
13,2026-07-28,farms_total_count,354
25,2026-07-28,farms_free_count,128
17,2026-07-28,farms_free_count,1183
5,2026-07-28,farms_free_count,473
26,2026-07-28,farms_free_proportion,97
3,2026-07-28,farms_free_count,2034
17,2026-07-28,farms_total_count,1212
CHE,2026-07-28,farms_blocked_proportion,2
22,2026-07-28,farms_blocked_proportion,2
18,2026-07-28,farms_blocked_proportion,1
6,2026-07-28,farms_total_count,172
22,2026-07-28,farms_blocked_count,18
25,2026-07-28,farms_blocked_count,1
LIE,2026-07-28,farms_free_count,59
15,2026-07-28,farms_free_count,309
20,2026-07-28,farms_blocked_proportion,1
LIE,2026-07-28,farms_blocked_count,2
2,2026-07-28,farms_free_count,4034
23,2026-07-28,farms_free_proportion,100
2,2026-07-28,farms_total_count,4098
14,2026-07-28,farms_free_count,165
1,2026-07-28,farms_blocked_count,11
19,2026-07-28,farms_blocked_proportion,2
23,2026-07-28,farms_blocked_proportion,0
12,2026-07-28,farms_free_count,19
9,2026-07-28,farms_blocked_count,1
11,2026-07-28,farms_free_count,486
LIE,2026-07-28,farms_total_count,61
15,2026-07-28,farms_blocked_proportion,1
2,2026-07-28,farms_blocked_proportion,2
21,2026-07-28,farms_blocked_proportion,3
3,2026-07-28,farms_free_proportion,99
22,2026-07-28,farms_free_proportion,98
12,2026-07-28,farms_blocked_count,0
1,2026-07-28,farms_blocked_proportion,1
9,2026-07-28,farms_total_count,254
4,2026-07-28,farms_blocked_count,6
16,2026-07-28,farms_blocked_proportion,3
20,2026-07-28,farms_free_count,608
16,2026-07-28,farms_total_count,142
21,2026-07-28,farms_free_count,432
13,2026-07-28,farms_blocked_proportion,1
5,2026-07-28,farms_blocked_proportion,4
4,2026-07-28,farms_blocked_proportion,2
12,2026-07-28,farms_total_count,19
18,2026-07-28,farms_free_proportion,99
4,2026-07-28,farms_free_proportion,98
8,2026-07-28,farms_blocked_count,0
9,2026-07-28,farms_free_proportion,100
19,2026-07-28,farms_total_count,1029
15,2026-07-28,farms_total_count,312
10,2026-07-28,farms_blocked_count,35
24,2026-07-28,farms_free_proportion,98
CHE,2026-07-28,farms_blocked_count,295
21,2026-07-28,farms_free_proportion,97
6,2026-07-28,farms_free_count,170
13,2026-07-28,farms_free_count,350
3,2026-07-28,farms_blocked_proportion,1
19,2026-07-28,farms_free_proportion,98
13,2026-07-28,farms_blocked_count,4
6,2026-08-04,farms_blocked_count,2
LIE,2026-08-04,farms_free_proportion,97
15,2026-08-04,farms_blocked_proportion,1
7,2026-08-04,farms_blocked_count,3
1,2026-08-04,farms_blocked_count,12
4,2026-08-04,farms_blocked_proportion,2
9,2026-08-04,farms_free_count,253
CHE,2026-08-04,farms_blocked_proportion,2
14,2026-08-04,farms_free_count,165
5,2026-08-04,farms_total_count,494
17,2026-08-04,farms_blocked_count,28
24,2026-08-04,farms_blocked_count,4
3,2026-08-04,farms_free_count,2035
CHE,2026-08-04,farms_free_count,17918
16,2026-08-04,farms_total_count,142
21,2026-08-04,farms_blocked_proportion,3
13,2026-08-04,farms_free_count,351
20,2026-08-04,farms_total_count,616
7,2026-08-04,farms_free_count,120
1,2026-08-04,farms_free_count,849
15,2026-08-04,farms_total_count,312
22,2026-08-04,farms_blocked_proportion,2
19,2026-08-04,farms_total_count,1031
26,2026-08-04,farms_total_count,513
6,2026-08-04,farms_blocked_proportion,1
9,2026-08-04,farms_free_proportion,100
10,2026-08-04,farms_blocked_proportion,3
12,2026-08-04,farms_free_proportion,100
17,2026-08-04,farms_free_count,1185
15,2026-08-04,farms_free_count,309
16,2026-08-04,farms_blocked_proportion,3
19,2026-08-04,farms_blocked_count,18
14,2026-08-04,farms_free_proportion,98
18,2026-08-04,farms_total_count,808
6,2026-08-04,farms_free_count,170
17,2026-08-04,farms_free_proportion,98
21,2026-08-04,farms_total_count,447
LIE,2026-08-04,farms_total_count,62
13,2026-08-04,farms_free_proportion,99
22,2026-08-04,farms_blocked_count,18
15,2026-08-04,farms_free_proportion,99
14,2026-08-04,farms_blocked_proportion,2
22,2026-08-04,farms_total_count,1051
10,2026-08-04,farms_free_count,1087
10,2026-08-04,farms_total_count,1122
4,2026-08-04,farms_free_proportion,98
20,2026-08-04,farms_free_proportion,99
1,2026-08-04,farms_free_proportion,99
1,2026-08-04,farms_blocked_proportion,1
12,2026-08-04,farms_total_count,19
13,2026-08-04,farms_blocked_proportion,1
20,2026-08-04,farms_free_count,609
20,2026-08-04,farms_blocked_count,7
5,2026-08-04,farms_blocked_proportion,4
4,2026-08-04,farms_free_count,241
CHE,2026-08-04,farms_total_count,18204
4,2026-08-04,farms_blocked_count,5
16,2026-08-04,farms_free_proportion,97
12,2026-08-04,farms_blocked_proportion,0
CHE,2026-08-04,farms_blocked_count,286
11,2026-08-04,farms_blocked_proportion,2
21,2026-08-04,farms_free_count,434
19,2026-08-04,farms_free_proportion,98
21,2026-08-04,farms_free_proportion,97
21,2026-08-04,farms_blocked_count,13
23,2026-08-04,farms_total_count,1193
22,2026-08-04,farms_free_count,1033
24,2026-08-04,farms_free_count,200
8,2026-08-04,farms_free_count,91
19,2026-08-04,farms_free_count,1013
23,2026-08-04,farms_free_proportion,100
8,2026-08-04,farms_total_count,91
17,2026-08-04,farms_blocked_proportion,2
2,2026-08-04,farms_total_count,4098
11,2026-08-04,farms_free_proportion,98
19,2026-08-04,farms_blocked_proportion,2
23,2026-08-04,farms_blocked_proportion,0
CHE,2026-08-04,farms_free_proportion,98
LIE,2026-08-04,farms_blocked_proportion,3
9,2026-08-04,farms_blocked_count,1
11,2026-08-04,farms_free_count,486
2,2026-08-04,farms_blocked_proportion,1
23,2026-08-04,farms_free_count,1192
22,2026-08-04,farms_free_proportion,98
26,2026-08-04,farms_blocked_proportion,3
20,2026-08-04,farms_blocked_proportion,1
25,2026-08-04,farms_total_count,129
9,2026-08-04,farms_blocked_proportion,0
1,2026-08-04,farms_total_count,861
4,2026-08-04,farms_total_count,246
11,2026-08-04,farms_blocked_count,10
23,2026-08-04,farms_blocked_count,1
5,2026-08-04,farms_blocked_count,19
13,2026-08-04,farms_total_count,354
5,2026-08-04,farms_free_count,475
9,2026-08-04,farms_total_count,254
5,2026-08-04,farms_free_proportion,96
LIE,2026-08-04,farms_free_count,60
14,2026-08-04,farms_blocked_count,3
2,2026-08-04,farms_free_proportion,99
24,2026-08-04,farms_total_count,204
12,2026-08-04,farms_free_count,19
11,2026-08-04,farms_total_count,496
17,2026-08-04,farms_total_count,1213
7,2026-08-04,farms_blocked_proportion,2
13,2026-08-04,farms_blocked_count,3
25,2026-08-04,farms_free_count,128
15,2026-08-04,farms_blocked_count,3
2,2026-08-04,farms_blocked_count,60
3,2026-08-04,farms_blocked_proportion,1
3,2026-08-04,farms_free_proportion,99
24,2026-08-04,farms_free_proportion,98
3,2026-08-04,farms_blocked_count,12
18,2026-08-04,farms_free_count,797
7,2026-08-04,farms_total_count,123
12,2026-08-04,farms_blocked_count,0
6,2026-08-04,farms_free_proportion,99
26,2026-08-04,farms_blocked_count,13
8,2026-08-04,farms_blocked_count,0
26,2026-08-04,farms_free_proportion,97
10,2026-08-04,farms_free_proportion,97
18,2026-08-04,farms_blocked_count,11
25,2026-08-04,farms_blocked_count,1
16,2026-08-04,farms_blocked_count,4
25,2026-08-04,farms_free_proportion,99
7,2026-08-04,farms_free_proportion,98
26,2026-08-04,farms_free_count,500
24,2026-08-04,farms_blocked_proportion,2
2,2026-08-04,farms_free_count,4038
14,2026-08-04,farms_total_count,168
25,2026-08-04,farms_blocked_proportion,1
3,2026-08-04,farms_total_count,2047
6,2026-08-04,farms_total_count,172
8,2026-08-04,farms_blocked_proportion,0
LIE,2026-08-04,farms_blocked_count,2
16,2026-08-04,farms_free_count,138
18,2026-08-04,farms_free_proportion,99
10,2026-08-04,farms_blocked_count,35
8,2026-08-04,farms_free_proportion,100
18,2026-08-04,farms_blocked_proportion,1
6,2026-08-11,farms_blocked_count,2
1,2026-08-11,farms_free_proportion,99
8,2026-08-11,farms_total_count,91
13,2026-08-11,farms_free_proportion,99
21,2026-08-11,farms_blocked_count,13
17,2026-08-11,farms_total_count,1213
11,2026-08-11,farms_total_count,496
16,2026-08-11,farms_free_count,138
14,2026-08-11,farms_free_count,165
24,2026-08-11,farms_free_count,200
9,2026-08-11,farms_free_count,253
11,2026-08-11,farms_free_count,486
2,2026-08-11,farms_blocked_count,51
9,2026-08-11,farms_blocked_count,1
4,2026-08-11,farms_free_count,241
17,2026-08-11,farms_blocked_count,26
26,2026-08-11,farms_free_proportion,97
16,2026-08-11,farms_free_proportion,97
14,2026-08-11,farms_total_count,168
CHE,2026-08-11,farms_blocked_proportion,1
22,2026-08-11,farms_blocked_proportion,2
8,2026-08-11,farms_free_proportion,100
21,2026-08-11,farms_total_count,447
20,2026-08-11,farms_blocked_count,6
1,2026-08-11,farms_total_count,862
3,2026-08-11,farms_total_count,2047
12,2026-08-11,farms_blocked_proportion,0
7,2026-08-11,farms_total_count,124
5,2026-08-11,farms_free_proportion,96
20,2026-08-11,farms_free_proportion,99
2,2026-08-11,farms_free_proportion,99
3,2026-08-11,farms_free_count,2035
22,2026-08-11,farms_free_count,1034
2,2026-08-11,farms_total_count,4102
25,2026-08-11,farms_total_count,129
25,2026-08-11,farms_free_proportion,99
8,2026-08-11,farms_free_count,91
1,2026-08-11,farms_blocked_count,12
15,2026-08-11,farms_free_proportion,99
12,2026-08-11,farms_free_count,19
4,2026-08-11,farms_total_count,246
19,2026-08-11,farms_free_count,1013
23,2026-08-11,farms_free_proportion,100
11,2026-08-11,farms_blocked_count,10
2,2026-08-11,farms_free_count,4051
LIE,2026-08-11,farms_blocked_count,2
8,2026-08-11,farms_blocked_proportion,0
5,2026-08-11,farms_blocked_count,19
24,2026-08-11,farms_blocked_proportion,2
7,2026-08-11,farms_free_proportion,98
15,2026-08-11,farms_blocked_count,3
23,2026-08-11,farms_free_count,1193
17,2026-08-11,farms_blocked_proportion,2
18,2026-08-11,farms_blocked_count,10
10,2026-08-11,farms_total_count,1125
26,2026-08-11,farms_blocked_count,13
11,2026-08-11,farms_free_proportion,98
10,2026-08-11,farms_free_count,1092
15,2026-08-11,farms_free_count,309
13,2026-08-11,farms_free_count,351
23,2026-08-11,farms_blocked_proportion,0
21,2026-08-11,farms_blocked_proportion,3
LIE,2026-08-11,farms_blocked_proportion,3
18,2026-08-11,farms_free_count,798
3,2026-08-11,farms_free_proportion,99
14,2026-08-11,farms_blocked_count,3
22,2026-08-11,farms_total_count,1051
26,2026-08-11,farms_free_count,501
19,2026-08-11,farms_blocked_proportion,2
15,2026-08-11,farms_blocked_proportion,1
14,2026-08-11,farms_blocked_proportion,2
17,2026-08-11,farms_free_count,1187
6,2026-08-11,farms_free_proportion,99
11,2026-08-11,farms_blocked_proportion,2
18,2026-08-11,farms_total_count,808
25,2026-08-11,farms_free_count,128
3,2026-08-11,farms_blocked_count,12
3,2026-08-11,farms_blocked_proportion,1
CHE,2026-08-11,farms_free_count,17947
16,2026-08-11,farms_blocked_count,4
7,2026-08-11,farms_blocked_count,2
13,2026-08-11,farms_blocked_proportion,1
6,2026-08-11,farms_total_count,172
23,2026-08-11,farms_blocked_count,1
CHE,2026-08-11,farms_blocked_count,269
20,2026-08-11,farms_free_count,610
20,2026-08-11,farms_total_count,616
9,2026-08-11,farms_blocked_proportion,0
7,2026-08-11,farms_free_count,122
16,2026-08-11,farms_blocked_proportion,3
25,2026-08-11,farms_blocked_count,1
1,2026-08-11,farms_free_count,850
26,2026-08-11,farms_blocked_proportion,3
10,2026-08-11,farms_free_proportion,97
26,2026-08-11,farms_total_count,514
CHE,2026-08-11,farms_total_count,18216
12,2026-08-11,farms_total_count,19
6,2026-08-11,farms_free_count,170
10,2026-08-11,farms_blocked_count,33
9,2026-08-11,farms_total_count,254
24,2026-08-11,farms_blocked_count,4
18,2026-08-11,farms_blocked_proportion,1
LIE,2026-08-11,farms_free_count,60
4,2026-08-11,farms_blocked_proportion,2
5,2026-08-11,farms_total_count,495
22,2026-08-11,farms_blocked_count,17
25,2026-08-11,farms_blocked_proportion,1
5,2026-08-11,farms_free_count,476
18,2026-08-11,farms_free_proportion,99
LIE,2026-08-11,farms_free_proportion,97
16,2026-08-11,farms_total_count,142
4,2026-08-11,farms_free_proportion,98
17,2026-08-11,farms_free_proportion,98
24,2026-08-11,farms_free_proportion,98
1,2026-08-11,farms_blocked_proportion,1
7,2026-08-11,farms_blocked_proportion,2
19,2026-08-11,farms_blocked_count,18
13,2026-08-11,farms_total_count,354
6,2026-08-11,farms_blocked_proportion,1
5,2026-08-11,farms_blocked_proportion,4
4,2026-08-11,farms_blocked_count,5
2,2026-08-11,farms_blocked_proportion,1
15,2026-08-11,farms_total_count,312
LIE,2026-08-11,farms_total_count,62
CHE,2026-08-11,farms_free_proportion,99
14,2026-08-11,farms_free_proportion,98
22,2026-08-11,farms_free_proportion,98
21,2026-08-11,farms_free_proportion,97
12,2026-08-11,farms_blocked_count,0
19,2026-08-11,farms_total_count,1031
9,2026-08-11,farms_free_proportion,100
12,2026-08-11,farms_free_proportion,100
19,2026-08-11,farms_free_proportion,98
23,2026-08-11,farms_total_count,1194
21,2026-08-11,farms_free_count,434
24,2026-08-11,farms_total_count,204
10,2026-08-11,farms_blocked_proportion,3
20,2026-08-11,farms_blocked_proportion,1
8,2026-08-11,farms_blocked_count,0
13,2026-08-11,farms_blocked_count,3
11,2026-08-18,farms_free_count,486
11,2026-08-18,farms_blocked_proportion,2
18,2026-08-18,farms_free_proportion,99
25,2026-08-18,farms_free_count,128
8,2026-08-18,farms_free_count,91
20,2026-08-18,farms_free_count,610
4,2026-08-18,farms_free_proportion,98
12,2026-08-18,farms_free_count,19
14,2026-08-18,farms_total_count,168
22,2026-08-18,farms_free_count,1034
22,2026-08-18,farms_free_proportion,98
1,2026-08-18,farms_free_proportion,99
7,2026-08-18,farms_total_count,124
LIE,2026-08-18,farms_total_count,62
12,2026-08-18,farms_blocked_count,0
22,2026-08-18,farms_blocked_count,17
5,2026-08-18,farms_free_count,476
CHE,2026-08-18,farms_free_proportion,99
5,2026-08-18,farms_free_proportion,96
23,2026-08-18,farms_blocked_count,1
9,2026-08-18,farms_total_count,254
14,2026-08-18,farms_free_count,165
CHE,2026-08-18,farms_blocked_count,259
21,2026-08-18,farms_blocked_count,13
18,2026-08-18,farms_blocked_proportion,1
6,2026-08-18,farms_total_count,173
LIE,2026-08-18,farms_free_count,60
23,2026-08-18,farms_free_proportion,100
1,2026-08-18,farms_total_count,863
2,2026-08-18,farms_blocked_proportion,1
8,2026-08-18,farms_free_proportion,100
19,2026-08-18,farms_free_count,1016
24,2026-08-18,farms_free_proportion,99
2,2026-08-18,farms_total_count,4104
4,2026-08-18,farms_blocked_count,4
9,2026-08-18,farms_blocked_proportion,0
3,2026-08-18,farms_blocked_proportion,0
20,2026-08-18,farms_blocked_proportion,1
13,2026-08-18,farms_blocked_proportion,1
23,2026-08-18,farms_blocked_proportion,0
3,2026-08-18,farms_free_count,2037
23,2026-08-18,farms_total_count,1194
4,2026-08-18,farms_free_count,242
5,2026-08-18,farms_blocked_proportion,4
18,2026-08-18,farms_blocked_count,10
12,2026-08-18,farms_blocked_proportion,0
20,2026-08-18,farms_blocked_count,6
CHE,2026-08-18,farms_blocked_proportion,1
10,2026-08-18,farms_total_count,1125
8,2026-08-18,farms_blocked_count,0
13,2026-08-18,farms_free_count,351
CHE,2026-08-18,farms_total_count,18224
25,2026-08-18,farms_blocked_count,2
26,2026-08-18,farms_free_count,501
7,2026-08-18,farms_free_proportion,99
1,2026-08-18,farms_blocked_proportion,1
18,2026-08-18,farms_free_count,798
21,2026-08-18,farms_free_proportion,97
13,2026-08-18,farms_total_count,354
16,2026-08-18,farms_free_proportion,98
13,2026-08-18,farms_blocked_count,3
20,2026-08-18,farms_free_proportion,99
19,2026-08-18,farms_blocked_proportion,2
9,2026-08-18,farms_blocked_count,1
12,2026-08-18,farms_total_count,19
21,2026-08-18,farms_free_count,434
19,2026-08-18,farms_free_proportion,98
22,2026-08-18,farms_total_count,1051
2,2026-08-18,farms_blocked_count,49
15,2026-08-18,farms_free_proportion,99
14,2026-08-18,farms_blocked_proportion,2
10,2026-08-18,farms_free_count,1094
6,2026-08-18,farms_free_count,171
9,2026-08-18,farms_free_count,253
CHE,2026-08-18,farms_free_count,17965
2,2026-08-18,farms_free_count,4055
9,2026-08-18,farms_free_proportion,100
21,2026-08-18,farms_blocked_proportion,3
7,2026-08-18,farms_blocked_count,1
3,2026-08-18,farms_blocked_count,10
LIE,2026-08-18,farms_blocked_proportion,3
12,2026-08-18,farms_free_proportion,100
26,2026-08-18,farms_total_count,514
14,2026-08-18,farms_blocked_count,3
3,2026-08-18,farms_free_proportion,100
8,2026-08-18,farms_total_count,91
21,2026-08-18,farms_total_count,447
7,2026-08-18,farms_blocked_proportion,1
15,2026-08-18,farms_free_count,308
16,2026-08-18,farms_blocked_count,3
19,2026-08-18,farms_total_count,1033
3,2026-08-18,farms_total_count,2047
24,2026-08-18,farms_free_count,201
6,2026-08-18,farms_blocked_proportion,1
26,2026-08-18,farms_blocked_proportion,3
10,2026-08-18,farms_free_proportion,97
1,2026-08-18,farms_free_count,851
13,2026-08-18,farms_free_proportion,99
11,2026-08-18,farms_total_count,496
23,2026-08-18,farms_free_count,1193
16,2026-08-18,farms_blocked_proportion,2
17,2026-08-18,farms_blocked_proportion,2
10,2026-08-18,farms_blocked_proportion,3
17,2026-08-18,farms_blocked_count,25
26,2026-08-18,farms_blocked_count,13
11,2026-08-18,farms_free_proportion,98
26,2026-08-18,farms_free_proportion,97
20,2026-08-18,farms_total_count,616
17,2026-08-18,farms_free_count,1189
15,2026-08-18,farms_blocked_count,4
22,2026-08-18,farms_blocked_proportion,2
16,2026-08-18,farms_total_count,142
25,2026-08-18,farms_free_proportion,98
15,2026-08-18,farms_total_count,312
1,2026-08-18,farms_blocked_count,12
24,2026-08-18,farms_total_count,204
24,2026-08-18,farms_blocked_proportion,1
4,2026-08-18,farms_total_count,246
18,2026-08-18,farms_total_count,808
17,2026-08-18,farms_total_count,1214
6,2026-08-18,farms_free_proportion,99
24,2026-08-18,farms_blocked_count,3
11,2026-08-18,farms_blocked_count,10
10,2026-08-18,farms_blocked_count,31
19,2026-08-18,farms_blocked_count,17
6,2026-08-18,farms_blocked_count,2
8,2026-08-18,farms_blocked_proportion,0
16,2026-08-18,farms_free_count,139
5,2026-08-18,farms_blocked_count,19
LIE,2026-08-18,farms_blocked_count,2
25,2026-08-18,farms_total_count,130
5,2026-08-18,farms_total_count,495
LIE,2026-08-18,farms_free_proportion,97
15,2026-08-18,farms_blocked_proportion,1
4,2026-08-18,farms_blocked_proportion,2
25,2026-08-18,farms_blocked_proportion,2
7,2026-08-18,farms_free_count,123
17,2026-08-18,farms_free_proportion,98
2,2026-08-18,farms_free_proportion,99
14,2026-08-18,farms_free_proportion,98
21,2026-08-25,farms_free_proportion,97
20,2026-08-25,farms_blocked_proportion,1
19,2026-08-25,farms_free_proportion,98
6,2026-08-25,farms_free_proportion,99
26,2026-08-25,farms_blocked_proportion,3
12,2026-08-25,farms_blocked_count,0
LIE,2026-08-25,farms_blocked_count,2
10,2026-08-25,farms_blocked_proportion,3
LIE,2026-08-25,farms_total_count,62
13,2026-08-25,farms_blocked_count,3
23,2026-08-25,farms_total_count,1194
22,2026-08-25,farms_free_proportion,98
18,2026-08-25,farms_total_count,809
12,2026-08-25,farms_free_proportion,100
2,2026-08-25,farms_blocked_proportion,1
19,2026-08-25,farms_total_count,1034
25,2026-08-25,farms_free_count,128
9,2026-08-25,farms_free_proportion,100
8,2026-08-25,farms_blocked_count,0
7,2026-08-25,farms_free_count,123
14,2026-08-25,farms_free_proportion,98
5,2026-08-25,farms_blocked_count,18
16,2026-08-25,farms_blocked_count,3
10,2026-08-25,farms_free_proportion,97
1,2026-08-25,farms_blocked_proportion,1
16,2026-08-25,farms_total_count,142
17,2026-08-25,farms_free_proportion,98
25,2026-08-25,farms_blocked_proportion,2
4,2026-08-25,farms_free_proportion,99
LIE,2026-08-25,farms_free_proportion,97
18,2026-08-25,farms_free_proportion,99
18,2026-08-25,farms_blocked_proportion,1
13,2026-08-25,farms_total_count,354
4,2026-08-25,farms_blocked_proportion,1
22,2026-08-25,farms_blocked_count,17
5,2026-08-25,farms_free_count,477
7,2026-08-25,farms_blocked_proportion,1
10,2026-08-25,farms_blocked_count,31
24,2026-08-25,farms_blocked_count,3
LIE,2026-08-25,farms_free_count,60
19,2026-08-25,farms_blocked_count,17
9,2026-08-25,farms_total_count,254
5,2026-08-25,farms_total_count,495
6,2026-08-25,farms_blocked_proportion,1
24,2026-08-25,farms_free_proportion,99
26,2026-08-25,farms_total_count,515
1,2026-08-25,farms_free_count,854
4,2026-08-25,farms_blocked_count,3
16,2026-08-25,farms_blocked_proportion,2
CHE,2026-08-25,farms_total_count,18237
25,2026-08-25,farms_blocked_count,2
20,2026-08-25,farms_total_count,617
9,2026-08-25,farms_blocked_proportion,0
20,2026-08-25,farms_free_count,608
6,2026-08-25,farms_free_count,172
16,2026-08-25,farms_free_count,139
CHE,2026-08-25,farms_free_count,17986
5,2026-08-25,farms_blocked_proportion,4
15,2026-08-25,farms_free_count,309
CHE,2026-08-25,farms_free_proportion,99
13,2026-08-25,farms_blocked_proportion,1
7,2026-08-25,farms_blocked_count,1
3,2026-08-25,farms_blocked_count,8
12,2026-08-25,farms_total_count,19
3,2026-08-25,farms_blocked_proportion,0
23,2026-08-25,farms_blocked_count,1
CHE,2026-08-25,farms_blocked_proportion,1
21,2026-08-25,farms_blocked_count,13
10,2026-08-25,farms_total_count,1128
17,2026-08-25,farms_free_count,1191
15,2026-08-25,farms_free_proportion,99
17,2026-08-25,farms_blocked_proportion,2
26,2026-08-25,farms_blocked_count,13
20,2026-08-25,farms_free_proportion,99
2,2026-08-25,farms_total_count,4105
1,2026-08-25,farms_total_count,864
13,2026-08-25,farms_free_proportion,99
11,2026-08-25,farms_total_count,496
1,2026-08-25,farms_blocked_count,10
22,2026-08-25,farms_blocked_proportion,2
7,2026-08-25,farms_total_count,124
3,2026-08-25,farms_free_proportion,100
24,2026-08-25,farms_free_count,201
11,2026-08-25,farms_free_proportion,98
20,2026-08-25,farms_blocked_count,9
13,2026-08-25,farms_free_count,351
18,2026-08-25,farms_blocked_count,10
23,2026-08-25,farms_free_count,1193
18,2026-08-25,farms_free_count,799
14,2026-08-25,farms_blocked_count,3
22,2026-08-25,farms_total_count,1053
24,2026-08-25,farms_blocked_proportion,1
LIE,2026-08-25,farms_blocked_proportion,3
23,2026-08-25,farms_blocked_proportion,0
15,2026-08-25,farms_blocked_count,3
14,2026-08-25,farms_free_count,165
15,2026-08-25,farms_blocked_proportion,1
7,2026-08-25,farms_free_proportion,99
10,2026-08-25,farms_free_count,1097
3,2026-08-25,farms_free_count,2040
2,2026-08-25,farms_free_count,4057
12,2026-08-25,farms_blocked_proportion,0
2,2026-08-25,farms_free_proportion,99
22,2026-08-25,farms_free_count,1036
21,2026-08-25,farms_total_count,447
25,2026-08-25,farms_total_count,130
14,2026-08-25,farms_total_count,168
26,2026-08-25,farms_free_proportion,97
17,2026-08-25,farms_total_count,1214
23,2026-08-25,farms_free_proportion,100
21,2026-08-25,farms_blocked_proportion,3
11,2026-08-25,farms_blocked_proportion,2
11,2026-08-25,farms_blocked_count,9
5,2026-08-25,farms_free_proportion,96
11,2026-08-25,farms_free_count,487
CHE,2026-08-25,farms_blocked_count,251
15,2026-08-25,farms_total_count,312
6,2026-08-25,farms_total_count,174
21,2026-08-25,farms_free_count,434
6,2026-08-25,farms_blocked_count,2
8,2026-08-25,farms_free_proportion,100
17,2026-08-25,farms_blocked_count,23
4,2026-08-25,farms_total_count,246
19,2026-08-25,farms_free_count,1017
14,2026-08-25,farms_blocked_proportion,2
9,2026-08-25,farms_free_count,253
26,2026-08-25,farms_free_count,502
8,2026-08-25,farms_total_count,91
9,2026-08-25,farms_blocked_count,1
3,2026-08-25,farms_total_count,2048
16,2026-08-25,farms_free_proportion,98
12,2026-08-25,farms_free_count,19
1,2026-08-25,farms_free_proportion,99
4,2026-08-25,farms_free_count,243
8,2026-08-25,farms_free_count,91
25,2026-08-25,farms_free_proportion,98
8,2026-08-25,farms_blocked_proportion,0
24,2026-08-25,farms_total_count,204
19,2026-08-25,farms_blocked_proportion,2
2,2026-08-25,farms_blocked_count,48
12,2026-09-01,farms_free_count,19
18,2026-09-01,farms_blocked_proportion,1
2,2026-09-01,farms_total_count,4108
23,2026-09-01,farms_free_proportion,100
4,2026-09-01,farms_blocked_proportion,1
CHE,2026-09-01,farms_free_proportion,99
15,2026-09-01,farms_blocked_proportion,1
13,2026-09-01,farms_total_count,354
5,2026-09-01,farms_free_count,478
1,2026-09-01,farms_blocked_count,9
13,2026-09-01,farms_free_count,351
10,2026-09-01,farms_blocked_count,31
19,2026-09-01,farms_total_count,1034
9,2026-09-01,farms_free_proportion,100
26,2026-09-01,farms_free_count,502
LIE,2026-09-01,farms_blocked_count,4
19,2026-09-01,farms_blocked_proportion,2
6,2026-09-01,farms_total_count,174
9,2026-09-01,farms_blocked_count,1
20,2026-09-01,farms_blocked_proportion,2
26,2026-09-01,farms_blocked_proportion,3
26,2026-09-01,farms_free_proportion,97
21,2026-09-01,farms_blocked_proportion,3
22,2026-09-01,farms_free_proportion,99
15,2026-09-01,farms_total_count,313
11,2026-09-01,farms_free_count,488
12,2026-09-01,farms_blocked_count,0
3,2026-09-01,farms_free_proportion,100
3,2026-09-01,farms_free_count,2041
22,2026-09-01,farms_blocked_proportion,1
17,2026-09-01,farms_total_count,1215
6,2026-09-01,farms_free_count,172
23,2026-09-01,farms_blocked_proportion,0
15,2026-09-01,farms_free_count,311
14,2026-09-01,farms_free_count,165
2,2026-09-01,farms_free_count,4061
16,2026-09-01,farms_total_count,142
17,2026-09-01,farms_free_count,1190
23,2026-09-01,farms_blocked_count,1
9,2026-09-01,farms_blocked_proportion,0
16,2026-09-01,farms_blocked_proportion,2
1,2026-09-01,farms_total_count,865
25,2026-09-01,farms_free_count,128
2,2026-09-01,farms_blocked_proportion,1
25,2026-09-01,farms_blocked_count,2
LIE,2026-09-01,farms_free_count,58
7,2026-09-01,farms_blocked_proportion,1
CHE,2026-09-01,farms_total_count,18251
LIE,2026-09-01,farms_blocked_proportion,6
24,2026-09-01,farms_blocked_proportion,1
14,2026-09-01,farms_blocked_count,3
23,2026-09-01,farms_free_count,1194
2,2026-09-01,farms_free_proportion,99
15,2026-09-01,farms_blocked_count,2
25,2026-09-01,farms_total_count,130
25,2026-09-01,farms_free_proportion,98
4,2026-09-01,farms_total_count,246
11,2026-09-01,farms_blocked_count,9
5,2026-09-01,farms_blocked_count,18
5,2026-09-01,farms_free_proportion,96
24,2026-09-01,farms_total_count,204
8,2026-09-01,farms_blocked_proportion,0
11,2026-09-01,farms_free_proportion,98
15,2026-09-01,farms_free_proportion,99
22,2026-09-01,farms_free_count,1039
7,2026-09-01,farms_free_proportion,99
14,2026-09-01,farms_blocked_proportion,2
22,2026-09-01,farms_total_count,1054
8,2026-09-01,farms_free_count,91
10,2026-09-01,farms_free_count,1098
18,2026-09-01,farms_blocked_count,12
12,2026-09-01,farms_blocked_proportion,0
10,2026-09-01,farms_total_count,1129
20,2026-09-01,farms_free_proportion,98
7,2026-09-01,farms_total_count,124
20,2026-09-01,farms_blocked_count,10
4,2026-09-01,farms_free_count,243
2,2026-09-01,farms_blocked_count,47
1,2026-09-01,farms_free_proportion,99
16,2026-09-01,farms_free_proportion,98
17,2026-09-01,farms_blocked_proportion,2
13,2026-09-01,farms_free_proportion,99
19,2026-09-01,farms_blocked_count,16
24,2026-09-01,farms_blocked_count,2
5,2026-09-01,farms_total_count,496
LIE,2026-09-01,farms_free_proportion,94
25,2026-09-01,farms_blocked_proportion,2
17,2026-09-01,farms_free_proportion,98
3,2026-09-01,farms_blocked_count,9
26,2026-09-01,farms_total_count,515
7,2026-09-01,farms_blocked_count,1
20,2026-09-01,farms_total_count,617
16,2026-09-01,farms_blocked_count,3
1,2026-09-01,farms_free_count,856
6,2026-09-01,farms_blocked_proportion,1
10,2026-09-01,farms_blocked_proportion,3
26,2026-09-01,farms_blocked_count,13
10,2026-09-01,farms_free_proportion,97
12,2026-09-01,farms_free_proportion,100
16,2026-09-01,farms_free_count,139
6,2026-09-01,farms_free_proportion,99
14,2026-09-01,farms_free_proportion,98
18,2026-09-01,farms_total_count,809
6,2026-09-01,farms_blocked_count,2
24,2026-09-01,farms_free_count,202
8,2026-09-01,farms_total_count,91
7,2026-09-01,farms_free_count,123
9,2026-09-01,farms_free_count,253
3,2026-09-01,farms_total_count,2050
17,2026-09-01,farms_blocked_count,25
11,2026-09-01,farms_total_count,497
21,2026-09-01,farms_total_count,448
CHE,2026-09-01,farms_free_count,18001
14,2026-09-01,farms_total_count,168
19,2026-09-01,farms_free_count,1018
CHE,2026-09-01,farms_blocked_count,250
1,2026-09-01,farms_blocked_proportion,1
8,2026-09-01,farms_free_proportion,100
24,2026-09-01,farms_free_proportion,99
12,2026-09-01,farms_total_count,19
CHE,2026-09-01,farms_blocked_proportion,1
LIE,2026-09-01,farms_total_count,62
13,2026-09-01,farms_blocked_proportion,1
18,2026-09-01,farms_free_count,797
5,2026-09-01,farms_blocked_proportion,4
3,2026-09-01,farms_blocked_proportion,0
21,2026-09-01,farms_free_proportion,97
20,2026-09-01,farms_free_count,607
19,2026-09-01,farms_free_proportion,98
8,2026-09-01,farms_blocked_count,0
13,2026-09-01,farms_blocked_count,3
23,2026-09-01,farms_total_count,1195
11,2026-09-01,farms_blocked_proportion,2
4,2026-09-01,farms_free_proportion,99
21,2026-09-01,farms_blocked_count,13
4,2026-09-01,farms_blocked_count,3
18,2026-09-01,farms_free_proportion,99
21,2026-09-01,farms_free_count,435
22,2026-09-01,farms_blocked_count,15
9,2026-09-01,farms_total_count,254
7,2026-09-08,farms_free_count,123
19,2026-09-08,farms_blocked_proportion,1
24,2026-09-08,farms_blocked_count,2
9,2026-09-08,farms_blocked_proportion,0
6,2026-09-08,farms_free_count,172
LIE,2026-09-08,farms_free_proportion,90
8,2026-09-08,farms_total_count,91
22,2026-09-08,farms_blocked_count,15
21,2026-09-08,farms_blocked_proportion,2
15,2026-09-08,farms_total_count,313
6,2026-09-08,farms_blocked_count,2
5,2026-09-08,farms_free_count,478
9,2026-09-08,farms_free_count,253
20,2026-09-08,farms_free_count,607
3,2026-09-08,farms_blocked_proportion,0
26,2026-09-08,farms_blocked_count,13
19,2026-09-08,farms_blocked_count,15
3,2026-09-08,farms_total_count,2052
26,2026-09-08,farms_blocked_proportion,3
4,2026-09-08,farms_blocked_count,3
13,2026-09-08,farms_free_proportion,99
25,2026-09-08,farms_blocked_count,2
22,2026-09-08,farms_blocked_proportion,1
9,2026-09-08,farms_total_count,254
13,2026-09-08,farms_blocked_proportion,1
11,2026-09-08,farms_total_count,497
17,2026-09-08,farms_blocked_count,24
CHE,2026-09-08,farms_free_proportion,99
26,2026-09-08,farms_free_count,503
21,2026-09-08,farms_total_count,449
4,2026-09-08,farms_blocked_proportion,1
26,2026-09-08,farms_free_proportion,97
5,2026-09-08,farms_total_count,496
15,2026-09-08,farms_free_count,310
13,2026-09-08,farms_total_count,354
4,2026-09-08,farms_free_proportion,99
7,2026-09-08,farms_blocked_count,1
25,2026-09-08,farms_free_count,128
26,2026-09-08,farms_total_count,516
20,2026-09-08,farms_total_count,617
1,2026-09-08,farms_free_count,856
1,2026-09-08,farms_blocked_proportion,1
16,2026-09-08,farms_blocked_count,3
10,2026-09-08,farms_blocked_count,31
3,2026-09-08,farms_blocked_count,9
10,2026-09-08,farms_blocked_proportion,3
18,2026-09-08,farms_blocked_proportion,1
14,2026-09-08,farms_free_proportion,98
16,2026-09-08,farms_total_count,142
19,2026-09-08,farms_total_count,1034
24,2026-09-08,farms_free_proportion,99
10,2026-09-08,farms_free_proportion,97
17,2026-09-08,farms_free_proportion,98
9,2026-09-08,farms_free_proportion,100
18,2026-09-08,farms_free_proportion,99
12,2026-09-08,farms_free_proportion,100
25,2026-09-08,farms_blocked_proportion,2
16,2026-09-08,farms_free_count,139
6,2026-09-08,farms_free_proportion,99
6,2026-09-08,farms_blocked_proportion,1
18,2026-09-08,farms_total_count,810
5,2026-09-08,farms_blocked_proportion,4
24,2026-09-08,farms_free_count,203
LIE,2026-09-08,farms_blocked_count,6
CHE,2026-09-08,farms_free_count,18013
11,2026-09-08,farms_blocked_proportion,2
17,2026-09-08,farms_free_count,1192
12,2026-09-08,farms_blocked_proportion,0
16,2026-09-08,farms_blocked_proportion,2
23,2026-09-08,farms_blocked_proportion,0
14,2026-09-08,farms_free_count,165
CHE,2026-09-08,farms_blocked_proportion,1
21,2026-09-08,farms_blocked_count,10
10,2026-09-08,farms_free_count,1098
23,2026-09-08,farms_blocked_count,1
22,2026-09-08,farms_total_count,1054
2,2026-09-08,farms_free_count,4061
18,2026-09-08,farms_blocked_count,11
17,2026-09-08,farms_total_count,1216
12,2026-09-08,farms_free_count,19
14,2026-09-08,farms_blocked_proportion,2
8,2026-09-08,farms_free_proportion,100
2,2026-09-08,farms_total_count,4109
8,2026-09-08,farms_free_count,91
2,2026-09-08,farms_blocked_proportion,1
CHE,2026-09-08,farms_blocked_count,246
13,2026-09-08,farms_free_count,351
14,2026-09-08,farms_total_count,168
6,2026-09-08,farms_total_count,174
2,2026-09-08,farms_blocked_count,48
7,2026-09-08,farms_blocked_proportion,1
16,2026-09-08,farms_free_proportion,98
11,2026-09-08,farms_free_count,488
20,2026-09-08,farms_blocked_count,10
10,2026-09-08,farms_total_count,1129
21,2026-09-08,farms_free_count,439
3,2026-09-08,farms_free_count,2043
4,2026-09-08,farms_free_count,243
LIE,2026-09-08,farms_free_count,57
8,2026-09-08,farms_blocked_proportion,0
20,2026-09-08,farms_free_proportion,98
20,2026-09-08,farms_blocked_proportion,2
1,2026-09-08,farms_total_count,865
9,2026-09-08,farms_blocked_count,1
LIE,2026-09-08,farms_total_count,63
24,2026-09-08,farms_total_count,205
22,2026-09-08,farms_free_count,1039
7,2026-09-08,farms_free_proportion,99
21,2026-09-08,farms_free_proportion,98
15,2026-09-08,farms_blocked_count,3
1,2026-09-08,farms_blocked_count,9
3,2026-09-08,farms_free_proportion,100
12,2026-09-08,farms_total_count,19
2,2026-09-08,farms_free_proportion,99
4,2026-09-08,farms_total_count,246
25,2026-09-08,farms_total_count,130
14,2026-09-08,farms_blocked_count,3
13,2026-09-08,farms_blocked_count,3
24,2026-09-08,farms_blocked_proportion,1
19,2026-09-08,farms_free_count,1019
23,2026-09-08,farms_total_count,1195
LIE,2026-09-08,farms_blocked_proportion,10
17,2026-09-08,farms_blocked_proportion,2
23,2026-09-08,farms_free_count,1194
12,2026-09-08,farms_blocked_count,0
25,2026-09-08,farms_free_proportion,98
11,2026-09-08,farms_blocked_count,9
7,2026-09-08,farms_total_count,124
22,2026-09-08,farms_free_proportion,99
15,2026-09-08,farms_free_proportion,99
18,2026-09-08,farms_free_count,799
5,2026-09-08,farms_blocked_count,18
1,2026-09-08,farms_free_proportion,99
CHE,2026-09-08,farms_total_count,18259
23,2026-09-08,farms_free_proportion,100
5,2026-09-08,farms_free_proportion,96
15,2026-09-08,farms_blocked_proportion,1
19,2026-09-08,farms_free_proportion,99
8,2026-09-08,farms_blocked_count,0
11,2026-09-08,farms_free_proportion,98
24,2026-09-15,farms_free_count,204
CHE,2026-09-15,farms_free_count,18010
CHE,2026-09-15,farms_blocked_count,256
26,2026-09-15,farms_free_count,505
3,2026-09-15,farms_free_count,2043
CHE,2026-09-15,farms_total_count,18266
7,2026-09-15,farms_free_count,117
18,2026-09-15,farms_free_count,799
1,2026-09-15,farms_free_proportion,99
16,2026-09-15,farms_blocked_proportion,2
18,2026-09-15,farms_blocked_proportion,1
12,2026-09-15,farms_free_count,19
12,2026-09-15,farms_free_proportion,100
6,2026-09-15,farms_blocked_count,3
6,2026-09-15,farms_total_count,174
17,2026-09-15,farms_blocked_count,30
3,2026-09-15,farms_blocked_proportion,0
13,2026-09-15,farms_free_proportion,99
14,2026-09-15,farms_blocked_count,3
2,2026-09-15,farms_free_proportion,99
11,2026-09-15,farms_blocked_count,9
7,2026-09-15,farms_total_count,124
10,2026-09-15,farms_free_count,1098
5,2026-09-15,farms_blocked_count,17
24,2026-09-15,farms_total_count,206
15,2026-09-15,farms_free_proportion,99
7,2026-09-15,farms_blocked_count,7
20,2026-09-15,farms_blocked_count,11
LIE,2026-09-15,farms_free_proportion,90
24,2026-09-15,farms_blocked_count,2
26,2026-09-15,farms_free_proportion,98
25,2026-09-15,farms_blocked_count,2
8,2026-09-15,farms_blocked_proportion,0
18,2026-09-15,farms_free_proportion,99
8,2026-09-15,farms_blocked_count,0
14,2026-09-15,farms_total_count,168
8,2026-09-15,farms_free_proportion,100
18,2026-09-15,farms_blocked_count,11
25,2026-09-15,farms_free_proportion,98
26,2026-09-15,farms_blocked_count,12
16,2026-09-15,farms_free_count,139
2,2026-09-15,farms_free_count,4069
10,2026-09-15,farms_free_proportion,97
3,2026-09-15,farms_blocked_count,10
17,2026-09-15,farms_total_count,1216
26,2026-09-15,farms_blocked_proportion,2
11,2026-09-15,farms_total_count,498
24,2026-09-15,farms_blocked_proportion,1
21,2026-09-15,farms_blocked_count,9
17,2026-09-15,farms_blocked_proportion,2
4,2026-09-15,farms_blocked_proportion,1
16,2026-09-15,farms_total_count,142
15,2026-09-15,farms_total_count,313
25,2026-09-15,farms_total_count,130
14,2026-09-15,farms_blocked_proportion,2
21,2026-09-15,farms_blocked_proportion,2
2,2026-09-15,farms_total_count,4111
LIE,2026-09-15,farms_free_count,57
20,2026-09-15,farms_blocked_proportion,2
13,2026-09-15,farms_total_count,354
10,2026-09-15,farms_total_count,1129
11,2026-09-15,farms_blocked_proportion,2
5,2026-09-15,farms_blocked_proportion,3
12,2026-09-15,farms_total_count,19
15,2026-09-15,farms_free_count,310
16,2026-09-15,farms_free_proportion,98
8,2026-09-15,farms_total_count,91
22,2026-09-15,farms_blocked_proportion,1
3,2026-09-15,farms_total_count,2053
19,2026-09-15,farms_free_proportion,98
4,2026-09-15,farms_blocked_count,3
6,2026-09-15,farms_free_count,171
7,2026-09-15,farms_blocked_proportion,6
1,2026-09-15,farms_blocked_proportion,1
22,2026-09-15,farms_blocked_count,15
9,2026-09-15,farms_blocked_proportion,0
23,2026-09-15,farms_blocked_count,1
26,2026-09-15,farms_total_count,517
6,2026-09-15,farms_blocked_proportion,2
9,2026-09-15,farms_blocked_count,1
23,2026-09-15,farms_blocked_proportion,0
1,2026-09-15,farms_blocked_count,10
18,2026-09-15,farms_total_count,810
19,2026-09-15,farms_total_count,1034
25,2026-09-15,farms_free_count,128
LIE,2026-09-15,farms_total_count,63
CHE,2026-09-15,farms_free_proportion,99
22,2026-09-15,farms_free_proportion,99
8,2026-09-15,farms_free_count,91
17,2026-09-15,farms_free_proportion,98
4,2026-09-15,farms_total_count,246
5,2026-09-15,farms_free_count,479
1,2026-09-15,farms_free_count,855
14,2026-09-15,farms_free_proportion,98
CHE,2026-09-15,farms_blocked_proportion,1
1,2026-09-15,farms_total_count,865
22,2026-09-15,farms_total_count,1054
9,2026-09-15,farms_free_count,253
11,2026-09-15,farms_free_proportion,98
LIE,2026-09-15,farms_blocked_proportion,10
4,2026-09-15,farms_free_proportion,99
2,2026-09-15,farms_blocked_proportion,1
12,2026-09-15,farms_blocked_proportion,0
19,2026-09-15,farms_free_count,1016
23,2026-09-15,farms_total_count,1195
21,2026-09-15,farms_free_proportion,98
23,2026-09-15,farms_free_count,1194
21,2026-09-15,farms_free_count,441
5,2026-09-15,farms_free_proportion,97
13,2026-09-15,farms_blocked_proportion,1
22,2026-09-15,farms_free_count,1039
20,2026-09-15,farms_free_proportion,98
9,2026-09-15,farms_total_count,254
20,2026-09-15,farms_free_count,606
16,2026-09-15,farms_blocked_count,3
19,2026-09-15,farms_blocked_count,18
19,2026-09-15,farms_blocked_proportion,2
25,2026-09-15,farms_blocked_proportion,2
10,2026-09-15,farms_blocked_count,31
5,2026-09-15,farms_total_count,496
LIE,2026-09-15,farms_blocked_count,6
3,2026-09-15,farms_free_proportion,100
9,2026-09-15,farms_free_proportion,100
17,2026-09-15,farms_free_count,1186
20,2026-09-15,farms_total_count,617
12,2026-09-15,farms_blocked_count,0
24,2026-09-15,farms_free_proportion,99
13,2026-09-15,farms_free_count,351
23,2026-09-15,farms_free_proportion,100
14,2026-09-15,farms_free_count,165
4,2026-09-15,farms_free_count,243
10,2026-09-15,farms_blocked_proportion,3
11,2026-09-15,farms_free_count,489
2,2026-09-15,farms_blocked_count,42
7,2026-09-15,farms_free_proportion,94
15,2026-09-15,farms_blocked_proportion,1
6,2026-09-15,farms_free_proportion,98
15,2026-09-15,farms_blocked_count,3
21,2026-09-15,farms_total_count,450
13,2026-09-15,farms_blocked_count,3
6,2026-09-22,farms_blocked_proportion,2
18,2026-09-22,farms_total_count,810
CHE,2026-09-22,farms_total_count,18282
16,2026-09-22,farms_blocked_proportion,2
25,2026-09-22,farms_total_count,130
CHE,2026-09-22,farms_blocked_count,293
1,2026-09-22,farms_total_count,866
8,2026-09-22,farms_total_count,91
17,2026-09-22,farms_blocked_proportion,4
2,2026-09-22,farms_blocked_proportion,2
19,2026-09-22,farms_blocked_proportion,2
10,2026-09-22,farms_total_count,1129
14,2026-09-22,farms_blocked_proportion,2
15,2026-09-22,farms_blocked_proportion,1
11,2026-09-22,farms_total_count,499
9,2026-09-22,farms_total_count,254
8,2026-09-22,farms_blocked_proportion,0
5,2026-09-22,farms_total_count,496
14,2026-09-22,farms_total_count,168
11,2026-09-22,farms_blocked_proportion,2
18,2026-09-22,farms_blocked_proportion,1
20,2026-09-22,farms_total_count,618
10,2026-09-22,farms_blocked_proportion,3
2,2026-09-22,farms_free_count,4046
17,2026-09-22,farms_total_count,1216
21,2026-09-22,farms_total_count,451
26,2026-09-22,farms_blocked_proportion,2
CHE,2026-09-22,farms_blocked_proportion,2
LIE,2026-09-22,farms_blocked_proportion,6
CHE,2026-09-22,farms_free_proportion,98
13,2026-09-22,farms_free_count,351
6,2026-09-22,farms_total_count,174
4,2026-09-22,farms_total_count,247
26,2026-09-22,farms_free_count,509
12,2026-09-22,farms_free_count,19
7,2026-09-22,farms_total_count,124
24,2026-09-22,farms_total_count,208
22,2026-09-22,farms_total_count,1054
12,2026-09-22,farms_blocked_proportion,0
25,2026-09-22,farms_blocked_proportion,2
24,2026-09-22,farms_blocked_proportion,0
3,2026-09-22,farms_total_count,2053
23,2026-09-22,farms_total_count,1196
13,2026-09-22,farms_blocked_proportion,1
7,2026-09-22,farms_blocked_proportion,6
26,2026-09-22,farms_total_count,520
3,2026-09-22,farms_blocked_proportion,1
6,2026-09-22,farms_free_count,171
4,2026-09-22,farms_blocked_count,3
12,2026-09-22,farms_total_count,19
1,2026-09-22,farms_free_count,859
17,2026-09-22,farms_free_proportion,96
19,2026-09-22,farms_blocked_count,20
16,2026-09-22,farms_blocked_count,3
6,2026-09-22,farms_free_proportion,98
15,2026-09-22,farms_blocked_count,2
7,2026-09-22,farms_free_proportion,94
2,2026-09-22,farms_blocked_count,68
13,2026-09-22,farms_blocked_count,3
24,2026-09-22,farms_free_proportion,100
12,2026-09-22,farms_blocked_count,0
3,2026-09-22,farms_free_proportion,99
LIE,2026-09-22,farms_blocked_count,4
10,2026-09-22,farms_blocked_count,30
25,2026-09-22,farms_free_count,128
26,2026-09-22,farms_free_proportion,98
24,2026-09-22,farms_free_count,207
25,2026-09-22,farms_blocked_count,2
18,2026-09-22,farms_free_proportion,99
14,2026-09-22,farms_free_proportion,98
8,2026-09-22,farms_blocked_count,0
9,2026-09-22,farms_free_count,253
11,2026-09-22,farms_free_proportion,98
9,2026-09-22,farms_free_proportion,100
17,2026-09-22,farms_free_count,1172
23,2026-09-22,farms_free_proportion,100
14,2026-09-22,farms_free_count,165
11,2026-09-22,farms_free_count,488
22,2026-09-22,farms_free_proportion,99
5,2026-09-22,farms_free_count,478
4,2026-09-22,farms_free_proportion,99
20,2026-09-22,farms_free_count,607
21,2026-09-22,farms_free_proportion,98
21,2026-09-22,farms_free_count,442
4,2026-09-22,farms_free_count,244
8,2026-09-22,farms_free_count,91
20,2026-09-22,farms_free_proportion,98
22,2026-09-22,farms_free_count,1039
5,2026-09-22,farms_free_proportion,96
1,2026-09-22,farms_free_proportion,99
23,2026-09-22,farms_free_count,1196
19,2026-09-22,farms_free_count,1016
7,2026-09-22,farms_free_count,117
LIE,2026-09-22,farms_total_count,63
8,2026-09-22,farms_free_proportion,100
25,2026-09-22,farms_free_proportion,98
22,2026-09-22,farms_blocked_count,15
9,2026-09-22,farms_blocked_proportion,0
3,2026-09-22,farms_free_count,2042
23,2026-09-22,farms_blocked_count,0
9,2026-09-22,farms_blocked_count,1
23,2026-09-22,farms_blocked_proportion,0
1,2026-09-22,farms_blocked_count,7
22,2026-09-22,farms_blocked_proportion,1
19,2026-09-22,farms_total_count,1036
15,2026-09-22,farms_free_count,311
4,2026-09-22,farms_blocked_proportion,1
16,2026-09-22,farms_total_count,142
15,2026-09-22,farms_total_count,313
21,2026-09-22,farms_blocked_proportion,2
2,2026-09-22,farms_total_count,4114
LIE,2026-09-22,farms_free_count,59
20,2026-09-22,farms_blocked_proportion,2
13,2026-09-22,farms_total_count,354
5,2026-09-22,farms_blocked_proportion,4
1,2026-09-22,farms_blocked_proportion,1
19,2026-09-22,farms_free_proportion,98
21,2026-09-22,farms_blocked_count,9
16,2026-09-22,farms_free_proportion,98
26,2026-09-22,farms_blocked_count,11
10,2026-09-22,farms_free_proportion,97
3,2026-09-22,farms_blocked_count,11
16,2026-09-22,farms_free_count,139
LIE,2026-09-22,farms_free_proportion,94
24,2026-09-22,farms_blocked_count,1
7,2026-09-22,farms_blocked_count,7
12,2026-09-22,farms_free_proportion,100
CHE,2026-09-22,farms_free_count,17989
18,2026-09-22,farms_blocked_count,10
6,2026-09-22,farms_blocked_count,3
17,2026-09-22,farms_blocked_count,44
13,2026-09-22,farms_free_proportion,99
14,2026-09-22,farms_blocked_count,3
2,2026-09-22,farms_free_proportion,98
11,2026-09-22,farms_blocked_count,11
10,2026-09-22,farms_free_count,1099
5,2026-09-22,farms_blocked_count,18
15,2026-09-22,farms_free_proportion,99
20,2026-09-22,farms_blocked_count,11
18,2026-09-22,farms_free_count,800
CHE,2026-09-29,farms_blocked_proportion,2
6,2026-09-29,farms_total_count,174
CHE,2026-09-29,farms_blocked_count,322
25,2026-09-29,farms_blocked_count,2
8,2026-09-29,farms_blocked_count,0
18,2026-09-29,farms_blocked_count,10
26,2026-09-29,farms_blocked_count,11
3,2026-09-29,farms_blocked_count,13
24,2026-09-29,farms_blocked_count,1
7,2026-09-29,farms_blocked_count,7
6,2026-09-29,farms_blocked_count,7
17,2026-09-29,farms_blocked_count,43
14,2026-09-29,farms_blocked_count,3
11,2026-09-29,farms_blocked_count,12
5,2026-09-29,farms_blocked_count,19
20,2026-09-29,farms_blocked_count,13
21,2026-09-29,farms_blocked_count,9
10,2026-09-29,farms_blocked_count,32
4,2026-09-29,farms_blocked_count,3
23,2026-09-29,farms_blocked_count,0
9,2026-09-29,farms_blocked_count,1
1,2026-09-29,farms_blocked_count,7
19,2026-09-29,farms_total_count,1036
16,2026-09-29,farms_total_count,142
15,2026-09-29,farms_total_count,314
2,2026-09-29,farms_total_count,4119
13,2026-09-29,farms_total_count,354
12,2026-09-29,farms_total_count,19
LIE,2026-09-29,farms_total_count,63
10,2026-09-29,farms_total_count,1129
25,2026-09-29,farms_total_count,130
8,2026-09-29,farms_total_count,92
18,2026-09-29,farms_total_count,811
22,2026-09-29,farms_blocked_count,15
LIE,2026-09-29,farms_blocked_count,4
12,2026-09-29,farms_blocked_count,0
13,2026-09-29,farms_blocked_count,3
19,2026-09-29,farms_free_count,1016
16,2026-09-29,farms_free_count,139
15,2026-09-29,farms_free_count,312
2,2026-09-29,farms_free_count,4033
13,2026-09-29,farms_free_count,351
12,2026-09-29,farms_free_count,19
LIE,2026-09-29,farms_free_count,59
10,2026-09-29,farms_free_count,1097
25,2026-09-29,farms_free_count,128
8,2026-09-29,farms_free_count,92
18,2026-09-29,farms_free_count,801
26,2026-09-29,farms_free_count,510
3,2026-09-29,farms_free_count,2042
24,2026-09-29,farms_free_count,207
7,2026-09-29,farms_free_count,117
6,2026-09-29,farms_free_count,167
17,2026-09-29,farms_free_count,1173
2,2026-09-29,farms_blocked_count,86
15,2026-09-29,farms_blocked_count,2
16,2026-09-29,farms_blocked_count,3
19,2026-09-29,farms_blocked_count,20
1,2026-09-29,farms_free_count,859
9,2026-09-29,farms_free_count,253
26,2026-09-29,farms_total_count,521
23,2026-09-29,farms_free_count,1200
4,2026-09-29,farms_free_count,244
21,2026-09-29,farms_free_count,442
20,2026-09-29,farms_free_count,605
5,2026-09-29,farms_free_count,477
11,2026-09-29,farms_free_count,489
14,2026-09-29,farms_free_count,165
22,2026-09-29,farms_free_count,1039
3,2026-09-29,farms_total_count,2055
24,2026-09-29,farms_total_count,208
7,2026-09-29,farms_total_count,124
23,2026-09-29,farms_blocked_proportion,0
9,2026-09-29,farms_blocked_proportion,0
1,2026-09-29,farms_blocked_proportion,1
19,2026-09-29,farms_free_proportion,98
16,2026-09-29,farms_free_proportion,98
15,2026-09-29,farms_free_proportion,99
2,2026-09-29,farms_free_proportion,98
13,2026-09-29,farms_free_proportion,99
12,2026-09-29,farms_free_proportion,100
LIE,2026-09-29,farms_free_proportion,94
10,2026-09-29,farms_free_proportion,97
25,2026-09-29,farms_free_proportion,98
8,2026-09-29,farms_free_proportion,100
18,2026-09-29,farms_free_proportion,99
26,2026-09-29,farms_free_proportion,98
3,2026-09-29,farms_free_proportion,99
24,2026-09-29,farms_free_proportion,100
CHE,2026-09-29,farms_free_count,17977
1,2026-09-29,farms_free_proportion,99
9,2026-09-29,farms_free_proportion,100
23,2026-09-29,farms_free_proportion,100
22,2026-09-29,farms_free_proportion,99
4,2026-09-29,farms_free_proportion,99
22,2026-09-29,farms_blocked_proportion,1
21,2026-09-29,farms_free_proportion,98
5,2026-09-29,farms_free_proportion,96
11,2026-09-29,farms_free_proportion,98
14,2026-09-29,farms_free_proportion,98
17,2026-09-29,farms_free_proportion,96
6,2026-09-29,farms_free_proportion,96
7,2026-09-29,farms_free_proportion,94
20,2026-09-29,farms_free_proportion,98
CHE,2026-09-29,farms_total_count,18299
4,2026-09-29,farms_blocked_proportion,1
20,2026-09-29,farms_blocked_proportion,2
17,2026-09-29,farms_total_count,1216
14,2026-09-29,farms_total_count,168
11,2026-09-29,farms_total_count,501
5,2026-09-29,farms_total_count,496
20,2026-09-29,farms_total_count,618
21,2026-09-29,farms_total_count,451
4,2026-09-29,farms_total_count,247
22,2026-09-29,farms_total_count,1054
23,2026-09-29,farms_total_count,1200
9,2026-09-29,farms_total_count,254
1,2026-09-29,farms_total_count,866
19,2026-09-29,farms_blocked_proportion,2
16,2026-09-29,farms_blocked_proportion,2
15,2026-09-29,farms_blocked_proportion,1
2,2026-09-29,farms_blocked_proportion,2
13,2026-09-29,farms_blocked_proportion,1
12,2026-09-29,farms_blocked_proportion,0
5,2026-09-29,farms_blocked_proportion,4
11,2026-09-29,farms_blocked_proportion,2
14,2026-09-29,farms_blocked_proportion,2
17,2026-09-29,farms_blocked_proportion,4
6,2026-09-29,farms_blocked_proportion,4
7,2026-09-29,farms_blocked_proportion,6
21,2026-09-29,farms_blocked_proportion,2
24,2026-09-29,farms_blocked_proportion,0
26,2026-09-29,farms_blocked_proportion,2
18,2026-09-29,farms_blocked_proportion,1
8,2026-09-29,farms_blocked_proportion,0
25,2026-09-29,farms_blocked_proportion,2
10,2026-09-29,farms_blocked_proportion,3
LIE,2026-09-29,farms_blocked_proportion,6
3,2026-09-29,farms_blocked_proportion,1
CHE,2026-09-29,farms_free_proportion,98
